{"type":"FeatureCollection","features":[{"type":"Feature","id":"country-001","properties":{"id":"country-001","name":"Unassigned","type":"country","status":"mask-defined","source":"countries-mask-shared-topology","extractionConfidence":"authoritative-mask","rgb":[0,19,127],"color":"#00137f","polygonCount":24,"holeCount":1,"styleIndex":0},"geometry":{"type":"MultiPolygon","coordinates":[[[[132.0,204.0],[130.0,204.0],[130.0,203.0],[129.0,203.0],[129.0,200.0],[130.0,200.0],[131.0,198.0],[141.0,198.0],[141.0,197.0],[142.0,197.0],[142.0,196.0],[144.0,196.0],[144.0,195.0],[145.0,195.0],[146.0,193.0],[149.0,193.0],[149.0,192.0],[153.0,192.0],[153.0,191.0],[154.0,191.0],[154.0,189.0],[158.0,189.0],[158.0,190.0],[161.0,190.0],[161.0,189.0],[162.0,189.0],[162.0,188.0],[164.0,187.0],[164.0,184.0],[165.0,184.0],[165.0,177.0],[166.0,177.0],[167.0,173.0],[166.0,173.0],[165.0,171.0],[160.0,171.0],[160.0,173.0],[159.0,173.0],[159.0,174.0],[156.0,174.0],[156.0,173.0],[155.0,173.0],[155.0,171.0],[154.0,171.0],[154.0,167.0],[155.0,167.0],[156.0,165.0],[158.0,165.0],[158.0,164.0],[159.0,164.0],[159.0,163.0],[160.0,163.0],[161.0,161.0],[165.0,161.0],[165.0,162.0],[166.0,162.0],[166.0,161.0],[169.0,161.0],[169.0,162.0],[171.0,162.0],[171.0,163.0],[177.0,162.0],[177.0,164.0],[179.0,164.0],[179.0,165.0],[183.0,165.0],[183.0,164.0],[184.0,164.0],[184.0,163.0],[185.0,163.0],[186.0,161.0],[195.0,161.0],[195.0,162.0],[197.0,162.0],[197.0,165.0],[195.0,166.0],[195.0,170.0],[194.0,170.0],[194.0,172.0],[192.0,172.0],[192.0,174.0],[191.0,174.0],[191.0,184.0],[192.0,184.0],[192.0,187.0],[193.0,187.0],[193.0,191.0],[194.0,191.0],[194.0,192.0],[196.0,192.0],[196.0,193.0],[198.0,193.0],[198.0,194.0],[200.0,194.0],[201.0,192.0],[203.0,192.0],[203.0,191.0],[205.0,191.0],[205.0,190.0],[206.0,190.0],[206.0,188.0],[207.0,188.0],[207.0,185.0],[208.0,185.0],[209.0,183.0],[214.0,183.0],[214.0,184.0],[216.0,184.0],[216.0,185.0],[217.0,185.0],[217.0,188.0],[218.0,188.0],[218.0,194.0],[217.0,194.0],[216.0,198.0],[214.0,198.0],[213.0,200.0],[211.0,200.0],[211.0,201.0],[207.0,202.0],[207.0,203.0],[206.0,203.0],[206.0,205.0],[200.0,205.0],[200.0,206.0],[199.0,206.0],[199.0,213.0],[198.0,213.0],[197.0,217.0],[196.0,217.0],[196.0,218.0],[194.0,218.0],[193.0,220.0],[191.0,220.0],[190.0,222.0],[188.0,222.0],[188.0,223.0],[184.0,224.0],[183.0,226.0],[180.0,226.0],[180.0,225.0],[179.0,225.0],[179.0,224.0],[178.0,224.0],[178.0,223.0],[177.0,223.0],[177.0,222.0],[176.0,222.0],[175.0,220.0],[174.0,220.0],[174.0,221.0],[173.0,221.0],[172.0,223.0],[169.0,223.0],[169.0,222.0],[168.0,222.0],[168.0,218.0],[167.0,218.0],[167.0,217.0],[157.0,217.0],[157.0,216.0],[156.0,216.0],[156.0,214.0],[154.0,215.0],[154.0,217.0],[153.0,217.0],[153.0,220.0],[152.0,220.0],[151.0,224.0],[146.0,224.0],[146.0,223.0],[140.0,222.0],[140.0,217.0],[141.0,217.0],[141.0,214.0],[142.0,214.0],[143.0,212.0],[145.0,212.0],[145.0,210.0],[144.0,210.0],[144.0,209.0],[142.0,209.0],[142.0,208.0],[138.0,208.0],[138.0,207.0],[137.0,207.0],[137.0,206.0],[135.0,206.0],[135.0,205.0],[132.0,205.0],[132.0,204.0]]],[[[180.0,258.0],[180.0,259.0],[175.0,259.0],[175.0,258.0],[174.0,258.0],[174.0,255.0],[175.0,255.0],[175.0,253.0],[176.0,253.0],[177.0,251.0],[183.0,251.0],[183.0,250.0],[186.0,250.0],[186.0,249.0],[187.0,249.0],[187.0,248.0],[188.0,248.0],[188.0,247.0],[189.0,247.0],[189.0,246.0],[191.0,245.0],[191.0,242.0],[192.0,242.0],[192.0,241.0],[194.0,241.0],[194.0,240.0],[195.0,240.0],[195.0,239.0],[196.0,239.0],[197.0,237.0],[203.0,237.0],[204.0,239.0],[205.0,239.0],[206.0,237.0],[211.0,237.0],[211.0,240.0],[210.0,240.0],[210.0,241.0],[209.0,241.0],[209.0,242.0],[208.0,242.0],[208.0,243.0],[207.0,243.0],[207.0,244.0],[206.0,244.0],[205.0,246.0],[203.0,246.0],[203.0,248.0],[210.0,250.0],[210.0,252.0],[211.0,252.0],[211.0,256.0],[212.0,256.0],[212.0,259.0],[211.0,259.0],[211.0,260.0],[208.0,260.0],[208.0,259.0],[203.0,259.0],[203.0,258.0],[201.0,258.0],[201.0,257.0],[197.0,257.0],[197.0,256.0],[193.0,256.0],[193.0,257.0],[191.0,257.0],[191.0,258.0],[185.0,258.0],[185.0,257.0],[182.0,257.0],[182.0,258.0],[180.0,258.0]]],[[[134.0,263.0],[134.0,262.0],[133.0,262.0],[133.0,261.0],[131.0,260.0],[131.0,255.0],[132.0,255.0],[132.0,253.0],[133.0,253.0],[133.0,252.0],[135.0,251.0],[135.0,249.0],[136.0,249.0],[136.0,248.0],[141.0,248.0],[141.0,249.0],[143.0,249.0],[143.0,250.0],[147.0,251.0],[149.0,258.0],[151.0,258.0],[151.0,259.0],[152.0,259.0],[152.0,260.0],[154.0,261.0],[154.0,263.0],[155.0,263.0],[155.0,266.0],[154.0,266.0],[154.0,268.0],[147.0,268.0],[147.0,267.0],[145.0,267.0],[145.0,269.0],[142.0,269.0],[142.0,268.0],[141.0,268.0],[140.0,266.0],[137.0,266.0],[137.0,265.0],[136.0,265.0],[136.0,264.0],[135.0,264.0],[135.0,263.0],[134.0,263.0]]],[[[36.0,263.0],[34.0,263.0],[34.0,262.0],[33.0,262.0],[33.0,253.0],[34.0,253.0],[34.0,251.0],[35.0,251.0],[36.0,247.0],[42.0,247.0],[42.0,248.0],[44.0,248.0],[45.0,246.0],[49.0,246.0],[49.0,245.0],[50.0,245.0],[50.0,243.0],[54.0,243.0],[54.0,242.0],[55.0,242.0],[55.0,240.0],[58.0,240.0],[58.0,241.0],[60.0,241.0],[60.0,242.0],[66.0,242.0],[66.0,241.0],[70.0,241.0],[70.0,242.0],[73.0,242.0],[74.0,244.0],[76.0,244.0],[76.0,246.0],[77.0,246.0],[77.0,247.0],[79.0,248.0],[79.0,251.0],[80.0,251.0],[80.0,253.0],[82.0,253.0],[82.0,254.0],[87.0,254.0],[88.0,252.0],[91.0,252.0],[91.0,249.0],[92.0,249.0],[92.0,247.0],[93.0,247.0],[93.0,244.0],[97.0,244.0],[99.0,248.0],[101.0,248.0],[102.0,250.0],[107.0,250.0],[107.0,251.0],[109.0,251.0],[109.0,250.0],[111.0,249.0],[111.0,245.0],[113.0,245.0],[113.0,244.0],[117.0,244.0],[117.0,245.0],[120.0,245.0],[120.0,246.0],[121.0,246.0],[121.0,251.0],[120.0,251.0],[120.0,252.0],[121.0,252.0],[121.0,255.0],[122.0,255.0],[122.0,256.0],[124.0,256.0],[124.0,259.0],[125.0,259.0],[126.0,263.0],[127.0,263.0],[127.0,264.0],[129.0,265.0],[129.0,267.0],[130.0,267.0],[130.0,268.0],[132.0,269.0],[132.0,271.0],[133.0,271.0],[133.0,272.0],[134.0,272.0],[134.0,273.0],[135.0,273.0],[135.0,274.0],[137.0,275.0],[136.0,283.0],[132.0,283.0],[131.0,285.0],[124.0,285.0],[124.0,286.0],[126.0,287.0],[126.0,289.0],[127.0,289.0],[127.0,292.0],[126.0,292.0],[126.0,293.0],[125.0,293.0],[125.0,294.0],[123.0,295.0],[123.0,298.0],[121.0,298.0],[120.0,302.0],[117.0,302.0],[117.0,304.0],[116.0,304.0],[116.0,305.0],[112.0,305.0],[111.0,303.0],[108.0,303.0],[108.0,302.0],[106.0,302.0],[106.0,301.0],[101.0,301.0],[101.0,303.0],[99.0,303.0],[99.0,304.0],[95.0,304.0],[95.0,307.0],[96.0,307.0],[96.0,308.0],[101.0,308.0],[101.0,307.0],[106.0,307.0],[106.0,308.0],[107.0,308.0],[106.0,314.0],[105.0,314.0],[105.0,315.0],[103.0,315.0],[102.0,317.0],[99.0,317.0],[99.0,318.0],[93.0,318.0],[93.0,317.0],[91.0,317.0],[91.0,316.0],[90.0,316.0],[89.0,314.0],[88.0,314.0],[88.0,315.0],[84.0,315.0],[84.0,314.0],[83.0,314.0],[83.0,317.0],[79.0,317.0],[79.0,319.0],[75.0,319.0],[75.0,318.0],[74.0,318.0],[74.0,309.0],[75.0,309.0],[75.0,307.0],[74.0,307.0],[73.0,303.0],[71.0,303.0],[71.0,302.0],[70.0,302.0],[70.0,303.0],[68.0,303.0],[68.0,304.0],[67.0,304.0],[67.0,305.0],[66.0,305.0],[66.0,306.0],[65.0,306.0],[65.0,307.0],[63.0,308.0],[63.0,311.0],[62.0,311.0],[61.0,313.0],[56.0,313.0],[56.0,312.0],[54.0,312.0],[54.0,310.0],[53.0,310.0],[53.0,307.0],[54.0,307.0],[55.0,303.0],[56.0,303.0],[56.0,302.0],[57.0,302.0],[57.0,301.0],[59.0,300.0],[59.0,295.0],[56.0,295.0],[55.0,299.0],[52.0,299.0],[52.0,300.0],[47.0,300.0],[47.0,298.0],[46.0,298.0],[45.0,296.0],[43.0,296.0],[43.0,295.0],[42.0,295.0],[42.0,292.0],[43.0,292.0],[43.0,286.0],[46.0,286.0],[46.0,284.0],[47.0,284.0],[47.0,283.0],[49.0,282.0],[49.0,280.0],[48.0,280.0],[48.0,278.0],[46.0,278.0],[46.0,275.0],[44.0,274.0],[44.0,271.0],[43.0,271.0],[43.0,269.0],[42.0,269.0],[42.0,268.0],[39.0,268.0],[39.0,264.0],[36.0,264.0],[36.0,263.0]]],[[[152.0,302.0],[152.0,301.0],[150.0,300.0],[150.0,290.0],[149.0,290.0],[149.0,287.0],[150.0,287.0],[150.0,285.0],[153.0,285.0],[154.0,287.0],[160.0,287.0],[160.0,282.0],[162.0,281.0],[162.0,277.0],[167.0,277.0],[167.0,278.0],[169.0,278.0],[169.0,279.0],[175.0,278.0],[175.0,277.0],[177.0,276.0],[177.0,274.0],[178.0,274.0],[178.0,270.0],[179.0,270.0],[180.0,264.0],[189.0,264.0],[189.0,272.0],[188.0,272.0],[188.0,273.0],[189.0,273.0],[190.0,275.0],[194.0,276.0],[194.0,280.0],[193.0,280.0],[193.0,282.0],[192.0,282.0],[192.0,284.0],[191.0,284.0],[190.0,288.0],[191.0,288.0],[191.0,289.0],[198.0,289.0],[198.0,292.0],[196.0,293.0],[195.0,297.0],[194.0,297.0],[194.0,298.0],[193.0,298.0],[193.0,300.0],[191.0,300.0],[191.0,301.0],[188.0,301.0],[188.0,300.0],[186.0,300.0],[186.0,299.0],[185.0,299.0],[185.0,298.0],[183.0,297.0],[183.0,299.0],[182.0,299.0],[181.0,303.0],[180.0,303.0],[180.0,304.0],[177.0,304.0],[177.0,305.0],[176.0,305.0],[176.0,309.0],[174.0,310.0],[174.0,312.0],[173.0,312.0],[172.0,314.0],[166.0,314.0],[166.0,313.0],[165.0,313.0],[165.0,310.0],[164.0,310.0],[164.0,308.0],[163.0,308.0],[163.0,307.0],[161.0,307.0],[160.0,309.0],[154.0,309.0],[154.0,308.0],[153.0,308.0],[153.0,305.0],[154.0,305.0],[154.0,303.0],[153.0,303.0],[153.0,302.0],[152.0,302.0]]],[[[132.0,319.0],[132.0,318.0],[129.0,318.0],[129.0,317.0],[128.0,317.0],[128.0,313.0],[129.0,313.0],[129.0,312.0],[135.0,313.0],[135.0,312.0],[143.0,312.0],[143.0,311.0],[148.0,311.0],[148.0,312.0],[150.0,312.0],[150.0,319.0],[149.0,319.0],[149.0,320.0],[142.0,320.0],[142.0,319.0],[132.0,319.0]]],[[[149.0,332.0],[150.0,332.0],[150.0,330.0],[149.0,330.0],[149.0,325.0],[154.0,325.0],[154.0,326.0],[155.0,326.0],[155.0,331.0],[156.0,331.0],[156.0,334.0],[157.0,334.0],[157.0,339.0],[156.0,339.0],[155.0,341.0],[149.0,340.0],[149.0,332.0]]],[[[91.0,349.0],[91.0,346.0],[92.0,346.0],[92.0,344.0],[91.0,344.0],[91.0,339.0],[92.0,339.0],[92.0,330.0],[93.0,330.0],[93.0,328.0],[94.0,328.0],[94.0,327.0],[96.0,326.0],[96.0,324.0],[97.0,324.0],[97.0,323.0],[101.0,323.0],[101.0,329.0],[102.0,329.0],[102.0,330.0],[103.0,330.0],[103.0,331.0],[105.0,332.0],[105.0,331.0],[107.0,330.0],[107.0,325.0],[108.0,325.0],[108.0,321.0],[109.0,321.0],[110.0,319.0],[116.0,319.0],[116.0,320.0],[117.0,320.0],[118.0,322.0],[120.0,322.0],[120.0,323.0],[121.0,323.0],[121.0,324.0],[122.0,324.0],[122.0,325.0],[123.0,325.0],[124.0,327.0],[125.0,327.0],[125.0,326.0],[127.0,326.0],[127.0,325.0],[130.0,325.0],[130.0,326.0],[134.0,326.0],[134.0,327.0],[136.0,327.0],[136.0,326.0],[138.0,326.0],[138.0,325.0],[143.0,325.0],[143.0,339.0],[142.0,339.0],[141.0,341.0],[138.0,341.0],[138.0,342.0],[133.0,342.0],[133.0,343.0],[130.0,343.0],[129.0,341.0],[125.0,341.0],[125.0,343.0],[121.0,343.0],[121.0,342.0],[120.0,342.0],[120.0,340.0],[116.0,340.0],[116.0,342.0],[115.0,342.0],[115.0,343.0],[111.0,343.0],[111.0,342.0],[109.0,342.0],[109.0,343.0],[107.0,344.0],[107.0,350.0],[106.0,350.0],[106.0,351.0],[100.0,351.0],[100.0,352.0],[92.0,352.0],[92.0,349.0],[91.0,349.0]]],[[[17.0,360.0],[17.0,359.0],[15.0,359.0],[15.0,358.0],[13.0,357.0],[13.0,349.0],[14.0,349.0],[14.0,345.0],[15.0,345.0],[15.0,343.0],[16.0,343.0],[16.0,342.0],[17.0,342.0],[18.0,340.0],[22.0,340.0],[22.0,339.0],[24.0,339.0],[25.0,337.0],[27.0,337.0],[27.0,335.0],[28.0,335.0],[28.0,333.0],[30.0,332.0],[30.0,330.0],[37.0,330.0],[37.0,331.0],[41.0,331.0],[41.0,330.0],[43.0,330.0],[43.0,329.0],[54.0,328.0],[54.0,329.0],[56.0,330.0],[56.0,332.0],[57.0,332.0],[57.0,333.0],[63.0,333.0],[63.0,334.0],[65.0,334.0],[65.0,335.0],[67.0,336.0],[67.0,338.0],[68.0,338.0],[68.0,340.0],[69.0,340.0],[70.0,344.0],[74.0,344.0],[74.0,345.0],[79.0,345.0],[79.0,346.0],[80.0,346.0],[81.0,348.0],[83.0,348.0],[83.0,349.0],[86.0,349.0],[86.0,350.0],[88.0,350.0],[88.0,351.0],[89.0,351.0],[89.0,352.0],[91.0,353.0],[91.0,355.0],[92.0,355.0],[92.0,357.0],[93.0,357.0],[93.0,361.0],[94.0,361.0],[94.0,374.0],[95.0,374.0],[95.0,377.0],[91.0,377.0],[91.0,376.0],[90.0,376.0],[90.0,374.0],[89.0,374.0],[89.0,371.0],[88.0,371.0],[88.0,369.0],[87.0,369.0],[87.0,367.0],[86.0,367.0],[86.0,366.0],[84.0,366.0],[84.0,365.0],[82.0,365.0],[82.0,364.0],[80.0,364.0],[80.0,363.0],[77.0,363.0],[77.0,361.0],[75.0,361.0],[74.0,359.0],[70.0,359.0],[70.0,358.0],[67.0,358.0],[67.0,357.0],[65.0,357.0],[65.0,356.0],[64.0,356.0],[64.0,355.0],[63.0,355.0],[62.0,353.0],[55.0,353.0],[55.0,354.0],[53.0,354.0],[53.0,355.0],[51.0,355.0],[51.0,356.0],[45.0,356.0],[45.0,355.0],[41.0,355.0],[41.0,354.0],[40.0,354.0],[40.0,352.0],[31.0,352.0],[31.0,351.0],[29.0,350.0],[28.0,352.0],[26.0,352.0],[26.0,353.0],[25.0,353.0],[25.0,354.0],[24.0,354.0],[24.0,355.0],[22.0,356.0],[22.0,359.0],[21.0,359.0],[21.0,360.0],[17.0,360.0]]],[[[112.0,391.0],[111.0,391.0],[111.0,389.0],[109.0,388.0],[109.0,384.0],[110.0,384.0],[110.0,383.0],[117.0,383.0],[117.0,382.0],[118.0,382.0],[118.0,380.0],[117.0,380.0],[116.0,378.0],[114.0,378.0],[114.0,376.0],[113.0,376.0],[113.0,371.0],[111.0,370.0],[111.0,365.0],[112.0,365.0],[112.0,364.0],[113.0,364.0],[113.0,363.0],[114.0,363.0],[114.0,362.0],[116.0,361.0],[116.0,358.0],[115.0,358.0],[115.0,357.0],[113.0,356.0],[113.0,354.0],[112.0,354.0],[112.0,350.0],[113.0,350.0],[113.0,348.0],[114.0,348.0],[114.0,347.0],[116.0,347.0],[116.0,346.0],[117.0,346.0],[118.0,344.0],[126.0,344.0],[126.0,345.0],[127.0,345.0],[127.0,346.0],[129.0,346.0],[129.0,347.0],[134.0,347.0],[134.0,346.0],[135.0,346.0],[135.0,345.0],[137.0,345.0],[137.0,344.0],[143.0,344.0],[143.0,355.0],[142.0,355.0],[142.0,358.0],[144.0,358.0],[144.0,359.0],[148.0,359.0],[148.0,362.0],[149.0,362.0],[149.0,361.0],[151.0,360.0],[151.0,356.0],[150.0,356.0],[150.0,354.0],[149.0,354.0],[149.0,352.0],[148.0,352.0],[148.0,350.0],[147.0,350.0],[147.0,344.0],[152.0,344.0],[152.0,345.0],[153.0,345.0],[153.0,346.0],[154.0,346.0],[155.0,348.0],[156.0,348.0],[156.0,347.0],[160.0,347.0],[160.0,346.0],[161.0,346.0],[161.0,343.0],[162.0,343.0],[162.0,338.0],[161.0,338.0],[161.0,335.0],[162.0,335.0],[162.0,334.0],[163.0,334.0],[163.0,332.0],[165.0,331.0],[165.0,330.0],[163.0,330.0],[163.0,329.0],[161.0,328.0],[161.0,325.0],[162.0,325.0],[162.0,324.0],[173.0,325.0],[173.0,324.0],[177.0,324.0],[177.0,323.0],[183.0,323.0],[183.0,325.0],[185.0,326.0],[185.0,329.0],[186.0,329.0],[186.0,330.0],[190.0,330.0],[190.0,332.0],[191.0,332.0],[191.0,334.0],[192.0,334.0],[192.0,336.0],[193.0,336.0],[193.0,338.0],[194.0,338.0],[194.0,339.0],[195.0,339.0],[195.0,338.0],[202.0,338.0],[202.0,340.0],[203.0,340.0],[203.0,341.0],[205.0,341.0],[205.0,342.0],[206.0,342.0],[206.0,343.0],[207.0,343.0],[208.0,345.0],[214.0,345.0],[215.0,347.0],[217.0,347.0],[217.0,348.0],[218.0,348.0],[218.0,353.0],[219.0,353.0],[219.0,354.0],[221.0,355.0],[221.0,360.0],[216.0,360.0],[216.0,359.0],[215.0,359.0],[215.0,358.0],[213.0,358.0],[212.0,356.0],[211.0,356.0],[211.0,360.0],[212.0,360.0],[212.0,361.0],[213.0,361.0],[213.0,362.0],[214.0,362.0],[214.0,363.0],[215.0,363.0],[216.0,365.0],[219.0,365.0],[219.0,366.0],[220.0,366.0],[220.0,368.0],[222.0,369.0],[222.0,372.0],[223.0,372.0],[223.0,378.0],[224.0,378.0],[224.0,379.0],[226.0,379.0],[226.0,380.0],[230.0,380.0],[230.0,381.0],[232.0,381.0],[233.0,383.0],[235.0,383.0],[236.0,385.0],[238.0,385.0],[238.0,384.0],[240.0,384.0],[240.0,383.0],[242.0,383.0],[242.0,382.0],[251.0,382.0],[252.0,384.0],[254.0,384.0],[255.0,382.0],[259.0,382.0],[259.0,383.0],[260.0,383.0],[260.0,389.0],[259.0,389.0],[259.0,390.0],[256.0,390.0],[256.0,391.0],[252.0,391.0],[252.0,392.0],[253.0,392.0],[253.0,394.0],[256.0,394.0],[256.0,395.0],[257.0,395.0],[257.0,398.0],[256.0,398.0],[256.0,399.0],[255.0,399.0],[254.0,401.0],[252.0,401.0],[252.0,402.0],[250.0,402.0],[250.0,403.0],[246.0,404.0],[245.0,406.0],[241.0,407.0],[241.0,409.0],[240.0,409.0],[240.0,411.0],[241.0,411.0],[241.0,412.0],[246.0,412.0],[246.0,413.0],[249.0,413.0],[249.0,414.0],[250.0,414.0],[250.0,417.0],[251.0,417.0],[251.0,419.0],[252.0,419.0],[252.0,422.0],[253.0,422.0],[253.0,429.0],[252.0,429.0],[252.0,434.0],[251.0,434.0],[250.0,436.0],[248.0,436.0],[248.0,437.0],[247.0,437.0],[247.0,438.0],[246.0,438.0],[246.0,439.0],[245.0,439.0],[245.0,440.0],[244.0,440.0],[244.0,441.0],[243.0,441.0],[242.0,443.0],[240.0,443.0],[240.0,445.0],[238.0,445.0],[238.0,446.0],[236.0,446.0],[236.0,447.0],[233.0,447.0],[233.0,446.0],[232.0,446.0],[232.0,442.0],[221.0,443.0],[221.0,442.0],[220.0,442.0],[220.0,439.0],[221.0,439.0],[221.0,436.0],[220.0,436.0],[220.0,431.0],[218.0,430.0],[218.0,421.0],[219.0,421.0],[219.0,420.0],[218.0,420.0],[218.0,419.0],[216.0,419.0],[216.0,420.0],[214.0,421.0],[214.0,422.0],[215.0,422.0],[215.0,430.0],[214.0,430.0],[214.0,433.0],[213.0,433.0],[212.0,435.0],[210.0,435.0],[210.0,436.0],[209.0,436.0],[209.0,437.0],[208.0,437.0],[208.0,438.0],[207.0,438.0],[207.0,439.0],[206.0,439.0],[205.0,441.0],[203.0,441.0],[203.0,442.0],[202.0,442.0],[202.0,447.0],[201.0,447.0],[200.0,449.0],[201.0,449.0],[201.0,452.0],[203.0,453.0],[203.0,457.0],[202.0,457.0],[202.0,458.0],[200.0,458.0],[200.0,459.0],[194.0,459.0],[194.0,460.0],[193.0,460.0],[193.0,461.0],[192.0,461.0],[191.0,463.0],[189.0,463.0],[189.0,464.0],[188.0,464.0],[188.0,467.0],[189.0,467.0],[189.0,471.0],[195.0,474.0],[195.0,481.0],[198.0,481.0],[198.0,480.0],[202.0,480.0],[202.0,482.0],[203.0,482.0],[202.0,488.0],[203.0,488.0],[203.0,490.0],[204.0,490.0],[204.0,495.0],[203.0,495.0],[203.0,497.0],[202.0,497.0],[202.0,500.0],[201.0,500.0],[200.0,502.0],[201.0,502.0],[201.0,505.0],[202.0,505.0],[202.0,507.0],[203.0,507.0],[203.0,508.0],[205.0,508.0],[205.0,513.0],[196.0,513.0],[196.0,514.0],[191.0,514.0],[191.0,513.0],[190.0,513.0],[190.0,514.0],[188.0,514.0],[187.0,516.0],[181.0,516.0],[181.0,518.0],[176.0,518.0],[176.0,519.0],[173.0,519.0],[173.0,520.0],[172.0,520.0],[171.0,522.0],[169.0,522.0],[168.0,524.0],[164.0,524.0],[162.0,528.0],[155.0,528.0],[155.0,518.0],[154.0,518.0],[153.0,516.0],[152.0,516.0],[152.0,517.0],[147.0,517.0],[147.0,516.0],[145.0,515.0],[144.0,511.0],[142.0,511.0],[142.0,509.0],[141.0,509.0],[141.0,504.0],[140.0,504.0],[140.0,501.0],[139.0,501.0],[139.0,500.0],[138.0,500.0],[137.0,498.0],[135.0,498.0],[135.0,497.0],[132.0,497.0],[132.0,496.0],[129.0,496.0],[129.0,495.0],[128.0,495.0],[127.0,493.0],[125.0,493.0],[125.0,494.0],[120.0,494.0],[120.0,493.0],[118.0,492.0],[118.0,487.0],[119.0,487.0],[119.0,486.0],[122.0,486.0],[122.0,485.0],[123.0,485.0],[123.0,484.0],[125.0,483.0],[125.0,480.0],[126.0,480.0],[126.0,479.0],[128.0,478.0],[128.0,475.0],[129.0,475.0],[129.0,474.0],[130.0,474.0],[130.0,473.0],[131.0,473.0],[131.0,472.0],[133.0,471.0],[133.0,469.0],[134.0,469.0],[135.0,467.0],[140.0,467.0],[140.0,468.0],[142.0,468.0],[142.0,469.0],[143.0,469.0],[143.0,472.0],[144.0,472.0],[144.0,475.0],[145.0,475.0],[145.0,478.0],[149.0,478.0],[149.0,475.0],[148.0,475.0],[148.0,468.0],[147.0,468.0],[147.0,461.0],[146.0,461.0],[146.0,460.0],[144.0,459.0],[144.0,457.0],[143.0,457.0],[143.0,456.0],[141.0,456.0],[141.0,454.0],[140.0,454.0],[140.0,453.0],[139.0,453.0],[139.0,452.0],[138.0,452.0],[137.0,450.0],[135.0,450.0],[135.0,449.0],[133.0,449.0],[133.0,448.0],[132.0,448.0],[132.0,443.0],[137.0,443.0],[137.0,444.0],[141.0,444.0],[141.0,442.0],[140.0,442.0],[140.0,439.0],[139.0,439.0],[139.0,430.0],[141.0,429.0],[141.0,423.0],[142.0,423.0],[142.0,422.0],[143.0,422.0],[143.0,421.0],[144.0,421.0],[144.0,420.0],[145.0,420.0],[145.0,419.0],[146.0,419.0],[147.0,417.0],[150.0,417.0],[150.0,416.0],[151.0,416.0],[152.0,414.0],[148.0,414.0],[148.0,412.0],[147.0,412.0],[147.0,413.0],[142.0,413.0],[142.0,410.0],[140.0,410.0],[140.0,409.0],[138.0,409.0],[138.0,408.0],[130.0,408.0],[130.0,407.0],[127.0,407.0],[126.0,405.0],[124.0,405.0],[123.0,403.0],[121.0,403.0],[121.0,402.0],[120.0,402.0],[120.0,399.0],[119.0,399.0],[119.0,398.0],[118.0,398.0],[118.0,397.0],[117.0,397.0],[117.0,396.0],[116.0,396.0],[115.0,394.0],[113.0,394.0],[113.0,392.0],[112.0,392.0],[112.0,391.0]]],[[[140.0,538.0],[139.0,536.0],[137.0,536.0],[137.0,535.0],[135.0,534.0],[135.0,526.0],[137.0,526.0],[137.0,524.0],[141.0,524.0],[141.0,525.0],[142.0,525.0],[142.0,527.0],[143.0,527.0],[144.0,531.0],[146.0,531.0],[146.0,538.0],[145.0,538.0],[145.0,539.0],[142.0,539.0],[142.0,538.0],[140.0,538.0]]],[[[142.0,567.0],[142.0,565.0],[140.0,564.0],[139.0,560.0],[138.0,560.0],[138.0,556.0],[139.0,556.0],[139.0,555.0],[140.0,555.0],[140.0,554.0],[142.0,553.0],[142.0,550.0],[143.0,550.0],[143.0,549.0],[145.0,549.0],[145.0,548.0],[147.0,548.0],[147.0,547.0],[149.0,546.0],[149.0,544.0],[150.0,544.0],[150.0,543.0],[151.0,543.0],[151.0,542.0],[152.0,542.0],[152.0,541.0],[154.0,540.0],[154.0,537.0],[155.0,537.0],[156.0,535.0],[159.0,535.0],[160.0,533.0],[165.0,533.0],[165.0,534.0],[167.0,534.0],[167.0,533.0],[170.0,533.0],[170.0,532.0],[172.0,531.0],[172.0,529.0],[173.0,529.0],[173.0,526.0],[174.0,526.0],[174.0,524.0],[189.0,524.0],[189.0,522.0],[193.0,522.0],[193.0,523.0],[194.0,523.0],[194.0,524.0],[196.0,525.0],[196.0,535.0],[193.0,535.0],[193.0,536.0],[192.0,536.0],[192.0,538.0],[191.0,538.0],[191.0,539.0],[190.0,539.0],[189.0,541.0],[186.0,541.0],[186.0,542.0],[180.0,542.0],[180.0,543.0],[177.0,543.0],[177.0,544.0],[175.0,544.0],[175.0,545.0],[174.0,545.0],[174.0,547.0],[172.0,548.0],[172.0,557.0],[171.0,557.0],[171.0,558.0],[169.0,559.0],[169.0,561.0],[168.0,561.0],[168.0,563.0],[166.0,564.0],[166.0,567.0],[165.0,567.0],[164.0,569.0],[161.0,569.0],[161.0,568.0],[160.0,568.0],[160.0,569.0],[158.0,569.0],[158.0,570.0],[155.0,570.0],[155.0,569.0],[153.0,569.0],[152.0,565.0],[151.0,565.0],[150.0,569.0],[144.0,569.0],[144.0,568.0],[142.0,567.0]]],[[[236.0,232.0],[234.0,233.0],[234.0,235.0],[231.0,235.0],[231.0,228.0],[233.0,227.0],[233.0,221.0],[234.0,221.0],[234.0,219.0],[235.0,219.0],[235.0,218.0],[237.0,217.0],[237.0,214.0],[238.0,214.0],[238.0,211.0],[239.0,211.0],[239.0,210.0],[244.0,210.0],[244.0,209.0],[245.0,209.0],[245.0,207.0],[248.0,207.0],[248.0,209.0],[249.0,209.0],[249.0,210.0],[250.0,210.0],[251.0,212.0],[253.0,212.0],[253.0,211.0],[255.0,210.0],[255.0,207.0],[256.0,207.0],[257.0,205.0],[259.0,205.0],[259.0,203.0],[260.0,203.0],[260.0,200.0],[261.0,200.0],[261.0,198.0],[262.0,198.0],[262.0,197.0],[267.0,197.0],[267.0,196.0],[270.0,196.0],[270.0,197.0],[272.0,197.0],[273.0,199.0],[274.0,199.0],[275.0,197.0],[285.0,197.0],[285.0,196.0],[286.0,196.0],[286.0,193.0],[287.0,193.0],[287.0,191.0],[288.0,191.0],[288.0,190.0],[292.0,190.0],[292.0,191.0],[294.0,191.0],[294.0,190.0],[295.0,190.0],[296.0,188.0],[300.0,187.0],[300.0,185.0],[301.0,185.0],[302.0,183.0],[307.0,183.0],[307.0,188.0],[306.0,188.0],[306.0,191.0],[304.0,192.0],[304.0,195.0],[303.0,195.0],[303.0,197.0],[302.0,197.0],[302.0,198.0],[301.0,198.0],[301.0,200.0],[300.0,200.0],[300.0,207.0],[299.0,207.0],[299.0,208.0],[298.0,208.0],[297.0,210.0],[294.0,210.0],[294.0,211.0],[293.0,211.0],[292.0,213.0],[282.0,213.0],[282.0,214.0],[277.0,214.0],[277.0,215.0],[274.0,215.0],[274.0,216.0],[269.0,216.0],[269.0,218.0],[268.0,218.0],[268.0,220.0],[267.0,220.0],[266.0,222.0],[263.0,222.0],[262.0,224.0],[258.0,225.0],[258.0,226.0],[257.0,226.0],[257.0,227.0],[255.0,228.0],[255.0,230.0],[253.0,230.0],[253.0,231.0],[250.0,231.0],[250.0,232.0],[246.0,232.0],[246.0,229.0],[248.0,228.0],[248.0,226.0],[247.0,226.0],[247.0,225.0],[244.0,225.0],[244.0,226.0],[242.0,226.0],[242.0,227.0],[239.0,227.0],[239.0,228.0],[238.0,228.0],[238.0,229.0],[236.0,230.0],[236.0,232.0]]],[[[310.0,229.0],[310.0,227.0],[309.0,227.0],[309.0,225.0],[308.0,225.0],[308.0,215.0],[309.0,215.0],[309.0,213.0],[310.0,213.0],[311.0,211.0],[323.0,210.0],[323.0,211.0],[325.0,212.0],[325.0,216.0],[324.0,216.0],[324.0,218.0],[323.0,218.0],[323.0,219.0],[322.0,219.0],[322.0,220.0],[321.0,220.0],[321.0,221.0],[319.0,222.0],[319.0,224.0],[318.0,224.0],[318.0,226.0],[317.0,226.0],[317.0,228.0],[316.0,228.0],[316.0,229.0],[310.0,229.0]]],[[[225.0,262.0],[225.0,261.0],[224.0,261.0],[224.0,259.0],[223.0,259.0],[223.0,254.0],[224.0,254.0],[224.0,253.0],[226.0,253.0],[226.0,252.0],[227.0,252.0],[227.0,250.0],[229.0,250.0],[229.0,249.0],[231.0,249.0],[231.0,248.0],[235.0,248.0],[235.0,251.0],[236.0,251.0],[236.0,253.0],[237.0,253.0],[237.0,254.0],[238.0,254.0],[239.0,256.0],[244.0,256.0],[244.0,260.0],[245.0,260.0],[245.0,259.0],[247.0,258.0],[247.0,256.0],[251.0,256.0],[251.0,257.0],[253.0,258.0],[253.0,263.0],[252.0,263.0],[252.0,264.0],[251.0,264.0],[251.0,266.0],[250.0,266.0],[250.0,269.0],[249.0,269.0],[249.0,271.0],[248.0,271.0],[248.0,276.0],[247.0,276.0],[247.0,279.0],[248.0,279.0],[248.0,281.0],[249.0,281.0],[249.0,282.0],[252.0,282.0],[252.0,289.0],[251.0,289.0],[251.0,290.0],[250.0,290.0],[250.0,291.0],[248.0,292.0],[248.0,297.0],[245.0,297.0],[245.0,298.0],[243.0,298.0],[243.0,299.0],[242.0,299.0],[241.0,301.0],[235.0,301.0],[235.0,300.0],[234.0,300.0],[234.0,299.0],[233.0,299.0],[233.0,298.0],[231.0,297.0],[231.0,294.0],[233.0,294.0],[234.0,290.0],[235.0,290.0],[235.0,289.0],[237.0,288.0],[237.0,284.0],[236.0,284.0],[236.0,285.0],[231.0,285.0],[231.0,280.0],[233.0,280.0],[233.0,276.0],[230.0,276.0],[229.0,278.0],[225.0,278.0],[225.0,275.0],[223.0,274.0],[223.0,270.0],[225.0,270.0],[226.0,268.0],[230.0,268.0],[230.0,267.0],[231.0,267.0],[231.0,265.0],[230.0,265.0],[230.0,264.0],[229.0,264.0],[228.0,262.0],[225.0,262.0]]],[[[325.0,291.0],[325.0,290.0],[322.0,290.0],[322.0,289.0],[317.0,289.0],[317.0,290.0],[318.0,290.0],[318.0,292.0],[320.0,293.0],[320.0,294.0],[321.0,294.0],[322.0,298.0],[323.0,298.0],[323.0,305.0],[319.0,305.0],[319.0,307.0],[318.0,307.0],[318.0,308.0],[315.0,308.0],[315.0,310.0],[316.0,310.0],[316.0,315.0],[314.0,316.0],[314.0,317.0],[312.0,317.0],[311.0,319.0],[310.0,319.0],[310.0,320.0],[309.0,320.0],[309.0,321.0],[308.0,321.0],[309.0,331.0],[307.0,332.0],[307.0,333.0],[305.0,333.0],[304.0,335.0],[300.0,335.0],[299.0,333.0],[294.0,333.0],[294.0,332.0],[292.0,332.0],[292.0,331.0],[290.0,331.0],[290.0,325.0],[289.0,325.0],[289.0,323.0],[279.0,322.0],[278.0,318.0],[276.0,318.0],[275.0,320.0],[274.0,320.0],[274.0,321.0],[270.0,321.0],[270.0,320.0],[269.0,320.0],[269.0,318.0],[267.0,318.0],[267.0,317.0],[263.0,317.0],[263.0,316.0],[262.0,316.0],[262.0,314.0],[261.0,314.0],[261.0,312.0],[260.0,312.0],[260.0,308.0],[259.0,308.0],[259.0,307.0],[258.0,307.0],[258.0,308.0],[253.0,308.0],[253.0,307.0],[251.0,307.0],[251.0,306.0],[250.0,306.0],[250.0,300.0],[255.0,300.0],[255.0,298.0],[256.0,298.0],[256.0,297.0],[259.0,297.0],[259.0,300.0],[260.0,300.0],[260.0,301.0],[264.0,301.0],[265.0,299.0],[266.0,299.0],[266.0,297.0],[267.0,297.0],[267.0,294.0],[269.0,293.0],[269.0,292.0],[270.0,292.0],[270.0,290.0],[268.0,289.0],[268.0,288.0],[264.0,287.0],[264.0,285.0],[263.0,285.0],[263.0,282.0],[264.0,282.0],[264.0,280.0],[265.0,280.0],[265.0,278.0],[262.0,278.0],[261.0,276.0],[260.0,276.0],[260.0,275.0],[258.0,275.0],[258.0,274.0],[257.0,274.0],[257.0,267.0],[258.0,267.0],[258.0,265.0],[264.0,264.0],[264.0,265.0],[266.0,265.0],[266.0,266.0],[269.0,266.0],[270.0,268.0],[271.0,268.0],[271.0,269.0],[272.0,269.0],[272.0,271.0],[273.0,271.0],[273.0,274.0],[274.0,274.0],[274.0,275.0],[276.0,275.0],[275.0,271.0],[274.0,271.0],[274.0,266.0],[272.0,265.0],[272.0,264.0],[271.0,264.0],[271.0,263.0],[270.0,263.0],[270.0,262.0],[267.0,262.0],[267.0,261.0],[265.0,261.0],[265.0,260.0],[263.0,260.0],[262.0,258.0],[260.0,258.0],[259.0,256.0],[257.0,256.0],[257.0,255.0],[256.0,255.0],[256.0,248.0],[257.0,248.0],[257.0,243.0],[258.0,243.0],[258.0,237.0],[262.0,237.0],[262.0,238.0],[264.0,238.0],[265.0,236.0],[266.0,236.0],[266.0,234.0],[269.0,234.0],[269.0,233.0],[271.0,233.0],[271.0,231.0],[277.0,231.0],[278.0,229.0],[281.0,229.0],[281.0,227.0],[282.0,227.0],[282.0,221.0],[283.0,221.0],[283.0,220.0],[286.0,220.0],[287.0,222.0],[288.0,222.0],[288.0,223.0],[289.0,223.0],[289.0,224.0],[290.0,224.0],[290.0,226.0],[292.0,227.0],[292.0,228.0],[294.0,228.0],[295.0,230.0],[296.0,230.0],[296.0,231.0],[297.0,231.0],[297.0,232.0],[298.0,232.0],[298.0,233.0],[299.0,233.0],[299.0,236.0],[301.0,237.0],[301.0,238.0],[302.0,238.0],[302.0,239.0],[305.0,239.0],[305.0,237.0],[306.0,237.0],[306.0,236.0],[310.0,236.0],[310.0,240.0],[312.0,240.0],[312.0,241.0],[313.0,241.0],[312.0,252.0],[314.0,252.0],[314.0,249.0],[316.0,248.0],[316.0,243.0],[317.0,243.0],[317.0,241.0],[318.0,241.0],[318.0,240.0],[321.0,240.0],[321.0,236.0],[323.0,235.0],[324.0,231.0],[326.0,230.0],[327.0,226.0],[328.0,226.0],[328.0,224.0],[332.0,222.0],[332.0,220.0],[333.0,220.0],[333.0,219.0],[338.0,219.0],[338.0,222.0],[336.0,223.0],[336.0,225.0],[335.0,225.0],[335.0,230.0],[336.0,230.0],[336.0,232.0],[338.0,233.0],[338.0,234.0],[343.0,234.0],[344.0,236.0],[345.0,236.0],[345.0,237.0],[346.0,237.0],[346.0,241.0],[347.0,241.0],[347.0,242.0],[350.0,242.0],[351.0,244.0],[352.0,244.0],[352.0,245.0],[353.0,245.0],[353.0,248.0],[352.0,248.0],[352.0,249.0],[354.0,249.0],[355.0,251.0],[356.0,251.0],[356.0,252.0],[360.0,252.0],[361.0,254.0],[362.0,254.0],[362.0,256.0],[363.0,256.0],[363.0,259.0],[364.0,259.0],[364.0,260.0],[368.0,261.0],[368.0,260.0],[376.0,260.0],[376.0,261.0],[377.0,261.0],[377.0,264.0],[375.0,265.0],[375.0,266.0],[374.0,266.0],[374.0,267.0],[373.0,267.0],[373.0,268.0],[372.0,268.0],[372.0,269.0],[370.0,269.0],[370.0,270.0],[365.0,270.0],[365.0,273.0],[364.0,273.0],[364.0,276.0],[363.0,276.0],[363.0,277.0],[361.0,277.0],[361.0,278.0],[356.0,278.0],[356.0,279.0],[355.0,279.0],[355.0,281.0],[360.0,281.0],[360.0,282.0],[362.0,282.0],[362.0,283.0],[363.0,283.0],[363.0,286.0],[362.0,286.0],[362.0,288.0],[361.0,288.0],[361.0,289.0],[358.0,289.0],[358.0,290.0],[350.0,289.0],[350.0,290.0],[346.0,290.0],[346.0,289.0],[339.0,289.0],[339.0,288.0],[338.0,288.0],[337.0,290.0],[336.0,290.0],[336.0,292.0],[334.0,293.0],[334.0,294.0],[329.0,294.0],[328.0,292.0],[326.0,292.0],[326.0,291.0],[325.0,291.0]],[[316.0,289.0],[317.0,289.0],[317.0,288.0],[316.0,288.0],[316.0,289.0]]],[[[210.0,299.0],[210.0,298.0],[209.0,298.0],[209.0,299.0],[202.0,299.0],[202.0,295.0],[203.0,295.0],[203.0,293.0],[204.0,293.0],[204.0,292.0],[208.0,292.0],[208.0,293.0],[210.0,292.0],[210.0,291.0],[209.0,291.0],[208.0,289.0],[205.0,289.0],[205.0,287.0],[203.0,287.0],[203.0,282.0],[204.0,282.0],[205.0,280.0],[211.0,280.0],[211.0,281.0],[213.0,281.0],[213.0,282.0],[214.0,282.0],[214.0,283.0],[215.0,283.0],[215.0,284.0],[216.0,284.0],[216.0,285.0],[217.0,285.0],[218.0,287.0],[220.0,287.0],[220.0,289.0],[222.0,289.0],[222.0,290.0],[223.0,290.0],[223.0,292.0],[224.0,292.0],[224.0,294.0],[225.0,294.0],[225.0,299.0],[224.0,299.0],[224.0,300.0],[221.0,300.0],[221.0,302.0],[220.0,302.0],[219.0,306.0],[214.0,306.0],[214.0,305.0],[213.0,305.0],[213.0,300.0],[212.0,300.0],[212.0,299.0],[210.0,299.0]]],[[[317.0,342.0],[317.0,341.0],[314.0,341.0],[314.0,340.0],[312.0,340.0],[312.0,336.0],[314.0,336.0],[314.0,335.0],[318.0,335.0],[318.0,336.0],[320.0,336.0],[321.0,338.0],[324.0,338.0],[324.0,337.0],[325.0,337.0],[325.0,336.0],[327.0,335.0],[327.0,333.0],[326.0,333.0],[326.0,330.0],[325.0,330.0],[325.0,328.0],[324.0,328.0],[324.0,325.0],[323.0,325.0],[323.0,321.0],[325.0,321.0],[325.0,320.0],[326.0,320.0],[326.0,317.0],[335.0,317.0],[336.0,319.0],[338.0,319.0],[338.0,318.0],[339.0,318.0],[339.0,317.0],[340.0,317.0],[340.0,316.0],[342.0,315.0],[342.0,311.0],[343.0,311.0],[343.0,305.0],[344.0,305.0],[345.0,303.0],[349.0,303.0],[349.0,304.0],[357.0,304.0],[357.0,306.0],[359.0,307.0],[360.0,311.0],[361.0,311.0],[362.0,313.0],[364.0,313.0],[364.0,314.0],[368.0,314.0],[368.0,313.0],[375.0,313.0],[375.0,318.0],[374.0,318.0],[374.0,319.0],[372.0,319.0],[371.0,321.0],[369.0,321.0],[369.0,322.0],[366.0,322.0],[366.0,323.0],[358.0,323.0],[358.0,324.0],[356.0,325.0],[356.0,328.0],[355.0,328.0],[354.0,334.0],[351.0,334.0],[350.0,336.0],[340.0,336.0],[340.0,335.0],[338.0,334.0],[338.0,336.0],[336.0,337.0],[336.0,339.0],[335.0,339.0],[335.0,341.0],[334.0,341.0],[334.0,343.0],[333.0,343.0],[333.0,344.0],[324.0,344.0],[324.0,343.0],[321.0,343.0],[321.0,342.0],[317.0,342.0]]],[[[217.0,345.0],[215.0,345.0],[215.0,344.0],[213.0,343.0],[213.0,337.0],[219.0,337.0],[219.0,338.0],[221.0,338.0],[221.0,340.0],[222.0,340.0],[222.0,341.0],[224.0,342.0],[224.0,345.0],[222.0,345.0],[222.0,346.0],[217.0,346.0],[217.0,345.0]]],[[[226.0,359.0],[226.0,354.0],[227.0,354.0],[227.0,351.0],[225.0,350.0],[225.0,346.0],[226.0,346.0],[226.0,345.0],[228.0,345.0],[228.0,344.0],[230.0,344.0],[230.0,343.0],[231.0,343.0],[232.0,341.0],[239.0,341.0],[239.0,343.0],[240.0,343.0],[240.0,346.0],[239.0,346.0],[239.0,347.0],[240.0,347.0],[240.0,350.0],[241.0,350.0],[241.0,351.0],[242.0,351.0],[242.0,352.0],[243.0,352.0],[243.0,353.0],[244.0,353.0],[244.0,354.0],[245.0,354.0],[246.0,356.0],[248.0,356.0],[248.0,357.0],[250.0,358.0],[251.0,362.0],[252.0,362.0],[252.0,363.0],[254.0,364.0],[254.0,368.0],[255.0,368.0],[255.0,371.0],[258.0,371.0],[258.0,372.0],[260.0,373.0],[260.0,378.0],[254.0,378.0],[254.0,377.0],[253.0,377.0],[253.0,376.0],[251.0,376.0],[251.0,375.0],[246.0,375.0],[246.0,371.0],[244.0,371.0],[244.0,370.0],[243.0,370.0],[242.0,368.0],[241.0,368.0],[241.0,369.0],[239.0,370.0],[239.0,371.0],[240.0,371.0],[240.0,372.0],[242.0,373.0],[242.0,377.0],[241.0,377.0],[241.0,378.0],[233.0,377.0],[233.0,376.0],[232.0,376.0],[232.0,375.0],[231.0,375.0],[231.0,374.0],[230.0,374.0],[230.0,373.0],[229.0,373.0],[228.0,371.0],[226.0,371.0],[226.0,365.0],[228.0,364.0],[228.0,360.0],[226.0,359.0]]],[[[183.0,316.0],[183.0,315.0],[182.0,315.0],[182.0,313.0],[181.0,313.0],[181.0,309.0],[184.0,309.0],[185.0,307.0],[193.0,307.0],[193.0,308.0],[195.0,308.0],[195.0,309.0],[197.0,309.0],[197.0,310.0],[199.0,310.0],[199.0,311.0],[201.0,311.0],[201.0,312.0],[205.0,312.0],[205.0,313.0],[209.0,314.0],[209.0,312.0],[208.0,312.0],[207.0,310.0],[205.0,310.0],[205.0,309.0],[204.0,309.0],[204.0,305.0],[205.0,305.0],[205.0,303.0],[206.0,303.0],[206.0,302.0],[210.0,302.0],[210.0,303.0],[212.0,304.0],[212.0,310.0],[213.0,310.0],[213.0,314.0],[214.0,314.0],[215.0,316.0],[217.0,316.0],[217.0,317.0],[226.0,317.0],[226.0,319.0],[227.0,319.0],[227.0,323.0],[231.0,323.0],[231.0,322.0],[232.0,322.0],[232.0,321.0],[233.0,321.0],[234.0,319.0],[233.0,319.0],[233.0,317.0],[231.0,317.0],[231.0,316.0],[230.0,316.0],[230.0,315.0],[228.0,314.0],[228.0,312.0],[227.0,312.0],[227.0,310.0],[226.0,310.0],[226.0,307.0],[225.0,307.0],[225.0,304.0],[229.0,304.0],[229.0,305.0],[230.0,305.0],[230.0,307.0],[231.0,307.0],[231.0,308.0],[233.0,308.0],[233.0,309.0],[234.0,309.0],[235.0,311.0],[240.0,311.0],[240.0,310.0],[243.0,310.0],[243.0,311.0],[245.0,311.0],[245.0,312.0],[248.0,312.0],[248.0,311.0],[253.0,311.0],[253.0,317.0],[252.0,317.0],[251.0,321.0],[253.0,321.0],[253.0,320.0],[255.0,320.0],[255.0,319.0],[260.0,319.0],[260.0,321.0],[261.0,321.0],[261.0,324.0],[262.0,324.0],[262.0,326.0],[263.0,326.0],[263.0,327.0],[268.0,327.0],[268.0,329.0],[270.0,329.0],[270.0,330.0],[273.0,330.0],[273.0,331.0],[279.0,331.0],[279.0,330.0],[281.0,330.0],[281.0,329.0],[284.0,329.0],[286.0,333.0],[291.0,333.0],[291.0,335.0],[292.0,335.0],[292.0,336.0],[294.0,337.0],[295.0,341.0],[297.0,341.0],[298.0,343.0],[303.0,343.0],[303.0,342.0],[304.0,342.0],[304.0,340.0],[305.0,340.0],[305.0,339.0],[306.0,339.0],[307.0,337.0],[310.0,337.0],[310.0,344.0],[309.0,344.0],[309.0,345.0],[308.0,345.0],[308.0,346.0],[306.0,347.0],[306.0,349.0],[305.0,349.0],[305.0,353.0],[306.0,353.0],[306.0,356.0],[308.0,356.0],[308.0,357.0],[309.0,357.0],[309.0,358.0],[311.0,359.0],[311.0,361.0],[312.0,361.0],[312.0,364.0],[316.0,364.0],[317.0,366.0],[319.0,366.0],[319.0,362.0],[318.0,362.0],[318.0,361.0],[317.0,361.0],[316.0,359.0],[314.0,359.0],[314.0,358.0],[313.0,358.0],[313.0,357.0],[311.0,356.0],[311.0,354.0],[310.0,354.0],[310.0,348.0],[311.0,348.0],[311.0,347.0],[312.0,347.0],[313.0,345.0],[318.0,345.0],[318.0,346.0],[320.0,346.0],[321.0,348.0],[322.0,348.0],[322.0,347.0],[324.0,347.0],[324.0,346.0],[327.0,346.0],[327.0,347.0],[328.0,347.0],[328.0,351.0],[330.0,351.0],[330.0,352.0],[331.0,352.0],[332.0,354.0],[335.0,354.0],[335.0,353.0],[337.0,353.0],[337.0,352.0],[338.0,352.0],[338.0,351.0],[340.0,350.0],[340.0,346.0],[341.0,346.0],[341.0,344.0],[342.0,344.0],[342.0,343.0],[344.0,343.0],[344.0,342.0],[347.0,342.0],[347.0,347.0],[346.0,347.0],[346.0,350.0],[347.0,350.0],[347.0,349.0],[348.0,349.0],[349.0,347.0],[351.0,347.0],[351.0,346.0],[354.0,346.0],[354.0,345.0],[360.0,345.0],[360.0,342.0],[359.0,342.0],[359.0,336.0],[362.0,336.0],[362.0,337.0],[364.0,337.0],[365.0,335.0],[367.0,335.0],[367.0,334.0],[368.0,334.0],[368.0,332.0],[369.0,332.0],[369.0,331.0],[370.0,331.0],[370.0,329.0],[371.0,329.0],[371.0,326.0],[375.0,326.0],[375.0,325.0],[376.0,325.0],[376.0,324.0],[377.0,324.0],[377.0,323.0],[379.0,322.0],[379.0,320.0],[380.0,320.0],[380.0,317.0],[381.0,317.0],[381.0,315.0],[382.0,315.0],[382.0,314.0],[377.0,314.0],[377.0,312.0],[376.0,312.0],[376.0,306.0],[377.0,306.0],[377.0,305.0],[375.0,305.0],[375.0,306.0],[374.0,306.0],[374.0,307.0],[373.0,307.0],[372.0,309.0],[367.0,309.0],[367.0,304.0],[368.0,304.0],[368.0,303.0],[369.0,303.0],[369.0,302.0],[371.0,301.0],[371.0,299.0],[372.0,299.0],[373.0,297.0],[378.0,297.0],[378.0,296.0],[380.0,296.0],[381.0,294.0],[383.0,294.0],[383.0,292.0],[388.0,292.0],[388.0,293.0],[397.0,293.0],[397.0,294.0],[398.0,294.0],[398.0,298.0],[396.0,298.0],[396.0,299.0],[395.0,299.0],[395.0,303.0],[394.0,303.0],[394.0,306.0],[393.0,306.0],[393.0,308.0],[392.0,308.0],[392.0,312.0],[395.0,312.0],[395.0,310.0],[396.0,310.0],[396.0,304.0],[397.0,304.0],[397.0,303.0],[401.0,303.0],[402.0,305.0],[412.0,305.0],[412.0,306.0],[414.0,306.0],[414.0,313.0],[413.0,313.0],[413.0,315.0],[415.0,315.0],[415.0,314.0],[417.0,314.0],[417.0,313.0],[421.0,313.0],[421.0,315.0],[422.0,315.0],[422.0,316.0],[424.0,317.0],[424.0,322.0],[419.0,322.0],[419.0,323.0],[418.0,323.0],[418.0,325.0],[417.0,325.0],[417.0,327.0],[415.0,327.0],[415.0,328.0],[411.0,329.0],[411.0,330.0],[410.0,330.0],[409.0,332.0],[407.0,332.0],[407.0,333.0],[412.0,333.0],[412.0,334.0],[415.0,334.0],[415.0,335.0],[417.0,335.0],[417.0,336.0],[419.0,336.0],[419.0,334.0],[423.0,334.0],[424.0,336.0],[426.0,336.0],[426.0,335.0],[427.0,335.0],[427.0,334.0],[428.0,334.0],[429.0,332.0],[432.0,332.0],[432.0,333.0],[433.0,333.0],[433.0,341.0],[434.0,341.0],[434.0,343.0],[439.0,343.0],[439.0,347.0],[438.0,347.0],[438.0,348.0],[437.0,348.0],[436.0,350.0],[433.0,350.0],[433.0,351.0],[432.0,351.0],[432.0,354.0],[433.0,354.0],[433.0,356.0],[434.0,356.0],[434.0,357.0],[435.0,357.0],[435.0,358.0],[437.0,359.0],[437.0,363.0],[431.0,364.0],[431.0,367.0],[426.0,367.0],[426.0,366.0],[424.0,366.0],[423.0,360.0],[422.0,360.0],[422.0,359.0],[421.0,359.0],[420.0,357.0],[414.0,357.0],[414.0,356.0],[413.0,356.0],[413.0,354.0],[412.0,354.0],[412.0,351.0],[411.0,351.0],[411.0,349.0],[410.0,349.0],[410.0,348.0],[409.0,348.0],[409.0,349.0],[407.0,350.0],[407.0,352.0],[403.0,353.0],[403.0,354.0],[402.0,354.0],[402.0,356.0],[398.0,358.0],[398.0,361.0],[397.0,361.0],[397.0,362.0],[382.0,362.0],[382.0,361.0],[380.0,361.0],[380.0,360.0],[378.0,359.0],[378.0,361.0],[379.0,361.0],[379.0,366.0],[377.0,366.0],[377.0,367.0],[376.0,367.0],[376.0,368.0],[374.0,369.0],[374.0,371.0],[373.0,371.0],[373.0,373.0],[372.0,373.0],[372.0,374.0],[374.0,375.0],[374.0,378.0],[376.0,379.0],[376.0,382.0],[377.0,382.0],[378.0,384.0],[381.0,384.0],[381.0,387.0],[379.0,387.0],[379.0,388.0],[378.0,388.0],[378.0,389.0],[377.0,389.0],[377.0,390.0],[376.0,390.0],[375.0,392.0],[373.0,392.0],[373.0,393.0],[372.0,393.0],[372.0,395.0],[371.0,395.0],[372.0,397.0],[376.0,397.0],[376.0,399.0],[378.0,399.0],[378.0,408.0],[377.0,408.0],[377.0,411.0],[372.0,411.0],[372.0,410.0],[371.0,410.0],[371.0,407.0],[368.0,407.0],[368.0,413.0],[367.0,413.0],[367.0,414.0],[364.0,414.0],[364.0,415.0],[362.0,415.0],[362.0,416.0],[361.0,416.0],[361.0,418.0],[360.0,418.0],[360.0,420.0],[359.0,420.0],[359.0,422.0],[355.0,422.0],[355.0,423.0],[354.0,423.0],[353.0,425.0],[350.0,425.0],[349.0,427.0],[343.0,427.0],[343.0,423.0],[344.0,423.0],[344.0,422.0],[346.0,421.0],[346.0,418.0],[347.0,418.0],[347.0,416.0],[346.0,416.0],[346.0,415.0],[344.0,415.0],[344.0,414.0],[342.0,414.0],[342.0,412.0],[341.0,412.0],[341.0,409.0],[340.0,409.0],[340.0,407.0],[339.0,407.0],[339.0,403.0],[340.0,403.0],[340.0,401.0],[341.0,401.0],[341.0,397.0],[340.0,397.0],[340.0,398.0],[338.0,398.0],[338.0,400.0],[333.0,400.0],[332.0,402.0],[330.0,402.0],[330.0,403.0],[327.0,403.0],[327.0,404.0],[325.0,405.0],[325.0,411.0],[324.0,411.0],[324.0,412.0],[323.0,412.0],[322.0,414.0],[323.0,414.0],[323.0,415.0],[325.0,415.0],[325.0,416.0],[328.0,416.0],[328.0,419.0],[327.0,419.0],[327.0,420.0],[325.0,420.0],[325.0,421.0],[322.0,421.0],[322.0,422.0],[314.0,422.0],[314.0,421.0],[313.0,421.0],[312.0,419.0],[310.0,419.0],[310.0,416.0],[311.0,416.0],[311.0,411.0],[312.0,411.0],[312.0,409.0],[311.0,409.0],[311.0,410.0],[309.0,410.0],[309.0,411.0],[307.0,411.0],[307.0,412.0],[300.0,412.0],[300.0,411.0],[298.0,410.0],[298.0,401.0],[299.0,401.0],[299.0,400.0],[300.0,400.0],[300.0,399.0],[302.0,398.0],[302.0,396.0],[301.0,396.0],[301.0,391.0],[304.0,391.0],[304.0,392.0],[305.0,392.0],[305.0,391.0],[307.0,391.0],[307.0,389.0],[308.0,389.0],[308.0,388.0],[310.0,387.0],[310.0,386.0],[309.0,386.0],[308.0,384.0],[307.0,384.0],[306.0,386.0],[300.0,386.0],[300.0,385.0],[298.0,384.0],[298.0,382.0],[297.0,382.0],[297.0,381.0],[296.0,381.0],[296.0,380.0],[295.0,380.0],[294.0,378.0],[290.0,378.0],[290.0,377.0],[286.0,376.0],[285.0,372.0],[284.0,372.0],[284.0,371.0],[283.0,371.0],[283.0,370.0],[282.0,370.0],[282.0,369.0],[281.0,369.0],[280.0,367.0],[278.0,367.0],[277.0,365.0],[276.0,365.0],[276.0,366.0],[274.0,366.0],[274.0,372.0],[275.0,372.0],[275.0,374.0],[276.0,374.0],[276.0,380.0],[271.0,380.0],[271.0,379.0],[270.0,379.0],[270.0,378.0],[268.0,378.0],[268.0,376.0],[267.0,376.0],[267.0,375.0],[266.0,375.0],[265.0,373.0],[263.0,373.0],[263.0,371.0],[262.0,371.0],[262.0,368.0],[263.0,368.0],[263.0,366.0],[264.0,366.0],[264.0,365.0],[263.0,365.0],[263.0,364.0],[258.0,364.0],[258.0,363.0],[257.0,363.0],[257.0,361.0],[255.0,360.0],[255.0,355.0],[254.0,355.0],[254.0,354.0],[250.0,354.0],[250.0,353.0],[248.0,353.0],[248.0,351.0],[247.0,351.0],[247.0,350.0],[245.0,349.0],[245.0,345.0],[252.0,345.0],[252.0,344.0],[251.0,344.0],[251.0,340.0],[245.0,340.0],[245.0,339.0],[243.0,339.0],[243.0,338.0],[242.0,338.0],[241.0,336.0],[229.0,336.0],[229.0,337.0],[221.0,337.0],[221.0,336.0],[220.0,336.0],[220.0,335.0],[219.0,335.0],[218.0,333.0],[217.0,333.0],[217.0,334.0],[210.0,334.0],[210.0,333.0],[206.0,332.0],[205.0,328.0],[204.0,328.0],[204.0,329.0],[193.0,329.0],[193.0,328.0],[191.0,328.0],[191.0,325.0],[192.0,325.0],[193.0,323.0],[196.0,323.0],[197.0,321.0],[196.0,321.0],[196.0,320.0],[194.0,320.0],[194.0,319.0],[192.0,319.0],[192.0,318.0],[191.0,318.0],[190.0,316.0],[189.0,316.0],[189.0,317.0],[185.0,317.0],[185.0,316.0],[183.0,316.0]]],[[[267.0,406.0],[265.0,406.0],[265.0,405.0],[264.0,405.0],[264.0,402.0],[267.0,402.0],[267.0,401.0],[269.0,401.0],[270.0,399.0],[275.0,399.0],[276.0,401.0],[279.0,401.0],[279.0,402.0],[281.0,403.0],[281.0,406.0],[282.0,406.0],[283.0,408.0],[285.0,408.0],[285.0,409.0],[286.0,409.0],[286.0,410.0],[287.0,410.0],[287.0,411.0],[288.0,411.0],[288.0,412.0],[289.0,412.0],[290.0,414.0],[293.0,414.0],[293.0,415.0],[296.0,415.0],[296.0,416.0],[297.0,416.0],[297.0,418.0],[298.0,418.0],[298.0,422.0],[291.0,422.0],[291.0,421.0],[288.0,421.0],[288.0,420.0],[285.0,420.0],[285.0,419.0],[281.0,419.0],[281.0,418.0],[277.0,417.0],[277.0,414.0],[276.0,414.0],[276.0,413.0],[273.0,413.0],[273.0,412.0],[271.0,412.0],[271.0,411.0],[270.0,411.0],[270.0,410.0],[269.0,410.0],[269.0,409.0],[267.0,408.0],[267.0,406.0]]],[[[213.0,455.0],[213.0,454.0],[208.0,454.0],[208.0,453.0],[206.0,452.0],[206.0,449.0],[207.0,449.0],[207.0,447.0],[208.0,447.0],[208.0,445.0],[209.0,445.0],[210.0,443.0],[213.0,443.0],[213.0,445.0],[214.0,445.0],[215.0,447.0],[217.0,447.0],[218.0,449.0],[226.0,449.0],[226.0,451.0],[228.0,451.0],[228.0,455.0],[227.0,455.0],[227.0,456.0],[223.0,456.0],[223.0,457.0],[222.0,457.0],[222.0,461.0],[224.0,462.0],[224.0,466.0],[218.0,466.0],[218.0,465.0],[216.0,465.0],[216.0,464.0],[215.0,464.0],[215.0,462.0],[213.0,461.0],[213.0,456.0],[214.0,456.0],[214.0,455.0],[213.0,455.0]]],[[[243.0,474.0],[243.0,475.0],[239.0,475.0],[239.0,474.0],[238.0,474.0],[238.0,471.0],[239.0,471.0],[239.0,469.0],[241.0,469.0],[241.0,467.0],[243.0,467.0],[243.0,466.0],[246.0,466.0],[246.0,467.0],[252.0,467.0],[252.0,469.0],[253.0,469.0],[253.0,472.0],[245.0,473.0],[245.0,474.0],[243.0,474.0]]]]}},{"type":"Feature","id":"country-002","properties":{"id":"country-002","name":"Unassigned","type":"country","status":"mask-defined","source":"countries-mask-shared-topology","extractionConfidence":"authoritative-mask","rgb":[0,38,255],"color":"#0026ff","polygonCount":3,"holeCount":1,"styleIndex":1},"geometry":{"type":"MultiPolygon","coordinates":[[[[1014.0,432.0],[1011.0,432.0],[1011.0,430.0],[1010.0,430.0],[1010.0,424.0],[1017.0,424.0],[1018.0,422.0],[1021.0,422.0],[1021.0,421.0],[1022.0,421.0],[1022.0,420.0],[1023.0,420.0],[1024.0,418.0],[1029.0,418.0],[1029.0,419.0],[1032.0,419.0],[1032.0,422.0],[1025.0,424.0],[1025.0,426.0],[1024.0,426.0],[1024.0,427.0],[1022.0,427.0],[1022.0,428.0],[1021.0,428.0],[1020.0,430.0],[1019.0,430.0],[1019.0,431.0],[1014.0,431.0],[1014.0,432.0]]],[[[1044.0,443.0],[1043.0,443.0],[1043.0,439.0],[1047.0,439.0],[1048.0,441.0],[1051.0,441.0],[1051.0,442.0],[1053.0,442.0],[1053.0,444.0],[1054.0,444.0],[1054.0,445.0],[1057.0,445.0],[1057.0,446.0],[1058.0,446.0],[1058.0,450.0],[1055.0,450.0],[1055.0,451.0],[1049.0,450.0],[1049.0,449.0],[1047.0,448.0],[1047.0,446.0],[1046.0,446.0],[1046.0,445.0],[1044.0,445.0],[1044.0,443.0]]],[[[977.0,487.0],[977.0,484.0],[972.0,484.0],[972.0,477.0],[974.0,476.0],[974.0,475.0],[975.0,475.0],[975.0,474.0],[976.0,474.0],[976.0,473.0],[977.0,473.0],[977.0,471.0],[979.0,470.0],[979.0,469.0],[981.0,469.0],[981.0,468.0],[982.0,468.0],[982.0,466.0],[983.0,466.0],[983.0,463.0],[982.0,463.0],[982.0,461.0],[983.0,461.0],[983.0,460.0],[982.0,460.0],[982.0,458.0],[980.0,457.0],[980.0,456.0],[979.0,456.0],[979.0,455.0],[978.0,455.0],[978.0,454.0],[977.0,454.0],[977.0,453.0],[976.0,453.0],[976.0,452.0],[975.0,452.0],[975.0,451.0],[974.0,451.0],[974.0,450.0],[973.0,450.0],[973.0,449.0],[972.0,449.0],[972.0,448.0],[972.0,440.0],[973.0,440.0],[973.0,423.0],[976.0,423.0],[976.0,422.0],[979.0,422.0],[979.0,421.0],[985.0,421.0],[985.0,422.0],[987.0,422.0],[987.0,423.0],[989.0,423.0],[989.0,424.0],[991.0,424.0],[991.0,425.0],[992.0,425.0],[992.0,424.0],[996.0,424.0],[996.0,425.0],[997.0,425.0],[997.0,426.0],[998.0,426.0],[999.0,428.0],[1001.0,428.0],[1002.0,430.0],[1009.0,430.0],[1009.0,431.0],[1011.0,432.0],[1012.0,434.0],[1017.0,434.0],[1017.0,433.0],[1018.0,433.0],[1019.0,431.0],[1020.0,431.0],[1020.0,430.0],[1025.0,430.0],[1025.0,431.0],[1026.0,431.0],[1026.0,433.0],[1027.0,433.0],[1028.0,435.0],[1031.0,435.0],[1031.0,437.0],[1032.0,437.0],[1033.0,439.0],[1035.0,439.0],[1035.0,440.0],[1036.0,440.0],[1036.0,445.0],[1037.0,445.0],[1037.0,446.0],[1039.0,446.0],[1039.0,449.0],[1038.0,449.0],[1037.0,451.0],[1041.0,451.0],[1041.0,452.0],[1043.0,452.0],[1043.0,455.0],[1044.0,455.0],[1044.0,457.0],[1045.0,457.0],[1044.0,465.0],[1045.0,465.0],[1045.0,467.0],[1047.0,467.0],[1047.0,468.0],[1050.0,468.0],[1050.0,469.0],[1051.0,469.0],[1051.0,472.0],[1049.0,473.0],[1049.0,474.0],[1047.0,474.0],[1047.0,475.0],[1038.0,475.0],[1038.0,474.0],[1031.0,474.0],[1031.0,473.0],[1028.0,473.0],[1027.0,475.0],[1029.0,476.0],[1029.0,477.0],[1032.0,477.0],[1032.0,478.0],[1034.0,478.0],[1035.0,480.0],[1036.0,480.0],[1036.0,483.0],[1033.0,483.0],[1033.0,485.0],[1032.0,485.0],[1032.0,486.0],[1030.0,486.0],[1030.0,487.0],[1027.0,487.0],[1027.0,488.0],[1025.0,488.0],[1025.0,489.0],[1024.0,489.0],[1024.0,490.0],[1021.0,490.0],[1021.0,491.0],[1016.0,491.0],[1016.0,490.0],[1014.0,490.0],[1014.0,489.0],[1012.0,489.0],[1012.0,488.0],[1011.0,488.0],[1011.0,483.0],[1009.0,482.0],[1009.0,481.0],[1007.0,481.0],[1006.0,483.0],[1005.0,483.0],[1005.0,484.0],[1004.0,484.0],[1004.0,485.0],[1003.0,485.0],[1003.0,487.0],[1002.0,487.0],[1002.0,488.0],[996.0,488.0],[995.0,490.0],[994.0,490.0],[994.0,491.0],[993.0,491.0],[993.0,492.0],[990.0,492.0],[990.0,493.0],[984.0,493.0],[984.0,492.0],[979.0,492.0],[979.0,490.0],[978.0,490.0],[978.0,487.0],[977.0,487.0]],[[1037.0,453.0],[1037.0,451.0],[1033.0,451.0],[1032.0,453.0],[1031.0,453.0],[1031.0,454.0],[1030.0,454.0],[1030.0,455.0],[1036.0,454.0],[1036.0,453.0],[1037.0,453.0]]]]}},{"type":"Feature","id":"country-003","properties":{"id":"country-003","name":"Unassigned","type":"country","status":"mask-defined","source":"countries-mask-shared-topology","extractionConfidence":"authoritative-mask","rgb":[0,74,127],"color":"#004a7f","polygonCount":7,"holeCount":3,"styleIndex":2},"geometry":{"type":"MultiPolygon","coordinates":[[[[281.0,460.0],[280.0,460.0],[280.0,455.0],[286.0,456.0],[286.0,455.0],[287.0,455.0],[288.0,453.0],[292.0,453.0],[292.0,454.0],[294.0,454.0],[295.0,456.0],[300.0,456.0],[300.0,457.0],[301.0,457.0],[301.0,461.0],[290.0,461.0],[290.0,462.0],[289.0,462.0],[289.0,464.0],[286.0,464.0],[286.0,463.0],[284.0,463.0],[284.0,462.0],[281.0,462.0],[281.0,460.0]]],[[[276.0,467.0],[276.0,466.0],[275.0,466.0],[275.0,461.0],[279.0,461.0],[279.0,462.0],[281.0,463.0],[281.0,467.0],[276.0,467.0]]],[[[339.0,496.0],[339.0,490.0],[338.0,490.0],[338.0,487.0],[340.0,487.0],[340.0,486.0],[341.0,486.0],[341.0,484.0],[345.0,484.0],[345.0,487.0],[344.0,487.0],[344.0,489.0],[343.0,489.0],[343.0,492.0],[344.0,492.0],[344.0,496.0],[339.0,496.0]]],[[[249.0,479.0],[254.0,479.0],[254.0,480.0],[255.0,480.0],[255.0,476.0],[256.0,476.0],[256.0,475.0],[257.0,475.0],[257.0,474.0],[258.0,474.0],[258.0,473.0],[260.0,472.0],[260.0,470.0],[259.0,470.0],[259.0,469.0],[257.0,468.0],[257.0,463.0],[258.0,463.0],[259.0,461.0],[270.0,462.0],[270.0,463.0],[271.0,463.0],[271.0,464.0],[273.0,465.0],[273.0,468.0],[279.0,468.0],[279.0,469.0],[280.0,469.0],[280.0,473.0],[278.0,474.0],[279.0,476.0],[281.0,475.0],[281.0,472.0],[282.0,472.0],[282.0,471.0],[285.0,471.0],[285.0,469.0],[286.0,469.0],[286.0,468.0],[293.0,468.0],[293.0,469.0],[295.0,470.0],[295.0,473.0],[296.0,473.0],[296.0,472.0],[298.0,472.0],[298.0,471.0],[299.0,471.0],[299.0,470.0],[300.0,470.0],[301.0,468.0],[305.0,468.0],[306.0,466.0],[311.0,466.0],[311.0,467.0],[312.0,467.0],[312.0,470.0],[315.0,470.0],[315.0,471.0],[320.0,471.0],[320.0,472.0],[328.0,472.0],[328.0,473.0],[329.0,473.0],[329.0,475.0],[331.0,476.0],[332.0,484.0],[333.0,484.0],[333.0,485.0],[335.0,486.0],[335.0,492.0],[333.0,493.0],[333.0,495.0],[335.0,495.0],[335.0,496.0],[336.0,496.0],[336.0,500.0],[337.0,500.0],[337.0,503.0],[338.0,503.0],[338.0,504.0],[338.0,505.0],[339.0,505.0],[339.0,508.0],[338.0,508.0],[338.0,510.0],[336.0,511.0],[336.0,513.0],[334.0,514.0],[334.0,516.0],[333.0,516.0],[333.0,517.0],[332.0,517.0],[332.0,518.0],[330.0,519.0],[330.0,522.0],[328.0,523.0],[328.0,525.0],[327.0,525.0],[327.0,526.0],[326.0,526.0],[326.0,528.0],[324.0,529.0],[324.0,534.0],[323.0,534.0],[323.0,536.0],[324.0,536.0],[324.0,542.0],[325.0,542.0],[325.0,547.0],[326.0,547.0],[326.0,553.0],[327.0,553.0],[327.0,556.0],[328.0,556.0],[328.0,557.0],[327.0,557.0],[327.0,562.0],[326.0,562.0],[326.0,563.0],[323.0,563.0],[323.0,564.0],[321.0,564.0],[321.0,565.0],[316.0,565.0],[316.0,564.0],[315.0,564.0],[315.0,562.0],[313.0,561.0],[313.0,560.0],[309.0,560.0],[309.0,559.0],[307.0,559.0],[307.0,558.0],[303.0,558.0],[303.0,557.0],[302.0,557.0],[302.0,555.0],[300.0,554.0],[300.0,553.0],[299.0,553.0],[299.0,552.0],[298.0,552.0],[298.0,551.0],[297.0,551.0],[297.0,550.0],[296.0,550.0],[296.0,548.0],[295.0,548.0],[295.0,545.0],[294.0,545.0],[294.0,542.0],[296.0,541.0],[296.0,534.0],[292.0,534.0],[292.0,533.0],[289.0,533.0],[288.0,535.0],[287.0,535.0],[287.0,536.0],[279.0,536.0],[278.0,534.0],[277.0,534.0],[277.0,532.0],[275.0,531.0],[275.0,525.0],[274.0,525.0],[274.0,522.0],[275.0,522.0],[275.0,517.0],[274.0,517.0],[274.0,514.0],[271.0,514.0],[270.0,512.0],[263.0,512.0],[263.0,507.0],[260.0,507.0],[259.0,509.0],[258.0,509.0],[258.0,510.0],[257.0,510.0],[257.0,511.0],[256.0,511.0],[256.0,512.0],[253.0,512.0],[253.0,513.0],[248.0,513.0],[247.0,511.0],[241.0,510.0],[241.0,509.0],[239.0,509.0],[239.0,508.0],[237.0,508.0],[237.0,507.0],[236.0,507.0],[236.0,504.0],[237.0,504.0],[237.0,502.0],[235.0,501.0],[235.0,500.0],[232.0,500.0],[232.0,499.0],[231.0,499.0],[231.0,491.0],[233.0,490.0],[233.0,489.0],[234.0,489.0],[234.0,488.0],[235.0,488.0],[235.0,487.0],[239.0,487.0],[239.0,486.0],[241.0,486.0],[241.0,485.0],[242.0,485.0],[242.0,479.0],[243.0,479.0],[243.0,478.0],[249.0,478.0],[249.0,479.0]],[[295.0,478.0],[295.0,473.0],[287.0,473.0],[287.0,475.0],[291.0,475.0],[291.0,476.0],[292.0,476.0],[292.0,478.0],[295.0,478.0]],[[256.0,480.0],[255.0,480.0],[255.0,481.0],[256.0,481.0],[256.0,480.0]],[[263.0,486.0],[265.0,485.0],[265.0,484.0],[260.0,484.0],[260.0,485.0],[263.0,485.0],[263.0,486.0]]],[[[259.0,522.0],[259.0,521.0],[258.0,521.0],[258.0,517.0],[260.0,517.0],[260.0,516.0],[268.0,516.0],[268.0,517.0],[269.0,517.0],[269.0,521.0],[267.0,521.0],[267.0,522.0],[259.0,522.0]]],[[[239.0,536.0],[238.0,534.0],[234.0,533.0],[234.0,525.0],[238.0,525.0],[238.0,526.0],[242.0,526.0],[242.0,525.0],[249.0,525.0],[249.0,526.0],[250.0,526.0],[250.0,525.0],[253.0,525.0],[253.0,529.0],[252.0,529.0],[252.0,537.0],[254.0,537.0],[254.0,538.0],[256.0,538.0],[256.0,539.0],[260.0,539.0],[260.0,540.0],[262.0,541.0],[262.0,545.0],[256.0,545.0],[256.0,544.0],[254.0,544.0],[254.0,543.0],[251.0,543.0],[251.0,544.0],[250.0,544.0],[250.0,545.0],[248.0,545.0],[248.0,546.0],[242.0,546.0],[242.0,545.0],[241.0,545.0],[241.0,544.0],[240.0,544.0],[239.0,542.0],[237.0,542.0],[237.0,539.0],[239.0,539.0],[239.0,537.0],[240.0,537.0],[240.0,536.0],[239.0,536.0]]],[[[280.0,549.0],[280.0,548.0],[278.0,547.0],[278.0,542.0],[281.0,542.0],[281.0,543.0],[285.0,544.0],[285.0,545.0],[286.0,545.0],[286.0,546.0],[288.0,547.0],[288.0,550.0],[287.0,550.0],[287.0,551.0],[283.0,551.0],[283.0,550.0],[281.0,550.0],[281.0,549.0],[280.0,549.0]]]]}},{"type":"Feature","id":"country-004","properties":{"id":"country-004","name":"Unassigned","type":"country","status":"mask-defined","source":"countries-mask-shared-topology","extractionConfidence":"authoritative-mask","rgb":[0,127,14],"color":"#007f0e","polygonCount":3,"holeCount":1,"styleIndex":3},"geometry":{"type":"MultiPolygon","coordinates":[[[[329.0,631.0],[329.0,628.0],[331.0,628.0],[331.0,627.0],[336.0,627.0],[336.0,625.0],[337.0,625.0],[337.0,624.0],[341.0,624.0],[342.0,622.0],[340.0,621.0],[340.0,618.0],[343.0,618.0],[343.0,617.0],[345.0,617.0],[345.0,615.0],[349.0,615.0],[349.0,616.0],[350.0,616.0],[350.0,617.0],[351.0,617.0],[352.0,619.0],[359.0,619.0],[359.0,620.0],[361.0,621.0],[361.0,624.0],[363.0,624.0],[363.0,628.0],[361.0,628.0],[361.0,629.0],[351.0,628.0],[351.0,629.0],[347.0,630.0],[346.0,632.0],[342.0,632.0],[342.0,631.0],[341.0,631.0],[341.0,632.0],[332.0,632.0],[332.0,631.0],[329.0,631.0]]],[[[388.0,624.0],[387.0,624.0],[387.0,621.0],[391.0,621.0],[391.0,620.0],[393.0,619.0],[393.0,617.0],[406.0,617.0],[406.0,616.0],[407.0,616.0],[407.0,615.0],[408.0,615.0],[408.0,614.0],[409.0,614.0],[409.0,613.0],[410.0,613.0],[411.0,611.0],[414.0,611.0],[414.0,610.0],[420.0,610.0],[420.0,609.0],[439.0,609.0],[439.0,610.0],[441.0,610.0],[441.0,611.0],[444.0,611.0],[444.0,612.0],[445.0,612.0],[446.0,614.0],[451.0,614.0],[451.0,613.0],[453.0,613.0],[453.0,612.0],[463.0,612.0],[463.0,611.0],[464.0,611.0],[464.0,612.0],[465.0,612.0],[465.0,613.0],[467.0,614.0],[467.0,620.0],[466.0,620.0],[465.0,624.0],[463.0,625.0],[463.0,627.0],[462.0,627.0],[462.0,628.0],[461.0,628.0],[460.0,630.0],[458.0,630.0],[457.0,632.0],[455.0,632.0],[455.0,634.0],[454.0,634.0],[454.0,635.0],[452.0,636.0],[452.0,639.0],[451.0,639.0],[451.0,646.0],[452.0,646.0],[452.0,647.0],[454.0,648.0],[454.0,663.0],[453.0,663.0],[453.0,665.0],[452.0,665.0],[452.0,666.0],[451.0,666.0],[451.0,667.0],[450.0,667.0],[449.0,669.0],[444.0,669.0],[443.0,671.0],[441.0,671.0],[441.0,672.0],[440.0,672.0],[440.0,673.0],[439.0,673.0],[439.0,674.0],[438.0,674.0],[438.0,675.0],[437.0,675.0],[436.0,677.0],[431.0,677.0],[431.0,678.0],[429.0,679.0],[429.0,681.0],[428.0,681.0],[428.0,683.0],[427.0,683.0],[427.0,686.0],[426.0,686.0],[425.0,690.0],[423.0,691.0],[423.0,693.0],[422.0,693.0],[422.0,694.0],[421.0,694.0],[421.0,695.0],[420.0,695.0],[420.0,696.0],[419.0,696.0],[419.0,697.0],[418.0,697.0],[417.0,699.0],[415.0,699.0],[415.0,700.0],[414.0,700.0],[414.0,702.0],[413.0,702.0],[413.0,713.0],[412.0,713.0],[412.0,716.0],[413.0,716.0],[413.0,718.0],[415.0,719.0],[415.0,721.0],[416.0,721.0],[416.0,722.0],[418.0,722.0],[418.0,723.0],[432.0,723.0],[432.0,724.0],[433.0,724.0],[434.0,726.0],[438.0,726.0],[438.0,727.0],[440.0,728.0],[440.0,732.0],[441.0,732.0],[441.0,733.0],[443.0,733.0],[443.0,735.0],[443.0,740.0],[444.0,740.0],[444.0,741.0],[446.0,741.0],[447.0,743.0],[448.0,743.0],[448.0,748.0],[447.0,748.0],[447.0,749.0],[443.0,749.0],[443.0,753.0],[442.0,753.0],[442.0,754.0],[439.0,754.0],[439.0,753.0],[432.0,753.0],[432.0,752.0],[424.0,752.0],[423.0,754.0],[422.0,754.0],[422.0,755.0],[416.0,755.0],[415.0,753.0],[414.0,753.0],[414.0,752.0],[413.0,752.0],[413.0,751.0],[412.0,751.0],[412.0,748.0],[410.0,747.0],[409.0,749.0],[408.0,749.0],[408.0,754.0],[407.0,754.0],[407.0,755.0],[404.0,755.0],[404.0,756.0],[399.0,756.0],[398.0,754.0],[394.0,754.0],[393.0,752.0],[392.0,752.0],[392.0,751.0],[391.0,751.0],[391.0,750.0],[390.0,750.0],[390.0,749.0],[386.0,749.0],[385.0,747.0],[384.0,747.0],[384.0,746.0],[383.0,746.0],[383.0,745.0],[382.0,745.0],[382.0,743.0],[381.0,743.0],[381.0,742.0],[375.0,741.0],[374.0,739.0],[373.0,739.0],[373.0,738.0],[372.0,738.0],[373.0,727.0],[375.0,726.0],[375.0,725.0],[372.0,725.0],[372.0,726.0],[371.0,726.0],[371.0,728.0],[370.0,728.0],[370.0,729.0],[371.0,729.0],[371.0,733.0],[369.0,734.0],[369.0,747.0],[368.0,747.0],[368.0,748.0],[365.0,748.0],[364.0,750.0],[360.0,750.0],[360.0,749.0],[359.0,749.0],[359.0,745.0],[353.0,745.0],[352.0,747.0],[348.0,747.0],[348.0,748.0],[342.0,748.0],[342.0,747.0],[340.0,747.0],[340.0,746.0],[338.0,746.0],[336.0,745.0],[336.0,744.0],[335.0,744.0],[335.0,743.0],[334.0,743.0],[334.0,742.0],[328.0,742.0],[328.0,743.0],[326.0,743.0],[326.0,744.0],[325.0,744.0],[325.0,743.0],[321.0,743.0],[321.0,742.0],[319.0,742.0],[318.0,740.0],[317.0,740.0],[317.0,739.0],[316.0,739.0],[316.0,738.0],[315.0,738.0],[315.0,737.0],[312.0,737.0],[311.0,735.0],[305.0,735.0],[304.0,737.0],[303.0,737.0],[303.0,738.0],[302.0,738.0],[302.0,739.0],[301.0,739.0],[301.0,742.0],[301.0,743.0],[299.0,743.0],[299.0,744.0],[298.0,744.0],[298.0,745.0],[293.0,745.0],[292.0,743.0],[291.0,743.0],[291.0,745.0],[290.0,745.0],[290.0,746.0],[287.0,746.0],[287.0,745.0],[277.0,745.0],[276.0,743.0],[275.0,743.0],[275.0,734.0],[277.0,733.0],[277.0,732.0],[278.0,732.0],[278.0,731.0],[280.0,731.0],[281.0,729.0],[282.0,729.0],[282.0,726.0],[284.0,725.0],[284.0,724.0],[285.0,724.0],[285.0,723.0],[292.0,723.0],[292.0,722.0],[289.0,722.0],[289.0,721.0],[288.0,721.0],[288.0,719.0],[287.0,719.0],[287.0,715.0],[288.0,715.0],[288.0,714.0],[291.0,714.0],[291.0,713.0],[298.0,713.0],[298.0,714.0],[300.0,714.0],[300.0,715.0],[308.0,715.0],[308.0,712.0],[310.0,711.0],[310.0,710.0],[308.0,709.0],[308.0,701.0],[310.0,700.0],[310.0,699.0],[314.0,699.0],[315.0,701.0],[316.0,701.0],[316.0,696.0],[318.0,695.0],[318.0,694.0],[321.0,694.0],[321.0,695.0],[326.0,695.0],[326.0,694.0],[324.0,694.0],[324.0,693.0],[323.0,693.0],[323.0,685.0],[322.0,685.0],[322.0,682.0],[323.0,682.0],[323.0,681.0],[325.0,681.0],[325.0,680.0],[328.0,680.0],[328.0,679.0],[329.0,679.0],[329.0,676.0],[327.0,675.0],[327.0,668.0],[326.0,668.0],[326.0,664.0],[327.0,664.0],[327.0,661.0],[328.0,661.0],[328.0,659.0],[329.0,659.0],[329.0,658.0],[337.0,658.0],[337.0,657.0],[339.0,657.0],[339.0,656.0],[343.0,656.0],[343.0,654.0],[345.0,653.0],[345.0,652.0],[348.0,652.0],[349.0,654.0],[350.0,654.0],[350.0,655.0],[352.0,655.0],[352.0,654.0],[353.0,654.0],[353.0,649.0],[355.0,648.0],[355.0,647.0],[357.0,647.0],[357.0,646.0],[358.0,646.0],[359.0,642.0],[360.0,642.0],[360.0,640.0],[362.0,639.0],[362.0,638.0],[363.0,638.0],[363.0,637.0],[364.0,637.0],[364.0,636.0],[369.0,636.0],[369.0,637.0],[370.0,637.0],[370.0,639.0],[371.0,639.0],[372.0,637.0],[373.0,637.0],[373.0,636.0],[374.0,636.0],[374.0,633.0],[375.0,633.0],[375.0,632.0],[378.0,632.0],[378.0,631.0],[380.0,631.0],[380.0,630.0],[383.0,630.0],[383.0,629.0],[387.0,629.0],[388.0,627.0],[391.0,627.0],[390.0,625.0],[388.0,625.0],[388.0,624.0]],[[375.0,724.0],[375.0,725.0],[378.0,725.0],[378.0,723.0],[377.0,723.0],[377.0,724.0],[375.0,724.0]]],[[[362.0,756.0],[361.0,756.0],[361.0,752.0],[369.0,752.0],[369.0,751.0],[371.0,751.0],[371.0,750.0],[379.0,750.0],[379.0,756.0],[378.0,756.0],[378.0,757.0],[373.0,757.0],[373.0,756.0],[372.0,756.0],[372.0,757.0],[371.0,757.0],[370.0,759.0],[365.0,759.0],[365.0,758.0],[362.0,758.0],[362.0,756.0]]]]}},{"type":"Feature","id":"country-005","properties":{"id":"country-005","name":"Unassigned","type":"country","status":"mask-defined","source":"countries-mask-shared-topology","extractionConfidence":"authoritative-mask","rgb":[0,127,70],"color":"#007f46","polygonCount":2,"holeCount":0,"styleIndex":4},"geometry":{"type":"MultiPolygon","coordinates":[[[[303.0,742.0],[301.0,742.0],[301.0,739.0],[302.0,739.0],[302.0,738.0],[303.0,738.0],[303.0,737.0],[304.0,737.0],[305.0,735.0],[311.0,735.0],[312.0,737.0],[315.0,737.0],[315.0,738.0],[316.0,738.0],[316.0,739.0],[317.0,739.0],[317.0,740.0],[318.0,740.0],[319.0,742.0],[321.0,742.0],[321.0,743.0],[325.0,743.0],[325.0,744.0],[326.0,744.0],[326.0,743.0],[328.0,743.0],[328.0,742.0],[334.0,742.0],[334.0,743.0],[335.0,743.0],[335.0,744.0],[336.0,744.0],[336.0,745.0],[338.0,746.0],[338.0,747.0],[340.0,747.0],[341.0,749.0],[342.0,749.0],[342.0,750.0],[343.0,750.0],[343.0,751.0],[346.0,751.0],[346.0,750.0],[353.0,750.0],[353.0,755.0],[352.0,755.0],[352.0,758.0],[351.0,758.0],[351.0,762.0],[348.0,762.0],[347.0,764.0],[346.0,764.0],[346.0,766.0],[345.0,766.0],[345.0,767.0],[337.0,767.0],[337.0,768.0],[324.0,769.0],[323.0,767.0],[320.0,767.0],[320.0,766.0],[314.0,766.0],[314.0,767.0],[312.0,767.0],[312.0,768.0],[304.0,768.0],[303.0,766.0],[301.0,766.0],[301.0,765.0],[296.0,765.0],[296.0,758.0],[298.0,758.0],[299.0,756.0],[300.0,756.0],[300.0,753.0],[304.0,752.0],[304.0,751.0],[305.0,751.0],[305.0,749.0],[307.0,748.0],[307.0,747.0],[308.0,747.0],[308.0,745.0],[307.0,745.0],[307.0,744.0],[304.0,744.0],[303.0,742.0]]],[[[309.0,776.0],[309.0,772.0],[310.0,772.0],[311.0,770.0],[316.0,770.0],[317.0,772.0],[320.0,772.0],[320.0,773.0],[321.0,773.0],[321.0,776.0],[320.0,776.0],[319.0,778.0],[311.0,777.0],[311.0,776.0],[309.0,776.0]]]]}},{"type":"Feature","id":"country-006","properties":{"id":"country-006","name":"Unassigned","type":"country","status":"mask-defined","source":"countries-mask-shared-topology","extractionConfidence":"authoritative-mask","rgb":[0,127,127],"color":"#007f7f","polygonCount":8,"holeCount":2,"styleIndex":5},"geometry":{"type":"MultiPolygon","coordinates":[[[[433.0,471.0],[433.0,472.0],[425.0,472.0],[425.0,467.0],[426.0,467.0],[426.0,466.0],[428.0,466.0],[428.0,464.0],[432.0,464.0],[432.0,463.0],[436.0,463.0],[436.0,462.0],[441.0,462.0],[441.0,466.0],[439.0,466.0],[438.0,468.0],[436.0,468.0],[436.0,469.0],[435.0,469.0],[435.0,471.0],[433.0,471.0]]],[[[369.0,491.0],[369.0,490.0],[367.0,489.0],[367.0,486.0],[368.0,486.0],[369.0,484.0],[374.0,484.0],[374.0,485.0],[378.0,486.0],[378.0,489.0],[377.0,489.0],[377.0,491.0],[369.0,491.0]]],[[[471.0,497.0],[471.0,495.0],[470.0,495.0],[470.0,492.0],[471.0,492.0],[471.0,491.0],[473.0,491.0],[473.0,489.0],[475.0,488.0],[475.0,486.0],[476.0,486.0],[477.0,484.0],[479.0,484.0],[479.0,483.0],[481.0,483.0],[481.0,482.0],[487.0,482.0],[487.0,485.0],[486.0,485.0],[486.0,486.0],[484.0,486.0],[484.0,488.0],[482.0,488.0],[482.0,489.0],[481.0,489.0],[481.0,490.0],[479.0,491.0],[479.0,495.0],[478.0,495.0],[477.0,497.0],[475.0,497.0],[475.0,498.0],[472.0,498.0],[472.0,497.0],[471.0,497.0]]],[[[415.0,500.0],[415.0,499.0],[412.0,499.0],[412.0,495.0],[413.0,495.0],[413.0,494.0],[416.0,494.0],[416.0,493.0],[418.0,493.0],[418.0,492.0],[422.0,492.0],[422.0,493.0],[424.0,493.0],[424.0,499.0],[422.0,499.0],[422.0,500.0],[415.0,500.0]]],[[[327.0,570.0],[327.0,568.0],[326.0,568.0],[326.0,563.0],[326.0,562.0],[327.0,562.0],[327.0,557.0],[328.0,557.0],[328.0,556.0],[327.0,556.0],[327.0,553.0],[326.0,553.0],[326.0,547.0],[325.0,547.0],[325.0,542.0],[324.0,542.0],[324.0,536.0],[323.0,536.0],[323.0,534.0],[324.0,534.0],[324.0,529.0],[326.0,528.0],[326.0,526.0],[327.0,526.0],[327.0,525.0],[328.0,525.0],[328.0,523.0],[330.0,522.0],[330.0,519.0],[332.0,518.0],[332.0,517.0],[333.0,517.0],[333.0,516.0],[334.0,516.0],[334.0,514.0],[336.0,513.0],[336.0,511.0],[338.0,510.0],[338.0,508.0],[339.0,508.0],[339.0,505.0],[338.0,505.0],[338.0,504.0],[341.0,504.0],[341.0,509.0],[344.0,509.0],[344.0,508.0],[345.0,508.0],[345.0,505.0],[349.0,503.0],[349.0,501.0],[348.0,501.0],[348.0,500.0],[346.0,499.0],[346.0,494.0],[347.0,494.0],[347.0,493.0],[350.0,493.0],[350.0,494.0],[352.0,494.0],[353.0,492.0],[356.0,492.0],[356.0,493.0],[357.0,493.0],[358.0,495.0],[361.0,495.0],[361.0,496.0],[363.0,496.0],[363.0,495.0],[365.0,495.0],[365.0,494.0],[368.0,494.0],[368.0,495.0],[370.0,495.0],[371.0,497.0],[373.0,497.0],[373.0,498.0],[374.0,498.0],[374.0,499.0],[375.0,499.0],[375.0,500.0],[377.0,501.0],[377.0,504.0],[378.0,504.0],[378.0,505.0],[380.0,505.0],[380.0,503.0],[381.0,503.0],[382.0,501.0],[381.0,501.0],[381.0,500.0],[380.0,500.0],[380.0,499.0],[378.0,498.0],[378.0,494.0],[379.0,494.0],[379.0,493.0],[382.0,493.0],[382.0,492.0],[389.0,492.0],[390.0,494.0],[392.0,494.0],[392.0,492.0],[393.0,492.0],[393.0,491.0],[395.0,491.0],[396.0,489.0],[401.0,489.0],[401.0,490.0],[402.0,490.0],[403.0,492.0],[405.0,492.0],[405.0,493.0],[407.0,494.0],[407.0,497.0],[406.0,497.0],[406.0,498.0],[407.0,498.0],[407.0,500.0],[408.0,500.0],[408.0,501.0],[409.0,501.0],[409.0,502.0],[410.0,502.0],[411.0,504.0],[415.0,504.0],[416.0,506.0],[421.0,506.0],[421.0,504.0],[422.0,504.0],[422.0,503.0],[426.0,503.0],[426.0,504.0],[427.0,504.0],[427.0,506.0],[430.0,506.0],[430.0,504.0],[431.0,504.0],[431.0,503.0],[429.0,502.0],[429.0,498.0],[430.0,498.0],[430.0,497.0],[432.0,497.0],[433.0,495.0],[436.0,495.0],[436.0,496.0],[437.0,496.0],[437.0,497.0],[438.0,497.0],[438.0,498.0],[440.0,499.0],[440.0,502.0],[441.0,502.0],[441.0,503.0],[444.0,503.0],[444.0,504.0],[445.0,504.0],[445.0,509.0],[446.0,509.0],[446.0,508.0],[450.0,508.0],[451.0,506.0],[454.0,506.0],[454.0,507.0],[455.0,507.0],[456.0,509.0],[462.0,508.0],[463.0,510.0],[466.0,510.0],[466.0,511.0],[467.0,511.0],[467.0,515.0],[468.0,515.0],[468.0,514.0],[470.0,513.0],[470.0,511.0],[471.0,511.0],[471.0,510.0],[476.0,510.0],[476.0,509.0],[479.0,509.0],[479.0,507.0],[481.0,506.0],[481.0,504.0],[482.0,504.0],[482.0,503.0],[485.0,503.0],[485.0,505.0],[486.0,505.0],[486.0,508.0],[487.0,508.0],[487.0,512.0],[488.0,512.0],[487.0,520.0],[486.0,520.0],[486.0,522.0],[484.0,523.0],[484.0,526.0],[483.0,526.0],[483.0,527.0],[482.0,527.0],[481.0,529.0],[479.0,529.0],[478.0,533.0],[476.0,534.0],[476.0,536.0],[475.0,536.0],[475.0,538.0],[474.0,538.0],[474.0,540.0],[473.0,540.0],[473.0,546.0],[474.0,546.0],[474.0,549.0],[476.0,549.0],[476.0,550.0],[479.0,550.0],[479.0,551.0],[482.0,551.0],[482.0,552.0],[483.0,552.0],[483.0,553.0],[484.0,553.0],[484.0,554.0],[485.0,554.0],[485.0,555.0],[486.0,555.0],[486.0,556.0],[487.0,556.0],[487.0,557.0],[488.0,557.0],[489.0,559.0],[491.0,559.0],[491.0,560.0],[493.0,560.0],[493.0,561.0],[497.0,561.0],[497.0,562.0],[498.0,562.0],[498.0,563.0],[499.0,563.0],[500.0,565.0],[502.0,565.0],[502.0,566.0],[504.0,567.0],[504.0,571.0],[505.0,571.0],[505.0,573.0],[506.0,573.0],[506.0,574.0],[509.0,574.0],[509.0,575.0],[512.0,575.0],[512.0,576.0],[514.0,576.0],[514.0,577.0],[512.0,578.0],[512.0,580.0],[511.0,580.0],[511.0,581.0],[512.0,581.0],[512.0,583.0],[511.0,583.0],[511.0,584.0],[509.0,585.0],[509.0,588.0],[510.0,588.0],[510.0,589.0],[511.0,589.0],[511.0,591.0],[512.0,591.0],[512.0,593.0],[511.0,593.0],[511.0,594.0],[509.0,595.0],[509.0,599.0],[507.0,600.0],[507.0,601.0],[506.0,601.0],[506.0,600.0],[504.0,600.0],[503.0,602.0],[502.0,602.0],[502.0,603.0],[501.0,603.0],[501.0,602.0],[500.0,602.0],[500.0,600.0],[497.0,600.0],[497.0,599.0],[496.0,599.0],[496.0,597.0],[494.0,597.0],[494.0,596.0],[489.0,596.0],[489.0,595.0],[488.0,595.0],[488.0,593.0],[482.0,593.0],[482.0,592.0],[472.0,592.0],[472.0,593.0],[473.0,593.0],[473.0,597.0],[471.0,598.0],[471.0,600.0],[470.0,600.0],[470.0,601.0],[469.0,601.0],[468.0,605.0],[466.0,606.0],[466.0,609.0],[464.0,610.0],[464.0,611.0],[463.0,611.0],[463.0,612.0],[453.0,612.0],[453.0,613.0],[451.0,613.0],[451.0,614.0],[446.0,614.0],[445.0,612.0],[444.0,612.0],[444.0,611.0],[441.0,611.0],[441.0,610.0],[439.0,610.0],[439.0,609.0],[420.0,609.0],[420.0,610.0],[414.0,610.0],[414.0,611.0],[411.0,611.0],[410.0,613.0],[409.0,613.0],[409.0,614.0],[408.0,614.0],[408.0,615.0],[407.0,615.0],[407.0,616.0],[406.0,616.0],[406.0,617.0],[393.0,617.0],[393.0,619.0],[391.0,620.0],[391.0,621.0],[387.0,621.0],[381.0,621.0],[381.0,624.0],[379.0,624.0],[379.0,625.0],[375.0,625.0],[374.0,623.0],[373.0,623.0],[373.0,619.0],[377.0,619.0],[376.0,617.0],[372.0,617.0],[372.0,618.0],[367.0,618.0],[366.0,616.0],[365.0,616.0],[365.0,615.0],[364.0,615.0],[364.0,613.0],[363.0,613.0],[363.0,614.0],[359.0,614.0],[359.0,613.0],[355.0,613.0],[355.0,612.0],[353.0,612.0],[353.0,611.0],[351.0,611.0],[351.0,610.0],[350.0,610.0],[350.0,606.0],[348.0,606.0],[347.0,604.0],[346.0,604.0],[346.0,603.0],[345.0,603.0],[345.0,602.0],[344.0,602.0],[344.0,595.0],[346.0,594.0],[346.0,593.0],[347.0,593.0],[347.0,592.0],[343.0,592.0],[343.0,591.0],[342.0,591.0],[342.0,587.0],[344.0,587.0],[344.0,586.0],[340.0,586.0],[339.0,584.0],[338.0,584.0],[338.0,583.0],[336.0,583.0],[336.0,584.0],[333.0,584.0],[333.0,583.0],[330.0,583.0],[330.0,582.0],[328.0,582.0],[327.0,580.0],[326.0,580.0],[326.0,577.0],[328.0,576.0],[328.0,570.0],[327.0,570.0]],[[358.0,581.0],[358.0,583.0],[357.0,583.0],[356.0,585.0],[359.0,585.0],[359.0,582.0],[360.0,582.0],[360.0,581.0],[358.0,581.0]],[[356.0,586.0],[356.0,585.0],[354.0,585.0],[353.0,587.0],[350.0,587.0],[349.0,585.0],[348.0,585.0],[347.0,587.0],[349.0,588.0],[349.0,591.0],[348.0,591.0],[348.0,592.0],[350.0,592.0],[350.0,593.0],[351.0,593.0],[352.0,589.0],[353.0,589.0],[353.0,588.0],[355.0,588.0],[355.0,586.0],[356.0,586.0]]],[[[301.0,568.0],[301.0,566.0],[299.0,565.0],[299.0,562.0],[304.0,562.0],[304.0,563.0],[306.0,563.0],[306.0,564.0],[307.0,564.0],[308.0,566.0],[310.0,566.0],[310.0,567.0],[311.0,567.0],[311.0,571.0],[308.0,571.0],[308.0,572.0],[300.0,572.0],[300.0,568.0],[301.0,568.0]]],[[[321.0,588.0],[321.0,586.0],[320.0,586.0],[320.0,580.0],[323.0,580.0],[323.0,581.0],[324.0,581.0],[324.0,582.0],[325.0,582.0],[325.0,583.0],[327.0,584.0],[327.0,589.0],[323.0,589.0],[323.0,588.0],[321.0,588.0]]],[[[333.0,593.0],[333.0,592.0],[332.0,592.0],[332.0,589.0],[333.0,589.0],[333.0,588.0],[339.0,589.0],[339.0,596.0],[332.0,596.0],[332.0,593.0],[333.0,593.0]]]]}},{"type":"Feature","id":"country-007","properties":{"id":"country-007","name":"Unassigned","type":"country","status":"mask-defined","source":"countries-mask-shared-topology","extractionConfidence":"authoritative-mask","rgb":[0,148,255],"color":"#0094ff","polygonCount":1,"holeCount":0,"styleIndex":0},"geometry":{"type":"Polygon","coordinates":[[[848.0,487.0],[848.0,483.0],[846.0,482.0],[846.0,480.0],[847.0,480.0],[847.0,479.0],[855.0,479.0],[856.0,477.0],[857.0,477.0],[857.0,476.0],[858.0,476.0],[858.0,472.0],[859.0,472.0],[859.0,471.0],[859.0,470.0],[860.0,470.0],[861.0,468.0],[865.0,467.0],[865.0,466.0],[866.0,466.0],[866.0,465.0],[867.0,465.0],[867.0,464.0],[868.0,464.0],[869.0,462.0],[871.0,462.0],[871.0,461.0],[872.0,461.0],[873.0,459.0],[876.0,459.0],[877.0,457.0],[879.0,457.0],[879.0,458.0],[880.0,458.0],[880.0,457.0],[887.0,457.0],[887.0,456.0],[890.0,456.0],[890.0,455.0],[892.0,455.0],[893.0,453.0],[897.0,452.0],[897.0,451.0],[898.0,451.0],[898.0,450.0],[899.0,450.0],[900.0,448.0],[903.0,448.0],[903.0,447.0],[905.0,447.0],[905.0,446.0],[906.0,446.0],[907.0,448.0],[911.0,448.0],[911.0,447.0],[914.0,447.0],[914.0,446.0],[920.0,446.0],[920.0,445.0],[925.0,445.0],[925.0,444.0],[928.0,444.0],[928.0,445.0],[929.0,445.0],[929.0,444.0],[932.0,444.0],[932.0,445.0],[934.0,446.0],[934.0,449.0],[936.0,450.0],[936.0,449.0],[937.0,449.0],[937.0,448.0],[938.0,448.0],[938.0,447.0],[939.0,447.0],[939.0,446.0],[940.0,446.0],[940.0,445.0],[941.0,445.0],[941.0,444.0],[942.0,444.0],[943.0,442.0],[953.0,442.0],[955.0,446.0],[961.0,446.0],[962.0,448.0],[965.0,448.0],[965.0,449.0],[971.0,449.0],[971.0,448.0],[972.0,448.0],[972.0,449.0],[973.0,449.0],[973.0,450.0],[974.0,450.0],[974.0,451.0],[975.0,451.0],[975.0,452.0],[976.0,452.0],[976.0,453.0],[977.0,453.0],[977.0,454.0],[978.0,454.0],[978.0,455.0],[979.0,455.0],[979.0,456.0],[980.0,456.0],[980.0,457.0],[982.0,458.0],[982.0,460.0],[983.0,460.0],[983.0,461.0],[982.0,461.0],[982.0,463.0],[983.0,463.0],[983.0,466.0],[982.0,466.0],[982.0,468.0],[981.0,468.0],[981.0,469.0],[979.0,469.0],[979.0,470.0],[977.0,471.0],[977.0,473.0],[976.0,473.0],[976.0,474.0],[975.0,474.0],[975.0,475.0],[974.0,475.0],[974.0,476.0],[972.0,477.0],[972.0,484.0],[970.0,485.0],[970.0,486.0],[971.0,486.0],[971.0,487.0],[974.0,487.0],[975.0,489.0],[976.0,489.0],[976.0,490.0],[977.0,490.0],[977.0,492.0],[979.0,493.0],[979.0,494.0],[980.0,494.0],[980.0,495.0],[981.0,495.0],[981.0,496.0],[987.0,495.0],[987.0,496.0],[989.0,496.0],[989.0,497.0],[990.0,497.0],[990.0,499.0],[991.0,499.0],[991.0,500.0],[994.0,500.0],[995.0,502.0],[996.0,502.0],[996.0,506.0],[995.0,506.0],[995.0,508.0],[994.0,508.0],[994.0,509.0],[996.0,510.0],[996.0,511.0],[1002.0,511.0],[1002.0,512.0],[1003.0,512.0],[1003.0,514.0],[1004.0,514.0],[1004.0,517.0],[1003.0,517.0],[1003.0,518.0],[996.0,518.0],[996.0,519.0],[989.0,519.0],[989.0,520.0],[986.0,520.0],[985.0,518.0],[983.0,518.0],[983.0,519.0],[978.0,519.0],[978.0,518.0],[977.0,518.0],[977.0,523.0],[976.0,523.0],[976.0,526.0],[974.0,526.0],[974.0,527.0],[970.0,527.0],[969.0,529.0],[968.0,529.0],[968.0,530.0],[964.0,531.0],[964.0,532.0],[963.0,532.0],[963.0,533.0],[964.0,533.0],[964.0,537.0],[963.0,537.0],[963.0,539.0],[961.0,540.0],[961.0,541.0],[960.0,541.0],[960.0,542.0],[958.0,542.0],[957.0,544.0],[956.0,544.0],[956.0,545.0],[955.0,545.0],[955.0,546.0],[954.0,546.0],[954.0,547.0],[952.0,547.0],[951.0,549.0],[950.0,549.0],[950.0,550.0],[947.0,550.0],[946.0,548.0],[945.0,548.0],[945.0,544.0],[946.0,544.0],[946.0,538.0],[944.0,539.0],[944.0,541.0],[942.0,542.0],[942.0,543.0],[941.0,543.0],[941.0,544.0],[940.0,544.0],[940.0,545.0],[935.0,545.0],[935.0,544.0],[934.0,544.0],[934.0,542.0],[929.0,542.0],[929.0,541.0],[927.0,541.0],[926.0,539.0],[925.0,539.0],[925.0,538.0],[921.0,538.0],[920.0,540.0],[918.0,540.0],[918.0,541.0],[910.0,542.0],[909.0,544.0],[907.0,544.0],[905.0,543.0],[905.0,542.0],[903.0,542.0],[902.0,540.0],[901.0,540.0],[901.0,539.0],[897.0,538.0],[896.0,536.0],[895.0,536.0],[895.0,534.0],[894.0,534.0],[894.0,533.0],[892.0,533.0],[891.0,531.0],[890.0,531.0],[890.0,530.0],[888.0,530.0],[888.0,529.0],[886.0,529.0],[885.0,531.0],[884.0,531.0],[884.0,532.0],[883.0,532.0],[883.0,533.0],[882.0,533.0],[882.0,534.0],[881.0,534.0],[881.0,535.0],[880.0,535.0],[880.0,536.0],[876.0,536.0],[876.0,537.0],[875.0,537.0],[875.0,536.0],[871.0,536.0],[871.0,537.0],[866.0,537.0],[866.0,538.0],[864.0,538.0],[863.0,536.0],[862.0,536.0],[862.0,535.0],[863.0,535.0],[863.0,533.0],[864.0,533.0],[864.0,528.0],[862.0,527.0],[862.0,526.0],[861.0,526.0],[861.0,525.0],[859.0,525.0],[859.0,524.0],[858.0,524.0],[858.0,522.0],[857.0,522.0],[857.0,521.0],[855.0,521.0],[855.0,520.0],[854.0,520.0],[854.0,516.0],[853.0,516.0],[853.0,511.0],[854.0,511.0],[854.0,509.0],[854.0,508.0],[856.0,507.0],[856.0,505.0],[856.0,504.0],[857.0,504.0],[857.0,503.0],[857.0,502.0],[858.0,502.0],[858.0,501.0],[859.0,501.0],[859.0,498.0],[860.0,498.0],[860.0,497.0],[859.0,497.0],[858.0,495.0],[856.0,495.0],[856.0,494.0],[855.0,494.0],[854.0,494.0],[854.0,493.0],[853.0,493.0],[853.0,491.0],[852.0,491.0],[852.0,490.0],[852.0,489.0],[851.0,489.0],[851.0,488.0],[850.0,488.0],[850.0,487.0],[848.0,487.0]]]}},{"type":"Feature","id":"country-008","properties":{"id":"country-008","name":"Unassigned","type":"country","status":"mask-defined","source":"countries-mask-shared-topology","extractionConfidence":"authoritative-mask","rgb":[0,255,33],"color":"#00ff21","polygonCount":50,"holeCount":14,"styleIndex":1},"geometry":{"type":"MultiPolygon","coordinates":[[[[563.0,361.0],[563.0,352.0],[555.0,352.0],[555.0,353.0],[550.0,353.0],[550.0,348.0],[551.0,348.0],[551.0,347.0],[553.0,347.0],[553.0,346.0],[554.0,346.0],[554.0,344.0],[558.0,344.0],[559.0,342.0],[564.0,342.0],[564.0,343.0],[566.0,343.0],[566.0,344.0],[567.0,344.0],[567.0,343.0],[574.0,343.0],[574.0,342.0],[582.0,342.0],[582.0,345.0],[581.0,345.0],[581.0,346.0],[577.0,346.0],[577.0,347.0],[576.0,347.0],[575.0,349.0],[572.0,349.0],[572.0,351.0],[571.0,351.0],[571.0,356.0],[570.0,356.0],[570.0,360.0],[567.0,360.0],[567.0,362.0],[564.0,362.0],[564.0,361.0],[563.0,361.0]]],[[[457.0,732.0],[455.0,732.0],[455.0,731.0],[454.0,731.0],[454.0,728.0],[455.0,728.0],[455.0,726.0],[455.0,725.0],[456.0,725.0],[456.0,724.0],[457.0,724.0],[457.0,723.0],[458.0,723.0],[458.0,722.0],[459.0,722.0],[460.0,720.0],[469.0,718.0],[469.0,716.0],[470.0,716.0],[470.0,713.0],[471.0,713.0],[473.0,713.0],[473.0,712.0],[475.0,712.0],[475.0,711.0],[476.0,711.0],[483.0,711.0],[483.0,714.0],[484.0,714.0],[484.0,716.0],[485.0,716.0],[485.0,717.0],[487.0,718.0],[488.0,722.0],[487.0,722.0],[487.0,732.0],[486.0,732.0],[486.0,734.0],[487.0,734.0],[487.0,735.0],[491.0,735.0],[491.0,736.0],[492.0,736.0],[492.0,739.0],[490.0,740.0],[490.0,741.0],[489.0,741.0],[489.0,742.0],[488.0,742.0],[488.0,743.0],[487.0,743.0],[487.0,744.0],[486.0,744.0],[486.0,745.0],[482.0,745.0],[480.0,741.0],[478.0,741.0],[478.0,743.0],[476.0,744.0],[476.0,745.0],[469.0,745.0],[469.0,744.0],[465.0,744.0],[464.0,742.0],[463.0,742.0],[463.0,741.0],[462.0,741.0],[462.0,740.0],[456.0,740.0],[456.0,737.0],[458.0,737.0],[458.0,734.0],[457.0,734.0],[457.0,732.0]]],[[[437.0,792.0],[439.0,793.0],[439.0,797.0],[429.0,797.0],[429.0,796.0],[428.0,796.0],[428.0,790.0],[435.0,790.0],[435.0,791.0],[437.0,791.0],[437.0,792.0]]],[[[452.0,806.0],[451.0,812.0],[443.0,812.0],[443.0,811.0],[442.0,811.0],[442.0,806.0],[446.0,805.0],[446.0,803.0],[447.0,803.0],[447.0,802.0],[448.0,802.0],[448.0,800.0],[449.0,800.0],[449.0,799.0],[448.0,799.0],[448.0,798.0],[446.0,797.0],[446.0,791.0],[455.0,791.0],[455.0,790.0],[460.0,790.0],[460.0,788.0],[456.0,786.0],[456.0,783.0],[457.0,783.0],[457.0,780.0],[458.0,780.0],[458.0,776.0],[462.0,776.0],[462.0,777.0],[464.0,777.0],[464.0,778.0],[465.0,778.0],[465.0,779.0],[466.0,779.0],[466.0,780.0],[467.0,780.0],[468.0,782.0],[472.0,782.0],[472.0,780.0],[474.0,780.0],[475.0,776.0],[476.0,776.0],[476.0,775.0],[479.0,775.0],[479.0,774.0],[483.0,774.0],[484.0,776.0],[485.0,776.0],[485.0,775.0],[489.0,775.0],[489.0,776.0],[495.0,776.0],[495.0,779.0],[494.0,779.0],[494.0,780.0],[491.0,780.0],[491.0,781.0],[490.0,781.0],[490.0,782.0],[488.0,783.0],[488.0,785.0],[487.0,785.0],[487.0,788.0],[486.0,788.0],[486.0,795.0],[487.0,795.0],[487.0,796.0],[488.0,796.0],[489.0,798.0],[492.0,798.0],[492.0,799.0],[494.0,799.0],[494.0,803.0],[493.0,803.0],[493.0,805.0],[492.0,805.0],[492.0,807.0],[491.0,807.0],[491.0,808.0],[484.0,808.0],[484.0,807.0],[482.0,807.0],[482.0,806.0],[479.0,806.0],[479.0,805.0],[475.0,805.0],[475.0,803.0],[470.0,803.0],[470.0,802.0],[469.0,802.0],[469.0,800.0],[466.0,800.0],[466.0,799.0],[464.0,799.0],[464.0,798.0],[463.0,798.0],[463.0,799.0],[461.0,799.0],[461.0,801.0],[463.0,802.0],[462.0,815.0],[455.0,815.0],[455.0,809.0],[456.0,809.0],[456.0,806.0],[455.0,806.0],[455.0,805.0],[453.0,805.0],[453.0,806.0],[452.0,806.0]]],[[[540.0,803.0],[539.0,803.0],[538.0,801.0],[536.0,801.0],[536.0,800.0],[535.0,800.0],[535.0,796.0],[536.0,796.0],[536.0,795.0],[544.0,795.0],[544.0,793.0],[545.0,793.0],[545.0,792.0],[550.0,792.0],[550.0,793.0],[552.0,793.0],[552.0,797.0],[550.0,798.0],[550.0,800.0],[549.0,800.0],[549.0,803.0],[548.0,803.0],[548.0,804.0],[545.0,804.0],[545.0,805.0],[540.0,805.0],[540.0,803.0]]],[[[442.0,819.0],[437.0,819.0],[437.0,818.0],[435.0,818.0],[435.0,817.0],[434.0,817.0],[434.0,812.0],[439.0,812.0],[439.0,813.0],[441.0,813.0],[441.0,814.0],[442.0,814.0],[442.0,819.0]]],[[[512.0,818.0],[512.0,822.0],[503.0,822.0],[503.0,821.0],[502.0,821.0],[502.0,816.0],[507.0,816.0],[507.0,817.0],[511.0,817.0],[511.0,818.0],[512.0,818.0]]],[[[593.0,825.0],[591.0,825.0],[591.0,826.0],[588.0,826.0],[588.0,825.0],[586.0,824.0],[586.0,821.0],[587.0,821.0],[587.0,820.0],[588.0,820.0],[588.0,818.0],[590.0,818.0],[591.0,816.0],[598.0,816.0],[599.0,818.0],[603.0,818.0],[603.0,823.0],[602.0,823.0],[602.0,824.0],[600.0,824.0],[600.0,825.0],[595.0,825.0],[595.0,824.0],[593.0,824.0],[593.0,825.0]]],[[[465.0,825.0],[464.0,825.0],[464.0,826.0],[460.0,826.0],[460.0,827.0],[452.0,827.0],[452.0,823.0],[453.0,823.0],[454.0,821.0],[464.0,821.0],[464.0,822.0],[465.0,822.0],[465.0,825.0]]],[[[455.0,845.0],[454.0,847.0],[450.0,847.0],[450.0,846.0],[448.0,845.0],[448.0,838.0],[449.0,838.0],[449.0,837.0],[454.0,837.0],[454.0,838.0],[455.0,838.0],[455.0,840.0],[456.0,840.0],[456.0,845.0],[455.0,845.0]]],[[[607.0,855.0],[599.0,855.0],[599.0,854.0],[594.0,854.0],[594.0,853.0],[593.0,853.0],[593.0,850.0],[594.0,850.0],[594.0,849.0],[595.0,849.0],[595.0,847.0],[597.0,846.0],[597.0,841.0],[599.0,841.0],[599.0,840.0],[600.0,840.0],[600.0,838.0],[601.0,838.0],[601.0,836.0],[602.0,836.0],[602.0,835.0],[604.0,835.0],[604.0,834.0],[607.0,834.0],[607.0,835.0],[609.0,836.0],[609.0,841.0],[608.0,841.0],[608.0,843.0],[609.0,843.0],[609.0,844.0],[611.0,844.0],[611.0,843.0],[614.0,843.0],[615.0,841.0],[618.0,841.0],[618.0,840.0],[620.0,840.0],[620.0,839.0],[623.0,839.0],[623.0,841.0],[625.0,841.0],[625.0,842.0],[626.0,842.0],[626.0,845.0],[625.0,845.0],[625.0,846.0],[622.0,846.0],[622.0,847.0],[619.0,847.0],[619.0,848.0],[617.0,849.0],[617.0,852.0],[616.0,852.0],[616.0,853.0],[610.0,853.0],[610.0,854.0],[607.0,854.0],[607.0,855.0]]],[[[478.0,837.0],[477.0,837.0],[476.0,835.0],[474.0,835.0],[474.0,834.0],[473.0,834.0],[473.0,829.0],[479.0,829.0],[480.0,825.0],[483.0,825.0],[483.0,824.0],[484.0,824.0],[484.0,823.0],[485.0,823.0],[486.0,821.0],[489.0,821.0],[489.0,819.0],[490.0,819.0],[490.0,818.0],[489.0,818.0],[489.0,815.0],[494.0,815.0],[494.0,816.0],[495.0,816.0],[495.0,818.0],[496.0,818.0],[496.0,821.0],[498.0,821.0],[498.0,822.0],[500.0,822.0],[500.0,823.0],[502.0,823.0],[502.0,824.0],[504.0,824.0],[504.0,825.0],[506.0,825.0],[506.0,826.0],[509.0,826.0],[509.0,825.0],[516.0,825.0],[516.0,824.0],[518.0,823.0],[519.0,819.0],[520.0,819.0],[520.0,818.0],[523.0,818.0],[523.0,817.0],[525.0,816.0],[525.0,813.0],[526.0,813.0],[526.0,812.0],[529.0,812.0],[529.0,813.0],[530.0,813.0],[530.0,815.0],[531.0,815.0],[531.0,818.0],[532.0,818.0],[532.0,819.0],[535.0,819.0],[535.0,818.0],[541.0,818.0],[541.0,816.0],[543.0,816.0],[543.0,814.0],[544.0,814.0],[545.0,812.0],[550.0,812.0],[550.0,814.0],[551.0,814.0],[552.0,816.0],[556.0,816.0],[556.0,817.0],[563.0,817.0],[563.0,816.0],[567.0,815.0],[567.0,814.0],[568.0,814.0],[569.0,812.0],[573.0,812.0],[573.0,817.0],[572.0,817.0],[572.0,821.0],[574.0,821.0],[574.0,822.0],[576.0,823.0],[576.0,828.0],[572.0,828.0],[572.0,827.0],[569.0,827.0],[569.0,828.0],[568.0,828.0],[568.0,830.0],[565.0,830.0],[565.0,831.0],[564.0,831.0],[564.0,833.0],[562.0,833.0],[562.0,834.0],[560.0,835.0],[560.0,836.0],[561.0,836.0],[561.0,838.0],[562.0,838.0],[562.0,842.0],[566.0,843.0],[566.0,842.0],[567.0,842.0],[567.0,840.0],[568.0,840.0],[568.0,837.0],[572.0,837.0],[572.0,840.0],[574.0,840.0],[574.0,839.0],[575.0,839.0],[575.0,837.0],[577.0,837.0],[577.0,836.0],[582.0,836.0],[582.0,837.0],[583.0,837.0],[583.0,839.0],[585.0,840.0],[585.0,842.0],[586.0,842.0],[586.0,843.0],[591.0,843.0],[591.0,847.0],[590.0,847.0],[589.0,849.0],[586.0,849.0],[586.0,850.0],[582.0,850.0],[582.0,849.0],[581.0,849.0],[581.0,848.0],[580.0,848.0],[579.0,846.0],[577.0,847.0],[577.0,856.0],[576.0,856.0],[576.0,857.0],[577.0,857.0],[577.0,859.0],[578.0,859.0],[578.0,860.0],[583.0,860.0],[583.0,861.0],[590.0,861.0],[591.0,859.0],[595.0,859.0],[595.0,860.0],[596.0,860.0],[596.0,863.0],[595.0,863.0],[596.0,865.0],[600.0,865.0],[600.0,864.0],[601.0,864.0],[601.0,863.0],[602.0,863.0],[603.0,861.0],[608.0,861.0],[608.0,862.0],[611.0,862.0],[611.0,861.0],[615.0,861.0],[616.0,859.0],[623.0,859.0],[623.0,863.0],[622.0,863.0],[622.0,865.0],[624.0,865.0],[624.0,866.0],[627.0,866.0],[627.0,867.0],[631.0,867.0],[631.0,869.0],[632.0,869.0],[632.0,872.0],[623.0,872.0],[623.0,873.0],[620.0,873.0],[620.0,874.0],[619.0,874.0],[619.0,875.0],[618.0,875.0],[618.0,876.0],[617.0,876.0],[617.0,877.0],[615.0,878.0],[615.0,880.0],[616.0,880.0],[616.0,881.0],[618.0,882.0],[618.0,885.0],[607.0,884.0],[607.0,885.0],[606.0,885.0],[606.0,890.0],[604.0,890.0],[604.0,891.0],[601.0,891.0],[599.0,895.0],[592.0,895.0],[592.0,888.0],[591.0,888.0],[591.0,886.0],[590.0,886.0],[590.0,885.0],[588.0,885.0],[588.0,884.0],[587.0,884.0],[586.0,880.0],[584.0,880.0],[584.0,877.0],[583.0,877.0],[583.0,876.0],[580.0,876.0],[580.0,875.0],[579.0,875.0],[579.0,874.0],[578.0,874.0],[577.0,872.0],[575.0,872.0],[575.0,871.0],[573.0,871.0],[573.0,872.0],[569.0,872.0],[569.0,869.0],[567.0,869.0],[567.0,870.0],[566.0,870.0],[565.0,872.0],[559.0,872.0],[559.0,871.0],[556.0,871.0],[556.0,873.0],[555.0,873.0],[555.0,874.0],[552.0,874.0],[552.0,876.0],[550.0,876.0],[550.0,878.0],[549.0,878.0],[548.0,880.0],[543.0,880.0],[543.0,876.0],[544.0,876.0],[544.0,875.0],[543.0,875.0],[543.0,873.0],[541.0,873.0],[540.0,875.0],[537.0,875.0],[537.0,874.0],[535.0,874.0],[535.0,871.0],[534.0,871.0],[534.0,870.0],[531.0,870.0],[531.0,869.0],[529.0,868.0],[529.0,866.0],[527.0,866.0],[527.0,863.0],[523.0,863.0],[523.0,864.0],[517.0,864.0],[517.0,858.0],[514.0,858.0],[514.0,859.0],[513.0,859.0],[513.0,861.0],[510.0,861.0],[510.0,862.0],[508.0,862.0],[508.0,870.0],[501.0,870.0],[501.0,868.0],[493.0,867.0],[492.0,865.0],[490.0,865.0],[490.0,864.0],[489.0,864.0],[489.0,861.0],[490.0,861.0],[490.0,860.0],[492.0,859.0],[492.0,857.0],[491.0,857.0],[491.0,856.0],[490.0,856.0],[490.0,854.0],[489.0,854.0],[489.0,853.0],[487.0,852.0],[487.0,846.0],[486.0,846.0],[486.0,844.0],[485.0,844.0],[484.0,842.0],[481.0,842.0],[481.0,840.0],[480.0,840.0],[480.0,839.0],[479.0,839.0],[479.0,838.0],[478.0,838.0],[478.0,837.0]]],[[[458.0,869.0],[458.0,868.0],[455.0,868.0],[455.0,867.0],[454.0,867.0],[454.0,862.0],[458.0,862.0],[458.0,861.0],[460.0,860.0],[460.0,857.0],[461.0,857.0],[461.0,856.0],[462.0,856.0],[462.0,854.0],[463.0,854.0],[463.0,852.0],[462.0,852.0],[462.0,851.0],[461.0,851.0],[461.0,850.0],[459.0,849.0],[459.0,844.0],[460.0,844.0],[460.0,841.0],[462.0,841.0],[462.0,840.0],[463.0,840.0],[463.0,839.0],[462.0,839.0],[462.0,835.0],[461.0,835.0],[461.0,832.0],[462.0,832.0],[462.0,831.0],[466.0,831.0],[466.0,832.0],[467.0,832.0],[467.0,838.0],[468.0,838.0],[468.0,839.0],[470.0,839.0],[471.0,841.0],[473.0,841.0],[473.0,843.0],[475.0,843.0],[475.0,845.0],[477.0,845.0],[477.0,846.0],[478.0,846.0],[477.0,852.0],[478.0,852.0],[478.0,853.0],[480.0,853.0],[480.0,854.0],[482.0,854.0],[482.0,857.0],[481.0,857.0],[481.0,859.0],[480.0,859.0],[480.0,860.0],[478.0,861.0],[478.0,863.0],[477.0,863.0],[477.0,864.0],[475.0,865.0],[475.0,867.0],[467.0,867.0],[467.0,868.0],[466.0,868.0],[466.0,871.0],[465.0,871.0],[465.0,874.0],[464.0,874.0],[464.0,876.0],[463.0,876.0],[463.0,877.0],[459.0,877.0],[459.0,875.0],[458.0,875.0],[458.0,870.0],[459.0,870.0],[459.0,869.0],[458.0,869.0]]],[[[646.0,882.0],[644.0,882.0],[643.0,884.0],[640.0,884.0],[640.0,883.0],[639.0,883.0],[639.0,879.0],[640.0,879.0],[641.0,877.0],[645.0,877.0],[645.0,876.0],[647.0,876.0],[647.0,875.0],[650.0,875.0],[650.0,876.0],[651.0,876.0],[651.0,877.0],[652.0,877.0],[653.0,879.0],[656.0,879.0],[656.0,884.0],[647.0,884.0],[646.0,882.0]]],[[[634.0,886.0],[632.0,886.0],[632.0,887.0],[627.0,887.0],[627.0,886.0],[626.0,886.0],[626.0,882.0],[628.0,882.0],[628.0,881.0],[632.0,881.0],[632.0,882.0],[634.0,882.0],[634.0,886.0]]],[[[644.0,897.0],[644.0,896.0],[640.0,896.0],[640.0,895.0],[638.0,895.0],[638.0,891.0],[639.0,891.0],[639.0,890.0],[647.0,891.0],[647.0,892.0],[649.0,893.0],[649.0,897.0],[644.0,897.0]]],[[[475.0,882.0],[474.0,882.0],[474.0,881.0],[468.0,881.0],[468.0,880.0],[466.0,880.0],[466.0,877.0],[468.0,877.0],[468.0,876.0],[470.0,876.0],[470.0,875.0],[478.0,875.0],[478.0,869.0],[479.0,869.0],[479.0,868.0],[485.0,868.0],[485.0,873.0],[486.0,873.0],[486.0,875.0],[487.0,875.0],[488.0,877.0],[491.0,877.0],[492.0,875.0],[500.0,876.0],[500.0,872.0],[511.0,872.0],[511.0,874.0],[512.0,874.0],[513.0,876.0],[515.0,876.0],[515.0,877.0],[518.0,877.0],[518.0,871.0],[522.0,871.0],[522.0,873.0],[523.0,873.0],[523.0,876.0],[524.0,876.0],[524.0,875.0],[529.0,875.0],[529.0,882.0],[527.0,882.0],[526.0,884.0],[523.0,884.0],[523.0,885.0],[521.0,885.0],[521.0,886.0],[520.0,886.0],[520.0,888.0],[518.0,889.0],[518.0,893.0],[517.0,893.0],[517.0,894.0],[513.0,894.0],[513.0,895.0],[512.0,895.0],[511.0,897.0],[508.0,897.0],[508.0,907.0],[507.0,907.0],[507.0,908.0],[508.0,908.0],[508.0,909.0],[509.0,909.0],[510.0,911.0],[512.0,911.0],[512.0,914.0],[511.0,914.0],[510.0,916.0],[508.0,916.0],[507.0,918.0],[501.0,918.0],[501.0,917.0],[499.0,917.0],[498.0,915.0],[488.0,915.0],[488.0,914.0],[486.0,914.0],[486.0,915.0],[485.0,915.0],[485.0,917.0],[483.0,918.0],[483.0,920.0],[482.0,920.0],[482.0,921.0],[478.0,921.0],[478.0,919.0],[477.0,919.0],[477.0,914.0],[476.0,914.0],[476.0,909.0],[477.0,909.0],[477.0,908.0],[478.0,908.0],[478.0,907.0],[480.0,906.0],[480.0,903.0],[481.0,903.0],[481.0,902.0],[480.0,902.0],[480.0,899.0],[481.0,899.0],[481.0,897.0],[485.0,897.0],[485.0,896.0],[486.0,896.0],[486.0,894.0],[485.0,894.0],[485.0,893.0],[483.0,893.0],[483.0,892.0],[476.0,892.0],[476.0,891.0],[475.0,891.0],[475.0,890.0],[473.0,889.0],[473.0,886.0],[475.0,885.0],[475.0,882.0]]],[[[860.0,200.0],[859.0,200.0],[858.0,202.0],[855.0,202.0],[855.0,201.0],[852.0,201.0],[852.0,198.0],[853.0,198.0],[853.0,197.0],[855.0,197.0],[855.0,196.0],[857.0,196.0],[857.0,195.0],[876.0,195.0],[876.0,200.0],[873.0,200.0],[873.0,201.0],[872.0,201.0],[872.0,204.0],[868.0,204.0],[868.0,203.0],[866.0,203.0],[865.0,201.0],[863.0,201.0],[863.0,199.0],[860.0,199.0],[860.0,200.0]]],[[[970.0,231.0],[970.0,232.0],[965.0,232.0],[965.0,231.0],[964.0,231.0],[964.0,227.0],[965.0,227.0],[965.0,226.0],[969.0,226.0],[969.0,225.0],[970.0,225.0],[970.0,224.0],[972.0,224.0],[972.0,223.0],[976.0,223.0],[976.0,224.0],[978.0,224.0],[978.0,226.0],[979.0,226.0],[980.0,228.0],[985.0,228.0],[985.0,232.0],[979.0,232.0],[979.0,231.0],[970.0,231.0]]],[[[970.0,218.0],[960.0,218.0],[960.0,216.0],[958.0,215.0],[958.0,213.0],[957.0,213.0],[957.0,210.0],[955.0,210.0],[955.0,213.0],[952.0,213.0],[951.0,215.0],[950.0,215.0],[950.0,216.0],[949.0,216.0],[949.0,218.0],[945.0,218.0],[945.0,216.0],[943.0,215.0],[943.0,214.0],[942.0,214.0],[942.0,213.0],[941.0,213.0],[941.0,211.0],[940.0,211.0],[940.0,210.0],[938.0,210.0],[937.0,212.0],[936.0,212.0],[936.0,215.0],[933.0,215.0],[932.0,217.0],[931.0,217.0],[931.0,218.0],[930.0,218.0],[930.0,219.0],[929.0,219.0],[929.0,220.0],[928.0,220.0],[928.0,221.0],[927.0,221.0],[927.0,222.0],[925.0,222.0],[925.0,223.0],[921.0,223.0],[920.0,225.0],[914.0,225.0],[914.0,223.0],[912.0,222.0],[912.0,221.0],[911.0,221.0],[911.0,220.0],[909.0,220.0],[909.0,218.0],[908.0,218.0],[908.0,219.0],[907.0,219.0],[907.0,225.0],[905.0,225.0],[905.0,226.0],[901.0,226.0],[901.0,227.0],[900.0,227.0],[900.0,230.0],[898.0,231.0],[898.0,232.0],[897.0,232.0],[897.0,233.0],[896.0,233.0],[896.0,234.0],[897.0,234.0],[897.0,238.0],[898.0,238.0],[898.0,241.0],[896.0,242.0],[896.0,243.0],[895.0,243.0],[895.0,246.0],[896.0,246.0],[896.0,250.0],[894.0,250.0],[894.0,251.0],[893.0,251.0],[893.0,254.0],[894.0,254.0],[894.0,256.0],[895.0,256.0],[895.0,260.0],[890.0,260.0],[890.0,267.0],[888.0,268.0],[888.0,270.0],[886.0,271.0],[886.0,272.0],[885.0,272.0],[885.0,273.0],[884.0,273.0],[884.0,275.0],[880.0,275.0],[879.0,281.0],[877.0,282.0],[877.0,285.0],[876.0,285.0],[876.0,288.0],[870.0,288.0],[870.0,286.0],[869.0,286.0],[869.0,282.0],[867.0,281.0],[867.0,275.0],[868.0,275.0],[868.0,272.0],[869.0,272.0],[869.0,268.0],[866.0,268.0],[866.0,262.0],[865.0,262.0],[865.0,259.0],[863.0,258.0],[863.0,254.0],[869.0,254.0],[870.0,256.0],[872.0,256.0],[872.0,255.0],[873.0,255.0],[873.0,252.0],[879.0,252.0],[879.0,253.0],[880.0,253.0],[880.0,250.0],[881.0,250.0],[881.0,248.0],[884.0,248.0],[884.0,247.0],[885.0,247.0],[885.0,245.0],[887.0,244.0],[887.0,243.0],[880.0,243.0],[880.0,242.0],[878.0,242.0],[877.0,244.0],[872.0,244.0],[871.0,242.0],[870.0,242.0],[870.0,241.0],[869.0,241.0],[869.0,235.0],[871.0,234.0],[871.0,231.0],[873.0,231.0],[873.0,230.0],[874.0,230.0],[874.0,223.0],[872.0,223.0],[871.0,221.0],[870.0,221.0],[870.0,217.0],[871.0,217.0],[871.0,216.0],[874.0,216.0],[874.0,215.0],[885.0,215.0],[885.0,214.0],[887.0,214.0],[887.0,212.0],[886.0,212.0],[886.0,209.0],[884.0,208.0],[884.0,204.0],[883.0,204.0],[883.0,203.0],[881.0,203.0],[881.0,199.0],[888.0,199.0],[888.0,200.0],[891.0,200.0],[891.0,198.0],[892.0,198.0],[892.0,197.0],[894.0,197.0],[894.0,196.0],[896.0,196.0],[896.0,195.0],[897.0,195.0],[897.0,190.0],[902.0,190.0],[903.0,192.0],[907.0,192.0],[907.0,191.0],[911.0,191.0],[911.0,190.0],[914.0,190.0],[914.0,189.0],[917.0,189.0],[918.0,187.0],[926.0,187.0],[926.0,186.0],[927.0,186.0],[927.0,181.0],[931.0,181.0],[931.0,182.0],[932.0,182.0],[932.0,184.0],[934.0,185.0],[934.0,186.0],[935.0,186.0],[935.0,190.0],[933.0,191.0],[933.0,192.0],[932.0,192.0],[932.0,193.0],[930.0,193.0],[930.0,194.0],[929.0,194.0],[929.0,196.0],[930.0,196.0],[930.0,199.0],[931.0,199.0],[931.0,198.0],[937.0,198.0],[937.0,197.0],[940.0,197.0],[940.0,196.0],[945.0,196.0],[945.0,197.0],[946.0,197.0],[946.0,196.0],[949.0,196.0],[949.0,195.0],[955.0,195.0],[955.0,196.0],[959.0,196.0],[959.0,195.0],[963.0,195.0],[964.0,193.0],[965.0,193.0],[965.0,192.0],[970.0,192.0],[970.0,193.0],[971.0,193.0],[971.0,198.0],[978.0,198.0],[978.0,199.0],[981.0,199.0],[981.0,198.0],[982.0,198.0],[982.0,196.0],[986.0,195.0],[986.0,194.0],[991.0,194.0],[992.0,196.0],[995.0,196.0],[995.0,197.0],[1002.0,197.0],[1002.0,202.0],[997.0,202.0],[997.0,203.0],[995.0,203.0],[994.0,205.0],[993.0,205.0],[994.0,207.0],[995.0,207.0],[995.0,211.0],[996.0,211.0],[996.0,216.0],[990.0,216.0],[989.0,212.0],[987.0,211.0],[987.0,210.0],[985.0,210.0],[985.0,213.0],[983.0,214.0],[983.0,216.0],[979.0,217.0],[979.0,218.0],[973.0,218.0],[973.0,217.0],[970.0,217.0],[970.0,218.0]],[[957.0,209.0],[957.0,210.0],[958.0,210.0],[958.0,209.0],[957.0,209.0]],[[958.0,208.0],[958.0,209.0],[960.0,209.0],[960.0,208.0],[958.0,208.0]],[[961.0,206.0],[960.0,208.0],[962.0,208.0],[963.0,206.0],[961.0,206.0]],[[930.0,202.0],[929.0,202.0],[929.0,203.0],[930.0,203.0],[930.0,202.0]],[[929.0,205.0],[929.0,203.0],[928.0,203.0],[928.0,205.0],[929.0,205.0]]],[[[912.0,248.0],[911.0,248.0],[910.0,250.0],[905.0,250.0],[905.0,249.0],[903.0,249.0],[902.0,243.0],[903.0,243.0],[903.0,241.0],[910.0,241.0],[910.0,239.0],[911.0,239.0],[911.0,238.0],[913.0,237.0],[913.0,234.0],[915.0,234.0],[915.0,233.0],[917.0,233.0],[917.0,232.0],[920.0,232.0],[920.0,233.0],[926.0,233.0],[927.0,231.0],[934.0,231.0],[934.0,232.0],[936.0,232.0],[936.0,235.0],[934.0,235.0],[934.0,236.0],[929.0,236.0],[929.0,238.0],[928.0,238.0],[928.0,239.0],[926.0,239.0],[926.0,240.0],[925.0,240.0],[924.0,242.0],[918.0,243.0],[918.0,245.0],[917.0,245.0],[916.0,247.0],[912.0,247.0],[912.0,248.0]]],[[[1005.0,236.0],[1004.0,236.0],[1004.0,231.0],[1005.0,231.0],[1005.0,230.0],[1004.0,230.0],[1004.0,219.0],[1007.0,219.0],[1008.0,221.0],[1012.0,222.0],[1012.0,233.0],[1013.0,233.0],[1013.0,234.0],[1014.0,234.0],[1015.0,236.0],[1017.0,236.0],[1017.0,232.0],[1018.0,232.0],[1018.0,230.0],[1020.0,230.0],[1020.0,225.0],[1022.0,225.0],[1022.0,224.0],[1029.0,224.0],[1029.0,225.0],[1031.0,225.0],[1031.0,230.0],[1032.0,230.0],[1033.0,232.0],[1035.0,232.0],[1035.0,235.0],[1033.0,235.0],[1033.0,239.0],[1032.0,239.0],[1032.0,243.0],[1033.0,243.0],[1033.0,248.0],[1032.0,248.0],[1032.0,252.0],[1034.0,253.0],[1034.0,256.0],[1036.0,256.0],[1036.0,257.0],[1038.0,258.0],[1038.0,263.0],[1033.0,263.0],[1033.0,262.0],[1030.0,262.0],[1030.0,260.0],[1028.0,260.0],[1028.0,264.0],[1027.0,264.0],[1027.0,265.0],[1020.0,265.0],[1020.0,264.0],[1018.0,264.0],[1018.0,258.0],[1010.0,258.0],[1010.0,257.0],[1008.0,256.0],[1008.0,250.0],[1015.0,250.0],[1015.0,251.0],[1019.0,251.0],[1019.0,250.0],[1020.0,250.0],[1020.0,247.0],[1022.0,247.0],[1022.0,246.0],[1023.0,246.0],[1023.0,244.0],[1019.0,244.0],[1019.0,243.0],[1017.0,243.0],[1017.0,242.0],[1010.0,242.0],[1010.0,241.0],[1009.0,241.0],[1008.0,239.0],[1005.0,239.0],[1005.0,236.0]]],[[[854.0,252.0],[853.0,252.0],[853.0,254.0],[852.0,254.0],[851.0,256.0],[848.0,256.0],[848.0,249.0],[849.0,249.0],[849.0,248.0],[850.0,248.0],[851.0,246.0],[854.0,246.0],[854.0,245.0],[857.0,245.0],[857.0,244.0],[863.0,244.0],[863.0,247.0],[862.0,247.0],[862.0,248.0],[860.0,248.0],[860.0,249.0],[856.0,249.0],[856.0,250.0],[854.0,250.0],[854.0,252.0]]],[[[1023.0,295.0],[1022.0,295.0],[1022.0,296.0],[1019.0,296.0],[1019.0,297.0],[1015.0,297.0],[1015.0,292.0],[1023.0,291.0],[1023.0,295.0]]],[[[1042.0,321.0],[1038.0,321.0],[1038.0,320.0],[1036.0,320.0],[1036.0,319.0],[1034.0,318.0],[1034.0,309.0],[1035.0,309.0],[1035.0,307.0],[1039.0,307.0],[1039.0,315.0],[1040.0,315.0],[1040.0,317.0],[1042.0,318.0],[1042.0,321.0]]],[[[805.0,574.0],[804.0,574.0],[804.0,575.0],[802.0,576.0],[802.0,579.0],[801.0,579.0],[799.0,579.0],[798.0,577.0],[796.0,577.0],[795.0,575.0],[793.0,575.0],[792.0,573.0],[788.0,572.0],[787.0,570.0],[785.0,570.0],[785.0,569.0],[784.0,569.0],[784.0,568.0],[782.0,568.0],[782.0,567.0],[779.0,567.0],[778.0,563.0],[777.0,563.0],[777.0,561.0],[776.0,561.0],[776.0,558.0],[775.0,558.0],[775.0,555.0],[774.0,555.0],[774.0,552.0],[773.0,552.0],[773.0,547.0],[772.0,547.0],[772.0,543.0],[771.0,543.0],[771.0,540.0],[770.0,540.0],[770.0,537.0],[769.0,537.0],[769.0,535.0],[768.0,535.0],[768.0,533.0],[767.0,533.0],[767.0,532.0],[765.0,532.0],[765.0,531.0],[764.0,531.0],[764.0,527.0],[763.0,527.0],[763.0,525.0],[762.0,525.0],[762.0,523.0],[761.0,523.0],[761.0,521.0],[760.0,521.0],[760.0,519.0],[759.0,519.0],[758.0,513.0],[759.0,513.0],[759.0,512.0],[760.0,512.0],[760.0,511.0],[761.0,511.0],[761.0,510.0],[762.0,510.0],[762.0,509.0],[764.0,508.0],[764.0,505.0],[763.0,505.0],[763.0,503.0],[762.0,503.0],[762.0,498.0],[763.0,498.0],[763.0,494.0],[764.0,494.0],[764.0,490.0],[763.0,490.0],[763.0,486.0],[764.0,486.0],[764.0,484.0],[776.0,484.0],[776.0,485.0],[782.0,486.0],[782.0,487.0],[784.0,487.0],[784.0,488.0],[787.0,488.0],[787.0,489.0],[789.0,489.0],[789.0,490.0],[796.0,490.0],[796.0,489.0],[797.0,489.0],[797.0,488.0],[798.0,488.0],[798.0,487.0],[799.0,487.0],[800.0,485.0],[802.0,485.0],[802.0,484.0],[803.0,484.0],[806.0,484.0],[806.0,485.0],[808.0,485.0],[808.0,486.0],[810.0,486.0],[810.0,487.0],[812.0,487.0],[812.0,488.0],[814.0,488.0],[814.0,489.0],[816.0,489.0],[816.0,490.0],[817.0,490.0],[818.0,490.0],[818.0,491.0],[821.0,491.0],[821.0,492.0],[823.0,492.0],[823.0,493.0],[827.0,494.0],[827.0,495.0],[829.0,495.0],[829.0,496.0],[841.0,496.0],[841.0,495.0],[843.0,495.0],[843.0,494.0],[844.0,494.0],[844.0,493.0],[846.0,492.0],[846.0,490.0],[847.0,490.0],[848.0,488.0],[850.0,488.0],[851.0,488.0],[851.0,489.0],[851.0,490.0],[852.0,490.0],[852.0,491.0],[852.0,493.0],[854.0,494.0],[855.0,494.0],[855.0,495.0],[856.0,495.0],[858.0,495.0],[859.0,497.0],[859.0,498.0],[859.0,501.0],[858.0,501.0],[857.0,501.0],[857.0,502.0],[857.0,503.0],[856.0,503.0],[856.0,504.0],[856.0,505.0],[854.0,506.0],[854.0,508.0],[854.0,509.0],[853.0,509.0],[853.0,511.0],[853.0,516.0],[854.0,516.0],[854.0,520.0],[855.0,520.0],[855.0,521.0],[855.0,522.0],[856.0,522.0],[856.0,524.0],[857.0,524.0],[858.0,526.0],[861.0,526.0],[862.0,526.0],[862.0,527.0],[864.0,528.0],[864.0,533.0],[863.0,533.0],[863.0,535.0],[862.0,535.0],[860.0,536.0],[860.0,537.0],[859.0,537.0],[856.0,537.0],[856.0,536.0],[855.0,536.0],[852.0,536.0],[852.0,535.0],[839.0,535.0],[839.0,536.0],[835.0,537.0],[835.0,538.0],[833.0,538.0],[832.0,540.0],[831.0,540.0],[831.0,542.0],[830.0,542.0],[830.0,543.0],[826.0,543.0],[826.0,544.0],[827.0,544.0],[827.0,548.0],[826.0,548.0],[826.0,550.0],[826.0,551.0],[824.0,552.0],[824.0,554.0],[823.0,554.0],[823.0,555.0],[821.0,556.0],[821.0,558.0],[820.0,558.0],[820.0,559.0],[819.0,559.0],[819.0,560.0],[819.0,561.0],[818.0,561.0],[818.0,562.0],[818.0,563.0],[817.0,563.0],[817.0,565.0],[816.0,565.0],[816.0,566.0],[815.0,566.0],[815.0,567.0],[814.0,567.0],[814.0,568.0],[813.0,568.0],[812.0,570.0],[810.0,570.0],[809.0,572.0],[805.0,573.0],[805.0,574.0]]],[[[921.0,699.0],[923.0,699.0],[924.0,697.0],[925.0,697.0],[925.0,695.0],[926.0,695.0],[926.0,694.0],[928.0,693.0],[929.0,693.0],[933.0,694.0],[933.0,695.0],[935.0,695.0],[935.0,694.0],[936.0,694.0],[936.0,692.0],[937.0,692.0],[938.0,692.0],[938.0,691.0],[939.0,691.0],[939.0,690.0],[942.0,690.0],[942.0,691.0],[943.0,691.0],[943.0,693.0],[945.0,694.0],[945.0,696.0],[947.0,696.0],[947.0,693.0],[948.0,693.0],[948.0,692.0],[946.0,692.0],[946.0,690.0],[944.0,689.0],[944.0,683.0],[945.0,683.0],[945.0,682.0],[949.0,682.0],[949.0,680.0],[950.0,680.0],[950.0,678.0],[951.0,678.0],[951.0,677.0],[956.0,677.0],[957.0,679.0],[961.0,679.0],[961.0,678.0],[967.0,678.0],[967.0,680.0],[969.0,681.0],[969.0,683.0],[970.0,683.0],[970.0,684.0],[973.0,684.0],[974.0,682.0],[976.0,682.0],[976.0,677.0],[983.0,677.0],[983.0,678.0],[984.0,678.0],[984.0,681.0],[985.0,681.0],[985.0,683.0],[988.0,683.0],[988.0,685.0],[990.0,686.0],[990.0,689.0],[989.0,689.0],[989.0,694.0],[984.0,694.0],[984.0,696.0],[985.0,696.0],[986.0,698.0],[991.0,698.0],[991.0,699.0],[992.0,699.0],[992.0,703.0],[993.0,703.0],[993.0,707.0],[991.0,708.0],[991.0,711.0],[992.0,711.0],[992.0,717.0],[991.0,717.0],[991.0,719.0],[994.0,719.0],[994.0,718.0],[996.0,717.0],[996.0,711.0],[998.0,711.0],[998.0,710.0],[1003.0,710.0],[1003.0,711.0],[1004.0,711.0],[1004.0,714.0],[1005.0,714.0],[1005.0,715.0],[1010.0,715.0],[1010.0,717.0],[1011.0,717.0],[1011.0,719.0],[1012.0,719.0],[1012.0,721.0],[1013.0,721.0],[1014.0,725.0],[1015.0,725.0],[1015.0,726.0],[1017.0,727.0],[1017.0,733.0],[1016.0,733.0],[1015.0,735.0],[1008.0,735.0],[1007.0,733.0],[1005.0,733.0],[1005.0,734.0],[1001.0,734.0],[1001.0,737.0],[1002.0,737.0],[1002.0,738.0],[1006.0,738.0],[1007.0,736.0],[1010.0,736.0],[1010.0,738.0],[1012.0,739.0],[1012.0,742.0],[1014.0,743.0],[1014.0,752.0],[1013.0,752.0],[1013.0,753.0],[1010.0,753.0],[1010.0,754.0],[1008.0,755.0],[1008.0,756.0],[1009.0,756.0],[1009.0,763.0],[1010.0,763.0],[1010.0,766.0],[1008.0,766.0],[1008.0,767.0],[1004.0,767.0],[1005.0,769.0],[1011.0,769.0],[1011.0,770.0],[1012.0,770.0],[1012.0,774.0],[1010.0,774.0],[1010.0,778.0],[1009.0,780.0],[1007.0,780.0],[1007.0,781.0],[1004.0,781.0],[1003.0,781.0],[1003.0,782.0],[994.0,782.0],[993.0,782.0],[991.0,782.0],[990.0,780.0],[989.0,780.0],[989.0,779.0],[988.0,779.0],[988.0,778.0],[987.0,778.0],[987.0,777.0],[987.0,774.0],[985.0,773.0],[985.0,772.0],[983.0,772.0],[983.0,771.0],[981.0,771.0],[980.0,769.0],[979.0,769.0],[979.0,767.0],[977.0,766.0],[977.0,765.0],[976.0,765.0],[976.0,763.0],[974.0,762.0],[973.0,754.0],[972.0,754.0],[972.0,747.0],[973.0,747.0],[973.0,746.0],[978.0,746.0],[978.0,747.0],[980.0,747.0],[980.0,748.0],[986.0,748.0],[986.0,749.0],[988.0,749.0],[989.0,751.0],[990.0,751.0],[990.0,752.0],[993.0,752.0],[993.0,753.0],[998.0,753.0],[997.0,751.0],[996.0,751.0],[996.0,750.0],[994.0,750.0],[993.0,748.0],[991.0,748.0],[991.0,747.0],[990.0,747.0],[990.0,743.0],[991.0,743.0],[991.0,741.0],[993.0,740.0],[993.0,739.0],[994.0,739.0],[994.0,738.0],[993.0,738.0],[993.0,737.0],[986.0,737.0],[985.0,735.0],[984.0,735.0],[984.0,736.0],[978.0,736.0],[978.0,735.0],[977.0,735.0],[977.0,736.0],[971.0,736.0],[971.0,737.0],[968.0,737.0],[968.0,738.0],[963.0,738.0],[963.0,739.0],[962.0,739.0],[962.0,741.0],[961.0,741.0],[961.0,743.0],[962.0,743.0],[962.0,745.0],[964.0,745.0],[964.0,749.0],[963.0,749.0],[963.0,750.0],[957.0,750.0],[955.0,746.0],[947.0,746.0],[947.0,745.0],[945.0,745.0],[944.0,743.0],[943.0,743.0],[943.0,739.0],[944.0,739.0],[944.0,737.0],[943.0,737.0],[943.0,738.0],[941.0,738.0],[941.0,739.0],[937.0,739.0],[937.0,737.0],[936.0,737.0],[936.0,734.0],[937.0,734.0],[937.0,731.0],[934.0,731.0],[934.0,729.0],[932.0,728.0],[932.0,725.0],[930.0,724.0],[930.0,721.0],[931.0,721.0],[931.0,719.0],[932.0,719.0],[932.0,715.0],[933.0,715.0],[933.0,711.0],[931.0,711.0],[930.0,713.0],[929.0,713.0],[929.0,714.0],[926.0,714.0],[926.0,715.0],[917.0,715.0],[916.0,713.0],[914.0,713.0],[913.0,711.0],[912.0,711.0],[912.0,707.0],[911.0,707.0],[911.0,706.0],[907.0,706.0],[907.0,700.0],[909.0,700.0],[909.0,699.0],[915.0,699.0],[915.0,700.0],[921.0,700.0],[921.0,699.0]],[[999.0,765.0],[998.0,763.0],[996.0,763.0],[997.0,765.0],[999.0,765.0]],[[1001.0,766.0],[1001.0,765.0],[1000.0,765.0],[1000.0,766.0],[1001.0,766.0]]],[[[748.0,779.0],[751.0,779.0],[751.0,780.0],[755.0,780.0],[756.0,782.0],[763.0,782.0],[764.0,780.0],[766.0,780.0],[766.0,779.0],[768.0,779.0],[768.0,778.0],[775.0,778.0],[776.0,778.0],[779.0,778.0],[779.0,777.0],[786.0,777.0],[787.0,775.0],[788.0,775.0],[788.0,776.0],[789.0,776.0],[789.0,782.0],[790.0,782.0],[790.0,793.0],[790.0,798.0],[778.0,797.0],[778.0,796.0],[776.0,796.0],[776.0,795.0],[774.0,795.0],[774.0,794.0],[772.0,794.0],[772.0,793.0],[765.0,793.0],[765.0,794.0],[762.0,794.0],[762.0,793.0],[761.0,793.0],[760.0,795.0],[759.0,795.0],[759.0,796.0],[754.0,796.0],[754.0,797.0],[746.0,797.0],[746.0,796.0],[744.0,796.0],[744.0,795.0],[743.0,795.0],[743.0,792.0],[742.0,792.0],[742.0,791.0],[740.0,791.0],[740.0,793.0],[736.0,793.0],[736.0,794.0],[726.0,794.0],[726.0,791.0],[727.0,791.0],[727.0,790.0],[730.0,790.0],[730.0,789.0],[731.0,789.0],[731.0,787.0],[732.0,787.0],[732.0,784.0],[734.0,783.0],[734.0,782.0],[738.0,782.0],[738.0,781.0],[740.0,781.0],[740.0,780.0],[741.0,780.0],[741.0,778.0],[748.0,778.0],[748.0,779.0]]],[[[650.0,868.0],[650.0,867.0],[647.0,867.0],[647.0,866.0],[645.0,866.0],[645.0,860.0],[651.0,860.0],[652.0,862.0],[654.0,862.0],[654.0,863.0],[655.0,863.0],[655.0,867.0],[654.0,867.0],[654.0,868.0],[650.0,868.0]]],[[[815.0,970.0],[801.0,970.0],[801.0,969.0],[799.0,969.0],[799.0,967.0],[797.0,967.0],[797.0,962.0],[799.0,962.0],[799.0,959.0],[801.0,959.0],[802.0,951.0],[804.0,951.0],[804.0,950.0],[805.0,950.0],[805.0,948.0],[808.0,948.0],[808.0,949.0],[810.0,949.0],[810.0,952.0],[812.0,953.0],[812.0,956.0],[810.0,956.0],[810.0,959.0],[808.0,959.0],[808.0,960.0],[809.0,960.0],[809.0,961.0],[811.0,961.0],[811.0,963.0],[812.0,963.0],[812.0,964.0],[813.0,964.0],[813.0,965.0],[815.0,966.0],[815.0,970.0]]],[[[867.0,1059.0],[864.0,1059.0],[863.0,1057.0],[858.0,1057.0],[858.0,1056.0],[856.0,1055.0],[858.0,1044.0],[857.0,1044.0],[857.0,1045.0],[855.0,1045.0],[855.0,1046.0],[847.0,1047.0],[846.0,1049.0],[845.0,1049.0],[845.0,1050.0],[841.0,1051.0],[841.0,1052.0],[836.0,1052.0],[836.0,1053.0],[834.0,1053.0],[834.0,1054.0],[829.0,1054.0],[829.0,1055.0],[824.0,1055.0],[823.0,1057.0],[824.0,1057.0],[824.0,1059.0],[827.0,1059.0],[827.0,1060.0],[828.0,1060.0],[828.0,1064.0],[827.0,1064.0],[827.0,1065.0],[819.0,1065.0],[819.0,1064.0],[817.0,1064.0],[817.0,1063.0],[816.0,1063.0],[816.0,1061.0],[815.0,1061.0],[815.0,1058.0],[814.0,1058.0],[814.0,1054.0],[813.0,1054.0],[813.0,1050.0],[811.0,1049.0],[811.0,1048.0],[810.0,1048.0],[810.0,1047.0],[809.0,1047.0],[808.0,1043.0],[807.0,1043.0],[807.0,1037.0],[808.0,1037.0],[808.0,1035.0],[810.0,1034.0],[810.0,1033.0],[811.0,1033.0],[810.0,1031.0],[809.0,1031.0],[809.0,1030.0],[808.0,1030.0],[808.0,1027.0],[809.0,1027.0],[809.0,1026.0],[807.0,1025.0],[807.0,1024.0],[806.0,1024.0],[806.0,1023.0],[805.0,1023.0],[805.0,1022.0],[804.0,1022.0],[804.0,1021.0],[803.0,1021.0],[803.0,1022.0],[799.0,1022.0],[799.0,1021.0],[797.0,1021.0],[797.0,1020.0],[796.0,1020.0],[796.0,1016.0],[797.0,1016.0],[797.0,1014.0],[795.0,1015.0],[795.0,1017.0],[793.0,1018.0],[793.0,1019.0],[790.0,1019.0],[790.0,1020.0],[785.0,1020.0],[784.0,1018.0],[783.0,1018.0],[783.0,1015.0],[785.0,1014.0],[785.0,1013.0],[787.0,1013.0],[787.0,1012.0],[788.0,1012.0],[788.0,1011.0],[787.0,1011.0],[787.0,1006.0],[788.0,1006.0],[788.0,1004.0],[789.0,1004.0],[789.0,1002.0],[790.0,1002.0],[790.0,1001.0],[794.0,1001.0],[794.0,1000.0],[796.0,1000.0],[796.0,999.0],[798.0,999.0],[798.0,998.0],[803.0,998.0],[804.0,996.0],[805.0,996.0],[805.0,994.0],[804.0,994.0],[804.0,993.0],[802.0,993.0],[802.0,991.0],[801.0,991.0],[801.0,986.0],[800.0,986.0],[800.0,983.0],[802.0,982.0],[802.0,981.0],[804.0,981.0],[805.0,979.0],[806.0,979.0],[806.0,978.0],[807.0,978.0],[807.0,977.0],[811.0,977.0],[811.0,978.0],[813.0,978.0],[813.0,977.0],[815.0,977.0],[815.0,976.0],[816.0,976.0],[816.0,975.0],[820.0,974.0],[820.0,973.0],[825.0,973.0],[825.0,972.0],[823.0,972.0],[822.0,970.0],[821.0,970.0],[821.0,969.0],[820.0,969.0],[820.0,968.0],[819.0,968.0],[819.0,967.0],[818.0,967.0],[818.0,962.0],[819.0,962.0],[819.0,958.0],[820.0,958.0],[820.0,954.0],[821.0,954.0],[821.0,953.0],[824.0,953.0],[824.0,954.0],[825.0,954.0],[825.0,959.0],[827.0,960.0],[827.0,964.0],[829.0,965.0],[829.0,964.0],[830.0,964.0],[830.0,961.0],[829.0,961.0],[829.0,958.0],[830.0,958.0],[830.0,957.0],[838.0,957.0],[838.0,958.0],[839.0,958.0],[840.0,956.0],[841.0,956.0],[841.0,955.0],[845.0,955.0],[846.0,953.0],[848.0,953.0],[849.0,951.0],[850.0,951.0],[850.0,950.0],[849.0,950.0],[849.0,949.0],[847.0,949.0],[846.0,947.0],[845.0,947.0],[845.0,943.0],[846.0,943.0],[846.0,941.0],[847.0,941.0],[847.0,939.0],[849.0,938.0],[849.0,937.0],[850.0,937.0],[850.0,936.0],[851.0,936.0],[851.0,935.0],[852.0,935.0],[852.0,933.0],[854.0,932.0],[854.0,931.0],[859.0,931.0],[860.0,933.0],[861.0,933.0],[861.0,936.0],[860.0,936.0],[860.0,938.0],[859.0,938.0],[860.0,940.0],[864.0,940.0],[864.0,939.0],[865.0,939.0],[865.0,937.0],[867.0,936.0],[867.0,935.0],[871.0,935.0],[871.0,936.0],[873.0,936.0],[873.0,937.0],[875.0,937.0],[876.0,939.0],[877.0,939.0],[877.0,940.0],[880.0,940.0],[881.0,938.0],[882.0,938.0],[882.0,937.0],[883.0,937.0],[883.0,936.0],[884.0,936.0],[884.0,935.0],[890.0,936.0],[890.0,935.0],[892.0,935.0],[892.0,934.0],[900.0,934.0],[900.0,935.0],[907.0,935.0],[907.0,936.0],[908.0,936.0],[908.0,940.0],[907.0,940.0],[907.0,941.0],[903.0,942.0],[903.0,943.0],[900.0,943.0],[900.0,942.0],[899.0,942.0],[899.0,943.0],[897.0,943.0],[897.0,944.0],[896.0,944.0],[896.0,947.0],[900.0,949.0],[900.0,953.0],[901.0,953.0],[902.0,951.0],[905.0,951.0],[905.0,944.0],[906.0,944.0],[906.0,943.0],[908.0,943.0],[908.0,942.0],[910.0,942.0],[910.0,941.0],[912.0,940.0],[912.0,938.0],[913.0,938.0],[913.0,936.0],[914.0,936.0],[914.0,935.0],[919.0,935.0],[919.0,936.0],[921.0,936.0],[921.0,937.0],[922.0,937.0],[922.0,941.0],[921.0,941.0],[921.0,942.0],[919.0,942.0],[919.0,943.0],[918.0,943.0],[918.0,944.0],[916.0,945.0],[916.0,950.0],[917.0,950.0],[917.0,951.0],[920.0,951.0],[920.0,952.0],[922.0,952.0],[922.0,953.0],[923.0,953.0],[923.0,956.0],[919.0,958.0],[919.0,959.0],[920.0,959.0],[920.0,962.0],[919.0,962.0],[919.0,964.0],[917.0,965.0],[917.0,968.0],[915.0,968.0],[915.0,972.0],[916.0,972.0],[916.0,989.0],[915.0,989.0],[915.0,991.0],[913.0,992.0],[913.0,995.0],[912.0,995.0],[912.0,1004.0],[911.0,1004.0],[911.0,1006.0],[906.0,1006.0],[906.0,1007.0],[902.0,1008.0],[902.0,1012.0],[900.0,1013.0],[900.0,1015.0],[899.0,1015.0],[899.0,1017.0],[898.0,1017.0],[898.0,1020.0],[897.0,1020.0],[897.0,1022.0],[896.0,1022.0],[896.0,1023.0],[895.0,1023.0],[895.0,1024.0],[893.0,1025.0],[893.0,1029.0],[892.0,1029.0],[892.0,1032.0],[891.0,1032.0],[891.0,1034.0],[890.0,1034.0],[890.0,1039.0],[891.0,1039.0],[891.0,1040.0],[893.0,1041.0],[893.0,1043.0],[894.0,1043.0],[894.0,1051.0],[892.0,1052.0],[892.0,1054.0],[891.0,1054.0],[891.0,1055.0],[889.0,1055.0],[889.0,1057.0],[888.0,1057.0],[888.0,1061.0],[887.0,1061.0],[886.0,1063.0],[882.0,1063.0],[882.0,1062.0],[881.0,1062.0],[881.0,1060.0],[879.0,1060.0],[879.0,1061.0],[874.0,1061.0],[874.0,1060.0],[867.0,1060.0],[867.0,1059.0]],[[900.0,954.0],[900.0,953.0],[899.0,953.0],[899.0,954.0],[900.0,954.0]],[[899.0,955.0],[899.0,954.0],[898.0,954.0],[898.0,955.0],[899.0,955.0]],[[898.0,956.0],[898.0,955.0],[896.0,955.0],[896.0,956.0],[895.0,956.0],[895.0,958.0],[897.0,957.0],[897.0,956.0],[898.0,956.0]],[[858.0,1043.0],[858.0,1044.0],[859.0,1044.0],[859.0,1043.0],[858.0,1043.0]],[[862.0,1041.0],[862.0,1040.0],[861.0,1040.0],[861.0,1041.0],[862.0,1041.0]]],[[[779.0,1035.0],[779.0,1034.0],[775.0,1034.0],[775.0,1033.0],[773.0,1033.0],[773.0,1029.0],[774.0,1029.0],[775.0,1027.0],[779.0,1027.0],[779.0,1026.0],[780.0,1026.0],[780.0,1025.0],[782.0,1024.0],[782.0,1022.0],[788.0,1023.0],[788.0,1024.0],[790.0,1024.0],[790.0,1025.0],[791.0,1025.0],[792.0,1027.0],[794.0,1027.0],[794.0,1026.0],[799.0,1026.0],[799.0,1027.0],[800.0,1027.0],[800.0,1032.0],[801.0,1032.0],[801.0,1035.0],[802.0,1035.0],[802.0,1036.0],[804.0,1037.0],[804.0,1041.0],[799.0,1041.0],[799.0,1040.0],[798.0,1040.0],[798.0,1039.0],[796.0,1039.0],[796.0,1038.0],[787.0,1038.0],[787.0,1036.0],[786.0,1036.0],[786.0,1035.0],[779.0,1035.0]]],[[[809.0,1063.0],[808.0,1063.0],[808.0,1061.0],[807.0,1061.0],[807.0,1059.0],[803.0,1058.0],[803.0,1053.0],[804.0,1053.0],[805.0,1051.0],[807.0,1051.0],[807.0,1050.0],[810.0,1050.0],[810.0,1051.0],[811.0,1051.0],[811.0,1057.0],[812.0,1057.0],[812.0,1059.0],[813.0,1059.0],[813.0,1061.0],[814.0,1061.0],[814.0,1064.0],[809.0,1064.0],[809.0,1063.0]]],[[[860.0,1066.0],[845.0,1065.0],[845.0,1064.0],[844.0,1064.0],[844.0,1061.0],[843.0,1061.0],[843.0,1057.0],[845.0,1057.0],[845.0,1056.0],[846.0,1056.0],[846.0,1054.0],[849.0,1054.0],[849.0,1055.0],[850.0,1055.0],[850.0,1058.0],[852.0,1058.0],[852.0,1059.0],[853.0,1059.0],[854.0,1061.0],[856.0,1061.0],[856.0,1062.0],[860.0,1062.0],[860.0,1066.0]]],[[[1261.0,110.0],[1262.0,106.0],[1263.0,106.0],[1263.0,98.0],[1265.0,97.0],[1265.0,92.0],[1266.0,92.0],[1266.0,90.0],[1267.0,90.0],[1267.0,89.0],[1268.0,89.0],[1268.0,69.0],[1269.0,69.0],[1269.0,68.0],[1268.0,68.0],[1268.0,67.0],[1269.0,67.0],[1269.0,66.0],[1268.0,66.0],[1268.0,63.0],[1270.0,62.0],[1270.0,59.0],[1268.0,59.0],[1268.0,58.0],[1267.0,58.0],[1267.0,54.0],[1268.0,54.0],[1268.0,53.0],[1270.0,53.0],[1270.0,52.0],[1273.0,52.0],[1273.0,51.0],[1272.0,51.0],[1272.0,46.0],[1273.0,46.0],[1273.0,40.0],[1274.0,40.0],[1274.0,38.0],[1275.0,38.0],[1275.0,37.0],[1276.0,37.0],[1276.0,36.0],[1277.0,36.0],[1278.0,34.0],[1283.0,34.0],[1283.0,33.0],[1285.0,33.0],[1285.0,32.0],[1288.0,32.0],[1289.0,34.0],[1291.0,34.0],[1291.0,35.0],[1292.0,35.0],[1292.0,38.0],[1291.0,38.0],[1291.0,39.0],[1289.0,40.0],[1289.0,44.0],[1288.0,44.0],[1288.0,45.0],[1285.0,45.0],[1284.0,47.0],[1287.0,47.0],[1287.0,46.0],[1289.0,46.0],[1289.0,45.0],[1292.0,45.0],[1292.0,46.0],[1294.0,46.0],[1295.0,48.0],[1297.0,48.0],[1297.0,49.0],[1300.0,49.0],[1300.0,50.0],[1301.0,50.0],[1301.0,54.0],[1299.0,55.0],[1299.0,58.0],[1301.0,58.0],[1301.0,59.0],[1302.0,59.0],[1302.0,61.0],[1303.0,61.0],[1303.0,60.0],[1314.0,60.0],[1314.0,61.0],[1316.0,62.0],[1316.0,64.0],[1322.0,64.0],[1323.0,66.0],[1327.0,66.0],[1327.0,67.0],[1328.0,67.0],[1328.0,72.0],[1329.0,72.0],[1329.0,71.0],[1333.0,71.0],[1333.0,72.0],[1335.0,73.0],[1336.0,77.0],[1340.0,77.0],[1340.0,78.0],[1343.0,78.0],[1343.0,79.0],[1344.0,79.0],[1344.0,83.0],[1343.0,83.0],[1343.0,84.0],[1341.0,84.0],[1341.0,85.0],[1339.0,85.0],[1339.0,86.0],[1336.0,86.0],[1336.0,85.0],[1332.0,85.0],[1332.0,84.0],[1326.0,84.0],[1326.0,83.0],[1324.0,83.0],[1323.0,81.0],[1321.0,81.0],[1321.0,80.0],[1320.0,80.0],[1320.0,79.0],[1318.0,78.0],[1319.0,82.0],[1321.0,83.0],[1321.0,86.0],[1320.0,86.0],[1320.0,87.0],[1318.0,88.0],[1318.0,90.0],[1316.0,90.0],[1316.0,91.0],[1314.0,91.0],[1314.0,92.0],[1310.0,92.0],[1310.0,93.0],[1312.0,94.0],[1312.0,97.0],[1313.0,97.0],[1313.0,96.0],[1315.0,96.0],[1315.0,95.0],[1319.0,95.0],[1319.0,96.0],[1320.0,96.0],[1320.0,97.0],[1322.0,98.0],[1322.0,101.0],[1321.0,101.0],[1321.0,102.0],[1320.0,102.0],[1320.0,103.0],[1319.0,103.0],[1318.0,105.0],[1316.0,105.0],[1316.0,106.0],[1314.0,106.0],[1314.0,107.0],[1313.0,107.0],[1313.0,112.0],[1314.0,112.0],[1314.0,114.0],[1315.0,114.0],[1315.0,117.0],[1314.0,117.0],[1313.0,119.0],[1310.0,119.0],[1311.0,121.0],[1312.0,121.0],[1312.0,122.0],[1315.0,122.0],[1316.0,124.0],[1317.0,124.0],[1317.0,127.0],[1318.0,127.0],[1318.0,129.0],[1319.0,129.0],[1319.0,132.0],[1320.0,132.0],[1320.0,135.0],[1316.0,137.0],[1317.0,139.0],[1318.0,139.0],[1318.0,141.0],[1319.0,141.0],[1319.0,146.0],[1317.0,147.0],[1317.0,148.0],[1316.0,148.0],[1316.0,149.0],[1315.0,149.0],[1315.0,151.0],[1316.0,151.0],[1316.0,150.0],[1321.0,150.0],[1322.0,152.0],[1323.0,152.0],[1323.0,153.0],[1324.0,153.0],[1325.0,157.0],[1327.0,157.0],[1327.0,158.0],[1329.0,158.0],[1330.0,156.0],[1332.0,156.0],[1332.0,155.0],[1336.0,155.0],[1337.0,157.0],[1338.0,157.0],[1338.0,163.0],[1339.0,163.0],[1339.0,172.0],[1338.0,172.0],[1338.0,173.0],[1335.0,173.0],[1334.0,171.0],[1333.0,171.0],[1333.0,170.0],[1327.0,170.0],[1327.0,171.0],[1326.0,171.0],[1326.0,174.0],[1324.0,175.0],[1324.0,176.0],[1323.0,176.0],[1323.0,177.0],[1319.0,177.0],[1319.0,176.0],[1317.0,176.0],[1317.0,175.0],[1316.0,175.0],[1316.0,174.0],[1312.0,174.0],[1311.0,172.0],[1310.0,172.0],[1310.0,171.0],[1304.0,171.0],[1304.0,170.0],[1301.0,170.0],[1300.0,168.0],[1299.0,168.0],[1299.0,167.0],[1298.0,167.0],[1298.0,166.0],[1297.0,166.0],[1297.0,163.0],[1295.0,163.0],[1295.0,164.0],[1294.0,164.0],[1294.0,168.0],[1292.0,169.0],[1292.0,170.0],[1290.0,170.0],[1290.0,171.0],[1282.0,171.0],[1282.0,170.0],[1280.0,170.0],[1279.0,172.0],[1277.0,172.0],[1277.0,173.0],[1276.0,173.0],[1276.0,175.0],[1274.0,175.0],[1274.0,176.0],[1269.0,176.0],[1269.0,175.0],[1266.0,175.0],[1266.0,174.0],[1264.0,174.0],[1263.0,172.0],[1262.0,172.0],[1262.0,171.0],[1259.0,171.0],[1259.0,170.0],[1258.0,170.0],[1258.0,163.0],[1257.0,163.0],[1257.0,161.0],[1256.0,161.0],[1256.0,159.0],[1255.0,159.0],[1255.0,157.0],[1253.0,156.0],[1252.0,152.0],[1250.0,151.0],[1250.0,150.0],[1249.0,150.0],[1249.0,147.0],[1250.0,147.0],[1250.0,145.0],[1252.0,145.0],[1252.0,144.0],[1255.0,144.0],[1255.0,145.0],[1257.0,145.0],[1257.0,146.0],[1258.0,146.0],[1258.0,143.0],[1260.0,142.0],[1260.0,141.0],[1262.0,141.0],[1263.0,139.0],[1264.0,139.0],[1264.0,138.0],[1265.0,138.0],[1265.0,137.0],[1267.0,137.0],[1267.0,136.0],[1273.0,136.0],[1273.0,135.0],[1271.0,134.0],[1271.0,133.0],[1267.0,133.0],[1267.0,132.0],[1265.0,132.0],[1265.0,131.0],[1263.0,131.0],[1263.0,130.0],[1261.0,130.0],[1260.0,128.0],[1259.0,128.0],[1259.0,123.0],[1258.0,123.0],[1258.0,124.0],[1256.0,124.0],[1256.0,125.0],[1251.0,125.0],[1251.0,124.0],[1249.0,124.0],[1249.0,123.0],[1248.0,123.0],[1248.0,119.0],[1249.0,119.0],[1249.0,118.0],[1254.0,118.0],[1255.0,116.0],[1256.0,116.0],[1256.0,115.0],[1257.0,115.0],[1257.0,114.0],[1258.0,114.0],[1258.0,113.0],[1259.0,113.0],[1259.0,111.0],[1261.0,110.0]],[[1309.0,119.0],[1310.0,119.0],[1310.0,118.0],[1309.0,118.0],[1309.0,119.0]],[[1312.0,98.0],[1312.0,97.0],[1311.0,97.0],[1311.0,98.0],[1312.0,98.0]]],[[[1329.0,295.0],[1328.0,295.0],[1328.0,291.0],[1327.0,291.0],[1327.0,290.0],[1323.0,290.0],[1323.0,284.0],[1325.0,283.0],[1325.0,278.0],[1326.0,278.0],[1326.0,277.0],[1331.0,277.0],[1331.0,279.0],[1332.0,279.0],[1332.0,280.0],[1333.0,280.0],[1334.0,282.0],[1336.0,282.0],[1336.0,281.0],[1337.0,281.0],[1337.0,279.0],[1338.0,279.0],[1338.0,275.0],[1340.0,274.0],[1340.0,270.0],[1338.0,270.0],[1338.0,262.0],[1342.0,262.0],[1343.0,260.0],[1350.0,260.0],[1350.0,259.0],[1354.0,259.0],[1354.0,265.0],[1352.0,266.0],[1352.0,268.0],[1355.0,268.0],[1355.0,267.0],[1357.0,267.0],[1357.0,266.0],[1366.0,266.0],[1366.0,267.0],[1367.0,267.0],[1368.0,263.0],[1372.0,263.0],[1372.0,264.0],[1373.0,264.0],[1373.0,266.0],[1374.0,266.0],[1374.0,267.0],[1375.0,267.0],[1376.0,269.0],[1383.0,269.0],[1383.0,276.0],[1382.0,276.0],[1382.0,278.0],[1384.0,278.0],[1384.0,279.0],[1386.0,279.0],[1386.0,280.0],[1388.0,280.0],[1388.0,281.0],[1390.0,282.0],[1390.0,285.0],[1389.0,285.0],[1389.0,286.0],[1384.0,286.0],[1384.0,285.0],[1383.0,285.0],[1383.0,286.0],[1376.0,286.0],[1376.0,285.0],[1366.0,285.0],[1366.0,282.0],[1365.0,282.0],[1364.0,280.0],[1361.0,280.0],[1361.0,281.0],[1353.0,281.0],[1353.0,280.0],[1351.0,280.0],[1351.0,284.0],[1353.0,284.0],[1353.0,285.0],[1362.0,285.0],[1362.0,286.0],[1367.0,286.0],[1368.0,288.0],[1371.0,288.0],[1371.0,289.0],[1373.0,289.0],[1373.0,293.0],[1366.0,293.0],[1366.0,292.0],[1364.0,292.0],[1364.0,294.0],[1366.0,295.0],[1366.0,300.0],[1356.0,300.0],[1355.0,298.0],[1352.0,298.0],[1352.0,297.0],[1351.0,297.0],[1350.0,295.0],[1348.0,295.0],[1348.0,293.0],[1347.0,293.0],[1347.0,292.0],[1341.0,292.0],[1341.0,291.0],[1339.0,291.0],[1339.0,292.0],[1338.0,292.0],[1338.0,294.0],[1336.0,294.0],[1336.0,295.0],[1334.0,295.0],[1334.0,296.0],[1329.0,296.0],[1329.0,295.0]]],[[[1225.0,303.0],[1224.0,303.0],[1224.0,302.0],[1222.0,301.0],[1222.0,299.0],[1220.0,299.0],[1220.0,296.0],[1227.0,296.0],[1227.0,295.0],[1228.0,295.0],[1228.0,291.0],[1226.0,291.0],[1226.0,288.0],[1225.0,288.0],[1225.0,286.0],[1224.0,286.0],[1224.0,280.0],[1222.0,280.0],[1222.0,275.0],[1224.0,275.0],[1224.0,274.0],[1228.0,274.0],[1228.0,272.0],[1229.0,272.0],[1229.0,269.0],[1228.0,269.0],[1228.0,265.0],[1230.0,265.0],[1230.0,263.0],[1231.0,263.0],[1231.0,260.0],[1232.0,260.0],[1233.0,258.0],[1236.0,258.0],[1236.0,253.0],[1238.0,253.0],[1238.0,250.0],[1241.0,250.0],[1241.0,249.0],[1243.0,249.0],[1243.0,244.0],[1242.0,244.0],[1242.0,243.0],[1241.0,243.0],[1241.0,242.0],[1239.0,241.0],[1239.0,237.0],[1241.0,237.0],[1241.0,236.0],[1244.0,236.0],[1244.0,237.0],[1245.0,237.0],[1245.0,236.0],[1247.0,236.0],[1247.0,234.0],[1250.0,234.0],[1250.0,233.0],[1251.0,233.0],[1251.0,232.0],[1252.0,232.0],[1252.0,231.0],[1253.0,231.0],[1254.0,229.0],[1257.0,229.0],[1257.0,236.0],[1256.0,236.0],[1256.0,239.0],[1258.0,239.0],[1258.0,242.0],[1257.0,242.0],[1257.0,243.0],[1258.0,243.0],[1258.0,245.0],[1259.0,245.0],[1259.0,246.0],[1267.0,246.0],[1267.0,249.0],[1269.0,249.0],[1269.0,253.0],[1268.0,253.0],[1268.0,255.0],[1269.0,255.0],[1269.0,254.0],[1271.0,254.0],[1271.0,253.0],[1273.0,253.0],[1273.0,252.0],[1276.0,252.0],[1276.0,251.0],[1279.0,251.0],[1279.0,250.0],[1281.0,250.0],[1281.0,249.0],[1283.0,248.0],[1283.0,246.0],[1288.0,246.0],[1288.0,250.0],[1287.0,250.0],[1286.0,254.0],[1289.0,254.0],[1289.0,253.0],[1294.0,253.0],[1294.0,255.0],[1295.0,255.0],[1296.0,257.0],[1298.0,257.0],[1299.0,255.0],[1301.0,255.0],[1301.0,254.0],[1302.0,254.0],[1302.0,251.0],[1303.0,251.0],[1303.0,246.0],[1309.0,246.0],[1309.0,248.0],[1310.0,248.0],[1310.0,250.0],[1311.0,250.0],[1312.0,252.0],[1316.0,251.0],[1316.0,249.0],[1317.0,249.0],[1317.0,248.0],[1319.0,248.0],[1320.0,246.0],[1326.0,246.0],[1326.0,250.0],[1324.0,250.0],[1324.0,252.0],[1321.0,252.0],[1321.0,253.0],[1320.0,253.0],[1320.0,255.0],[1319.0,255.0],[1319.0,257.0],[1320.0,257.0],[1320.0,260.0],[1319.0,260.0],[1319.0,262.0],[1315.0,263.0],[1314.0,265.0],[1310.0,265.0],[1310.0,264.0],[1308.0,264.0],[1308.0,262.0],[1307.0,262.0],[1307.0,264.0],[1306.0,264.0],[1306.0,265.0],[1308.0,265.0],[1308.0,268.0],[1307.0,268.0],[1307.0,270.0],[1308.0,270.0],[1308.0,273.0],[1306.0,273.0],[1306.0,274.0],[1307.0,274.0],[1307.0,280.0],[1309.0,280.0],[1309.0,281.0],[1312.0,281.0],[1312.0,284.0],[1311.0,284.0],[1311.0,285.0],[1308.0,285.0],[1308.0,290.0],[1309.0,290.0],[1309.0,292.0],[1311.0,293.0],[1311.0,296.0],[1310.0,296.0],[1310.0,298.0],[1309.0,298.0],[1309.0,305.0],[1307.0,305.0],[1307.0,307.0],[1304.0,307.0],[1304.0,308.0],[1302.0,309.0],[1303.0,311.0],[1304.0,311.0],[1305.0,309.0],[1307.0,309.0],[1307.0,308.0],[1314.0,308.0],[1314.0,307.0],[1318.0,307.0],[1318.0,308.0],[1323.0,308.0],[1323.0,309.0],[1324.0,309.0],[1324.0,308.0],[1333.0,308.0],[1333.0,307.0],[1334.0,307.0],[1334.0,306.0],[1335.0,306.0],[1335.0,305.0],[1336.0,305.0],[1337.0,303.0],[1343.0,303.0],[1343.0,304.0],[1344.0,304.0],[1344.0,305.0],[1345.0,305.0],[1346.0,307.0],[1350.0,308.0],[1350.0,309.0],[1351.0,309.0],[1351.0,311.0],[1352.0,311.0],[1353.0,313.0],[1355.0,313.0],[1355.0,311.0],[1356.0,311.0],[1356.0,309.0],[1357.0,309.0],[1357.0,308.0],[1362.0,308.0],[1362.0,309.0],[1364.0,309.0],[1364.0,310.0],[1365.0,310.0],[1365.0,318.0],[1367.0,318.0],[1367.0,319.0],[1371.0,319.0],[1372.0,321.0],[1374.0,321.0],[1374.0,324.0],[1370.0,324.0],[1370.0,325.0],[1367.0,325.0],[1366.0,323.0],[1362.0,323.0],[1362.0,324.0],[1360.0,324.0],[1360.0,325.0],[1359.0,325.0],[1359.0,328.0],[1360.0,328.0],[1361.0,330.0],[1362.0,330.0],[1362.0,329.0],[1368.0,329.0],[1368.0,332.0],[1367.0,332.0],[1367.0,333.0],[1365.0,333.0],[1365.0,334.0],[1363.0,334.0],[1363.0,335.0],[1361.0,335.0],[1361.0,336.0],[1357.0,336.0],[1357.0,335.0],[1355.0,335.0],[1354.0,333.0],[1350.0,332.0],[1350.0,331.0],[1349.0,331.0],[1349.0,330.0],[1347.0,329.0],[1347.0,326.0],[1346.0,326.0],[1346.0,322.0],[1345.0,322.0],[1345.0,323.0],[1343.0,324.0],[1343.0,329.0],[1338.0,329.0],[1338.0,328.0],[1337.0,328.0],[1337.0,327.0],[1335.0,326.0],[1335.0,324.0],[1334.0,324.0],[1334.0,325.0],[1333.0,325.0],[1333.0,327.0],[1332.0,327.0],[1332.0,331.0],[1329.0,331.0],[1327.0,335.0],[1324.0,335.0],[1324.0,334.0],[1322.0,334.0],[1322.0,335.0],[1318.0,335.0],[1318.0,334.0],[1317.0,334.0],[1317.0,333.0],[1315.0,333.0],[1314.0,331.0],[1313.0,331.0],[1313.0,332.0],[1311.0,332.0],[1311.0,333.0],[1308.0,333.0],[1308.0,332.0],[1304.0,332.0],[1304.0,331.0],[1298.0,332.0],[1298.0,331.0],[1296.0,331.0],[1296.0,330.0],[1292.0,329.0],[1292.0,325.0],[1290.0,324.0],[1290.0,321.0],[1288.0,321.0],[1288.0,322.0],[1285.0,322.0],[1285.0,323.0],[1282.0,323.0],[1282.0,322.0],[1281.0,322.0],[1281.0,320.0],[1280.0,320.0],[1280.0,322.0],[1275.0,322.0],[1275.0,323.0],[1270.0,323.0],[1270.0,324.0],[1265.0,324.0],[1265.0,325.0],[1261.0,325.0],[1261.0,324.0],[1259.0,323.0],[1259.0,318.0],[1258.0,318.0],[1258.0,315.0],[1259.0,315.0],[1259.0,310.0],[1260.0,310.0],[1260.0,309.0],[1262.0,309.0],[1261.0,307.0],[1260.0,307.0],[1259.0,309.0],[1254.0,309.0],[1254.0,307.0],[1253.0,307.0],[1253.0,306.0],[1251.0,306.0],[1251.0,305.0],[1250.0,305.0],[1250.0,303.0],[1249.0,303.0],[1248.0,301.0],[1246.0,301.0],[1246.0,302.0],[1245.0,302.0],[1245.0,303.0],[1243.0,304.0],[1243.0,306.0],[1237.0,306.0],[1237.0,308.0],[1232.0,308.0],[1232.0,307.0],[1231.0,307.0],[1230.0,305.0],[1228.0,305.0],[1228.0,304.0],[1225.0,304.0],[1225.0,303.0]]],[[[1669.0,291.0],[1668.0,289.0],[1666.0,289.0],[1666.0,287.0],[1664.0,286.0],[1664.0,283.0],[1670.0,283.0],[1670.0,284.0],[1672.0,284.0],[1672.0,285.0],[1680.0,284.0],[1680.0,285.0],[1681.0,285.0],[1681.0,288.0],[1680.0,288.0],[1680.0,293.0],[1678.0,293.0],[1678.0,294.0],[1675.0,294.0],[1675.0,293.0],[1673.0,293.0],[1673.0,292.0],[1670.0,292.0],[1670.0,291.0],[1669.0,291.0]]],[[[1181.0,302.0],[1177.0,302.0],[1177.0,303.0],[1175.0,303.0],[1175.0,304.0],[1166.0,304.0],[1166.0,301.0],[1167.0,301.0],[1167.0,300.0],[1169.0,299.0],[1170.0,295.0],[1175.0,295.0],[1175.0,294.0],[1176.0,294.0],[1177.0,292.0],[1179.0,292.0],[1179.0,291.0],[1181.0,290.0],[1181.0,288.0],[1179.0,287.0],[1179.0,283.0],[1180.0,283.0],[1180.0,277.0],[1181.0,277.0],[1181.0,276.0],[1187.0,276.0],[1188.0,278.0],[1193.0,278.0],[1194.0,276.0],[1199.0,276.0],[1199.0,275.0],[1200.0,275.0],[1200.0,273.0],[1204.0,273.0],[1204.0,279.0],[1203.0,279.0],[1203.0,280.0],[1202.0,280.0],[1201.0,282.0],[1199.0,282.0],[1199.0,283.0],[1195.0,283.0],[1195.0,286.0],[1200.0,286.0],[1200.0,287.0],[1202.0,287.0],[1202.0,291.0],[1203.0,291.0],[1203.0,293.0],[1204.0,293.0],[1204.0,296.0],[1205.0,296.0],[1205.0,297.0],[1207.0,297.0],[1207.0,298.0],[1208.0,298.0],[1208.0,299.0],[1209.0,299.0],[1209.0,300.0],[1210.0,300.0],[1211.0,302.0],[1213.0,302.0],[1213.0,303.0],[1214.0,303.0],[1214.0,308.0],[1208.0,308.0],[1208.0,307.0],[1206.0,307.0],[1205.0,305.0],[1198.0,305.0],[1198.0,304.0],[1194.0,303.0],[1193.0,301.0],[1190.0,301.0],[1190.0,300.0],[1189.0,300.0],[1189.0,297.0],[1187.0,297.0],[1186.0,299.0],[1183.0,299.0],[1183.0,300.0],[1182.0,300.0],[1181.0,302.0]]],[[[1054.0,335.0],[1053.0,335.0],[1053.0,333.0],[1052.0,333.0],[1052.0,332.0],[1050.0,331.0],[1050.0,322.0],[1051.0,322.0],[1051.0,321.0],[1055.0,321.0],[1055.0,320.0],[1058.0,320.0],[1058.0,322.0],[1059.0,322.0],[1059.0,324.0],[1060.0,324.0],[1060.0,328.0],[1058.0,329.0],[1058.0,333.0],[1059.0,333.0],[1059.0,335.0],[1060.0,335.0],[1060.0,337.0],[1061.0,337.0],[1061.0,341.0],[1060.0,341.0],[1060.0,346.0],[1056.0,346.0],[1054.0,335.0]]],[[[1800.0,378.0],[1800.0,374.0],[1799.0,374.0],[1798.0,372.0],[1790.0,373.0],[1790.0,366.0],[1792.0,365.0],[1792.0,363.0],[1793.0,363.0],[1793.0,362.0],[1796.0,362.0],[1796.0,361.0],[1801.0,361.0],[1801.0,355.0],[1802.0,355.0],[1802.0,353.0],[1803.0,353.0],[1803.0,352.0],[1805.0,351.0],[1805.0,349.0],[1806.0,349.0],[1806.0,343.0],[1807.0,343.0],[1807.0,342.0],[1809.0,342.0],[1810.0,340.0],[1813.0,340.0],[1813.0,339.0],[1816.0,339.0],[1816.0,340.0],[1819.0,340.0],[1819.0,341.0],[1820.0,341.0],[1820.0,345.0],[1819.0,345.0],[1819.0,346.0],[1817.0,347.0],[1817.0,350.0],[1816.0,350.0],[1816.0,352.0],[1815.0,352.0],[1815.0,353.0],[1814.0,353.0],[1813.0,355.0],[1809.0,355.0],[1809.0,356.0],[1808.0,356.0],[1808.0,358.0],[1806.0,359.0],[1806.0,364.0],[1805.0,364.0],[1805.0,368.0],[1806.0,368.0],[1806.0,369.0],[1808.0,369.0],[1809.0,367.0],[1816.0,367.0],[1816.0,368.0],[1818.0,368.0],[1818.0,372.0],[1820.0,372.0],[1820.0,373.0],[1821.0,373.0],[1821.0,378.0],[1820.0,378.0],[1820.0,380.0],[1815.0,380.0],[1815.0,379.0],[1813.0,379.0],[1813.0,380.0],[1811.0,381.0],[1811.0,386.0],[1810.0,386.0],[1810.0,388.0],[1808.0,389.0],[1808.0,391.0],[1805.0,391.0],[1805.0,390.0],[1804.0,390.0],[1804.0,383.0],[1805.0,383.0],[1805.0,380.0],[1804.0,380.0],[1804.0,379.0],[1801.0,379.0],[1801.0,378.0],[1800.0,378.0]]],[[[1047.0,378.0],[1046.0,378.0],[1046.0,376.0],[1045.0,376.0],[1045.0,374.0],[1044.0,374.0],[1044.0,368.0],[1046.0,367.0],[1046.0,365.0],[1049.0,365.0],[1049.0,366.0],[1050.0,366.0],[1050.0,371.0],[1051.0,371.0],[1052.0,373.0],[1054.0,373.0],[1054.0,374.0],[1055.0,374.0],[1055.0,375.0],[1057.0,376.0],[1057.0,380.0],[1055.0,380.0],[1055.0,381.0],[1053.0,381.0],[1053.0,382.0],[1049.0,382.0],[1049.0,381.0],[1047.0,381.0],[1047.0,378.0]]],[[[1833.0,390.0],[1831.0,391.0],[1831.0,394.0],[1830.0,394.0],[1830.0,395.0],[1826.0,395.0],[1826.0,386.0],[1827.0,386.0],[1827.0,384.0],[1828.0,384.0],[1828.0,383.0],[1829.0,383.0],[1829.0,382.0],[1831.0,381.0],[1831.0,378.0],[1832.0,378.0],[1832.0,377.0],[1834.0,377.0],[1834.0,376.0],[1839.0,376.0],[1839.0,380.0],[1838.0,380.0],[1838.0,382.0],[1837.0,382.0],[1837.0,383.0],[1835.0,384.0],[1835.0,386.0],[1834.0,386.0],[1833.0,390.0]]],[[[1696.0,292.0],[1696.0,291.0],[1694.0,290.0],[1694.0,288.0],[1693.0,288.0],[1693.0,277.0],[1695.0,277.0],[1695.0,275.0],[1696.0,275.0],[1696.0,274.0],[1697.0,274.0],[1697.0,272.0],[1698.0,272.0],[1703.0,272.0],[1704.0,272.0],[1704.0,273.0],[1706.0,273.0],[1707.0,275.0],[1711.0,275.0],[1711.0,276.0],[1712.0,276.0],[1712.0,275.0],[1715.0,275.0],[1716.0,275.0],[1716.0,274.0],[1720.0,274.0],[1723.0,274.0],[1723.0,275.0],[1726.0,275.0],[1726.0,276.0],[1728.0,276.0],[1728.0,280.0],[1727.0,280.0],[1727.0,281.0],[1725.0,282.0],[1725.0,285.0],[1726.0,285.0],[1726.0,287.0],[1727.0,287.0],[1727.0,288.0],[1731.0,288.0],[1731.0,287.0],[1732.0,287.0],[1732.0,285.0],[1733.0,285.0],[1733.0,284.0],[1733.0,282.0],[1734.0,282.0],[1734.0,281.0],[1735.0,281.0],[1735.0,280.0],[1739.0,280.0],[1739.0,281.0],[1744.0,281.0],[1746.0,281.0],[1746.0,282.0],[1747.0,282.0],[1748.0,282.0],[1748.0,283.0],[1749.0,283.0],[1751.0,283.0],[1751.0,284.0],[1753.0,284.0],[1753.0,285.0],[1755.0,285.0],[1755.0,286.0],[1757.0,287.0],[1757.0,288.0],[1758.0,288.0],[1759.0,288.0],[1759.0,289.0],[1761.0,290.0],[1761.0,292.0],[1761.0,294.0],[1760.0,294.0],[1760.0,295.0],[1761.0,295.0],[1761.0,297.0],[1764.0,297.0],[1764.0,298.0],[1765.0,298.0],[1770.0,298.0],[1770.0,299.0],[1774.0,299.0],[1774.0,298.0],[1775.0,298.0],[1778.0,298.0],[1778.0,297.0],[1781.0,297.0],[1781.0,296.0],[1785.0,296.0],[1785.0,295.0],[1788.0,295.0],[1788.0,296.0],[1792.0,296.0],[1793.0,296.0],[1794.0,298.0],[1794.0,300.0],[1796.0,300.0],[1797.0,302.0],[1799.0,302.0],[1799.0,303.0],[1801.0,303.0],[1801.0,304.0],[1804.0,304.0],[1804.0,305.0],[1805.0,305.0],[1809.0,306.0],[1809.0,307.0],[1811.0,308.0],[1812.0,312.0],[1814.0,313.0],[1814.0,314.0],[1816.0,315.0],[1816.0,316.0],[1816.0,318.0],[1815.0,318.0],[1815.0,319.0],[1812.0,319.0],[1811.0,321.0],[1809.0,321.0],[1809.0,323.0],[1811.0,323.0],[1811.0,324.0],[1812.0,324.0],[1812.0,329.0],[1810.0,329.0],[1809.0,331.0],[1808.0,331.0],[1808.0,332.0],[1807.0,332.0],[1807.0,334.0],[1805.0,335.0],[1805.0,339.0],[1803.0,340.0],[1803.0,343.0],[1801.0,343.0],[1800.0,347.0],[1798.0,348.0],[1798.0,349.0],[1797.0,349.0],[1797.0,350.0],[1793.0,351.0],[1793.0,352.0],[1791.0,352.0],[1791.0,354.0],[1789.0,355.0],[1789.0,356.0],[1787.0,356.0],[1787.0,357.0],[1786.0,357.0],[1785.0,361.0],[1784.0,361.0],[1784.0,366.0],[1782.0,366.0],[1782.0,367.0],[1783.0,367.0],[1783.0,370.0],[1782.0,370.0],[1782.0,374.0],[1783.0,374.0],[1783.0,375.0],[1785.0,375.0],[1785.0,377.0],[1786.0,377.0],[1786.0,382.0],[1785.0,382.0],[1785.0,386.0],[1787.0,387.0],[1787.0,388.0],[1788.0,388.0],[1788.0,389.0],[1789.0,389.0],[1789.0,390.0],[1790.0,390.0],[1790.0,391.0],[1792.0,391.0],[1793.0,393.0],[1794.0,393.0],[1794.0,394.0],[1795.0,394.0],[1795.0,395.0],[1796.0,395.0],[1796.0,396.0],[1797.0,396.0],[1797.0,397.0],[1799.0,397.0],[1799.0,400.0],[1800.0,400.0],[1800.0,404.0],[1794.0,404.0],[1794.0,411.0],[1790.0,412.0],[1790.0,419.0],[1788.0,419.0],[1788.0,421.0],[1786.0,422.0],[1786.0,423.0],[1785.0,423.0],[1785.0,424.0],[1780.0,424.0],[1779.0,422.0],[1778.0,422.0],[1778.0,420.0],[1777.0,420.0],[1777.0,419.0],[1775.0,419.0],[1774.0,417.0],[1773.0,417.0],[1773.0,416.0],[1769.0,416.0],[1769.0,415.0],[1768.0,415.0],[1768.0,416.0],[1767.0,416.0],[1767.0,418.0],[1763.0,418.0],[1763.0,416.0],[1762.0,416.0],[1762.0,417.0],[1761.0,417.0],[1761.0,420.0],[1760.0,420.0],[1760.0,424.0],[1759.0,424.0],[1759.0,428.0],[1758.0,428.0],[1758.0,431.0],[1756.0,431.0],[1756.0,433.0],[1757.0,433.0],[1757.0,434.0],[1759.0,434.0],[1759.0,438.0],[1756.0,438.0],[1755.0,440.0],[1754.0,440.0],[1754.0,442.0],[1751.0,442.0],[1751.0,443.0],[1743.0,443.0],[1743.0,442.0],[1741.0,442.0],[1741.0,441.0],[1740.0,441.0],[1740.0,439.0],[1739.0,439.0],[1739.0,436.0],[1737.0,435.0],[1737.0,433.0],[1735.0,433.0],[1735.0,431.0],[1732.0,431.0],[1732.0,430.0],[1731.0,430.0],[1731.0,436.0],[1730.0,436.0],[1730.0,438.0],[1726.0,438.0],[1726.0,437.0],[1724.0,437.0],[1724.0,435.0],[1722.0,434.0],[1722.0,432.0],[1719.0,432.0],[1719.0,435.0],[1717.0,435.0],[1717.0,445.0],[1719.0,445.0],[1720.0,447.0],[1722.0,447.0],[1722.0,450.0],[1718.0,451.0],[1718.0,452.0],[1716.0,452.0],[1716.0,457.0],[1715.0,457.0],[1715.0,466.0],[1714.0,466.0],[1714.0,473.0],[1716.0,473.0],[1716.0,475.0],[1718.0,475.0],[1718.0,483.0],[1717.0,483.0],[1717.0,486.0],[1713.0,486.0],[1713.0,482.0],[1709.0,481.0],[1708.0,479.0],[1706.0,479.0],[1706.0,478.0],[1705.0,478.0],[1705.0,477.0],[1700.0,477.0],[1700.0,478.0],[1693.0,478.0],[1693.0,479.0],[1691.0,479.0],[1691.0,480.0],[1690.0,480.0],[1690.0,482.0],[1689.0,482.0],[1689.0,484.0],[1686.0,484.0],[1686.0,487.0],[1684.0,487.0],[1684.0,489.0],[1680.0,489.0],[1680.0,488.0],[1679.0,488.0],[1679.0,486.0],[1677.0,486.0],[1677.0,487.0],[1676.0,487.0],[1676.0,491.0],[1677.0,491.0],[1677.0,494.0],[1675.0,494.0],[1675.0,496.0],[1676.0,496.0],[1676.0,499.0],[1677.0,499.0],[1677.0,501.0],[1679.0,502.0],[1679.0,503.0],[1681.0,503.0],[1681.0,508.0],[1679.0,508.0],[1679.0,513.0],[1680.0,513.0],[1680.0,514.0],[1682.0,514.0],[1682.0,519.0],[1680.0,520.0],[1679.0,524.0],[1676.0,524.0],[1675.0,522.0],[1674.0,522.0],[1674.0,521.0],[1672.0,521.0],[1673.0,506.0],[1672.0,506.0],[1672.0,504.0],[1670.0,504.0],[1670.0,500.0],[1669.0,500.0],[1669.0,498.0],[1667.0,498.0],[1667.0,494.0],[1665.0,494.0],[1665.0,486.0],[1666.0,486.0],[1666.0,484.0],[1665.0,484.0],[1665.0,482.0],[1664.0,482.0],[1664.0,480.0],[1662.0,480.0],[1663.0,472.0],[1661.0,471.0],[1661.0,470.0],[1659.0,470.0],[1659.0,467.0],[1661.0,467.0],[1661.0,465.0],[1662.0,465.0],[1662.0,463.0],[1663.0,463.0],[1663.0,462.0],[1668.0,462.0],[1668.0,461.0],[1670.0,461.0],[1670.0,455.0],[1669.0,455.0],[1669.0,454.0],[1666.0,454.0],[1666.0,453.0],[1661.0,453.0],[1660.0,451.0],[1658.0,451.0],[1658.0,450.0],[1657.0,450.0],[1657.0,449.0],[1653.0,448.0],[1653.0,447.0],[1652.0,447.0],[1652.0,445.0],[1648.0,445.0],[1648.0,443.0],[1646.0,442.0],[1646.0,440.0],[1645.0,440.0],[1645.0,438.0],[1643.0,437.0],[1643.0,436.0],[1641.0,436.0],[1641.0,434.0],[1640.0,434.0],[1640.0,431.0],[1639.0,431.0],[1639.0,426.0],[1635.0,425.0],[1635.0,424.0],[1633.0,424.0],[1633.0,418.0],[1635.0,418.0],[1636.0,416.0],[1638.0,416.0],[1638.0,415.0],[1640.0,415.0],[1640.0,411.0],[1642.0,411.0],[1642.0,405.0],[1644.0,405.0],[1645.0,403.0],[1646.0,403.0],[1646.0,399.0],[1648.0,399.0],[1649.0,397.0],[1650.0,397.0],[1650.0,396.0],[1651.0,396.0],[1651.0,394.0],[1652.0,394.0],[1652.0,392.0],[1651.0,392.0],[1651.0,389.0],[1653.0,389.0],[1653.0,386.0],[1655.0,386.0],[1654.0,370.0],[1656.0,370.0],[1656.0,369.0],[1655.0,369.0],[1655.0,367.0],[1654.0,367.0],[1654.0,366.0],[1653.0,366.0],[1653.0,370.0],[1649.0,370.0],[1649.0,372.0],[1643.0,371.0],[1643.0,372.0],[1640.0,372.0],[1640.0,379.0],[1639.0,379.0],[1639.0,381.0],[1640.0,381.0],[1640.0,384.0],[1634.0,384.0],[1634.0,379.0],[1632.0,378.0],[1632.0,377.0],[1630.0,377.0],[1630.0,376.0],[1628.0,376.0],[1628.0,375.0],[1626.0,375.0],[1626.0,372.0],[1625.0,372.0],[1625.0,368.0],[1623.0,368.0],[1623.0,367.0],[1620.0,367.0],[1620.0,362.0],[1619.0,362.0],[1619.0,360.0],[1616.0,360.0],[1616.0,359.0],[1614.0,359.0],[1614.0,358.0],[1612.0,358.0],[1612.0,353.0],[1611.0,353.0],[1611.0,350.0],[1612.0,350.0],[1612.0,347.0],[1615.0,347.0],[1616.0,349.0],[1618.0,349.0],[1618.0,350.0],[1621.0,350.0],[1621.0,348.0],[1619.0,348.0],[1619.0,343.0],[1618.0,343.0],[1618.0,341.0],[1616.0,341.0],[1616.0,334.0],[1615.0,334.0],[1615.0,332.0],[1613.0,332.0],[1613.0,329.0],[1615.0,329.0],[1615.0,327.0],[1619.0,327.0],[1620.0,331.0],[1621.0,331.0],[1621.0,332.0],[1623.0,332.0],[1623.0,335.0],[1624.0,335.0],[1625.0,333.0],[1626.0,333.0],[1626.0,332.0],[1628.0,332.0],[1629.0,330.0],[1631.0,330.0],[1631.0,329.0],[1634.0,329.0],[1634.0,331.0],[1635.0,331.0],[1635.0,330.0],[1637.0,330.0],[1637.0,329.0],[1638.0,329.0],[1638.0,325.0],[1640.0,325.0],[1640.0,324.0],[1641.0,324.0],[1641.0,323.0],[1640.0,323.0],[1640.0,320.0],[1642.0,319.0],[1642.0,315.0],[1640.0,315.0],[1640.0,316.0],[1636.0,316.0],[1636.0,315.0],[1634.0,315.0],[1634.0,312.0],[1633.0,312.0],[1633.0,307.0],[1635.0,307.0],[1635.0,306.0],[1634.0,306.0],[1634.0,303.0],[1636.0,303.0],[1636.0,301.0],[1638.0,301.0],[1638.0,299.0],[1644.0,299.0],[1644.0,298.0],[1645.0,298.0],[1645.0,294.0],[1647.0,294.0],[1647.0,290.0],[1648.0,290.0],[1648.0,287.0],[1649.0,287.0],[1649.0,285.0],[1653.0,285.0],[1653.0,286.0],[1655.0,286.0],[1655.0,293.0],[1657.0,293.0],[1657.0,295.0],[1659.0,295.0],[1659.0,298.0],[1661.0,299.0],[1661.0,300.0],[1662.0,300.0],[1662.0,301.0],[1664.0,301.0],[1664.0,302.0],[1671.0,302.0],[1671.0,303.0],[1673.0,303.0],[1673.0,306.0],[1671.0,306.0],[1671.0,308.0],[1672.0,308.0],[1672.0,310.0],[1673.0,310.0],[1673.0,311.0],[1676.0,311.0],[1676.0,310.0],[1680.0,310.0],[1680.0,309.0],[1682.0,309.0],[1682.0,308.0],[1685.0,308.0],[1685.0,307.0],[1687.0,307.0],[1688.0,305.0],[1691.0,305.0],[1691.0,304.0],[1692.0,304.0],[1692.0,302.0],[1693.0,302.0],[1693.0,301.0],[1692.0,301.0],[1692.0,295.0],[1694.0,295.0],[1694.0,293.0],[1696.0,292.0]]],[[[1831.0,411.0],[1831.0,412.0],[1833.0,412.0],[1833.0,413.0],[1836.0,413.0],[1836.0,411.0],[1839.0,411.0],[1839.0,412.0],[1841.0,412.0],[1842.0,414.0],[1844.0,414.0],[1844.0,415.0],[1845.0,415.0],[1847.0,415.0],[1847.0,416.0],[1848.0,416.0],[1855.0,416.0],[1855.0,417.0],[1860.0,417.0],[1863.0,417.0],[1863.0,418.0],[1864.0,418.0],[1864.0,419.0],[1865.0,419.0],[1865.0,420.0],[1867.0,421.0],[1867.0,423.0],[1868.0,423.0],[1868.0,424.0],[1870.0,425.0],[1870.0,426.0],[1872.0,427.0],[1874.0,427.0],[1874.0,428.0],[1875.0,428.0],[1875.0,431.0],[1873.0,432.0],[1873.0,434.0],[1871.0,435.0],[1870.0,439.0],[1869.0,439.0],[1869.0,443.0],[1868.0,443.0],[1868.0,446.0],[1867.0,446.0],[1867.0,451.0],[1864.0,451.0],[1864.0,449.0],[1863.0,449.0],[1863.0,450.0],[1860.0,450.0],[1860.0,456.0],[1859.0,456.0],[1859.0,458.0],[1858.0,458.0],[1858.0,464.0],[1857.0,464.0],[1857.0,466.0],[1855.0,467.0],[1855.0,468.0],[1851.0,468.0],[1850.0,470.0],[1848.0,470.0],[1847.0,472.0],[1846.0,472.0],[1846.0,473.0],[1845.0,473.0],[1845.0,474.0],[1842.0,474.0],[1842.0,465.0],[1843.0,465.0],[1843.0,463.0],[1837.0,463.0],[1836.0,461.0],[1834.0,461.0],[1833.0,459.0],[1832.0,459.0],[1832.0,458.0],[1831.0,458.0],[1831.0,457.0],[1828.0,457.0],[1827.0,459.0],[1826.0,459.0],[1826.0,460.0],[1824.0,460.0],[1824.0,461.0],[1821.0,461.0],[1821.0,460.0],[1820.0,460.0],[1820.0,454.0],[1821.0,454.0],[1821.0,452.0],[1822.0,452.0],[1822.0,448.0],[1821.0,448.0],[1821.0,446.0],[1820.0,446.0],[1820.0,445.0],[1819.0,445.0],[1819.0,442.0],[1818.0,442.0],[1818.0,441.0],[1814.0,441.0],[1814.0,440.0],[1812.0,440.0],[1811.0,438.0],[1810.0,438.0],[1810.0,432.0],[1809.0,432.0],[1809.0,429.0],[1807.0,428.0],[1807.0,427.0],[1804.0,427.0],[1804.0,426.0],[1803.0,426.0],[1803.0,423.0],[1804.0,423.0],[1804.0,422.0],[1802.0,421.0],[1802.0,416.0],[1803.0,416.0],[1803.0,414.0],[1804.0,414.0],[1804.0,413.0],[1806.0,413.0],[1806.0,412.0],[1811.0,412.0],[1811.0,411.0],[1812.0,411.0],[1812.0,408.0],[1813.0,408.0],[1813.0,407.0],[1819.0,407.0],[1819.0,409.0],[1821.0,410.0],[1821.0,411.0],[1822.0,411.0],[1822.0,412.0],[1823.0,412.0],[1823.0,413.0],[1824.0,413.0],[1824.0,412.0],[1828.0,412.0],[1828.0,411.0],[1831.0,411.0]]],[[[1780.0,450.0],[1775.0,450.0],[1774.0,448.0],[1771.0,448.0],[1771.0,446.0],[1770.0,446.0],[1770.0,438.0],[1771.0,438.0],[1771.0,437.0],[1773.0,437.0],[1773.0,436.0],[1775.0,436.0],[1775.0,435.0],[1777.0,435.0],[1778.0,433.0],[1781.0,433.0],[1781.0,434.0],[1783.0,434.0],[1783.0,440.0],[1782.0,440.0],[1782.0,441.0],[1780.0,442.0],[1780.0,444.0],[1779.0,444.0],[1779.0,446.0],[1780.0,446.0],[1780.0,450.0]]],[[[1731.0,471.0],[1729.0,471.0],[1729.0,470.0],[1728.0,470.0],[1727.0,466.0],[1725.0,465.0],[1725.0,460.0],[1726.0,460.0],[1726.0,458.0],[1727.0,458.0],[1727.0,452.0],[1730.0,452.0],[1730.0,453.0],[1731.0,453.0],[1731.0,455.0],[1732.0,455.0],[1732.0,457.0],[1733.0,457.0],[1733.0,463.0],[1732.0,463.0],[1732.0,464.0],[1733.0,464.0],[1733.0,465.0],[1734.0,465.0],[1734.0,467.0],[1736.0,468.0],[1736.0,474.0],[1732.0,474.0],[1732.0,473.0],[1731.0,473.0],[1731.0,471.0]]],[[[1700.0,498.0],[1699.0,498.0],[1698.0,502.0],[1694.0,502.0],[1694.0,501.0],[1693.0,501.0],[1693.0,491.0],[1695.0,491.0],[1695.0,490.0],[1698.0,490.0],[1698.0,491.0],[1699.0,491.0],[1699.0,493.0],[1700.0,493.0],[1700.0,498.0]]],[[[1684.0,504.0],[1682.0,503.0],[1682.0,501.0],[1681.0,501.0],[1681.0,498.0],[1680.0,498.0],[1680.0,494.0],[1685.0,494.0],[1685.0,495.0],[1686.0,495.0],[1686.0,497.0],[1687.0,497.0],[1687.0,499.0],[1688.0,499.0],[1687.0,505.0],[1684.0,505.0],[1684.0,504.0]]],[[[1698.0,520.0],[1696.0,520.0],[1696.0,519.0],[1694.0,518.0],[1694.0,516.0],[1693.0,516.0],[1693.0,507.0],[1699.0,507.0],[1699.0,508.0],[1701.0,508.0],[1701.0,509.0],[1703.0,509.0],[1703.0,510.0],[1712.0,510.0],[1712.0,514.0],[1711.0,514.0],[1710.0,518.0],[1709.0,518.0],[1709.0,519.0],[1708.0,519.0],[1708.0,520.0],[1707.0,520.0],[1707.0,521.0],[1705.0,522.0],[1705.0,525.0],[1704.0,525.0],[1704.0,530.0],[1705.0,530.0],[1705.0,536.0],[1704.0,536.0],[1704.0,537.0],[1706.0,537.0],[1706.0,538.0],[1710.0,539.0],[1710.0,545.0],[1709.0,545.0],[1709.0,546.0],[1707.0,546.0],[1707.0,547.0],[1706.0,547.0],[1706.0,548.0],[1704.0,549.0],[1704.0,551.0],[1703.0,551.0],[1703.0,564.0],[1702.0,564.0],[1702.0,566.0],[1701.0,566.0],[1700.0,568.0],[1698.0,568.0],[1698.0,569.0],[1695.0,569.0],[1695.0,565.0],[1696.0,565.0],[1696.0,563.0],[1697.0,563.0],[1697.0,559.0],[1696.0,559.0],[1696.0,557.0],[1695.0,557.0],[1694.0,549.0],[1695.0,549.0],[1695.0,541.0],[1697.0,540.0],[1697.0,527.0],[1698.0,527.0],[1698.0,525.0],[1699.0,525.0],[1699.0,522.0],[1698.0,522.0],[1698.0,520.0]]]]}},{"type":"Feature","id":"country-009","properties":{"id":"country-009","name":"Unassigned","type":"country","status":"mask-defined","source":"countries-mask-shared-topology","extractionConfidence":"authoritative-mask","rgb":[0,255,144],"color":"#00ff90","polygonCount":3,"holeCount":3,"styleIndex":2},"geometry":{"type":"MultiPolygon","coordinates":[[[[824.0,334.0],[824.0,330.0],[825.0,330.0],[825.0,329.0],[830.0,329.0],[830.0,335.0],[826.0,335.0],[826.0,334.0],[824.0,334.0]]],[[[994.0,419.0],[993.0,421.0],[985.0,421.0],[985.0,420.0],[984.0,420.0],[983.0,418.0],[981.0,418.0],[980.0,420.0],[975.0,420.0],[975.0,421.0],[973.0,421.0],[973.0,423.0],[973.0,440.0],[972.0,440.0],[972.0,448.0],[971.0,448.0],[971.0,449.0],[965.0,449.0],[965.0,448.0],[962.0,448.0],[961.0,446.0],[955.0,446.0],[953.0,442.0],[943.0,442.0],[942.0,444.0],[941.0,444.0],[941.0,445.0],[940.0,445.0],[940.0,446.0],[939.0,446.0],[939.0,447.0],[938.0,447.0],[938.0,448.0],[937.0,448.0],[937.0,449.0],[936.0,449.0],[936.0,450.0],[934.0,449.0],[934.0,446.0],[932.0,445.0],[932.0,444.0],[929.0,444.0],[929.0,445.0],[928.0,445.0],[928.0,444.0],[925.0,444.0],[925.0,445.0],[920.0,445.0],[920.0,446.0],[914.0,446.0],[914.0,447.0],[911.0,447.0],[911.0,448.0],[907.0,448.0],[906.0,446.0],[906.0,444.0],[904.0,443.0],[904.0,442.0],[903.0,442.0],[903.0,440.0],[901.0,439.0],[900.0,435.0],[899.0,435.0],[899.0,432.0],[898.0,432.0],[898.0,428.0],[896.0,427.0],[896.0,425.0],[894.0,424.0],[894.0,423.0],[893.0,423.0],[893.0,422.0],[892.0,422.0],[892.0,420.0],[890.0,420.0],[889.0,418.0],[888.0,418.0],[888.0,417.0],[887.0,417.0],[887.0,416.0],[886.0,416.0],[886.0,415.0],[885.0,415.0],[885.0,414.0],[879.0,414.0],[879.0,415.0],[877.0,415.0],[877.0,416.0],[870.0,416.0],[870.0,415.0],[866.0,415.0],[866.0,413.0],[865.0,413.0],[865.0,412.0],[861.0,411.0],[861.0,410.0],[855.0,410.0],[855.0,408.0],[849.0,408.0],[848.0,410.0],[844.0,410.0],[844.0,409.0],[843.0,409.0],[843.0,403.0],[842.0,403.0],[842.0,396.0],[838.0,394.0],[838.0,387.0],[836.0,386.0],[836.0,385.0],[835.0,385.0],[835.0,384.0],[834.0,384.0],[834.0,383.0],[833.0,383.0],[833.0,382.0],[832.0,382.0],[832.0,379.0],[830.0,378.0],[830.0,377.0],[829.0,377.0],[829.0,376.0],[826.0,376.0],[826.0,375.0],[826.0,374.0],[825.0,374.0],[825.0,373.0],[825.0,366.0],[826.0,366.0],[826.0,365.0],[828.0,365.0],[828.0,363.0],[827.0,363.0],[827.0,351.0],[831.0,349.0],[831.0,345.0],[835.0,345.0],[835.0,344.0],[837.0,343.0],[837.0,342.0],[836.0,342.0],[836.0,333.0],[837.0,333.0],[837.0,332.0],[839.0,331.0],[839.0,328.0],[838.0,328.0],[838.0,327.0],[832.0,327.0],[832.0,326.0],[826.0,326.0],[826.0,325.0],[824.0,324.0],[824.0,319.0],[826.0,319.0],[826.0,318.0],[829.0,318.0],[829.0,317.0],[830.0,317.0],[830.0,314.0],[833.0,314.0],[833.0,313.0],[835.0,313.0],[835.0,311.0],[837.0,311.0],[837.0,310.0],[842.0,310.0],[842.0,312.0],[844.0,312.0],[844.0,311.0],[843.0,311.0],[843.0,306.0],[842.0,306.0],[842.0,301.0],[843.0,301.0],[843.0,300.0],[849.0,300.0],[850.0,302.0],[854.0,302.0],[854.0,303.0],[857.0,303.0],[857.0,304.0],[859.0,304.0],[859.0,305.0],[864.0,305.0],[864.0,306.0],[866.0,307.0],[866.0,306.0],[871.0,306.0],[871.0,304.0],[872.0,304.0],[872.0,303.0],[882.0,302.0],[882.0,297.0],[888.0,297.0],[889.0,293.0],[892.0,293.0],[892.0,287.0],[894.0,286.0],[894.0,284.0],[899.0,284.0],[899.0,287.0],[901.0,287.0],[901.0,288.0],[903.0,289.0],[903.0,281.0],[904.0,281.0],[904.0,278.0],[906.0,277.0],[906.0,275.0],[907.0,275.0],[907.0,274.0],[911.0,274.0],[911.0,273.0],[907.0,273.0],[907.0,263.0],[908.0,263.0],[908.0,262.0],[909.0,262.0],[909.0,260.0],[910.0,260.0],[910.0,255.0],[911.0,255.0],[911.0,253.0],[914.0,253.0],[914.0,252.0],[922.0,252.0],[922.0,253.0],[925.0,253.0],[925.0,252.0],[926.0,252.0],[926.0,250.0],[927.0,250.0],[927.0,248.0],[928.0,248.0],[928.0,247.0],[930.0,247.0],[932.0,243.0],[934.0,243.0],[935.0,241.0],[938.0,241.0],[938.0,240.0],[939.0,240.0],[939.0,237.0],[940.0,237.0],[940.0,236.0],[946.0,236.0],[946.0,237.0],[947.0,237.0],[947.0,239.0],[948.0,239.0],[948.0,241.0],[952.0,241.0],[952.0,242.0],[953.0,242.0],[954.0,244.0],[955.0,244.0],[955.0,243.0],[963.0,243.0],[963.0,244.0],[967.0,244.0],[967.0,245.0],[968.0,245.0],[968.0,246.0],[970.0,247.0],[970.0,249.0],[971.0,249.0],[972.0,251.0],[973.0,251.0],[973.0,246.0],[974.0,246.0],[974.0,244.0],[979.0,244.0],[979.0,245.0],[981.0,245.0],[981.0,246.0],[987.0,246.0],[987.0,247.0],[988.0,247.0],[988.0,248.0],[990.0,249.0],[990.0,254.0],[989.0,254.0],[989.0,258.0],[987.0,259.0],[987.0,262.0],[986.0,262.0],[986.0,266.0],[992.0,266.0],[992.0,267.0],[993.0,267.0],[993.0,272.0],[992.0,272.0],[992.0,273.0],[989.0,273.0],[989.0,274.0],[994.0,274.0],[994.0,275.0],[996.0,276.0],[996.0,278.0],[998.0,279.0],[998.0,281.0],[1000.0,281.0],[1000.0,288.0],[1006.0,288.0],[1006.0,295.0],[1003.0,295.0],[1003.0,296.0],[1001.0,296.0],[1001.0,299.0],[1007.0,299.0],[1007.0,300.0],[1011.0,300.0],[1011.0,301.0],[1012.0,301.0],[1013.0,303.0],[1020.0,303.0],[1020.0,302.0],[1022.0,302.0],[1022.0,300.0],[1023.0,300.0],[1023.0,298.0],[1024.0,298.0],[1024.0,297.0],[1029.0,297.0],[1029.0,299.0],[1030.0,299.0],[1030.0,307.0],[1029.0,307.0],[1029.0,308.0],[1027.0,309.0],[1027.0,312.0],[1028.0,312.0],[1028.0,319.0],[1026.0,320.0],[1026.0,324.0],[1033.0,326.0],[1033.0,325.0],[1034.0,325.0],[1035.0,323.0],[1040.0,323.0],[1040.0,326.0],[1041.0,326.0],[1041.0,332.0],[1039.0,332.0],[1039.0,338.0],[1037.0,339.0],[1037.0,341.0],[1036.0,341.0],[1036.0,342.0],[1033.0,342.0],[1033.0,343.0],[1037.0,343.0],[1037.0,344.0],[1038.0,344.0],[1038.0,346.0],[1039.0,346.0],[1039.0,347.0],[1040.0,347.0],[1040.0,348.0],[1042.0,349.0],[1042.0,351.0],[1043.0,351.0],[1043.0,356.0],[1039.0,358.0],[1039.0,359.0],[1040.0,359.0],[1040.0,365.0],[1036.0,366.0],[1036.0,367.0],[1038.0,367.0],[1038.0,372.0],[1039.0,372.0],[1039.0,373.0],[1041.0,373.0],[1042.0,386.0],[1039.0,386.0],[1038.0,390.0],[1037.0,390.0],[1037.0,391.0],[1035.0,391.0],[1034.0,393.0],[1032.0,393.0],[1032.0,394.0],[1031.0,394.0],[1031.0,402.0],[1027.0,402.0],[1027.0,403.0],[1020.0,403.0],[1020.0,402.0],[1018.0,402.0],[1018.0,403.0],[1013.0,403.0],[1013.0,401.0],[1012.0,401.0],[1012.0,398.0],[1009.0,398.0],[1009.0,399.0],[1005.0,399.0],[1005.0,400.0],[1010.0,400.0],[1010.0,406.0],[1008.0,406.0],[1008.0,407.0],[1007.0,407.0],[1007.0,409.0],[1006.0,409.0],[1006.0,411.0],[1005.0,411.0],[1005.0,412.0],[999.0,412.0],[998.0,418.0],[994.0,419.0]],[[981.0,276.0],[980.0,276.0],[979.0,284.0],[981.0,284.0],[981.0,283.0],[982.0,283.0],[982.0,281.0],[987.0,281.0],[987.0,280.0],[988.0,280.0],[988.0,274.0],[983.0,274.0],[983.0,275.0],[981.0,275.0],[981.0,276.0]],[[979.0,285.0],[979.0,284.0],[978.0,284.0],[978.0,285.0],[979.0,285.0]],[[977.0,287.0],[977.0,286.0],[975.0,286.0],[975.0,288.0],[977.0,287.0]]],[[[819.0,357.0],[818.0,357.0],[818.0,353.0],[819.0,353.0],[819.0,350.0],[824.0,350.0],[824.0,357.0],[823.0,357.0],[823.0,358.0],[819.0,358.0],[819.0,357.0]]]]}},{"type":"Feature","id":"country-010","properties":{"id":"country-010","name":"Unassigned","type":"country","status":"mask-defined","source":"countries-mask-shared-topology","extractionConfidence":"authoritative-mask","rgb":[0,255,255],"color":"#00ffff","polygonCount":4,"holeCount":0,"styleIndex":3},"geometry":{"type":"MultiPolygon","coordinates":[[[[782.0,343.0],[780.0,343.0],[780.0,340.0],[785.0,340.0],[786.0,342.0],[788.0,342.0],[788.0,343.0],[790.0,344.0],[790.0,349.0],[789.0,349.0],[789.0,350.0],[786.0,350.0],[785.0,346.0],[784.0,346.0],[784.0,345.0],[782.0,345.0],[782.0,343.0]]],[[[809.0,358.0],[808.0,356.0],[807.0,356.0],[807.0,352.0],[806.0,352.0],[806.0,347.0],[810.0,347.0],[810.0,348.0],[811.0,348.0],[811.0,352.0],[813.0,353.0],[813.0,357.0],[812.0,357.0],[812.0,358.0],[809.0,358.0]]],[[[759.0,383.0],[753.0,383.0],[753.0,379.0],[755.0,378.0],[755.0,376.0],[756.0,376.0],[756.0,373.0],[759.0,373.0],[759.0,372.0],[760.0,372.0],[760.0,370.0],[762.0,369.0],[762.0,366.0],[766.0,366.0],[766.0,370.0],[765.0,370.0],[765.0,373.0],[766.0,373.0],[766.0,375.0],[770.0,375.0],[770.0,377.0],[771.0,377.0],[771.0,382.0],[770.0,382.0],[770.0,385.0],[769.0,385.0],[769.0,386.0],[764.0,386.0],[764.0,382.0],[763.0,382.0],[763.0,380.0],[760.0,380.0],[760.0,381.0],[759.0,381.0],[759.0,383.0]]],[[[806.0,354.0],[806.0,356.0],[807.0,356.0],[807.0,362.0],[809.0,362.0],[809.0,363.0],[810.0,363.0],[811.0,365.0],[821.0,365.0],[821.0,366.0],[822.0,366.0],[822.0,368.0],[824.0,369.0],[824.0,373.0],[825.0,373.0],[825.0,374.0],[825.0,375.0],[826.0,375.0],[826.0,376.0],[829.0,376.0],[829.0,377.0],[830.0,377.0],[830.0,378.0],[832.0,379.0],[832.0,382.0],[833.0,382.0],[833.0,383.0],[834.0,383.0],[834.0,384.0],[835.0,384.0],[835.0,385.0],[836.0,385.0],[836.0,386.0],[838.0,387.0],[838.0,394.0],[842.0,396.0],[842.0,403.0],[843.0,403.0],[843.0,409.0],[844.0,409.0],[844.0,410.0],[848.0,410.0],[849.0,408.0],[855.0,408.0],[855.0,410.0],[861.0,410.0],[861.0,411.0],[865.0,412.0],[865.0,413.0],[866.0,413.0],[866.0,415.0],[870.0,415.0],[870.0,416.0],[877.0,416.0],[877.0,415.0],[879.0,415.0],[879.0,414.0],[885.0,414.0],[885.0,415.0],[886.0,415.0],[886.0,416.0],[887.0,416.0],[887.0,417.0],[888.0,417.0],[888.0,418.0],[889.0,418.0],[890.0,420.0],[892.0,420.0],[892.0,422.0],[893.0,422.0],[893.0,423.0],[894.0,423.0],[894.0,424.0],[896.0,425.0],[896.0,427.0],[898.0,428.0],[898.0,432.0],[899.0,432.0],[899.0,435.0],[900.0,435.0],[901.0,439.0],[903.0,440.0],[903.0,442.0],[904.0,442.0],[904.0,443.0],[906.0,444.0],[906.0,446.0],[905.0,446.0],[905.0,447.0],[903.0,447.0],[903.0,448.0],[900.0,448.0],[899.0,450.0],[898.0,450.0],[898.0,451.0],[897.0,451.0],[897.0,452.0],[893.0,453.0],[892.0,455.0],[890.0,455.0],[890.0,456.0],[887.0,456.0],[887.0,457.0],[880.0,457.0],[880.0,458.0],[879.0,458.0],[879.0,457.0],[877.0,457.0],[876.0,459.0],[873.0,459.0],[872.0,461.0],[871.0,461.0],[871.0,462.0],[869.0,462.0],[868.0,464.0],[867.0,464.0],[867.0,465.0],[866.0,465.0],[866.0,466.0],[865.0,466.0],[865.0,467.0],[861.0,468.0],[860.0,470.0],[859.0,470.0],[859.0,471.0],[858.0,471.0],[858.0,472.0],[858.0,476.0],[857.0,476.0],[857.0,477.0],[856.0,477.0],[855.0,479.0],[847.0,479.0],[847.0,480.0],[846.0,480.0],[846.0,482.0],[848.0,483.0],[848.0,487.0],[848.0,488.0],[847.0,490.0],[846.0,490.0],[846.0,492.0],[844.0,493.0],[844.0,494.0],[843.0,494.0],[843.0,495.0],[841.0,495.0],[841.0,496.0],[829.0,496.0],[829.0,495.0],[827.0,495.0],[827.0,494.0],[827.0,493.0],[825.0,493.0],[825.0,492.0],[823.0,492.0],[821.0,492.0],[821.0,491.0],[818.0,491.0],[818.0,490.0],[817.0,490.0],[817.0,488.0],[815.0,488.0],[814.0,486.0],[812.0,486.0],[812.0,485.0],[806.0,484.0],[806.0,483.0],[804.0,483.0],[804.0,482.0],[803.0,482.0],[803.0,484.0],[802.0,484.0],[802.0,485.0],[800.0,485.0],[799.0,487.0],[798.0,487.0],[798.0,488.0],[797.0,488.0],[797.0,489.0],[796.0,489.0],[796.0,490.0],[789.0,490.0],[789.0,489.0],[787.0,489.0],[787.0,488.0],[784.0,488.0],[784.0,487.0],[782.0,487.0],[782.0,486.0],[776.0,485.0],[776.0,484.0],[764.0,484.0],[764.0,486.0],[763.0,486.0],[763.0,490.0],[764.0,490.0],[764.0,494.0],[763.0,494.0],[763.0,498.0],[762.0,498.0],[762.0,503.0],[763.0,503.0],[763.0,505.0],[764.0,505.0],[764.0,508.0],[762.0,509.0],[762.0,510.0],[761.0,510.0],[761.0,511.0],[760.0,511.0],[760.0,512.0],[759.0,512.0],[759.0,513.0],[758.0,513.0],[756.0,512.0],[756.0,511.0],[755.0,511.0],[755.0,510.0],[751.0,509.0],[751.0,508.0],[749.0,508.0],[748.0,506.0],[747.0,506.0],[747.0,505.0],[745.0,505.0],[744.0,503.0],[743.0,503.0],[743.0,502.0],[739.0,501.0],[739.0,500.0],[733.0,499.0],[733.0,500.0],[732.0,500.0],[732.0,499.0],[726.0,499.0],[726.0,498.0],[722.0,498.0],[722.0,497.0],[720.0,497.0],[719.0,495.0],[718.0,495.0],[718.0,493.0],[716.0,492.0],[716.0,491.0],[712.0,490.0],[711.0,488.0],[710.0,488.0],[710.0,487.0],[709.0,487.0],[709.0,485.0],[707.0,484.0],[707.0,481.0],[706.0,481.0],[706.0,479.0],[705.0,479.0],[705.0,477.0],[706.0,475.0],[707.0,475.0],[707.0,474.0],[708.0,474.0],[708.0,473.0],[709.0,473.0],[709.0,472.0],[710.0,472.0],[710.0,471.0],[711.0,471.0],[711.0,470.0],[712.0,470.0],[712.0,468.0],[713.0,468.0],[713.0,464.0],[712.0,464.0],[712.0,463.0],[713.0,463.0],[713.0,462.0],[711.0,461.0],[711.0,458.0],[712.0,458.0],[712.0,455.0],[714.0,454.0],[714.0,451.0],[715.0,451.0],[715.0,449.0],[716.0,449.0],[716.0,447.0],[717.0,447.0],[717.0,445.0],[719.0,444.0],[719.0,442.0],[720.0,442.0],[720.0,429.0],[722.0,428.0],[722.0,426.0],[724.0,425.0],[724.0,423.0],[725.0,423.0],[725.0,422.0],[727.0,422.0],[727.0,421.0],[728.0,421.0],[728.0,419.0],[729.0,419.0],[729.0,416.0],[730.0,416.0],[730.0,414.0],[731.0,414.0],[731.0,412.0],[732.0,412.0],[732.0,409.0],[733.0,409.0],[733.0,408.0],[732.0,408.0],[732.0,402.0],[734.0,401.0],[735.0,397.0],[737.0,396.0],[739.0,396.0],[740.0,398.0],[746.0,398.0],[747.0,396.0],[753.0,396.0],[753.0,395.0],[754.0,395.0],[754.0,393.0],[755.0,393.0],[755.0,390.0],[756.0,390.0],[756.0,389.0],[761.0,389.0],[761.0,388.0],[765.0,388.0],[765.0,389.0],[766.0,389.0],[766.0,395.0],[767.0,395.0],[767.0,394.0],[769.0,393.0],[769.0,391.0],[771.0,390.0],[771.0,388.0],[773.0,387.0],[773.0,385.0],[774.0,385.0],[774.0,382.0],[775.0,382.0],[775.0,376.0],[776.0,376.0],[776.0,368.0],[778.0,368.0],[778.0,367.0],[780.0,367.0],[780.0,366.0],[784.0,366.0],[784.0,365.0],[786.0,365.0],[786.0,364.0],[787.0,364.0],[787.0,361.0],[793.0,361.0],[793.0,357.0],[791.0,356.0],[791.0,351.0],[792.0,351.0],[792.0,350.0],[795.0,350.0],[795.0,351.0],[797.0,351.0],[797.0,352.0],[804.0,352.0],[804.0,353.0],[806.0,354.0]]]]}},{"type":"Feature","id":"country-011","properties":{"id":"country-011","name":"Unassigned","type":"country","status":"mask-defined","source":"countries-mask-shared-topology","extractionConfidence":"authoritative-mask","rgb":[38,127,0],"color":"#267f00","polygonCount":1,"holeCount":0,"styleIndex":4},"geometry":{"type":"Polygon","coordinates":[[[592.0,627.0],[592.0,625.0],[591.0,625.0],[591.0,614.0],[593.0,613.0],[593.0,611.0],[596.0,611.0],[596.0,610.0],[599.0,610.0],[599.0,609.0],[605.0,608.0],[605.0,607.0],[607.0,607.0],[607.0,606.0],[610.0,606.0],[610.0,605.0],[628.0,605.0],[628.0,606.0],[633.0,606.0],[633.0,605.0],[643.0,605.0],[643.0,606.0],[644.0,606.0],[644.0,605.0],[645.0,605.0],[646.0,607.0],[653.0,607.0],[653.0,612.0],[652.0,612.0],[652.0,613.0],[650.0,613.0],[650.0,620.0],[649.0,620.0],[649.0,621.0],[647.0,621.0],[647.0,622.0],[645.0,622.0],[645.0,624.0],[644.0,624.0],[644.0,626.0],[643.0,626.0],[643.0,628.0],[642.0,628.0],[642.0,631.0],[641.0,631.0],[640.0,633.0],[635.0,633.0],[635.0,631.0],[634.0,631.0],[633.0,629.0],[627.0,629.0],[627.0,630.0],[626.0,630.0],[626.0,631.0],[624.0,632.0],[624.0,634.0],[623.0,634.0],[623.0,635.0],[620.0,635.0],[620.0,636.0],[614.0,636.0],[614.0,635.0],[613.0,635.0],[613.0,630.0],[611.0,629.0],[611.0,628.0],[609.0,628.0],[609.0,630.0],[607.0,631.0],[607.0,632.0],[601.0,632.0],[601.0,631.0],[599.0,631.0],[599.0,630.0],[597.0,630.0],[596.0,628.0],[595.0,628.0],[595.0,627.0],[592.0,627.0]]]}},{"type":"Feature","id":"country-012","properties":{"id":"country-012","name":"Unassigned","type":"country","status":"mask-defined","source":"countries-mask-shared-topology","extractionConfidence":"authoritative-mask","rgb":[72,0,255],"color":"#4800ff","polygonCount":7,"holeCount":3,"styleIndex":5},"geometry":{"type":"MultiPolygon","coordinates":[[[[733.0,343.0],[731.0,343.0],[731.0,340.0],[732.0,340.0],[732.0,338.0],[733.0,338.0],[733.0,336.0],[734.0,336.0],[734.0,333.0],[737.0,333.0],[737.0,332.0],[741.0,332.0],[741.0,336.0],[742.0,336.0],[742.0,341.0],[741.0,341.0],[741.0,342.0],[737.0,343.0],[736.0,345.0],[733.0,345.0],[733.0,343.0]]],[[[687.0,361.0],[687.0,360.0],[686.0,360.0],[686.0,356.0],[687.0,356.0],[688.0,352.0],[690.0,352.0],[690.0,351.0],[694.0,351.0],[694.0,359.0],[693.0,359.0],[693.0,360.0],[691.0,360.0],[691.0,361.0],[687.0,361.0]]],[[[675.0,385.0],[675.0,384.0],[673.0,383.0],[673.0,380.0],[674.0,380.0],[674.0,377.0],[676.0,376.0],[676.0,371.0],[675.0,371.0],[675.0,368.0],[681.0,368.0],[681.0,370.0],[682.0,370.0],[682.0,374.0],[681.0,374.0],[681.0,377.0],[683.0,377.0],[683.0,378.0],[685.0,379.0],[685.0,381.0],[686.0,381.0],[686.0,386.0],[681.0,386.0],[681.0,385.0],[679.0,384.0],[679.0,387.0],[676.0,387.0],[676.0,385.0],[675.0,385.0]]],[[[661.0,398.0],[661.0,397.0],[659.0,396.0],[659.0,386.0],[662.0,386.0],[662.0,387.0],[664.0,388.0],[664.0,391.0],[665.0,391.0],[665.0,398.0],[661.0,398.0]]],[[[637.0,413.0],[637.0,412.0],[635.0,411.0],[635.0,408.0],[636.0,408.0],[636.0,407.0],[637.0,407.0],[637.0,406.0],[639.0,405.0],[639.0,400.0],[642.0,400.0],[642.0,401.0],[644.0,402.0],[644.0,405.0],[645.0,405.0],[645.0,409.0],[644.0,409.0],[644.0,411.0],[643.0,411.0],[643.0,412.0],[645.0,413.0],[645.0,418.0],[644.0,418.0],[644.0,419.0],[639.0,419.0],[639.0,415.0],[638.0,415.0],[638.0,413.0],[637.0,413.0]]],[[[686.0,393.0],[686.0,400.0],[685.0,400.0],[685.0,402.0],[686.0,402.0],[686.0,401.0],[687.0,401.0],[687.0,400.0],[688.0,400.0],[688.0,399.0],[690.0,398.0],[690.0,396.0],[692.0,395.0],[692.0,392.0],[691.0,392.0],[691.0,384.0],[693.0,383.0],[692.0,381.0],[690.0,381.0],[690.0,377.0],[689.0,377.0],[689.0,374.0],[687.0,374.0],[687.0,373.0],[686.0,373.0],[686.0,370.0],[687.0,370.0],[688.0,368.0],[690.0,368.0],[690.0,367.0],[694.0,367.0],[694.0,366.0],[699.0,366.0],[699.0,365.0],[701.0,364.0],[701.0,362.0],[702.0,362.0],[702.0,360.0],[703.0,360.0],[704.0,358.0],[703.0,358.0],[703.0,357.0],[701.0,357.0],[701.0,356.0],[698.0,356.0],[698.0,352.0],[701.0,352.0],[701.0,351.0],[708.0,351.0],[708.0,350.0],[715.0,350.0],[715.0,345.0],[720.0,345.0],[720.0,347.0],[722.0,348.0],[722.0,350.0],[723.0,350.0],[723.0,352.0],[724.0,352.0],[724.0,357.0],[723.0,357.0],[723.0,359.0],[722.0,359.0],[722.0,362.0],[723.0,362.0],[723.0,363.0],[725.0,363.0],[726.0,361.0],[730.0,360.0],[730.0,359.0],[731.0,359.0],[731.0,358.0],[732.0,358.0],[733.0,356.0],[738.0,356.0],[738.0,363.0],[740.0,363.0],[741.0,365.0],[745.0,364.0],[745.0,363.0],[746.0,363.0],[746.0,362.0],[747.0,362.0],[748.0,360.0],[753.0,360.0],[753.0,365.0],[752.0,365.0],[752.0,366.0],[751.0,366.0],[751.0,367.0],[749.0,368.0],[749.0,369.0],[753.0,369.0],[753.0,373.0],[752.0,373.0],[752.0,374.0],[750.0,374.0],[750.0,375.0],[747.0,375.0],[747.0,376.0],[740.0,376.0],[740.0,377.0],[739.0,377.0],[739.0,378.0],[740.0,378.0],[740.0,379.0],[741.0,379.0],[742.0,381.0],[748.0,381.0],[748.0,382.0],[749.0,382.0],[749.0,386.0],[748.0,386.0],[748.0,387.0],[744.0,387.0],[744.0,388.0],[743.0,388.0],[743.0,394.0],[741.0,394.0],[741.0,395.0],[737.0,395.0],[737.0,396.0],[735.0,397.0],[734.0,401.0],[732.0,402.0],[732.0,408.0],[733.0,408.0],[733.0,409.0],[732.0,409.0],[732.0,412.0],[731.0,412.0],[731.0,414.0],[730.0,414.0],[730.0,416.0],[729.0,416.0],[729.0,419.0],[728.0,419.0],[728.0,421.0],[727.0,421.0],[727.0,422.0],[725.0,422.0],[725.0,423.0],[724.0,423.0],[724.0,425.0],[722.0,426.0],[722.0,428.0],[720.0,429.0],[720.0,442.0],[719.0,442.0],[719.0,444.0],[717.0,445.0],[717.0,447.0],[716.0,447.0],[716.0,449.0],[715.0,449.0],[715.0,451.0],[714.0,451.0],[714.0,454.0],[712.0,455.0],[712.0,458.0],[711.0,458.0],[711.0,461.0],[713.0,462.0],[713.0,463.0],[712.0,463.0],[712.0,464.0],[713.0,464.0],[713.0,468.0],[712.0,468.0],[712.0,470.0],[711.0,470.0],[711.0,471.0],[710.0,471.0],[710.0,472.0],[709.0,472.0],[709.0,473.0],[708.0,473.0],[708.0,474.0],[707.0,474.0],[707.0,475.0],[706.0,475.0],[705.0,477.0],[704.0,477.0],[704.0,476.0],[702.0,476.0],[702.0,475.0],[699.0,475.0],[699.0,474.0],[693.0,474.0],[692.0,476.0],[691.0,476.0],[691.0,477.0],[690.0,477.0],[690.0,479.0],[688.0,480.0],[688.0,481.0],[686.0,481.0],[686.0,482.0],[683.0,482.0],[682.0,480.0],[681.0,480.0],[681.0,478.0],[680.0,478.0],[680.0,477.0],[675.0,477.0],[675.0,476.0],[671.0,476.0],[671.0,475.0],[667.0,475.0],[666.0,477.0],[665.0,477.0],[665.0,478.0],[658.0,478.0],[657.0,480.0],[656.0,480.0],[656.0,484.0],[661.0,484.0],[661.0,485.0],[663.0,485.0],[663.0,486.0],[665.0,486.0],[665.0,485.0],[666.0,485.0],[666.0,494.0],[667.0,494.0],[667.0,497.0],[661.0,497.0],[660.0,499.0],[659.0,499.0],[659.0,500.0],[658.0,500.0],[658.0,501.0],[656.0,501.0],[656.0,499.0],[654.0,498.0],[654.0,497.0],[647.0,497.0],[647.0,498.0],[644.0,498.0],[644.0,491.0],[643.0,491.0],[643.0,490.0],[637.0,490.0],[637.0,489.0],[636.0,489.0],[636.0,487.0],[634.0,486.0],[634.0,485.0],[633.0,485.0],[633.0,484.0],[632.0,484.0],[632.0,483.0],[631.0,483.0],[631.0,482.0],[627.0,481.0],[627.0,479.0],[625.0,478.0],[625.0,477.0],[623.0,477.0],[623.0,475.0],[624.0,475.0],[624.0,473.0],[625.0,473.0],[625.0,468.0],[626.0,468.0],[626.0,466.0],[627.0,466.0],[627.0,465.0],[630.0,465.0],[630.0,466.0],[631.0,466.0],[631.0,468.0],[633.0,469.0],[633.0,474.0],[634.0,474.0],[634.0,475.0],[636.0,475.0],[636.0,478.0],[637.0,478.0],[637.0,480.0],[638.0,480.0],[638.0,479.0],[639.0,479.0],[639.0,475.0],[637.0,475.0],[637.0,471.0],[641.0,471.0],[641.0,470.0],[642.0,470.0],[642.0,466.0],[643.0,466.0],[643.0,465.0],[642.0,465.0],[642.0,462.0],[648.0,462.0],[648.0,460.0],[649.0,460.0],[649.0,459.0],[653.0,459.0],[654.0,461.0],[655.0,461.0],[655.0,460.0],[657.0,460.0],[658.0,458.0],[659.0,458.0],[659.0,456.0],[657.0,456.0],[657.0,457.0],[651.0,457.0],[650.0,455.0],[649.0,455.0],[649.0,454.0],[648.0,454.0],[648.0,453.0],[647.0,453.0],[647.0,452.0],[646.0,452.0],[646.0,446.0],[651.0,446.0],[651.0,447.0],[652.0,447.0],[653.0,445.0],[654.0,445.0],[654.0,443.0],[657.0,443.0],[657.0,442.0],[660.0,442.0],[660.0,446.0],[662.0,446.0],[662.0,445.0],[663.0,445.0],[663.0,443.0],[661.0,442.0],[661.0,441.0],[657.0,440.0],[657.0,437.0],[656.0,437.0],[656.0,435.0],[654.0,434.0],[654.0,433.0],[653.0,433.0],[653.0,432.0],[651.0,432.0],[651.0,426.0],[655.0,426.0],[656.0,424.0],[657.0,424.0],[657.0,421.0],[655.0,420.0],[655.0,416.0],[657.0,415.0],[657.0,414.0],[658.0,414.0],[658.0,413.0],[659.0,413.0],[659.0,412.0],[660.0,412.0],[660.0,411.0],[661.0,411.0],[660.0,409.0],[659.0,409.0],[659.0,408.0],[658.0,408.0],[658.0,407.0],[657.0,407.0],[657.0,404.0],[658.0,404.0],[658.0,403.0],[664.0,403.0],[664.0,404.0],[668.0,404.0],[668.0,406.0],[669.0,406.0],[669.0,407.0],[673.0,407.0],[674.0,405.0],[672.0,404.0],[672.0,403.0],[671.0,403.0],[671.0,402.0],[670.0,402.0],[670.0,395.0],[672.0,394.0],[672.0,393.0],[674.0,393.0],[674.0,392.0],[681.0,392.0],[681.0,393.0],[686.0,393.0]],[[685.0,404.0],[685.0,402.0],[684.0,402.0],[684.0,404.0],[685.0,404.0]],[[684.0,406.0],[684.0,404.0],[683.0,404.0],[683.0,406.0],[684.0,406.0]],[[683.0,407.0],[683.0,406.0],[682.0,406.0],[682.0,407.0],[683.0,407.0]]],[[[626.0,455.0],[626.0,454.0],[625.0,454.0],[625.0,448.0],[626.0,448.0],[626.0,447.0],[628.0,447.0],[628.0,445.0],[629.0,445.0],[629.0,444.0],[633.0,444.0],[633.0,445.0],[635.0,445.0],[635.0,446.0],[636.0,446.0],[636.0,449.0],[635.0,449.0],[635.0,450.0],[633.0,450.0],[633.0,451.0],[632.0,451.0],[632.0,452.0],[631.0,452.0],[631.0,453.0],[630.0,453.0],[629.0,455.0],[626.0,455.0]]]]}},{"type":"Feature","id":"country-013","properties":{"id":"country-013","name":"Unassigned","type":"country","status":"mask-defined","source":"countries-mask-shared-topology","extractionConfidence":"authoritative-mask","rgb":[91,127,0],"color":"#5b7f00","polygonCount":2,"holeCount":0,"styleIndex":0},"geometry":{"type":"MultiPolygon","coordinates":[[[[444.0,735.0],[443.0,735.0],[443.0,733.0],[441.0,733.0],[441.0,732.0],[440.0,732.0],[440.0,728.0],[438.0,727.0],[438.0,726.0],[434.0,726.0],[433.0,724.0],[432.0,724.0],[432.0,723.0],[418.0,723.0],[418.0,722.0],[416.0,722.0],[416.0,721.0],[415.0,721.0],[415.0,719.0],[413.0,718.0],[413.0,716.0],[412.0,716.0],[412.0,713.0],[413.0,713.0],[413.0,702.0],[414.0,702.0],[414.0,700.0],[415.0,700.0],[415.0,699.0],[417.0,699.0],[418.0,697.0],[419.0,697.0],[419.0,696.0],[420.0,696.0],[420.0,695.0],[421.0,695.0],[421.0,694.0],[422.0,694.0],[422.0,693.0],[423.0,693.0],[423.0,691.0],[425.0,690.0],[426.0,686.0],[427.0,686.0],[427.0,683.0],[428.0,683.0],[428.0,681.0],[429.0,681.0],[429.0,679.0],[431.0,678.0],[431.0,677.0],[436.0,677.0],[437.0,675.0],[438.0,675.0],[438.0,674.0],[439.0,674.0],[439.0,673.0],[440.0,673.0],[440.0,672.0],[441.0,672.0],[441.0,671.0],[443.0,671.0],[444.0,669.0],[449.0,669.0],[450.0,667.0],[451.0,667.0],[451.0,666.0],[452.0,666.0],[452.0,665.0],[453.0,665.0],[453.0,663.0],[454.0,663.0],[454.0,648.0],[452.0,647.0],[452.0,646.0],[451.0,646.0],[451.0,639.0],[452.0,639.0],[452.0,636.0],[454.0,635.0],[454.0,634.0],[455.0,634.0],[455.0,632.0],[457.0,632.0],[458.0,630.0],[460.0,630.0],[461.0,628.0],[462.0,628.0],[462.0,627.0],[463.0,627.0],[463.0,625.0],[465.0,624.0],[466.0,620.0],[467.0,620.0],[467.0,614.0],[465.0,613.0],[465.0,612.0],[464.0,612.0],[464.0,611.0],[464.0,610.0],[466.0,609.0],[466.0,606.0],[468.0,605.0],[469.0,601.0],[470.0,601.0],[470.0,600.0],[471.0,600.0],[471.0,598.0],[473.0,597.0],[473.0,593.0],[472.0,593.0],[472.0,592.0],[482.0,592.0],[482.0,593.0],[488.0,593.0],[488.0,595.0],[489.0,595.0],[489.0,596.0],[494.0,596.0],[494.0,597.0],[496.0,597.0],[496.0,599.0],[497.0,599.0],[497.0,600.0],[500.0,600.0],[500.0,602.0],[501.0,602.0],[501.0,603.0],[502.0,603.0],[502.0,602.0],[503.0,602.0],[504.0,600.0],[506.0,600.0],[506.0,601.0],[507.0,601.0],[507.0,600.0],[509.0,599.0],[509.0,600.0],[510.0,600.0],[510.0,601.0],[512.0,602.0],[512.0,609.0],[513.0,609.0],[513.0,611.0],[515.0,612.0],[515.0,614.0],[516.0,614.0],[516.0,615.0],[517.0,615.0],[518.0,617.0],[520.0,617.0],[521.0,619.0],[523.0,619.0],[523.0,620.0],[524.0,620.0],[525.0,622.0],[538.0,622.0],[538.0,623.0],[545.0,623.0],[545.0,624.0],[547.0,624.0],[547.0,625.0],[548.0,625.0],[548.0,626.0],[549.0,626.0],[549.0,627.0],[550.0,627.0],[550.0,628.0],[551.0,628.0],[551.0,629.0],[553.0,630.0],[553.0,636.0],[554.0,636.0],[554.0,637.0],[557.0,637.0],[558.0,635.0],[564.0,635.0],[564.0,636.0],[565.0,636.0],[565.0,638.0],[567.0,638.0],[567.0,637.0],[568.0,637.0],[568.0,636.0],[569.0,636.0],[570.0,634.0],[574.0,634.0],[574.0,633.0],[575.0,633.0],[576.0,631.0],[583.0,631.0],[583.0,632.0],[586.0,632.0],[586.0,631.0],[588.0,631.0],[588.0,630.0],[589.0,630.0],[589.0,629.0],[590.0,629.0],[590.0,628.0],[592.0,627.0],[595.0,627.0],[595.0,628.0],[596.0,628.0],[597.0,630.0],[599.0,630.0],[599.0,631.0],[601.0,631.0],[601.0,632.0],[607.0,632.0],[607.0,631.0],[609.0,630.0],[609.0,628.0],[611.0,628.0],[611.0,629.0],[613.0,630.0],[613.0,635.0],[614.0,635.0],[614.0,636.0],[620.0,636.0],[620.0,635.0],[623.0,635.0],[623.0,637.0],[625.0,638.0],[625.0,643.0],[624.0,643.0],[624.0,644.0],[622.0,645.0],[622.0,649.0],[624.0,650.0],[624.0,654.0],[623.0,654.0],[623.0,656.0],[622.0,656.0],[621.0,658.0],[606.0,658.0],[606.0,659.0],[603.0,659.0],[603.0,660.0],[601.0,660.0],[601.0,661.0],[598.0,661.0],[598.0,662.0],[594.0,663.0],[594.0,664.0],[592.0,665.0],[592.0,667.0],[591.0,667.0],[591.0,670.0],[590.0,670.0],[590.0,672.0],[589.0,672.0],[589.0,675.0],[588.0,675.0],[588.0,677.0],[587.0,677.0],[587.0,678.0],[585.0,678.0],[585.0,679.0],[584.0,679.0],[583.0,681.0],[581.0,681.0],[580.0,683.0],[578.0,683.0],[578.0,684.0],[577.0,684.0],[577.0,685.0],[576.0,685.0],[576.0,686.0],[575.0,686.0],[574.0,688.0],[572.0,689.0],[572.0,690.0],[571.0,690.0],[571.0,695.0],[570.0,695.0],[570.0,698.0],[569.0,698.0],[569.0,699.0],[565.0,699.0],[565.0,700.0],[563.0,700.0],[563.0,701.0],[558.0,701.0],[558.0,702.0],[556.0,702.0],[556.0,703.0],[554.0,703.0],[554.0,704.0],[553.0,704.0],[553.0,705.0],[554.0,705.0],[554.0,707.0],[556.0,707.0],[556.0,711.0],[555.0,711.0],[555.0,715.0],[553.0,715.0],[553.0,716.0],[550.0,716.0],[549.0,714.0],[547.0,714.0],[547.0,712.0],[545.0,712.0],[545.0,713.0],[542.0,713.0],[541.0,711.0],[537.0,711.0],[536.0,713.0],[532.0,713.0],[532.0,716.0],[531.0,716.0],[531.0,717.0],[529.0,717.0],[528.0,719.0],[527.0,719.0],[527.0,720.0],[526.0,720.0],[526.0,721.0],[520.0,722.0],[520.0,723.0],[514.0,723.0],[514.0,717.0],[512.0,717.0],[512.0,716.0],[511.0,716.0],[511.0,712.0],[510.0,712.0],[509.0,716.0],[505.0,717.0],[505.0,720.0],[504.0,720.0],[504.0,722.0],[502.0,723.0],[502.0,728.0],[501.0,728.0],[501.0,729.0],[497.0,729.0],[497.0,728.0],[495.0,728.0],[495.0,727.0],[493.0,727.0],[493.0,725.0],[489.0,725.0],[489.0,724.0],[488.0,724.0],[488.0,722.0],[487.0,718.0],[485.0,717.0],[485.0,716.0],[484.0,716.0],[484.0,714.0],[483.0,714.0],[483.0,711.0],[483.0,710.0],[478.0,710.0],[478.0,709.0],[477.0,709.0],[476.0,711.0],[475.0,711.0],[475.0,712.0],[473.0,712.0],[471.0,712.0],[471.0,713.0],[470.0,713.0],[470.0,716.0],[469.0,716.0],[469.0,718.0],[460.0,720.0],[459.0,722.0],[458.0,722.0],[458.0,723.0],[457.0,723.0],[457.0,724.0],[456.0,724.0],[456.0,725.0],[455.0,725.0],[455.0,726.0],[448.0,728.0],[447.0,730.0],[446.0,730.0],[446.0,734.0],[444.0,734.0],[444.0,735.0]]],[[[567.0,718.0],[566.0,707.0],[569.0,707.0],[569.0,708.0],[573.0,708.0],[573.0,709.0],[574.0,709.0],[574.0,710.0],[575.0,710.0],[575.0,711.0],[576.0,711.0],[576.0,712.0],[577.0,712.0],[577.0,713.0],[579.0,714.0],[579.0,718.0],[567.0,718.0]]]]}},{"type":"Feature","id":"country-014","properties":{"id":"country-014","name":"Unassigned","type":"country","status":"mask-defined","source":"countries-mask-shared-topology","extractionConfidence":"authoritative-mask","rgb":[127,0,0],"color":"#7f0000","polygonCount":2,"holeCount":2,"styleIndex":1},"geometry":{"type":"MultiPolygon","coordinates":[[[[185.0,600.0],[186.0,600.0],[186.0,605.0],[185.0,605.0],[185.0,600.0]]],[[[691.0,675.0],[691.0,674.0],[691.0,671.0],[692.0,671.0],[692.0,670.0],[693.0,670.0],[693.0,669.0],[694.0,669.0],[695.0,667.0],[698.0,667.0],[698.0,666.0],[702.0,666.0],[702.0,665.0],[711.0,665.0],[711.0,666.0],[716.0,666.0],[716.0,667.0],[720.0,667.0],[720.0,668.0],[728.0,668.0],[728.0,667.0],[733.0,667.0],[733.0,668.0],[735.0,669.0],[735.0,672.0],[736.0,672.0],[736.0,675.0],[737.0,675.0],[737.0,677.0],[738.0,677.0],[738.0,678.0],[740.0,679.0],[740.0,681.0],[743.0,681.0],[743.0,683.0],[744.0,683.0],[744.0,686.0],[745.0,686.0],[745.0,687.0],[749.0,687.0],[749.0,688.0],[750.0,688.0],[751.0,690.0],[753.0,690.0],[753.0,691.0],[754.0,691.0],[754.0,693.0],[756.0,694.0],[756.0,697.0],[758.0,698.0],[758.0,702.0],[759.0,702.0],[759.0,705.0],[760.0,705.0],[760.0,709.0],[759.0,709.0],[759.0,711.0],[764.0,711.0],[764.0,712.0],[765.0,712.0],[765.0,714.0],[769.0,714.0],[769.0,715.0],[770.0,715.0],[770.0,714.0],[771.0,714.0],[772.0,712.0],[777.0,712.0],[777.0,713.0],[778.0,713.0],[778.0,715.0],[780.0,716.0],[780.0,719.0],[784.0,719.0],[784.0,720.0],[785.0,720.0],[784.0,728.0],[783.0,728.0],[783.0,729.0],[781.0,730.0],[781.0,733.0],[780.0,733.0],[780.0,735.0],[779.0,735.0],[778.0,737.0],[771.0,737.0],[771.0,744.0],[772.0,744.0],[772.0,745.0],[774.0,745.0],[775.0,747.0],[778.0,747.0],[779.0,749.0],[781.0,749.0],[781.0,750.0],[782.0,750.0],[782.0,751.0],[784.0,752.0],[784.0,754.0],[785.0,754.0],[785.0,755.0],[787.0,756.0],[787.0,758.0],[788.0,758.0],[788.0,760.0],[789.0,760.0],[789.0,773.0],[788.0,773.0],[788.0,774.0],[787.0,774.0],[787.0,775.0],[786.0,777.0],[779.0,777.0],[779.0,778.0],[776.0,778.0],[776.0,777.0],[775.0,777.0],[775.0,778.0],[768.0,778.0],[768.0,779.0],[766.0,779.0],[766.0,780.0],[764.0,780.0],[756.0,780.0],[756.0,779.0],[753.0,779.0],[752.0,777.0],[751.0,777.0],[751.0,776.0],[750.0,776.0],[750.0,775.0],[748.0,775.0],[747.0,773.0],[746.0,773.0],[746.0,772.0],[743.0,772.0],[742.0,770.0],[740.0,770.0],[740.0,769.0],[738.0,769.0],[737.0,771.0],[736.0,771.0],[736.0,772.0],[730.0,772.0],[730.0,771.0],[728.0,771.0],[727.0,769.0],[726.0,769.0],[726.0,768.0],[725.0,768.0],[725.0,767.0],[724.0,767.0],[724.0,766.0],[723.0,766.0],[723.0,765.0],[722.0,765.0],[722.0,762.0],[720.0,761.0],[720.0,759.0],[719.0,759.0],[719.0,758.0],[718.0,758.0],[718.0,752.0],[719.0,752.0],[719.0,751.0],[721.0,751.0],[721.0,750.0],[720.0,750.0],[720.0,741.0],[721.0,741.0],[721.0,739.0],[722.0,739.0],[722.0,738.0],[726.0,738.0],[726.0,739.0],[728.0,739.0],[728.0,740.0],[734.0,741.0],[734.0,742.0],[740.0,741.0],[740.0,742.0],[742.0,742.0],[743.0,740.0],[742.0,740.0],[742.0,739.0],[734.0,739.0],[733.0,737.0],[727.0,737.0],[727.0,736.0],[723.0,736.0],[723.0,737.0],[716.0,737.0],[715.0,735.0],[714.0,735.0],[714.0,734.0],[710.0,734.0],[710.0,733.0],[708.0,733.0],[708.0,732.0],[706.0,732.0],[705.0,730.0],[704.0,730.0],[704.0,729.0],[703.0,729.0],[703.0,728.0],[702.0,728.0],[702.0,729.0],[700.0,729.0],[700.0,731.0],[695.0,731.0],[694.0,729.0],[692.0,729.0],[692.0,725.0],[690.0,726.0],[690.0,729.0],[687.0,729.0],[686.0,727.0],[685.0,727.0],[685.0,724.0],[687.0,723.0],[687.0,718.0],[686.0,718.0],[686.0,714.0],[685.0,714.0],[685.0,711.0],[687.0,710.0],[687.0,709.0],[691.0,709.0],[691.0,707.0],[689.0,706.0],[689.0,700.0],[688.0,700.0],[688.0,697.0],[687.0,697.0],[687.0,695.0],[686.0,695.0],[686.0,689.0],[688.0,688.0],[688.0,684.0],[689.0,684.0],[689.0,680.0],[690.0,680.0],[690.0,679.0],[693.0,679.0],[693.0,678.0],[700.0,678.0],[700.0,677.0],[698.0,677.0],[698.0,676.0],[696.0,676.0],[696.0,675.0],[691.0,675.0]],[[701.0,678.0],[700.0,678.0],[700.0,679.0],[701.0,679.0],[701.0,678.0]],[[706.0,682.0],[704.0,682.0],[705.0,684.0],[706.0,684.0],[706.0,682.0]]]]}},{"type":"Feature","id":"country-015","properties":{"id":"country-015","name":"Unassigned","type":"country","status":"mask-defined","source":"countries-mask-shared-topology","extractionConfidence":"authoritative-mask","rgb":[127,51,0],"color":"#7f3300","polygonCount":8,"holeCount":0,"styleIndex":2},"geometry":{"type":"MultiPolygon","coordinates":[[[[769.0,701.0],[769.0,700.0],[767.0,699.0],[767.0,695.0],[768.0,695.0],[768.0,693.0],[770.0,692.0],[770.0,682.0],[771.0,682.0],[771.0,680.0],[772.0,680.0],[773.0,678.0],[775.0,678.0],[775.0,677.0],[776.0,677.0],[777.0,675.0],[780.0,675.0],[780.0,676.0],[784.0,676.0],[784.0,681.0],[783.0,681.0],[783.0,683.0],[782.0,683.0],[782.0,688.0],[776.0,691.0],[776.0,693.0],[774.0,694.0],[774.0,697.0],[773.0,697.0],[773.0,700.0],[772.0,700.0],[772.0,701.0],[769.0,701.0]]],[[[869.0,715.0],[869.0,713.0],[868.0,713.0],[868.0,710.0],[869.0,710.0],[869.0,709.0],[873.0,709.0],[873.0,710.0],[875.0,710.0],[875.0,711.0],[877.0,711.0],[877.0,712.0],[879.0,712.0],[879.0,713.0],[881.0,713.0],[881.0,714.0],[885.0,714.0],[885.0,715.0],[887.0,715.0],[887.0,716.0],[892.0,716.0],[892.0,717.0],[893.0,717.0],[893.0,721.0],[889.0,721.0],[889.0,722.0],[882.0,722.0],[882.0,721.0],[879.0,721.0],[878.0,719.0],[871.0,717.0],[871.0,716.0],[869.0,715.0]]],[[[856.0,719.0],[856.0,722.0],[857.0,722.0],[857.0,727.0],[856.0,727.0],[856.0,729.0],[855.0,729.0],[854.0,731.0],[851.0,731.0],[850.0,729.0],[850.0,728.0],[848.0,727.0],[848.0,720.0],[856.0,719.0]]],[[[884.0,743.0],[884.0,742.0],[883.0,742.0],[883.0,739.0],[895.0,739.0],[895.0,740.0],[897.0,741.0],[897.0,745.0],[889.0,745.0],[889.0,744.0],[886.0,744.0],[886.0,743.0],[884.0,743.0]]],[[[846.0,739.0],[846.0,738.0],[847.0,738.0],[848.0,736.0],[850.0,735.0],[851.0,735.0],[851.0,734.0],[854.0,734.0],[855.0,734.0],[855.0,735.0],[856.0,735.0],[856.0,736.0],[858.0,737.0],[858.0,739.0],[860.0,740.0],[860.0,741.0],[862.0,741.0],[862.0,740.0],[867.0,740.0],[867.0,745.0],[863.0,747.0],[863.0,752.0],[865.0,753.0],[865.0,754.0],[870.0,754.0],[870.0,753.0],[872.0,753.0],[872.0,752.0],[874.0,752.0],[874.0,751.0],[877.0,751.0],[877.0,750.0],[883.0,750.0],[883.0,751.0],[886.0,751.0],[886.0,752.0],[888.0,752.0],[888.0,753.0],[890.0,753.0],[890.0,755.0],[891.0,755.0],[891.0,758.0],[893.0,759.0],[893.0,760.0],[894.0,760.0],[894.0,761.0],[899.0,761.0],[899.0,762.0],[900.0,762.0],[900.0,764.0],[902.0,764.0],[902.0,763.0],[901.0,763.0],[901.0,756.0],[905.0,755.0],[906.0,753.0],[910.0,752.0],[910.0,751.0],[916.0,750.0],[916.0,749.0],[922.0,749.0],[922.0,750.0],[926.0,751.0],[926.0,752.0],[928.0,752.0],[928.0,753.0],[930.0,753.0],[930.0,754.0],[932.0,754.0],[932.0,755.0],[935.0,755.0],[935.0,756.0],[937.0,756.0],[938.0,758.0],[939.0,758.0],[939.0,763.0],[938.0,763.0],[938.0,764.0],[935.0,764.0],[935.0,763.0],[934.0,763.0],[934.0,764.0],[925.0,764.0],[925.0,765.0],[924.0,765.0],[925.0,767.0],[926.0,767.0],[926.0,771.0],[928.0,772.0],[928.0,773.0],[929.0,773.0],[929.0,776.0],[930.0,776.0],[930.0,780.0],[931.0,780.0],[931.0,783.0],[929.0,784.0],[929.0,785.0],[925.0,785.0],[925.0,786.0],[923.0,786.0],[922.0,788.0],[921.0,788.0],[921.0,791.0],[920.0,791.0],[920.0,793.0],[919.0,793.0],[919.0,794.0],[910.0,794.0],[910.0,793.0],[907.0,793.0],[907.0,792.0],[906.0,792.0],[906.0,795.0],[907.0,795.0],[907.0,797.0],[908.0,797.0],[908.0,803.0],[907.0,803.0],[907.0,805.0],[909.0,805.0],[909.0,804.0],[912.0,804.0],[912.0,805.0],[913.0,805.0],[913.0,809.0],[911.0,810.0],[911.0,811.0],[893.0,810.0],[893.0,809.0],[891.0,809.0],[891.0,808.0],[886.0,808.0],[886.0,807.0],[884.0,807.0],[884.0,804.0],[886.0,803.0],[885.0,801.0],[883.0,801.0],[883.0,802.0],[880.0,802.0],[880.0,801.0],[878.0,801.0],[877.0,799.0],[875.0,799.0],[875.0,796.0],[874.0,796.0],[874.0,794.0],[873.0,794.0],[873.0,793.0],[871.0,793.0],[871.0,798.0],[870.0,798.0],[870.0,799.0],[864.0,798.0],[864.0,799.0],[859.0,799.0],[859.0,798.0],[857.0,798.0],[856.0,800.0],[855.0,800.0],[855.0,801.0],[853.0,801.0],[853.0,803.0],[851.0,803.0],[851.0,804.0],[846.0,804.0],[846.0,803.0],[843.0,803.0],[843.0,801.0],[840.0,801.0],[840.0,802.0],[838.0,802.0],[838.0,803.0],[836.0,803.0],[835.0,805.0],[836.0,805.0],[836.0,807.0],[838.0,807.0],[838.0,806.0],[841.0,806.0],[841.0,807.0],[842.0,807.0],[842.0,810.0],[841.0,810.0],[841.0,811.0],[839.0,811.0],[839.0,813.0],[838.0,813.0],[838.0,814.0],[833.0,814.0],[833.0,815.0],[829.0,815.0],[829.0,816.0],[826.0,816.0],[826.0,815.0],[824.0,815.0],[824.0,813.0],[820.0,812.0],[820.0,814.0],[818.0,815.0],[818.0,816.0],[817.0,816.0],[817.0,818.0],[815.0,819.0],[815.0,820.0],[809.0,820.0],[809.0,819.0],[808.0,819.0],[808.0,816.0],[801.0,816.0],[801.0,814.0],[800.0,814.0],[800.0,811.0],[798.0,810.0],[798.0,809.0],[796.0,809.0],[796.0,808.0],[794.0,808.0],[794.0,807.0],[793.0,807.0],[793.0,799.0],[794.0,799.0],[794.0,798.0],[796.0,798.0],[796.0,797.0],[799.0,797.0],[799.0,796.0],[808.0,796.0],[808.0,797.0],[809.0,797.0],[809.0,795.0],[805.0,795.0],[805.0,794.0],[796.0,794.0],[796.0,793.0],[790.0,793.0],[790.0,782.0],[789.0,782.0],[789.0,776.0],[788.0,776.0],[788.0,775.0],[788.0,774.0],[788.0,773.0],[789.0,773.0],[789.0,760.0],[788.0,760.0],[788.0,758.0],[787.0,758.0],[787.0,756.0],[785.0,755.0],[785.0,754.0],[784.0,754.0],[784.0,752.0],[782.0,751.0],[782.0,750.0],[781.0,750.0],[781.0,749.0],[779.0,749.0],[778.0,747.0],[775.0,747.0],[774.0,745.0],[772.0,745.0],[772.0,744.0],[771.0,744.0],[771.0,737.0],[778.0,737.0],[779.0,735.0],[780.0,735.0],[780.0,733.0],[781.0,733.0],[781.0,730.0],[783.0,729.0],[783.0,728.0],[784.0,728.0],[785.0,720.0],[784.0,720.0],[784.0,719.0],[784.0,716.0],[783.0,716.0],[783.0,710.0],[784.0,710.0],[784.0,709.0],[786.0,709.0],[786.0,708.0],[783.0,708.0],[783.0,707.0],[781.0,707.0],[781.0,705.0],[780.0,705.0],[780.0,704.0],[778.0,704.0],[778.0,702.0],[777.0,702.0],[777.0,698.0],[779.0,698.0],[779.0,697.0],[781.0,697.0],[781.0,696.0],[787.0,696.0],[787.0,697.0],[789.0,698.0],[789.0,693.0],[792.0,693.0],[792.0,692.0],[794.0,692.0],[794.0,691.0],[798.0,691.0],[798.0,693.0],[799.0,693.0],[800.0,695.0],[802.0,695.0],[802.0,696.0],[804.0,697.0],[804.0,700.0],[806.0,699.0],[806.0,697.0],[807.0,697.0],[808.0,695.0],[812.0,695.0],[812.0,696.0],[816.0,697.0],[816.0,698.0],[817.0,698.0],[817.0,699.0],[818.0,699.0],[818.0,700.0],[820.0,701.0],[820.0,703.0],[821.0,703.0],[821.0,704.0],[824.0,704.0],[825.0,706.0],[833.0,706.0],[833.0,707.0],[835.0,707.0],[835.0,711.0],[833.0,711.0],[833.0,712.0],[834.0,712.0],[834.0,713.0],[836.0,714.0],[836.0,717.0],[835.0,717.0],[835.0,721.0],[834.0,721.0],[833.0,723.0],[831.0,723.0],[831.0,724.0],[828.0,724.0],[828.0,725.0],[827.0,725.0],[827.0,727.0],[828.0,727.0],[828.0,730.0],[827.0,730.0],[827.0,733.0],[828.0,733.0],[828.0,740.0],[829.0,740.0],[829.0,739.0],[831.0,738.0],[831.0,736.0],[832.0,736.0],[833.0,734.0],[836.0,734.0],[837.0,736.0],[840.0,736.0],[840.0,737.0],[842.0,737.0],[842.0,738.0],[844.0,738.0],[844.0,739.0],[846.0,739.0]]],[[[935.0,779.0],[935.0,778.0],[934.0,778.0],[934.0,773.0],[941.0,773.0],[941.0,774.0],[943.0,775.0],[943.0,779.0],[941.0,779.0],[941.0,780.0],[937.0,780.0],[937.0,779.0],[935.0,779.0]]],[[[919.0,805.0],[919.0,804.0],[918.0,804.0],[918.0,800.0],[920.0,800.0],[920.0,799.0],[926.0,799.0],[926.0,798.0],[930.0,798.0],[930.0,799.0],[931.0,799.0],[932.0,801.0],[936.0,801.0],[936.0,804.0],[935.0,804.0],[935.0,805.0],[932.0,805.0],[932.0,806.0],[930.0,807.0],[930.0,809.0],[926.0,809.0],[926.0,808.0],[924.0,808.0],[924.0,807.0],[923.0,807.0],[922.0,805.0],[919.0,805.0]]],[[[766.0,813.0],[766.0,811.0],[764.0,810.0],[764.0,806.0],[770.0,806.0],[770.0,807.0],[773.0,807.0],[773.0,808.0],[777.0,809.0],[777.0,812.0],[776.0,812.0],[776.0,813.0],[771.0,813.0],[771.0,814.0],[768.0,814.0],[768.0,813.0],[766.0,813.0]]]]}},{"type":"Feature","id":"country-016","properties":{"id":"country-016","name":"Unassigned","type":"country","status":"mask-defined","source":"countries-mask-shared-topology","extractionConfidence":"authoritative-mask","rgb":[127,106,0],"color":"#7f6a00","polygonCount":21,"holeCount":3,"styleIndex":3},"geometry":{"type":"MultiPolygon","coordinates":[[[[117.0,738.0],[112.0,738.0],[112.0,737.0],[111.0,737.0],[111.0,733.0],[112.0,733.0],[112.0,732.0],[114.0,732.0],[114.0,731.0],[116.0,731.0],[116.0,730.0],[118.0,730.0],[119.0,728.0],[123.0,728.0],[123.0,729.0],[124.0,729.0],[124.0,733.0],[123.0,733.0],[123.0,735.0],[122.0,735.0],[122.0,736.0],[123.0,736.0],[123.0,739.0],[122.0,739.0],[122.0,740.0],[119.0,740.0],[119.0,739.0],[117.0,739.0],[117.0,738.0]]],[[[56.0,747.0],[55.0,747.0],[55.0,745.0],[53.0,744.0],[53.0,741.0],[58.0,741.0],[59.0,743.0],[60.0,743.0],[60.0,742.0],[66.0,742.0],[66.0,743.0],[68.0,744.0],[68.0,749.0],[67.0,749.0],[67.0,750.0],[62.0,750.0],[61.0,748.0],[56.0,748.0],[56.0,747.0]]],[[[73.0,737.0],[63.0,737.0],[63.0,736.0],[58.0,736.0],[58.0,732.0],[60.0,732.0],[60.0,731.0],[66.0,731.0],[66.0,732.0],[67.0,732.0],[67.0,731.0],[73.0,731.0],[73.0,730.0],[76.0,730.0],[76.0,729.0],[75.0,729.0],[75.0,728.0],[73.0,727.0],[73.0,723.0],[76.0,723.0],[76.0,721.0],[75.0,721.0],[75.0,717.0],[80.0,717.0],[80.0,718.0],[82.0,718.0],[82.0,719.0],[84.0,719.0],[84.0,720.0],[87.0,720.0],[87.0,721.0],[88.0,721.0],[88.0,720.0],[93.0,720.0],[93.0,719.0],[95.0,719.0],[96.0,717.0],[100.0,717.0],[100.0,718.0],[101.0,718.0],[101.0,719.0],[103.0,719.0],[104.0,721.0],[105.0,721.0],[106.0,719.0],[109.0,719.0],[109.0,729.0],[108.0,729.0],[107.0,731.0],[100.0,731.0],[100.0,732.0],[98.0,732.0],[98.0,733.0],[100.0,733.0],[100.0,734.0],[101.0,734.0],[101.0,735.0],[102.0,735.0],[102.0,736.0],[103.0,736.0],[103.0,737.0],[105.0,738.0],[105.0,742.0],[106.0,742.0],[106.0,743.0],[111.0,743.0],[111.0,744.0],[114.0,744.0],[114.0,745.0],[122.0,745.0],[122.0,746.0],[124.0,746.0],[124.0,742.0],[127.0,742.0],[127.0,741.0],[129.0,741.0],[129.0,740.0],[130.0,740.0],[130.0,739.0],[129.0,739.0],[129.0,737.0],[128.0,737.0],[128.0,734.0],[135.0,734.0],[135.0,735.0],[137.0,735.0],[137.0,736.0],[139.0,736.0],[139.0,737.0],[141.0,738.0],[141.0,741.0],[140.0,741.0],[140.0,742.0],[141.0,742.0],[141.0,748.0],[139.0,749.0],[139.0,753.0],[138.0,753.0],[138.0,754.0],[132.0,754.0],[132.0,753.0],[129.0,753.0],[129.0,754.0],[128.0,754.0],[128.0,755.0],[126.0,756.0],[126.0,758.0],[123.0,758.0],[123.0,759.0],[116.0,759.0],[116.0,760.0],[115.0,760.0],[115.0,761.0],[113.0,762.0],[113.0,766.0],[110.0,766.0],[110.0,768.0],[107.0,768.0],[107.0,767.0],[100.0,767.0],[100.0,766.0],[99.0,766.0],[98.0,764.0],[93.0,764.0],[93.0,765.0],[89.0,766.0],[89.0,767.0],[90.0,767.0],[91.0,769.0],[94.0,769.0],[94.0,770.0],[96.0,771.0],[96.0,776.0],[94.0,776.0],[94.0,777.0],[91.0,777.0],[91.0,776.0],[88.0,776.0],[87.0,774.0],[83.0,773.0],[83.0,772.0],[82.0,772.0],[82.0,771.0],[81.0,771.0],[81.0,770.0],[80.0,770.0],[80.0,769.0],[78.0,768.0],[78.0,764.0],[77.0,764.0],[77.0,763.0],[75.0,762.0],[75.0,760.0],[74.0,760.0],[74.0,757.0],[73.0,757.0],[73.0,755.0],[71.0,754.0],[71.0,751.0],[72.0,751.0],[72.0,750.0],[73.0,750.0],[73.0,749.0],[75.0,748.0],[75.0,745.0],[77.0,745.0],[77.0,744.0],[79.0,743.0],[80.0,739.0],[79.0,739.0],[78.0,737.0],[77.0,737.0],[77.0,738.0],[73.0,738.0],[73.0,737.0]]],[[[288.0,863.0],[287.0,859.0],[284.0,859.0],[284.0,858.0],[283.0,858.0],[283.0,854.0],[284.0,854.0],[284.0,847.0],[285.0,847.0],[285.0,846.0],[296.0,846.0],[296.0,848.0],[297.0,848.0],[297.0,852.0],[295.0,852.0],[295.0,853.0],[293.0,854.0],[293.0,856.0],[294.0,856.0],[294.0,857.0],[296.0,858.0],[296.0,863.0],[295.0,863.0],[295.0,864.0],[290.0,864.0],[290.0,863.0],[288.0,863.0]]],[[[266.0,906.0],[266.0,902.0],[265.0,902.0],[264.0,900.0],[258.0,900.0],[258.0,896.0],[259.0,896.0],[259.0,894.0],[260.0,894.0],[261.0,892.0],[264.0,892.0],[264.0,893.0],[266.0,894.0],[266.0,892.0],[267.0,892.0],[267.0,891.0],[271.0,891.0],[271.0,892.0],[272.0,892.0],[272.0,895.0],[273.0,895.0],[273.0,899.0],[274.0,899.0],[274.0,905.0],[272.0,905.0],[272.0,906.0],[266.0,906.0]]],[[[274.0,955.0],[270.0,955.0],[270.0,952.0],[269.0,952.0],[269.0,947.0],[270.0,947.0],[270.0,943.0],[271.0,943.0],[271.0,941.0],[276.0,941.0],[276.0,942.0],[277.0,942.0],[277.0,946.0],[276.0,946.0],[276.0,949.0],[275.0,949.0],[275.0,953.0],[274.0,953.0],[274.0,955.0]]],[[[264.0,986.0],[263.0,986.0],[263.0,982.0],[262.0,982.0],[262.0,976.0],[263.0,976.0],[263.0,975.0],[266.0,975.0],[266.0,976.0],[267.0,976.0],[267.0,977.0],[268.0,977.0],[269.0,979.0],[273.0,979.0],[273.0,980.0],[274.0,980.0],[274.0,986.0],[273.0,986.0],[273.0,988.0],[272.0,988.0],[272.0,989.0],[271.0,989.0],[270.0,991.0],[266.0,991.0],[266.0,990.0],[265.0,990.0],[265.0,988.0],[264.0,988.0],[264.0,986.0]]],[[[252.0,1022.0],[250.0,1022.0],[250.0,1021.0],[249.0,1021.0],[249.0,1016.0],[255.0,1016.0],[255.0,1017.0],[257.0,1017.0],[257.0,1018.0],[258.0,1018.0],[259.0,1016.0],[265.0,1016.0],[265.0,1020.0],[264.0,1020.0],[264.0,1022.0],[265.0,1022.0],[265.0,1024.0],[267.0,1025.0],[267.0,1029.0],[266.0,1029.0],[266.0,1031.0],[264.0,1032.0],[264.0,1034.0],[261.0,1034.0],[261.0,1033.0],[260.0,1033.0],[260.0,1031.0],[259.0,1031.0],[259.0,1027.0],[258.0,1027.0],[257.0,1025.0],[254.0,1025.0],[254.0,1024.0],[253.0,1024.0],[252.0,1022.0]]],[[[297.0,1041.0],[296.0,1043.0],[289.0,1043.0],[289.0,1042.0],[287.0,1042.0],[287.0,1039.0],[288.0,1039.0],[289.0,1037.0],[295.0,1036.0],[295.0,1037.0],[297.0,1037.0],[297.0,1038.0],[298.0,1038.0],[298.0,1041.0],[297.0,1041.0]]],[[[357.0,1047.0],[357.0,1048.0],[350.0,1048.0],[350.0,1047.0],[348.0,1046.0],[348.0,1040.0],[349.0,1040.0],[349.0,1036.0],[350.0,1036.0],[350.0,1033.0],[351.0,1033.0],[351.0,1032.0],[354.0,1032.0],[354.0,1033.0],[356.0,1033.0],[356.0,1034.0],[358.0,1035.0],[358.0,1037.0],[360.0,1037.0],[360.0,1046.0],[359.0,1046.0],[359.0,1047.0],[357.0,1047.0]]],[[[328.0,1043.0],[326.0,1042.0],[326.0,1040.0],[324.0,1040.0],[324.0,1034.0],[329.0,1034.0],[329.0,1035.0],[330.0,1035.0],[330.0,1037.0],[331.0,1037.0],[331.0,1038.0],[332.0,1038.0],[332.0,1039.0],[333.0,1039.0],[333.0,1040.0],[335.0,1041.0],[335.0,1046.0],[334.0,1046.0],[334.0,1047.0],[331.0,1047.0],[331.0,1046.0],[329.0,1046.0],[329.0,1045.0],[328.0,1045.0],[328.0,1043.0]]],[[[407.0,786.0],[402.0,786.0],[401.0,784.0],[399.0,784.0],[399.0,781.0],[400.0,781.0],[400.0,778.0],[408.0,778.0],[408.0,779.0],[411.0,779.0],[411.0,782.0],[410.0,782.0],[410.0,784.0],[408.0,784.0],[407.0,786.0]]],[[[642.0,918.0],[641.0,918.0],[641.0,919.0],[636.0,919.0],[636.0,908.0],[638.0,908.0],[638.0,907.0],[639.0,907.0],[640.0,905.0],[649.0,905.0],[649.0,902.0],[655.0,902.0],[655.0,904.0],[656.0,904.0],[656.0,909.0],[655.0,909.0],[655.0,913.0],[644.0,914.0],[644.0,915.0],[642.0,916.0],[642.0,918.0]]],[[[371.0,1005.0],[371.0,1006.0],[373.0,1006.0],[373.0,1007.0],[374.0,1007.0],[374.0,1010.0],[375.0,1010.0],[375.0,1009.0],[378.0,1009.0],[378.0,1007.0],[379.0,1007.0],[380.0,1005.0],[373.0,1005.0],[373.0,1004.0],[371.0,1004.0],[371.0,1003.0],[368.0,1003.0],[368.0,1002.0],[366.0,1002.0],[366.0,1001.0],[365.0,1001.0],[365.0,995.0],[366.0,995.0],[366.0,990.0],[369.0,990.0],[370.0,988.0],[376.0,988.0],[376.0,987.0],[375.0,987.0],[375.0,986.0],[372.0,986.0],[372.0,985.0],[367.0,985.0],[367.0,987.0],[366.0,987.0],[365.0,989.0],[360.0,989.0],[360.0,988.0],[358.0,988.0],[358.0,977.0],[357.0,977.0],[356.0,979.0],[353.0,979.0],[353.0,980.0],[352.0,980.0],[352.0,981.0],[350.0,981.0],[350.0,982.0],[345.0,982.0],[345.0,981.0],[343.0,981.0],[343.0,980.0],[342.0,980.0],[342.0,978.0],[341.0,978.0],[341.0,974.0],[338.0,974.0],[338.0,976.0],[339.0,976.0],[339.0,978.0],[340.0,978.0],[340.0,980.0],[341.0,980.0],[342.0,984.0],[343.0,984.0],[343.0,985.0],[344.0,985.0],[344.0,986.0],[346.0,987.0],[346.0,989.0],[347.0,989.0],[347.0,990.0],[350.0,990.0],[350.0,991.0],[352.0,991.0],[352.0,992.0],[354.0,992.0],[354.0,993.0],[358.0,993.0],[358.0,994.0],[359.0,994.0],[359.0,997.0],[358.0,997.0],[358.0,998.0],[356.0,999.0],[356.0,1003.0],[355.0,1003.0],[355.0,1004.0],[356.0,1004.0],[356.0,1008.0],[346.0,1008.0],[346.0,1007.0],[345.0,1007.0],[345.0,1005.0],[344.0,1005.0],[344.0,1004.0],[343.0,1004.0],[342.0,1002.0],[340.0,1002.0],[340.0,1004.0],[341.0,1004.0],[341.0,1007.0],[342.0,1007.0],[342.0,1008.0],[345.0,1008.0],[345.0,1010.0],[347.0,1011.0],[347.0,1015.0],[346.0,1015.0],[346.0,1017.0],[347.0,1017.0],[347.0,1018.0],[348.0,1018.0],[348.0,1019.0],[350.0,1020.0],[350.0,1025.0],[349.0,1025.0],[349.0,1028.0],[347.0,1029.0],[347.0,1035.0],[341.0,1036.0],[341.0,1037.0],[340.0,1037.0],[340.0,1038.0],[338.0,1038.0],[338.0,1039.0],[334.0,1039.0],[334.0,1038.0],[333.0,1038.0],[333.0,1037.0],[331.0,1036.0],[331.0,1034.0],[330.0,1034.0],[329.0,1030.0],[327.0,1030.0],[327.0,1031.0],[322.0,1031.0],[322.0,1030.0],[320.0,1030.0],[320.0,1032.0],[319.0,1032.0],[318.0,1036.0],[317.0,1036.0],[317.0,1037.0],[315.0,1037.0],[315.0,1039.0],[314.0,1039.0],[314.0,1040.0],[313.0,1040.0],[312.0,1042.0],[308.0,1042.0],[308.0,1043.0],[306.0,1043.0],[306.0,1044.0],[304.0,1044.0],[304.0,1045.0],[302.0,1045.0],[302.0,1046.0],[299.0,1046.0],[299.0,1042.0],[300.0,1042.0],[300.0,1040.0],[302.0,1040.0],[302.0,1039.0],[303.0,1039.0],[303.0,1038.0],[305.0,1037.0],[305.0,1035.0],[304.0,1035.0],[304.0,1034.0],[302.0,1033.0],[302.0,1031.0],[297.0,1031.0],[297.0,1032.0],[293.0,1032.0],[293.0,1031.0],[288.0,1031.0],[288.0,1032.0],[287.0,1032.0],[287.0,1034.0],[286.0,1034.0],[285.0,1036.0],[277.0,1036.0],[277.0,1031.0],[276.0,1031.0],[276.0,1030.0],[275.0,1030.0],[275.0,1029.0],[274.0,1029.0],[274.0,1028.0],[273.0,1028.0],[273.0,1027.0],[271.0,1026.0],[271.0,1024.0],[270.0,1024.0],[270.0,1021.0],[269.0,1021.0],[269.0,1015.0],[268.0,1015.0],[267.0,1013.0],[265.0,1013.0],[265.0,1010.0],[264.0,1010.0],[264.0,1006.0],[263.0,1006.0],[263.0,1005.0],[259.0,1005.0],[259.0,1004.0],[254.0,1004.0],[254.0,1002.0],[253.0,1002.0],[253.0,1001.0],[245.0,999.0],[245.0,998.0],[244.0,998.0],[244.0,991.0],[240.0,989.0],[240.0,984.0],[244.0,984.0],[245.0,986.0],[249.0,986.0],[249.0,987.0],[255.0,987.0],[255.0,990.0],[256.0,990.0],[256.0,989.0],[261.0,989.0],[260.0,995.0],[262.0,995.0],[262.0,996.0],[265.0,996.0],[265.0,998.0],[266.0,998.0],[267.0,1000.0],[269.0,1000.0],[269.0,997.0],[270.0,997.0],[270.0,993.0],[271.0,993.0],[271.0,992.0],[272.0,992.0],[272.0,991.0],[273.0,991.0],[274.0,989.0],[276.0,989.0],[276.0,988.0],[278.0,988.0],[278.0,987.0],[280.0,986.0],[280.0,983.0],[281.0,983.0],[281.0,982.0],[282.0,982.0],[282.0,981.0],[284.0,980.0],[284.0,978.0],[285.0,978.0],[285.0,976.0],[286.0,976.0],[286.0,972.0],[284.0,972.0],[284.0,969.0],[285.0,969.0],[285.0,966.0],[286.0,966.0],[286.0,964.0],[285.0,964.0],[285.0,965.0],[283.0,965.0],[283.0,966.0],[282.0,966.0],[282.0,967.0],[281.0,967.0],[280.0,969.0],[275.0,969.0],[275.0,964.0],[276.0,964.0],[276.0,962.0],[274.0,961.0],[274.0,957.0],[275.0,957.0],[276.0,955.0],[280.0,954.0],[280.0,953.0],[285.0,953.0],[285.0,952.0],[288.0,952.0],[288.0,949.0],[286.0,948.0],[286.0,935.0],[287.0,935.0],[287.0,933.0],[289.0,932.0],[289.0,926.0],[288.0,926.0],[288.0,927.0],[286.0,927.0],[286.0,928.0],[282.0,928.0],[281.0,926.0],[276.0,926.0],[276.0,927.0],[273.0,927.0],[273.0,928.0],[272.0,928.0],[272.0,931.0],[271.0,931.0],[271.0,932.0],[270.0,932.0],[269.0,934.0],[267.0,934.0],[267.0,935.0],[263.0,935.0],[263.0,929.0],[264.0,929.0],[264.0,928.0],[265.0,928.0],[265.0,926.0],[266.0,926.0],[266.0,919.0],[267.0,919.0],[267.0,915.0],[268.0,915.0],[268.0,914.0],[270.0,913.0],[270.0,911.0],[272.0,910.0],[272.0,908.0],[281.0,908.0],[281.0,907.0],[282.0,907.0],[282.0,906.0],[281.0,906.0],[281.0,904.0],[280.0,904.0],[280.0,901.0],[282.0,900.0],[282.0,892.0],[281.0,892.0],[281.0,890.0],[280.0,890.0],[280.0,888.0],[279.0,888.0],[279.0,885.0],[278.0,885.0],[278.0,880.0],[279.0,880.0],[279.0,879.0],[283.0,879.0],[283.0,880.0],[285.0,880.0],[286.0,882.0],[287.0,882.0],[287.0,881.0],[289.0,881.0],[289.0,874.0],[290.0,874.0],[290.0,873.0],[291.0,873.0],[292.0,871.0],[299.0,871.0],[299.0,872.0],[301.0,873.0],[301.0,875.0],[303.0,875.0],[303.0,873.0],[301.0,872.0],[301.0,865.0],[300.0,865.0],[300.0,856.0],[301.0,856.0],[302.0,854.0],[305.0,854.0],[307.0,850.0],[313.0,850.0],[314.0,848.0],[317.0,848.0],[317.0,847.0],[318.0,847.0],[318.0,846.0],[320.0,845.0],[320.0,841.0],[319.0,841.0],[319.0,842.0],[317.0,843.0],[317.0,845.0],[314.0,845.0],[314.0,844.0],[312.0,843.0],[312.0,841.0],[311.0,841.0],[311.0,837.0],[309.0,837.0],[308.0,839.0],[304.0,839.0],[304.0,840.0],[303.0,840.0],[302.0,842.0],[299.0,842.0],[299.0,841.0],[298.0,841.0],[298.0,838.0],[297.0,838.0],[297.0,837.0],[292.0,837.0],[292.0,836.0],[291.0,836.0],[291.0,834.0],[283.0,834.0],[283.0,830.0],[284.0,830.0],[284.0,828.0],[285.0,828.0],[285.0,827.0],[287.0,827.0],[287.0,826.0],[288.0,826.0],[288.0,825.0],[289.0,825.0],[290.0,823.0],[294.0,822.0],[294.0,821.0],[295.0,821.0],[295.0,819.0],[299.0,819.0],[299.0,818.0],[301.0,817.0],[301.0,814.0],[302.0,814.0],[302.0,812.0],[301.0,812.0],[301.0,808.0],[302.0,808.0],[302.0,806.0],[303.0,806.0],[303.0,805.0],[305.0,804.0],[305.0,801.0],[307.0,801.0],[307.0,800.0],[308.0,800.0],[308.0,798.0],[309.0,798.0],[309.0,797.0],[310.0,797.0],[311.0,795.0],[313.0,795.0],[313.0,790.0],[318.0,790.0],[318.0,796.0],[319.0,796.0],[319.0,797.0],[321.0,797.0],[321.0,799.0],[327.0,799.0],[327.0,800.0],[328.0,800.0],[329.0,802.0],[331.0,802.0],[331.0,803.0],[332.0,803.0],[332.0,804.0],[334.0,804.0],[334.0,805.0],[337.0,805.0],[337.0,806.0],[339.0,806.0],[339.0,807.0],[340.0,807.0],[341.0,809.0],[347.0,809.0],[347.0,810.0],[349.0,810.0],[350.0,812.0],[354.0,813.0],[354.0,811.0],[352.0,811.0],[352.0,809.0],[351.0,809.0],[351.0,808.0],[349.0,808.0],[349.0,807.0],[347.0,807.0],[347.0,806.0],[346.0,806.0],[346.0,798.0],[347.0,798.0],[347.0,795.0],[348.0,795.0],[349.0,793.0],[354.0,793.0],[354.0,794.0],[356.0,794.0],[356.0,793.0],[357.0,793.0],[357.0,791.0],[358.0,791.0],[358.0,790.0],[359.0,790.0],[359.0,789.0],[361.0,788.0],[361.0,786.0],[364.0,786.0],[364.0,787.0],[366.0,788.0],[366.0,790.0],[367.0,790.0],[367.0,793.0],[370.0,793.0],[372.0,797.0],[374.0,797.0],[374.0,798.0],[378.0,798.0],[378.0,799.0],[380.0,799.0],[380.0,800.0],[381.0,800.0],[381.0,804.0],[383.0,805.0],[383.0,809.0],[384.0,809.0],[384.0,810.0],[385.0,810.0],[385.0,809.0],[387.0,808.0],[387.0,806.0],[392.0,806.0],[392.0,807.0],[393.0,807.0],[393.0,809.0],[394.0,809.0],[394.0,814.0],[395.0,814.0],[395.0,817.0],[396.0,817.0],[396.0,820.0],[398.0,821.0],[398.0,823.0],[400.0,823.0],[400.0,819.0],[399.0,819.0],[399.0,818.0],[397.0,817.0],[397.0,808.0],[398.0,808.0],[398.0,804.0],[399.0,804.0],[400.0,800.0],[402.0,800.0],[402.0,799.0],[403.0,799.0],[403.0,793.0],[404.0,793.0],[404.0,792.0],[411.0,792.0],[411.0,793.0],[414.0,793.0],[414.0,791.0],[415.0,791.0],[416.0,787.0],[418.0,786.0],[418.0,782.0],[421.0,782.0],[421.0,784.0],[422.0,784.0],[422.0,791.0],[421.0,791.0],[421.0,792.0],[422.0,792.0],[422.0,796.0],[421.0,796.0],[421.0,802.0],[422.0,802.0],[423.0,806.0],[424.0,806.0],[424.0,807.0],[426.0,807.0],[428.0,811.0],[430.0,811.0],[430.0,813.0],[431.0,813.0],[431.0,815.0],[432.0,815.0],[432.0,820.0],[433.0,820.0],[433.0,823.0],[434.0,823.0],[434.0,825.0],[435.0,825.0],[435.0,826.0],[439.0,826.0],[439.0,824.0],[440.0,824.0],[440.0,823.0],[444.0,823.0],[444.0,832.0],[442.0,833.0],[442.0,844.0],[443.0,844.0],[443.0,847.0],[444.0,847.0],[444.0,848.0],[445.0,848.0],[445.0,849.0],[447.0,850.0],[447.0,857.0],[446.0,857.0],[446.0,858.0],[445.0,858.0],[445.0,859.0],[443.0,860.0],[443.0,861.0],[444.0,861.0],[444.0,864.0],[445.0,864.0],[445.0,871.0],[446.0,871.0],[446.0,872.0],[447.0,872.0],[448.0,874.0],[452.0,874.0],[452.0,875.0],[453.0,875.0],[453.0,878.0],[454.0,878.0],[454.0,880.0],[455.0,880.0],[455.0,883.0],[456.0,883.0],[457.0,885.0],[458.0,885.0],[458.0,884.0],[462.0,884.0],[462.0,891.0],[461.0,891.0],[461.0,892.0],[459.0,893.0],[459.0,895.0],[461.0,895.0],[461.0,896.0],[462.0,896.0],[463.0,898.0],[468.0,898.0],[468.0,902.0],[467.0,902.0],[467.0,905.0],[465.0,906.0],[465.0,910.0],[466.0,910.0],[466.0,911.0],[468.0,912.0],[468.0,917.0],[466.0,918.0],[466.0,922.0],[471.0,922.0],[472.0,924.0],[474.0,924.0],[474.0,926.0],[476.0,926.0],[476.0,925.0],[479.0,925.0],[480.0,927.0],[481.0,927.0],[481.0,926.0],[485.0,926.0],[485.0,923.0],[486.0,923.0],[487.0,921.0],[492.0,921.0],[492.0,922.0],[496.0,922.0],[496.0,923.0],[497.0,923.0],[497.0,925.0],[498.0,925.0],[498.0,926.0],[500.0,927.0],[500.0,929.0],[501.0,929.0],[501.0,930.0],[506.0,930.0],[507.0,928.0],[511.0,928.0],[511.0,929.0],[514.0,929.0],[514.0,936.0],[515.0,936.0],[515.0,938.0],[516.0,938.0],[516.0,940.0],[517.0,940.0],[517.0,941.0],[520.0,941.0],[520.0,940.0],[525.0,940.0],[525.0,941.0],[527.0,941.0],[527.0,940.0],[529.0,940.0],[529.0,938.0],[527.0,938.0],[527.0,937.0],[524.0,937.0],[524.0,936.0],[522.0,935.0],[522.0,931.0],[539.0,931.0],[539.0,930.0],[541.0,930.0],[541.0,929.0],[543.0,928.0],[543.0,926.0],[544.0,926.0],[544.0,923.0],[545.0,923.0],[545.0,918.0],[544.0,918.0],[544.0,916.0],[542.0,916.0],[542.0,918.0],[541.0,918.0],[541.0,921.0],[540.0,921.0],[540.0,925.0],[539.0,925.0],[538.0,927.0],[531.0,927.0],[531.0,926.0],[527.0,926.0],[527.0,925.0],[526.0,925.0],[526.0,923.0],[525.0,923.0],[525.0,921.0],[524.0,921.0],[523.0,917.0],[521.0,916.0],[522.0,908.0],[520.0,907.0],[520.0,902.0],[522.0,902.0],[523.0,900.0],[527.0,900.0],[527.0,897.0],[526.0,897.0],[526.0,896.0],[524.0,895.0],[524.0,889.0],[527.0,889.0],[528.0,887.0],[532.0,887.0],[532.0,888.0],[536.0,888.0],[537.0,890.0],[541.0,890.0],[541.0,891.0],[542.0,891.0],[542.0,892.0],[544.0,893.0],[544.0,892.0],[545.0,892.0],[545.0,890.0],[546.0,890.0],[546.0,886.0],[548.0,886.0],[548.0,885.0],[549.0,885.0],[550.0,883.0],[555.0,883.0],[555.0,882.0],[557.0,881.0],[557.0,877.0],[558.0,877.0],[558.0,876.0],[563.0,876.0],[563.0,877.0],[565.0,878.0],[565.0,882.0],[566.0,882.0],[566.0,883.0],[569.0,883.0],[569.0,882.0],[574.0,882.0],[576.0,886.0],[580.0,886.0],[580.0,887.0],[581.0,887.0],[581.0,895.0],[582.0,895.0],[582.0,896.0],[583.0,896.0],[584.0,898.0],[586.0,898.0],[586.0,899.0],[587.0,899.0],[587.0,902.0],[584.0,902.0],[584.0,906.0],[588.0,906.0],[589.0,904.0],[596.0,904.0],[596.0,903.0],[599.0,903.0],[599.0,899.0],[603.0,899.0],[603.0,900.0],[604.0,900.0],[605.0,902.0],[609.0,902.0],[609.0,903.0],[610.0,903.0],[610.0,902.0],[613.0,902.0],[613.0,901.0],[617.0,901.0],[617.0,900.0],[619.0,899.0],[619.0,895.0],[618.0,895.0],[618.0,892.0],[619.0,892.0],[619.0,890.0],[620.0,890.0],[620.0,889.0],[625.0,889.0],[625.0,891.0],[626.0,891.0],[626.0,893.0],[627.0,893.0],[627.0,894.0],[629.0,894.0],[630.0,890.0],[634.0,890.0],[634.0,892.0],[635.0,892.0],[635.0,896.0],[634.0,896.0],[634.0,897.0],[632.0,898.0],[632.0,901.0],[633.0,901.0],[633.0,909.0],[632.0,909.0],[632.0,910.0],[630.0,911.0],[630.0,914.0],[631.0,914.0],[631.0,916.0],[632.0,916.0],[632.0,919.0],[631.0,919.0],[631.0,921.0],[635.0,923.0],[635.0,928.0],[636.0,928.0],[636.0,930.0],[637.0,930.0],[637.0,931.0],[639.0,931.0],[639.0,932.0],[641.0,931.0],[641.0,929.0],[644.0,929.0],[644.0,928.0],[646.0,928.0],[646.0,925.0],[645.0,925.0],[645.0,921.0],[646.0,921.0],[646.0,920.0],[649.0,920.0],[649.0,921.0],[650.0,921.0],[650.0,924.0],[651.0,924.0],[652.0,926.0],[654.0,926.0],[654.0,927.0],[655.0,927.0],[655.0,933.0],[654.0,933.0],[654.0,934.0],[655.0,934.0],[655.0,935.0],[657.0,935.0],[657.0,936.0],[658.0,936.0],[658.0,938.0],[659.0,938.0],[659.0,942.0],[657.0,943.0],[657.0,950.0],[656.0,950.0],[656.0,954.0],[655.0,954.0],[655.0,956.0],[656.0,956.0],[656.0,957.0],[657.0,957.0],[658.0,959.0],[660.0,959.0],[660.0,958.0],[665.0,958.0],[665.0,959.0],[666.0,959.0],[666.0,963.0],[665.0,963.0],[665.0,965.0],[660.0,965.0],[660.0,964.0],[658.0,964.0],[658.0,966.0],[657.0,966.0],[656.0,968.0],[652.0,968.0],[652.0,967.0],[650.0,966.0],[650.0,962.0],[648.0,962.0],[648.0,960.0],[647.0,960.0],[647.0,959.0],[646.0,959.0],[645.0,957.0],[643.0,957.0],[643.0,958.0],[639.0,958.0],[639.0,957.0],[636.0,957.0],[636.0,958.0],[635.0,958.0],[635.0,959.0],[633.0,960.0],[633.0,964.0],[630.0,964.0],[630.0,968.0],[636.0,968.0],[637.0,972.0],[638.0,972.0],[639.0,974.0],[643.0,975.0],[643.0,979.0],[637.0,979.0],[636.0,977.0],[634.0,977.0],[634.0,976.0],[632.0,975.0],[632.0,979.0],[633.0,979.0],[633.0,982.0],[634.0,982.0],[634.0,985.0],[633.0,985.0],[633.0,987.0],[632.0,987.0],[632.0,988.0],[628.0,988.0],[627.0,982.0],[625.0,982.0],[625.0,981.0],[624.0,981.0],[624.0,978.0],[622.0,977.0],[622.0,970.0],[621.0,970.0],[621.0,971.0],[616.0,971.0],[616.0,972.0],[611.0,972.0],[611.0,973.0],[609.0,973.0],[609.0,974.0],[608.0,974.0],[608.0,976.0],[609.0,976.0],[609.0,980.0],[607.0,981.0],[607.0,983.0],[603.0,983.0],[603.0,982.0],[602.0,982.0],[602.0,979.0],[600.0,978.0],[598.0,971.0],[597.0,971.0],[596.0,969.0],[594.0,969.0],[593.0,965.0],[590.0,965.0],[590.0,966.0],[589.0,966.0],[589.0,967.0],[588.0,967.0],[587.0,969.0],[584.0,969.0],[584.0,971.0],[575.0,971.0],[575.0,970.0],[573.0,970.0],[572.0,974.0],[573.0,974.0],[573.0,976.0],[574.0,976.0],[574.0,981.0],[573.0,981.0],[573.0,982.0],[563.0,982.0],[563.0,985.0],[564.0,985.0],[564.0,986.0],[566.0,987.0],[566.0,989.0],[567.0,989.0],[567.0,990.0],[570.0,990.0],[570.0,991.0],[577.0,991.0],[577.0,995.0],[578.0,995.0],[578.0,996.0],[582.0,996.0],[582.0,998.0],[585.0,998.0],[585.0,1000.0],[587.0,1001.0],[587.0,1004.0],[586.0,1004.0],[586.0,1005.0],[585.0,1005.0],[584.0,1007.0],[585.0,1007.0],[585.0,1009.0],[586.0,1009.0],[587.0,1011.0],[591.0,1012.0],[591.0,1015.0],[592.0,1015.0],[592.0,1024.0],[591.0,1024.0],[591.0,1027.0],[588.0,1027.0],[588.0,1026.0],[587.0,1026.0],[587.0,1023.0],[586.0,1023.0],[586.0,1021.0],[585.0,1021.0],[585.0,1020.0],[582.0,1020.0],[582.0,1021.0],[581.0,1021.0],[580.0,1023.0],[577.0,1023.0],[577.0,1024.0],[575.0,1025.0],[575.0,1028.0],[571.0,1029.0],[570.0,1031.0],[565.0,1031.0],[565.0,1029.0],[563.0,1028.0],[563.0,1034.0],[561.0,1034.0],[561.0,1035.0],[557.0,1036.0],[557.0,1040.0],[556.0,1040.0],[556.0,1041.0],[555.0,1041.0],[555.0,1042.0],[554.0,1042.0],[554.0,1043.0],[552.0,1044.0],[551.0,1048.0],[550.0,1048.0],[550.0,1049.0],[548.0,1050.0],[548.0,1053.0],[546.0,1053.0],[546.0,1054.0],[542.0,1054.0],[542.0,1055.0],[541.0,1055.0],[541.0,1061.0],[539.0,1061.0],[539.0,1062.0],[538.0,1062.0],[537.0,1064.0],[535.0,1064.0],[535.0,1066.0],[534.0,1066.0],[534.0,1068.0],[533.0,1068.0],[532.0,1070.0],[527.0,1070.0],[527.0,1066.0],[528.0,1066.0],[529.0,1064.0],[528.0,1064.0],[528.0,1063.0],[527.0,1063.0],[527.0,1061.0],[526.0,1061.0],[526.0,1056.0],[527.0,1056.0],[527.0,1054.0],[528.0,1054.0],[528.0,1052.0],[529.0,1052.0],[529.0,1049.0],[530.0,1049.0],[530.0,1048.0],[528.0,1047.0],[528.0,1044.0],[527.0,1044.0],[527.0,1041.0],[529.0,1040.0],[529.0,1038.0],[527.0,1037.0],[527.0,1028.0],[525.0,1028.0],[525.0,1032.0],[523.0,1032.0],[523.0,1034.0],[519.0,1034.0],[519.0,1035.0],[514.0,1035.0],[514.0,1037.0],[508.0,1037.0],[508.0,1039.0],[507.0,1039.0],[507.0,1040.0],[505.0,1040.0],[505.0,1041.0],[501.0,1041.0],[501.0,1042.0],[500.0,1042.0],[500.0,1046.0],[501.0,1046.0],[501.0,1047.0],[506.0,1047.0],[506.0,1049.0],[508.0,1049.0],[508.0,1051.0],[510.0,1052.0],[510.0,1056.0],[507.0,1056.0],[507.0,1055.0],[502.0,1055.0],[502.0,1054.0],[500.0,1053.0],[500.0,1051.0],[492.0,1051.0],[492.0,1050.0],[487.0,1050.0],[487.0,1049.0],[483.0,1050.0],[483.0,1052.0],[481.0,1052.0],[481.0,1053.0],[477.0,1053.0],[477.0,1054.0],[475.0,1054.0],[474.0,1058.0],[468.0,1058.0],[468.0,1057.0],[466.0,1057.0],[466.0,1052.0],[463.0,1052.0],[463.0,1051.0],[462.0,1051.0],[462.0,1052.0],[454.0,1052.0],[454.0,1053.0],[453.0,1053.0],[453.0,1055.0],[452.0,1055.0],[452.0,1057.0],[446.0,1057.0],[445.0,1059.0],[443.0,1059.0],[443.0,1060.0],[442.0,1060.0],[442.0,1064.0],[441.0,1064.0],[441.0,1066.0],[439.0,1066.0],[439.0,1067.0],[431.0,1067.0],[431.0,1066.0],[426.0,1066.0],[425.0,1064.0],[419.0,1064.0],[419.0,1063.0],[415.0,1063.0],[415.0,1061.0],[414.0,1061.0],[414.0,1056.0],[416.0,1055.0],[416.0,1051.0],[414.0,1051.0],[414.0,1050.0],[413.0,1050.0],[413.0,1051.0],[407.0,1051.0],[407.0,1050.0],[405.0,1050.0],[405.0,1049.0],[404.0,1049.0],[403.0,1047.0],[399.0,1047.0],[399.0,1045.0],[398.0,1045.0],[398.0,1042.0],[396.0,1042.0],[396.0,1040.0],[392.0,1040.0],[391.0,1042.0],[387.0,1042.0],[387.0,1041.0],[385.0,1041.0],[384.0,1039.0],[382.0,1039.0],[382.0,1037.0],[381.0,1037.0],[380.0,1039.0],[378.0,1039.0],[378.0,1040.0],[376.0,1040.0],[376.0,1041.0],[372.0,1041.0],[372.0,1040.0],[371.0,1040.0],[371.0,1036.0],[370.0,1036.0],[370.0,1037.0],[365.0,1037.0],[365.0,1036.0],[362.0,1036.0],[362.0,1030.0],[363.0,1030.0],[363.0,1029.0],[364.0,1029.0],[364.0,1028.0],[366.0,1027.0],[366.0,1020.0],[367.0,1020.0],[367.0,1018.0],[368.0,1018.0],[369.0,1016.0],[371.0,1016.0],[371.0,1013.0],[369.0,1013.0],[369.0,1014.0],[367.0,1014.0],[367.0,1015.0],[361.0,1015.0],[361.0,1008.0],[362.0,1008.0],[362.0,1007.0],[365.0,1007.0],[366.0,1005.0],[371.0,1005.0]],[[374.0,1012.0],[374.0,1010.0],[373.0,1010.0],[373.0,1012.0],[374.0,1012.0]],[[371.0,1035.0],[373.0,1035.0],[374.0,1033.0],[372.0,1033.0],[372.0,1034.0],[371.0,1034.0],[371.0,1035.0]],[[380.0,989.0],[379.0,989.0],[379.0,990.0],[380.0,990.0],[380.0,989.0]]],[[[641.0,970.0],[641.0,969.0],[640.0,969.0],[640.0,968.0],[638.0,967.0],[638.0,962.0],[643.0,962.0],[643.0,963.0],[645.0,963.0],[645.0,965.0],[646.0,965.0],[646.0,969.0],[645.0,969.0],[645.0,970.0],[641.0,970.0]]],[[[583.0,994.0],[582.0,994.0],[582.0,993.0],[580.0,992.0],[580.0,988.0],[581.0,988.0],[581.0,983.0],[582.0,983.0],[582.0,980.0],[584.0,980.0],[584.0,979.0],[590.0,979.0],[590.0,985.0],[589.0,985.0],[588.0,987.0],[589.0,987.0],[589.0,988.0],[591.0,988.0],[591.0,989.0],[593.0,989.0],[593.0,988.0],[595.0,988.0],[595.0,987.0],[602.0,987.0],[602.0,988.0],[603.0,988.0],[603.0,989.0],[605.0,990.0],[605.0,994.0],[603.0,994.0],[603.0,995.0],[597.0,994.0],[597.0,995.0],[595.0,995.0],[595.0,996.0],[594.0,996.0],[593.0,998.0],[588.0,998.0],[588.0,997.0],[584.0,996.0],[584.0,995.0],[583.0,995.0],[583.0,994.0]]],[[[615.0,995.0],[615.0,994.0],[613.0,994.0],[613.0,990.0],[612.0,990.0],[612.0,987.0],[613.0,987.0],[613.0,983.0],[616.0,983.0],[616.0,986.0],[620.0,987.0],[620.0,989.0],[622.0,989.0],[622.0,990.0],[623.0,990.0],[623.0,993.0],[621.0,993.0],[621.0,994.0],[619.0,994.0],[619.0,995.0],[615.0,995.0]]],[[[639.0,994.0],[639.0,993.0],[638.0,993.0],[638.0,991.0],[637.0,991.0],[637.0,987.0],[638.0,987.0],[638.0,984.0],[641.0,984.0],[641.0,985.0],[645.0,985.0],[645.0,986.0],[646.0,986.0],[646.0,989.0],[644.0,990.0],[643.0,994.0],[639.0,994.0]]],[[[601.0,1009.0],[600.0,1009.0],[599.0,1011.0],[594.0,1011.0],[594.0,1006.0],[595.0,1006.0],[595.0,1005.0],[596.0,1005.0],[596.0,1004.0],[597.0,1004.0],[597.0,1003.0],[598.0,1003.0],[599.0,1001.0],[601.0,1001.0],[601.0,1000.0],[603.0,1000.0],[603.0,999.0],[606.0,999.0],[606.0,1000.0],[607.0,1000.0],[607.0,1006.0],[605.0,1006.0],[605.0,1007.0],[601.0,1007.0],[601.0,1009.0]]],[[[514.0,1050.0],[514.0,1049.0],[511.0,1049.0],[511.0,1048.0],[510.0,1048.0],[510.0,1045.0],[511.0,1045.0],[512.0,1043.0],[515.0,1043.0],[515.0,1042.0],[519.0,1042.0],[519.0,1043.0],[520.0,1043.0],[520.0,1044.0],[521.0,1044.0],[521.0,1045.0],[522.0,1045.0],[522.0,1046.0],[524.0,1047.0],[524.0,1050.0],[523.0,1050.0],[523.0,1052.0],[522.0,1052.0],[522.0,1053.0],[518.0,1053.0],[518.0,1052.0],[516.0,1052.0],[516.0,1050.0],[514.0,1050.0]]],[[[459.0,1065.0],[459.0,1066.0],[454.0,1066.0],[454.0,1065.0],[453.0,1065.0],[453.0,1062.0],[454.0,1062.0],[454.0,1061.0],[455.0,1061.0],[456.0,1059.0],[458.0,1059.0],[458.0,1058.0],[464.0,1058.0],[464.0,1059.0],[467.0,1059.0],[467.0,1063.0],[463.0,1063.0],[463.0,1064.0],[461.0,1064.0],[461.0,1065.0],[459.0,1065.0]]]]}},{"type":"Feature","id":"country-017","properties":{"id":"country-017","name":"Unassigned","type":"country","status":"mask-defined","source":"countries-mask-shared-topology","extractionConfidence":"authoritative-mask","rgb":[178,0,255],"color":"#b200ff","polygonCount":5,"holeCount":1,"styleIndex":4},"geometry":{"type":"MultiPolygon","coordinates":[[[[557.0,445.0],[551.0,445.0],[551.0,441.0],[552.0,441.0],[552.0,440.0],[554.0,439.0],[554.0,434.0],[559.0,434.0],[559.0,433.0],[561.0,433.0],[561.0,432.0],[567.0,432.0],[568.0,438.0],[566.0,438.0],[566.0,439.0],[567.0,439.0],[567.0,440.0],[570.0,440.0],[570.0,441.0],[571.0,441.0],[572.0,439.0],[577.0,439.0],[577.0,441.0],[579.0,442.0],[579.0,444.0],[581.0,444.0],[581.0,445.0],[582.0,445.0],[582.0,446.0],[584.0,447.0],[584.0,450.0],[578.0,450.0],[577.0,448.0],[574.0,448.0],[574.0,449.0],[575.0,449.0],[575.0,455.0],[574.0,455.0],[574.0,459.0],[568.0,459.0],[568.0,456.0],[567.0,456.0],[567.0,455.0],[565.0,455.0],[565.0,454.0],[561.0,454.0],[561.0,453.0],[559.0,453.0],[558.0,451.0],[556.0,451.0],[556.0,446.0],[557.0,446.0],[557.0,445.0]]],[[[606.0,463.0],[605.0,463.0],[604.0,465.0],[601.0,465.0],[601.0,466.0],[597.0,466.0],[597.0,465.0],[593.0,464.0],[593.0,463.0],[592.0,463.0],[592.0,460.0],[593.0,460.0],[593.0,458.0],[598.0,458.0],[599.0,452.0],[600.0,452.0],[601.0,450.0],[603.0,450.0],[603.0,449.0],[611.0,449.0],[612.0,447.0],[617.0,447.0],[617.0,448.0],[618.0,448.0],[618.0,453.0],[617.0,453.0],[617.0,454.0],[616.0,454.0],[615.0,456.0],[613.0,456.0],[612.0,458.0],[608.0,459.0],[608.0,460.0],[607.0,460.0],[607.0,462.0],[606.0,462.0],[606.0,463.0]]],[[[541.0,464.0],[540.0,464.0],[540.0,455.0],[542.0,455.0],[543.0,453.0],[549.0,452.0],[548.0,460.0],[547.0,460.0],[547.0,463.0],[545.0,463.0],[545.0,465.0],[541.0,465.0],[541.0,464.0]]],[[[587.0,482.0],[587.0,486.0],[582.0,486.0],[582.0,481.0],[586.0,481.0],[586.0,482.0],[587.0,482.0]]],[[[551.0,491.0],[552.0,491.0],[553.0,493.0],[558.0,493.0],[558.0,492.0],[557.0,492.0],[557.0,489.0],[556.0,489.0],[556.0,486.0],[555.0,486.0],[555.0,484.0],[554.0,484.0],[554.0,483.0],[553.0,483.0],[553.0,484.0],[547.0,484.0],[547.0,481.0],[545.0,480.0],[545.0,472.0],[550.0,472.0],[550.0,471.0],[552.0,470.0],[552.0,465.0],[553.0,465.0],[554.0,463.0],[559.0,463.0],[559.0,462.0],[560.0,462.0],[560.0,458.0],[565.0,458.0],[565.0,462.0],[566.0,462.0],[566.0,464.0],[568.0,465.0],[568.0,472.0],[570.0,473.0],[570.0,481.0],[572.0,482.0],[572.0,484.0],[573.0,484.0],[574.0,486.0],[576.0,486.0],[576.0,485.0],[580.0,485.0],[580.0,486.0],[581.0,486.0],[581.0,487.0],[583.0,488.0],[583.0,492.0],[580.0,492.0],[580.0,493.0],[579.0,493.0],[579.0,496.0],[581.0,496.0],[581.0,497.0],[584.0,497.0],[584.0,503.0],[585.0,503.0],[585.0,504.0],[588.0,504.0],[588.0,503.0],[587.0,503.0],[587.0,495.0],[588.0,495.0],[589.0,491.0],[591.0,490.0],[591.0,484.0],[592.0,484.0],[592.0,481.0],[590.0,481.0],[590.0,480.0],[589.0,480.0],[588.0,478.0],[583.0,478.0],[583.0,479.0],[577.0,478.0],[577.0,474.0],[582.0,474.0],[582.0,471.0],[581.0,471.0],[581.0,467.0],[584.0,467.0],[584.0,466.0],[591.0,466.0],[591.0,467.0],[593.0,467.0],[593.0,473.0],[594.0,473.0],[594.0,472.0],[595.0,472.0],[595.0,471.0],[596.0,471.0],[597.0,469.0],[599.0,469.0],[599.0,468.0],[603.0,468.0],[603.0,466.0],[604.0,466.0],[604.0,465.0],[609.0,465.0],[609.0,466.0],[612.0,466.0],[612.0,465.0],[617.0,465.0],[617.0,475.0],[623.0,475.0],[623.0,477.0],[625.0,477.0],[625.0,478.0],[627.0,479.0],[627.0,481.0],[631.0,482.0],[631.0,483.0],[632.0,483.0],[632.0,484.0],[633.0,484.0],[633.0,485.0],[634.0,485.0],[634.0,486.0],[636.0,487.0],[636.0,489.0],[637.0,489.0],[637.0,490.0],[643.0,490.0],[643.0,491.0],[644.0,491.0],[644.0,498.0],[647.0,498.0],[647.0,497.0],[654.0,497.0],[654.0,498.0],[656.0,499.0],[656.0,501.0],[658.0,501.0],[658.0,500.0],[659.0,500.0],[659.0,499.0],[660.0,499.0],[661.0,497.0],[667.0,497.0],[667.0,494.0],[666.0,494.0],[666.0,485.0],[665.0,485.0],[665.0,486.0],[663.0,486.0],[663.0,485.0],[661.0,485.0],[661.0,484.0],[656.0,484.0],[656.0,480.0],[657.0,480.0],[658.0,478.0],[665.0,478.0],[665.0,477.0],[666.0,477.0],[667.0,475.0],[671.0,475.0],[671.0,476.0],[675.0,476.0],[675.0,477.0],[680.0,477.0],[680.0,478.0],[681.0,478.0],[681.0,480.0],[682.0,480.0],[683.0,482.0],[686.0,482.0],[686.0,481.0],[688.0,481.0],[688.0,480.0],[690.0,479.0],[690.0,477.0],[691.0,477.0],[691.0,476.0],[692.0,476.0],[693.0,474.0],[699.0,474.0],[699.0,475.0],[702.0,475.0],[702.0,476.0],[704.0,476.0],[704.0,477.0],[705.0,477.0],[705.0,479.0],[706.0,479.0],[706.0,481.0],[707.0,481.0],[707.0,484.0],[709.0,485.0],[709.0,487.0],[710.0,487.0],[710.0,488.0],[711.0,488.0],[712.0,490.0],[716.0,491.0],[716.0,492.0],[718.0,493.0],[718.0,495.0],[719.0,495.0],[720.0,497.0],[722.0,497.0],[722.0,498.0],[726.0,498.0],[726.0,499.0],[732.0,499.0],[732.0,500.0],[733.0,500.0],[733.0,499.0],[739.0,500.0],[739.0,501.0],[743.0,502.0],[743.0,503.0],[744.0,503.0],[745.0,505.0],[747.0,505.0],[747.0,506.0],[748.0,506.0],[749.0,508.0],[751.0,508.0],[751.0,509.0],[755.0,510.0],[755.0,511.0],[756.0,511.0],[756.0,512.0],[758.0,513.0],[759.0,519.0],[760.0,519.0],[760.0,521.0],[761.0,521.0],[761.0,523.0],[762.0,523.0],[762.0,525.0],[763.0,525.0],[763.0,527.0],[764.0,527.0],[764.0,531.0],[761.0,531.0],[760.0,533.0],[759.0,533.0],[759.0,534.0],[758.0,534.0],[758.0,535.0],[757.0,535.0],[757.0,537.0],[756.0,537.0],[756.0,539.0],[755.0,539.0],[755.0,540.0],[753.0,540.0],[752.0,542.0],[750.0,542.0],[749.0,544.0],[747.0,544.0],[746.0,546.0],[744.0,546.0],[743.0,548.0],[741.0,548.0],[740.0,552.0],[738.0,553.0],[738.0,555.0],[737.0,555.0],[737.0,558.0],[735.0,559.0],[735.0,560.0],[734.0,560.0],[734.0,561.0],[732.0,561.0],[731.0,563.0],[727.0,564.0],[727.0,565.0],[725.0,565.0],[725.0,566.0],[723.0,566.0],[722.0,568.0],[718.0,569.0],[718.0,570.0],[716.0,570.0],[716.0,571.0],[713.0,571.0],[713.0,572.0],[711.0,572.0],[711.0,577.0],[709.0,578.0],[709.0,579.0],[706.0,579.0],[705.0,581.0],[703.0,581.0],[702.0,581.0],[702.0,582.0],[700.0,582.0],[700.0,583.0],[699.0,583.0],[699.0,584.0],[691.0,584.0],[690.0,586.0],[689.0,586.0],[689.0,587.0],[688.0,587.0],[688.0,588.0],[686.0,588.0],[685.0,590.0],[684.0,590.0],[684.0,591.0],[682.0,591.0],[681.0,593.0],[679.0,593.0],[678.0,595.0],[676.0,595.0],[676.0,596.0],[673.0,596.0],[673.0,597.0],[671.0,597.0],[670.0,599.0],[663.0,599.0],[663.0,600.0],[660.0,600.0],[660.0,601.0],[658.0,601.0],[658.0,602.0],[656.0,602.0],[656.0,603.0],[654.0,603.0],[654.0,604.0],[652.0,604.0],[652.0,605.0],[645.0,605.0],[644.0,605.0],[644.0,606.0],[643.0,606.0],[643.0,605.0],[633.0,605.0],[633.0,606.0],[628.0,606.0],[628.0,605.0],[610.0,605.0],[610.0,606.0],[607.0,606.0],[607.0,607.0],[605.0,607.0],[605.0,608.0],[599.0,609.0],[599.0,610.0],[596.0,610.0],[596.0,611.0],[593.0,611.0],[593.0,613.0],[591.0,614.0],[591.0,625.0],[592.0,625.0],[592.0,627.0],[590.0,628.0],[590.0,629.0],[589.0,629.0],[589.0,630.0],[588.0,630.0],[588.0,631.0],[586.0,631.0],[586.0,632.0],[583.0,632.0],[583.0,631.0],[576.0,631.0],[575.0,633.0],[574.0,633.0],[574.0,634.0],[570.0,634.0],[569.0,636.0],[568.0,636.0],[568.0,637.0],[567.0,637.0],[567.0,638.0],[565.0,638.0],[565.0,636.0],[564.0,636.0],[564.0,635.0],[558.0,635.0],[557.0,637.0],[554.0,637.0],[554.0,636.0],[553.0,636.0],[553.0,630.0],[551.0,629.0],[551.0,628.0],[550.0,628.0],[550.0,627.0],[549.0,627.0],[549.0,626.0],[548.0,626.0],[548.0,625.0],[547.0,625.0],[547.0,624.0],[545.0,624.0],[545.0,623.0],[538.0,623.0],[538.0,622.0],[525.0,622.0],[524.0,620.0],[523.0,620.0],[523.0,619.0],[521.0,619.0],[520.0,617.0],[518.0,617.0],[517.0,615.0],[516.0,615.0],[516.0,614.0],[515.0,614.0],[515.0,612.0],[513.0,611.0],[513.0,609.0],[512.0,609.0],[512.0,602.0],[510.0,601.0],[510.0,600.0],[509.0,600.0],[509.0,599.0],[509.0,595.0],[511.0,594.0],[511.0,593.0],[512.0,593.0],[512.0,591.0],[511.0,591.0],[511.0,589.0],[510.0,589.0],[510.0,588.0],[509.0,588.0],[509.0,585.0],[511.0,584.0],[511.0,583.0],[512.0,583.0],[512.0,581.0],[511.0,581.0],[511.0,580.0],[512.0,580.0],[512.0,578.0],[514.0,577.0],[514.0,576.0],[512.0,576.0],[512.0,575.0],[509.0,575.0],[509.0,574.0],[506.0,574.0],[506.0,573.0],[505.0,573.0],[505.0,571.0],[504.0,571.0],[504.0,567.0],[502.0,566.0],[502.0,565.0],[500.0,565.0],[499.0,563.0],[498.0,563.0],[498.0,562.0],[497.0,562.0],[497.0,561.0],[493.0,561.0],[493.0,560.0],[491.0,560.0],[491.0,559.0],[489.0,559.0],[488.0,557.0],[487.0,557.0],[487.0,556.0],[486.0,556.0],[486.0,555.0],[485.0,555.0],[485.0,554.0],[484.0,554.0],[484.0,553.0],[483.0,553.0],[483.0,552.0],[482.0,552.0],[482.0,551.0],[479.0,551.0],[479.0,550.0],[476.0,550.0],[476.0,549.0],[474.0,549.0],[474.0,546.0],[473.0,546.0],[473.0,540.0],[474.0,540.0],[474.0,538.0],[475.0,538.0],[475.0,536.0],[476.0,536.0],[476.0,534.0],[478.0,533.0],[479.0,529.0],[481.0,529.0],[482.0,527.0],[483.0,527.0],[483.0,526.0],[484.0,526.0],[484.0,523.0],[486.0,522.0],[486.0,520.0],[487.0,520.0],[488.0,512.0],[487.0,512.0],[487.0,508.0],[486.0,508.0],[486.0,505.0],[485.0,505.0],[485.0,503.0],[485.0,500.0],[488.0,500.0],[489.0,498.0],[491.0,498.0],[491.0,497.0],[492.0,497.0],[492.0,496.0],[494.0,495.0],[494.0,493.0],[496.0,492.0],[496.0,490.0],[500.0,488.0],[500.0,485.0],[504.0,485.0],[505.0,487.0],[507.0,487.0],[507.0,480.0],[509.0,480.0],[509.0,479.0],[510.0,479.0],[511.0,477.0],[516.0,477.0],[517.0,473.0],[528.0,473.0],[530.0,469.0],[534.0,469.0],[534.0,472.0],[535.0,472.0],[535.0,473.0],[537.0,473.0],[537.0,478.0],[533.0,478.0],[533.0,480.0],[532.0,480.0],[532.0,482.0],[531.0,482.0],[531.0,484.0],[536.0,484.0],[536.0,489.0],[535.0,489.0],[535.0,490.0],[534.0,490.0],[534.0,491.0],[533.0,491.0],[532.0,493.0],[530.0,493.0],[530.0,495.0],[531.0,495.0],[531.0,494.0],[536.0,494.0],[536.0,493.0],[537.0,493.0],[537.0,489.0],[538.0,489.0],[538.0,488.0],[544.0,488.0],[545.0,490.0],[551.0,490.0],[551.0,491.0]],[[561.0,493.0],[558.0,493.0],[559.0,495.0],[562.0,495.0],[562.0,496.0],[564.0,496.0],[563.0,494.0],[561.0,494.0],[561.0,493.0]]]]}},{"type":"Feature","id":"country-018","properties":{"id":"country-018","name":"Unassigned","type":"country","status":"mask-defined","source":"countries-mask-shared-topology","extractionConfidence":"authoritative-mask","rgb":[182,255,0],"color":"#b6ff00","polygonCount":2,"holeCount":0,"styleIndex":5},"geometry":{"type":"MultiPolygon","coordinates":[[[[985.0,777.0],[987.0,777.0],[987.0,778.0],[988.0,778.0],[988.0,779.0],[989.0,779.0],[989.0,780.0],[990.0,780.0],[991.0,782.0],[993.0,782.0],[993.0,783.0],[994.0,783.0],[994.0,782.0],[1003.0,782.0],[1004.0,782.0],[1004.0,781.0],[1007.0,781.0],[1007.0,780.0],[1009.0,780.0],[1010.0,778.0],[1013.0,778.0],[1013.0,777.0],[1020.0,777.0],[1020.0,778.0],[1022.0,778.0],[1022.0,777.0],[1023.0,777.0],[1023.0,775.0],[1025.0,774.0],[1025.0,773.0],[1026.0,773.0],[1026.0,771.0],[1029.0,771.0],[1029.0,786.0],[1028.0,786.0],[1028.0,787.0],[1026.0,787.0],[1026.0,789.0],[1027.0,789.0],[1027.0,791.0],[1028.0,791.0],[1028.0,792.0],[1029.0,792.0],[1029.0,795.0],[1024.0,795.0],[1024.0,794.0],[1021.0,794.0],[1021.0,793.0],[1018.0,793.0],[1018.0,792.0],[1014.0,792.0],[1014.0,793.0],[1013.0,793.0],[1013.0,795.0],[1015.0,796.0],[1015.0,797.0],[1016.0,797.0],[1016.0,798.0],[1017.0,798.0],[1017.0,799.0],[1018.0,799.0],[1018.0,800.0],[1019.0,800.0],[1019.0,801.0],[1023.0,801.0],[1023.0,802.0],[1028.0,802.0],[1029.0,804.0],[1030.0,804.0],[1030.0,808.0],[1032.0,809.0],[1032.0,810.0],[1033.0,810.0],[1033.0,812.0],[1034.0,812.0],[1034.0,813.0],[1041.0,813.0],[1041.0,815.0],[1043.0,816.0],[1043.0,817.0],[1044.0,817.0],[1044.0,818.0],[1050.0,818.0],[1050.0,812.0],[1052.0,811.0],[1052.0,809.0],[1053.0,809.0],[1053.0,808.0],[1057.0,808.0],[1057.0,807.0],[1058.0,807.0],[1058.0,805.0],[1059.0,805.0],[1059.0,801.0],[1062.0,801.0],[1063.0,803.0],[1064.0,803.0],[1064.0,804.0],[1066.0,804.0],[1067.0,806.0],[1068.0,806.0],[1068.0,808.0],[1069.0,808.0],[1069.0,809.0],[1070.0,809.0],[1070.0,816.0],[1068.0,817.0],[1068.0,820.0],[1067.0,820.0],[1067.0,830.0],[1066.0,830.0],[1066.0,831.0],[1064.0,831.0],[1063.0,833.0],[1062.0,833.0],[1062.0,834.0],[1058.0,835.0],[1058.0,836.0],[1054.0,836.0],[1053.0,834.0],[1052.0,834.0],[1052.0,833.0],[1049.0,833.0],[1049.0,834.0],[1048.0,834.0],[1048.0,837.0],[1047.0,837.0],[1047.0,840.0],[1043.0,840.0],[1042.0,842.0],[1041.0,842.0],[1041.0,844.0],[1039.0,844.0],[1039.0,846.0],[1038.0,846.0],[1038.0,847.0],[1036.0,847.0],[1036.0,848.0],[1032.0,848.0],[1032.0,847.0],[1030.0,847.0],[1030.0,846.0],[1029.0,846.0],[1029.0,845.0],[1018.0,846.0],[1018.0,840.0],[1020.0,839.0],[1020.0,838.0],[1022.0,838.0],[1022.0,837.0],[1023.0,837.0],[1023.0,834.0],[1020.0,834.0],[1020.0,835.0],[1018.0,835.0],[1017.0,837.0],[1016.0,837.0],[1016.0,838.0],[1014.0,838.0],[1013.0,840.0],[1011.0,840.0],[1010.0,842.0],[1009.0,842.0],[1009.0,843.0],[1008.0,843.0],[1008.0,844.0],[1007.0,844.0],[1007.0,845.0],[1006.0,845.0],[1006.0,848.0],[1007.0,848.0],[1007.0,855.0],[1001.0,854.0],[1001.0,855.0],[999.0,855.0],[999.0,857.0],[997.0,858.0],[997.0,859.0],[998.0,859.0],[998.0,861.0],[999.0,861.0],[999.0,862.0],[1000.0,862.0],[1000.0,866.0],[996.0,866.0],[996.0,865.0],[993.0,865.0],[993.0,864.0],[991.0,864.0],[991.0,863.0],[990.0,863.0],[990.0,860.0],[989.0,860.0],[989.0,858.0],[985.0,856.0],[985.0,854.0],[983.0,853.0],[983.0,852.0],[981.0,852.0],[980.0,848.0],[979.0,848.0],[979.0,846.0],[977.0,845.0],[977.0,844.0],[976.0,844.0],[976.0,843.0],[975.0,843.0],[975.0,842.0],[972.0,842.0],[972.0,841.0],[961.0,841.0],[961.0,840.0],[957.0,840.0],[957.0,839.0],[956.0,839.0],[956.0,835.0],[955.0,835.0],[955.0,833.0],[954.0,833.0],[954.0,829.0],[956.0,828.0],[956.0,827.0],[959.0,827.0],[959.0,828.0],[961.0,828.0],[962.0,830.0],[964.0,830.0],[964.0,831.0],[967.0,831.0],[967.0,828.0],[965.0,827.0],[965.0,826.0],[964.0,826.0],[964.0,825.0],[963.0,825.0],[963.0,823.0],[961.0,823.0],[960.0,821.0],[959.0,821.0],[959.0,814.0],[958.0,814.0],[958.0,812.0],[956.0,811.0],[956.0,810.0],[955.0,810.0],[955.0,809.0],[954.0,809.0],[954.0,806.0],[953.0,806.0],[953.0,804.0],[951.0,803.0],[951.0,797.0],[953.0,796.0],[953.0,795.0],[954.0,795.0],[954.0,794.0],[956.0,794.0],[956.0,793.0],[959.0,793.0],[959.0,792.0],[960.0,792.0],[960.0,790.0],[961.0,790.0],[961.0,784.0],[960.0,784.0],[960.0,781.0],[958.0,780.0],[958.0,779.0],[956.0,779.0],[956.0,778.0],[953.0,778.0],[953.0,775.0],[960.0,775.0],[961.0,777.0],[963.0,777.0],[964.0,775.0],[966.0,775.0],[966.0,773.0],[968.0,773.0],[968.0,772.0],[972.0,772.0],[972.0,773.0],[975.0,773.0],[975.0,774.0],[978.0,774.0],[978.0,775.0],[983.0,775.0],[983.0,776.0],[985.0,776.0],[985.0,777.0]]],[[[1019.0,863.0],[1019.0,860.0],[1020.0,860.0],[1020.0,859.0],[1021.0,859.0],[1022.0,857.0],[1024.0,857.0],[1024.0,856.0],[1031.0,856.0],[1032.0,858.0],[1034.0,858.0],[1034.0,859.0],[1036.0,859.0],[1036.0,860.0],[1044.0,860.0],[1044.0,864.0],[1043.0,864.0],[1043.0,865.0],[1028.0,864.0],[1028.0,865.0],[1027.0,865.0],[1026.0,867.0],[1022.0,867.0],[1022.0,866.0],[1020.0,865.0],[1020.0,863.0],[1019.0,863.0]]]]}},{"type":"Feature","id":"country-019","properties":{"id":"country-019","name":"Unassigned","type":"country","status":"mask-defined","source":"countries-mask-shared-topology","extractionConfidence":"authoritative-mask","rgb":[255,0,0],"color":"#ff0000","polygonCount":43,"holeCount":0,"styleIndex":0},"geometry":{"type":"MultiPolygon","coordinates":[[[[969.0,591.0],[969.0,590.0],[967.0,589.0],[967.0,587.0],[966.0,587.0],[966.0,575.0],[969.0,575.0],[969.0,576.0],[972.0,576.0],[972.0,575.0],[973.0,575.0],[973.0,562.0],[974.0,562.0],[974.0,561.0],[975.0,561.0],[975.0,559.0],[976.0,559.0],[976.0,558.0],[978.0,557.0],[978.0,555.0],[979.0,555.0],[979.0,553.0],[980.0,553.0],[980.0,551.0],[981.0,551.0],[981.0,548.0],[982.0,548.0],[982.0,547.0],[981.0,547.0],[981.0,545.0],[977.0,545.0],[977.0,542.0],[978.0,542.0],[978.0,541.0],[982.0,540.0],[983.0,538.0],[989.0,538.0],[990.0,540.0],[994.0,540.0],[994.0,539.0],[996.0,539.0],[996.0,538.0],[997.0,538.0],[997.0,536.0],[998.0,536.0],[998.0,535.0],[1001.0,535.0],[1001.0,536.0],[1003.0,536.0],[1003.0,537.0],[1005.0,538.0],[1005.0,537.0],[1006.0,537.0],[1006.0,532.0],[1007.0,532.0],[1007.0,531.0],[1009.0,530.0],[1010.0,526.0],[1013.0,526.0],[1013.0,527.0],[1014.0,527.0],[1014.0,531.0],[1016.0,531.0],[1016.0,530.0],[1019.0,530.0],[1019.0,548.0],[1018.0,548.0],[1018.0,549.0],[1016.0,550.0],[1015.0,556.0],[1014.0,556.0],[1014.0,557.0],[1012.0,557.0],[1012.0,558.0],[1010.0,558.0],[1010.0,559.0],[1009.0,559.0],[1009.0,560.0],[1008.0,560.0],[1008.0,561.0],[1007.0,561.0],[1007.0,562.0],[1005.0,563.0],[1005.0,565.0],[1004.0,565.0],[1004.0,566.0],[1005.0,566.0],[1005.0,568.0],[1006.0,568.0],[1007.0,570.0],[1011.0,571.0],[1011.0,575.0],[1007.0,576.0],[1007.0,577.0],[1006.0,577.0],[1006.0,578.0],[1004.0,579.0],[1004.0,588.0],[1003.0,588.0],[1003.0,589.0],[1000.0,589.0],[999.0,591.0],[997.0,591.0],[997.0,592.0],[995.0,592.0],[995.0,593.0],[993.0,593.0],[993.0,595.0],[989.0,597.0],[989.0,599.0],[990.0,599.0],[990.0,600.0],[994.0,601.0],[994.0,600.0],[996.0,600.0],[997.0,598.0],[1000.0,598.0],[1000.0,597.0],[1003.0,597.0],[1004.0,595.0],[1007.0,595.0],[1007.0,596.0],[1009.0,596.0],[1009.0,597.0],[1010.0,597.0],[1010.0,599.0],[1011.0,599.0],[1011.0,602.0],[1012.0,602.0],[1012.0,603.0],[1018.0,604.0],[1018.0,608.0],[1017.0,608.0],[1016.0,610.0],[1014.0,610.0],[1014.0,611.0],[1013.0,611.0],[1013.0,612.0],[1012.0,612.0],[1012.0,613.0],[1011.0,613.0],[1010.0,615.0],[1008.0,615.0],[1008.0,616.0],[1006.0,617.0],[1006.0,620.0],[1007.0,620.0],[1007.0,621.0],[1008.0,621.0],[1009.0,623.0],[1011.0,623.0],[1011.0,626.0],[1004.0,626.0],[1004.0,625.0],[996.0,624.0],[996.0,623.0],[995.0,623.0],[995.0,619.0],[997.0,618.0],[997.0,615.0],[996.0,615.0],[996.0,614.0],[994.0,614.0],[994.0,615.0],[990.0,615.0],[990.0,616.0],[989.0,616.0],[989.0,618.0],[988.0,618.0],[988.0,625.0],[989.0,625.0],[989.0,627.0],[990.0,627.0],[990.0,633.0],[987.0,633.0],[987.0,632.0],[985.0,631.0],[985.0,629.0],[984.0,629.0],[983.0,627.0],[977.0,626.0],[977.0,621.0],[978.0,621.0],[978.0,620.0],[977.0,620.0],[977.0,618.0],[976.0,618.0],[976.0,617.0],[975.0,617.0],[975.0,616.0],[974.0,616.0],[974.0,615.0],[973.0,615.0],[972.0,613.0],[970.0,613.0],[970.0,610.0],[972.0,610.0],[972.0,609.0],[973.0,609.0],[973.0,608.0],[974.0,608.0],[974.0,607.0],[976.0,606.0],[976.0,601.0],[978.0,600.0],[978.0,597.0],[975.0,597.0],[975.0,596.0],[973.0,596.0],[973.0,595.0],[972.0,595.0],[972.0,594.0],[970.0,593.0],[970.0,591.0],[969.0,591.0]]],[[[804.0,584.0],[803.0,584.0],[803.0,583.0],[802.0,583.0],[802.0,580.0],[802.0,579.0],[802.0,576.0],[804.0,575.0],[804.0,574.0],[805.0,574.0],[805.0,573.0],[809.0,572.0],[810.0,570.0],[812.0,570.0],[813.0,568.0],[814.0,568.0],[814.0,567.0],[815.0,567.0],[815.0,566.0],[816.0,566.0],[816.0,565.0],[817.0,565.0],[817.0,563.0],[818.0,563.0],[818.0,562.0],[819.0,562.0],[819.0,561.0],[819.0,560.0],[820.0,560.0],[820.0,559.0],[820.0,558.0],[821.0,558.0],[821.0,556.0],[823.0,555.0],[823.0,554.0],[824.0,554.0],[824.0,552.0],[826.0,551.0],[826.0,550.0],[827.0,550.0],[827.0,548.0],[828.0,548.0],[828.0,546.0],[829.0,546.0],[829.0,544.0],[830.0,544.0],[830.0,543.0],[830.0,542.0],[831.0,542.0],[831.0,540.0],[832.0,540.0],[833.0,538.0],[835.0,538.0],[835.0,537.0],[839.0,536.0],[852.0,536.0],[855.0,536.0],[855.0,537.0],[856.0,537.0],[859.0,537.0],[859.0,538.0],[864.0,538.0],[866.0,538.0],[866.0,537.0],[871.0,537.0],[871.0,536.0],[875.0,536.0],[875.0,537.0],[876.0,537.0],[876.0,536.0],[880.0,536.0],[880.0,535.0],[881.0,535.0],[881.0,534.0],[882.0,534.0],[882.0,533.0],[883.0,533.0],[883.0,532.0],[884.0,532.0],[884.0,531.0],[885.0,531.0],[886.0,529.0],[888.0,529.0],[888.0,530.0],[890.0,530.0],[890.0,531.0],[891.0,531.0],[892.0,533.0],[894.0,533.0],[894.0,534.0],[895.0,534.0],[895.0,536.0],[896.0,536.0],[897.0,538.0],[901.0,539.0],[901.0,540.0],[902.0,540.0],[903.0,542.0],[905.0,542.0],[905.0,543.0],[907.0,544.0],[907.0,545.0],[918.0,545.0],[918.0,544.0],[924.0,544.0],[924.0,545.0],[926.0,545.0],[926.0,546.0],[928.0,546.0],[928.0,551.0],[927.0,551.0],[927.0,553.0],[926.0,553.0],[926.0,556.0],[925.0,556.0],[925.0,558.0],[923.0,559.0],[923.0,560.0],[921.0,560.0],[921.0,561.0],[920.0,561.0],[920.0,563.0],[918.0,564.0],[918.0,566.0],[917.0,566.0],[917.0,567.0],[918.0,567.0],[918.0,571.0],[917.0,571.0],[917.0,573.0],[915.0,574.0],[915.0,575.0],[914.0,575.0],[914.0,576.0],[913.0,576.0],[913.0,577.0],[911.0,577.0],[911.0,579.0],[909.0,580.0],[909.0,581.0],[905.0,582.0],[905.0,583.0],[900.0,583.0],[900.0,589.0],[898.0,589.0],[897.0,591.0],[896.0,591.0],[896.0,592.0],[894.0,592.0],[894.0,593.0],[889.0,593.0],[889.0,592.0],[886.0,592.0],[886.0,591.0],[879.0,591.0],[879.0,590.0],[877.0,590.0],[877.0,589.0],[874.0,589.0],[874.0,588.0],[873.0,588.0],[873.0,589.0],[871.0,589.0],[871.0,591.0],[872.0,591.0],[872.0,595.0],[859.0,596.0],[859.0,595.0],[857.0,595.0],[857.0,593.0],[855.0,592.0],[855.0,591.0],[853.0,591.0],[853.0,590.0],[852.0,590.0],[852.0,589.0],[848.0,588.0],[848.0,587.0],[846.0,587.0],[846.0,586.0],[844.0,586.0],[844.0,590.0],[846.0,590.0],[847.0,592.0],[848.0,592.0],[848.0,593.0],[849.0,593.0],[849.0,594.0],[850.0,594.0],[850.0,595.0],[852.0,595.0],[852.0,596.0],[855.0,596.0],[855.0,599.0],[854.0,599.0],[854.0,600.0],[852.0,600.0],[852.0,603.0],[853.0,603.0],[853.0,604.0],[855.0,604.0],[855.0,605.0],[857.0,605.0],[857.0,606.0],[867.0,607.0],[867.0,608.0],[869.0,608.0],[869.0,609.0],[871.0,609.0],[871.0,611.0],[872.0,611.0],[872.0,613.0],[873.0,613.0],[873.0,616.0],[874.0,616.0],[874.0,617.0],[876.0,617.0],[876.0,618.0],[877.0,618.0],[877.0,617.0],[881.0,617.0],[881.0,616.0],[884.0,616.0],[884.0,615.0],[886.0,615.0],[886.0,614.0],[891.0,614.0],[891.0,615.0],[894.0,615.0],[894.0,616.0],[897.0,616.0],[897.0,617.0],[902.0,617.0],[902.0,618.0],[904.0,618.0],[904.0,619.0],[905.0,619.0],[905.0,622.0],[901.0,622.0],[900.0,624.0],[899.0,624.0],[899.0,625.0],[898.0,625.0],[898.0,626.0],[897.0,626.0],[897.0,627.0],[896.0,627.0],[896.0,628.0],[895.0,628.0],[895.0,629.0],[894.0,629.0],[894.0,630.0],[893.0,630.0],[893.0,631.0],[892.0,631.0],[892.0,632.0],[889.0,632.0],[889.0,633.0],[887.0,633.0],[887.0,634.0],[886.0,634.0],[886.0,638.0],[884.0,639.0],[884.0,640.0],[869.0,639.0],[869.0,640.0],[866.0,640.0],[866.0,641.0],[864.0,641.0],[863.0,643.0],[861.0,643.0],[860.0,645.0],[859.0,645.0],[859.0,646.0],[858.0,646.0],[858.0,647.0],[855.0,647.0],[855.0,646.0],[851.0,646.0],[850.0,644.0],[849.0,644.0],[849.0,643.0],[848.0,643.0],[848.0,642.0],[847.0,642.0],[847.0,635.0],[846.0,635.0],[846.0,633.0],[845.0,633.0],[845.0,631.0],[844.0,631.0],[844.0,629.0],[842.0,628.0],[842.0,627.0],[841.0,627.0],[841.0,626.0],[840.0,626.0],[840.0,625.0],[839.0,625.0],[839.0,624.0],[838.0,624.0],[838.0,622.0],[837.0,622.0],[837.0,618.0],[839.0,617.0],[839.0,616.0],[840.0,616.0],[840.0,615.0],[835.0,615.0],[835.0,614.0],[834.0,614.0],[833.0,616.0],[831.0,616.0],[830.0,618.0],[829.0,618.0],[829.0,619.0],[828.0,619.0],[828.0,620.0],[826.0,620.0],[826.0,621.0],[824.0,621.0],[824.0,622.0],[823.0,622.0],[823.0,628.0],[822.0,628.0],[822.0,629.0],[819.0,629.0],[819.0,633.0],[823.0,634.0],[824.0,636.0],[826.0,636.0],[826.0,637.0],[828.0,637.0],[829.0,639.0],[830.0,639.0],[830.0,640.0],[832.0,640.0],[832.0,642.0],[834.0,642.0],[834.0,643.0],[835.0,643.0],[835.0,646.0],[836.0,646.0],[836.0,651.0],[830.0,651.0],[829.0,653.0],[828.0,653.0],[828.0,654.0],[827.0,654.0],[827.0,655.0],[816.0,655.0],[816.0,656.0],[812.0,656.0],[812.0,655.0],[810.0,655.0],[810.0,653.0],[805.0,653.0],[804.0,649.0],[802.0,648.0],[802.0,645.0],[802.0,643.0],[803.0,643.0],[803.0,639.0],[801.0,638.0],[801.0,637.0],[800.0,637.0],[800.0,636.0],[799.0,636.0],[799.0,630.0],[800.0,630.0],[800.0,628.0],[801.0,628.0],[801.0,626.0],[802.0,626.0],[802.0,625.0],[807.0,625.0],[807.0,624.0],[810.0,624.0],[810.0,623.0],[812.0,623.0],[812.0,622.0],[813.0,622.0],[813.0,621.0],[812.0,621.0],[812.0,620.0],[808.0,619.0],[807.0,617.0],[806.0,617.0],[808.0,613.0],[810.0,613.0],[811.0,611.0],[812.0,611.0],[812.0,609.0],[813.0,609.0],[813.0,605.0],[812.0,605.0],[812.0,603.0],[811.0,603.0],[811.0,602.0],[810.0,602.0],[810.0,600.0],[809.0,600.0],[809.0,590.0],[808.0,590.0],[808.0,588.0],[806.0,587.0],[806.0,586.0],[805.0,586.0],[805.0,585.0],[804.0,585.0],[804.0,584.0]]],[[[193.0,601.0],[193.0,603.0],[191.0,604.0],[191.0,606.0],[186.0,606.0],[186.0,605.0],[186.0,600.0],[186.0,598.0],[187.0,598.0],[187.0,597.0],[190.0,597.0],[190.0,596.0],[192.0,596.0],[194.0,592.0],[199.0,592.0],[199.0,591.0],[203.0,591.0],[203.0,589.0],[209.0,589.0],[209.0,591.0],[210.0,591.0],[210.0,594.0],[211.0,594.0],[211.0,597.0],[205.0,597.0],[205.0,600.0],[204.0,600.0],[204.0,601.0],[205.0,601.0],[205.0,602.0],[207.0,603.0],[207.0,607.0],[205.0,607.0],[205.0,609.0],[204.0,609.0],[204.0,610.0],[200.0,610.0],[200.0,609.0],[199.0,609.0],[199.0,605.0],[200.0,605.0],[200.0,600.0],[199.0,600.0],[199.0,598.0],[198.0,598.0],[198.0,599.0],[196.0,599.0],[195.0,601.0],[193.0,601.0]]],[[[889.0,597.0],[894.0,597.0],[894.0,602.0],[890.0,602.0],[890.0,601.0],[889.0,601.0],[889.0,597.0]]],[[[900.0,612.0],[899.0,612.0],[899.0,613.0],[895.0,613.0],[895.0,612.0],[894.0,612.0],[894.0,609.0],[900.0,609.0],[900.0,612.0]]],[[[259.0,613.0],[259.0,614.0],[253.0,614.0],[253.0,613.0],[252.0,613.0],[252.0,610.0],[254.0,610.0],[254.0,609.0],[258.0,609.0],[258.0,610.0],[260.0,610.0],[260.0,613.0],[259.0,613.0]]],[[[1071.0,652.0],[1071.0,649.0],[1075.0,649.0],[1075.0,652.0],[1071.0,652.0]]],[[[929.0,692.0],[928.0,692.0],[928.0,693.0],[926.0,694.0],[925.0,694.0],[925.0,695.0],[920.0,695.0],[920.0,694.0],[918.0,694.0],[918.0,693.0],[917.0,693.0],[917.0,691.0],[916.0,691.0],[915.0,689.0],[909.0,689.0],[909.0,688.0],[907.0,688.0],[907.0,687.0],[906.0,687.0],[906.0,683.0],[907.0,683.0],[907.0,682.0],[910.0,682.0],[910.0,681.0],[911.0,681.0],[911.0,680.0],[912.0,680.0],[913.0,678.0],[912.0,678.0],[912.0,676.0],[910.0,676.0],[910.0,675.0],[908.0,674.0],[908.0,671.0],[907.0,671.0],[907.0,669.0],[906.0,669.0],[906.0,667.0],[905.0,667.0],[905.0,664.0],[904.0,664.0],[904.0,662.0],[897.0,662.0],[897.0,658.0],[898.0,658.0],[898.0,651.0],[902.0,651.0],[903.0,649.0],[905.0,649.0],[905.0,648.0],[906.0,648.0],[906.0,645.0],[904.0,644.0],[904.0,641.0],[908.0,641.0],[908.0,642.0],[909.0,642.0],[909.0,641.0],[910.0,641.0],[910.0,640.0],[911.0,640.0],[911.0,639.0],[912.0,639.0],[913.0,637.0],[916.0,637.0],[916.0,636.0],[917.0,636.0],[917.0,635.0],[919.0,634.0],[919.0,632.0],[921.0,632.0],[921.0,631.0],[922.0,631.0],[922.0,629.0],[923.0,629.0],[923.0,628.0],[925.0,628.0],[925.0,626.0],[926.0,626.0],[926.0,623.0],[931.0,623.0],[931.0,629.0],[932.0,629.0],[932.0,636.0],[933.0,636.0],[933.0,641.0],[934.0,641.0],[934.0,643.0],[936.0,643.0],[936.0,642.0],[937.0,642.0],[937.0,640.0],[939.0,639.0],[939.0,636.0],[940.0,636.0],[940.0,630.0],[941.0,630.0],[941.0,629.0],[942.0,629.0],[942.0,628.0],[944.0,627.0],[944.0,624.0],[943.0,624.0],[943.0,620.0],[942.0,620.0],[942.0,618.0],[941.0,618.0],[941.0,616.0],[940.0,616.0],[940.0,612.0],[941.0,612.0],[941.0,611.0],[945.0,611.0],[945.0,610.0],[947.0,610.0],[947.0,609.0],[948.0,609.0],[948.0,608.0],[950.0,608.0],[950.0,607.0],[958.0,607.0],[958.0,612.0],[957.0,612.0],[956.0,614.0],[954.0,614.0],[954.0,615.0],[952.0,616.0],[952.0,618.0],[954.0,618.0],[954.0,619.0],[957.0,619.0],[957.0,620.0],[959.0,621.0],[959.0,623.0],[961.0,623.0],[962.0,621.0],[967.0,621.0],[967.0,625.0],[969.0,626.0],[969.0,630.0],[968.0,630.0],[968.0,633.0],[967.0,633.0],[967.0,635.0],[968.0,635.0],[968.0,638.0],[967.0,638.0],[967.0,639.0],[964.0,639.0],[964.0,640.0],[963.0,640.0],[963.0,642.0],[964.0,642.0],[965.0,644.0],[968.0,644.0],[968.0,645.0],[970.0,646.0],[970.0,652.0],[969.0,652.0],[969.0,654.0],[968.0,654.0],[968.0,655.0],[967.0,655.0],[967.0,656.0],[966.0,656.0],[966.0,657.0],[965.0,657.0],[965.0,658.0],[964.0,658.0],[964.0,659.0],[962.0,660.0],[962.0,662.0],[961.0,662.0],[961.0,663.0],[962.0,663.0],[962.0,667.0],[960.0,667.0],[960.0,668.0],[953.0,668.0],[953.0,669.0],[947.0,669.0],[947.0,670.0],[944.0,670.0],[944.0,671.0],[942.0,672.0],[942.0,676.0],[941.0,676.0],[941.0,678.0],[940.0,678.0],[940.0,686.0],[939.0,686.0],[939.0,690.0],[939.0,691.0],[938.0,691.0],[937.0,691.0],[937.0,692.0],[936.0,692.0],[936.0,694.0],[935.0,694.0],[933.0,694.0],[929.0,693.0],[929.0,692.0]]],[[[1059.0,658.0],[1054.0,658.0],[1053.0,656.0],[1051.0,656.0],[1051.0,655.0],[1047.0,654.0],[1047.0,650.0],[1048.0,650.0],[1048.0,649.0],[1053.0,649.0],[1053.0,650.0],[1055.0,650.0],[1055.0,651.0],[1056.0,651.0],[1056.0,652.0],[1057.0,652.0],[1057.0,653.0],[1059.0,654.0],[1059.0,658.0]]],[[[1076.0,665.0],[1073.0,665.0],[1073.0,662.0],[1076.0,662.0],[1076.0,665.0]]],[[[1064.0,663.0],[1064.0,666.0],[1062.0,666.0],[1062.0,667.0],[1058.0,667.0],[1058.0,664.0],[1059.0,664.0],[1059.0,663.0],[1064.0,663.0]]],[[[1030.0,683.0],[1030.0,682.0],[1028.0,682.0],[1028.0,680.0],[1027.0,680.0],[1027.0,677.0],[1031.0,677.0],[1031.0,678.0],[1032.0,678.0],[1032.0,679.0],[1033.0,679.0],[1033.0,680.0],[1034.0,680.0],[1034.0,681.0],[1036.0,682.0],[1036.0,685.0],[1031.0,685.0],[1031.0,683.0],[1030.0,683.0]]],[[[856.0,736.0],[856.0,735.0],[856.0,734.0],[855.0,734.0],[854.0,734.0],[854.0,731.0],[855.0,729.0],[856.0,729.0],[856.0,727.0],[857.0,727.0],[861.0,727.0],[861.0,735.0],[860.0,735.0],[860.0,737.0],[858.0,737.0],[856.0,736.0]]],[[[839.0,733.0],[839.0,730.0],[844.0,730.0],[845.0,728.0],[849.0,728.0],[849.0,729.0],[850.0,729.0],[851.0,731.0],[850.0,735.0],[848.0,736.0],[847.0,736.0],[847.0,737.0],[844.0,737.0],[844.0,736.0],[842.0,736.0],[841.0,734.0],[840.0,734.0],[840.0,733.0],[839.0,733.0]]],[[[991.0,983.0],[984.0,983.0],[984.0,979.0],[985.0,979.0],[985.0,978.0],[984.0,978.0],[984.0,974.0],[985.0,974.0],[985.0,973.0],[993.0,974.0],[993.0,972.0],[994.0,972.0],[994.0,971.0],[1000.0,971.0],[1000.0,974.0],[998.0,975.0],[998.0,979.0],[1002.0,981.0],[1002.0,984.0],[1000.0,984.0],[1000.0,985.0],[995.0,985.0],[995.0,984.0],[991.0,984.0],[991.0,983.0]]],[[[1261.0,65.0],[1264.0,65.0],[1264.0,66.0],[1267.0,66.0],[1267.0,67.0],[1268.0,67.0],[1268.0,68.0],[1269.0,68.0],[1269.0,69.0],[1268.0,69.0],[1268.0,89.0],[1267.0,89.0],[1267.0,90.0],[1266.0,90.0],[1266.0,92.0],[1265.0,92.0],[1264.0,92.0],[1264.0,93.0],[1261.0,93.0],[1261.0,94.0],[1258.0,94.0],[1258.0,93.0],[1255.0,93.0],[1255.0,92.0],[1253.0,92.0],[1252.0,94.0],[1248.0,95.0],[1248.0,96.0],[1245.0,96.0],[1244.0,94.0],[1242.0,94.0],[1242.0,93.0],[1241.0,93.0],[1241.0,91.0],[1240.0,91.0],[1240.0,90.0],[1231.0,90.0],[1231.0,91.0],[1229.0,91.0],[1229.0,92.0],[1226.0,92.0],[1226.0,91.0],[1225.0,91.0],[1223.0,99.0],[1219.0,99.0],[1218.0,97.0],[1217.0,97.0],[1217.0,92.0],[1218.0,92.0],[1218.0,91.0],[1216.0,90.0],[1216.0,89.0],[1213.0,89.0],[1213.0,88.0],[1201.0,88.0],[1201.0,87.0],[1199.0,87.0],[1198.0,89.0],[1197.0,89.0],[1197.0,90.0],[1194.0,90.0],[1194.0,86.0],[1196.0,85.0],[1196.0,83.0],[1195.0,83.0],[1195.0,81.0],[1194.0,81.0],[1194.0,79.0],[1193.0,79.0],[1193.0,77.0],[1191.0,77.0],[1191.0,76.0],[1190.0,76.0],[1190.0,74.0],[1189.0,74.0],[1189.0,68.0],[1190.0,68.0],[1190.0,66.0],[1191.0,66.0],[1191.0,64.0],[1193.0,63.0],[1193.0,62.0],[1195.0,62.0],[1195.0,60.0],[1196.0,60.0],[1196.0,57.0],[1195.0,57.0],[1195.0,48.0],[1197.0,47.0],[1197.0,46.0],[1198.0,46.0],[1198.0,45.0],[1202.0,44.0],[1202.0,43.0],[1204.0,43.0],[1204.0,42.0],[1206.0,42.0],[1207.0,40.0],[1209.0,40.0],[1209.0,39.0],[1210.0,39.0],[1210.0,38.0],[1212.0,38.0],[1212.0,36.0],[1211.0,36.0],[1211.0,32.0],[1212.0,32.0],[1212.0,31.0],[1216.0,31.0],[1216.0,29.0],[1220.0,29.0],[1221.0,31.0],[1222.0,31.0],[1222.0,32.0],[1224.0,32.0],[1225.0,34.0],[1226.0,34.0],[1226.0,35.0],[1229.0,35.0],[1229.0,36.0],[1233.0,36.0],[1233.0,37.0],[1235.0,37.0],[1235.0,43.0],[1234.0,43.0],[1234.0,45.0],[1233.0,45.0],[1233.0,47.0],[1231.0,48.0],[1231.0,50.0],[1233.0,51.0],[1233.0,52.0],[1234.0,52.0],[1234.0,54.0],[1238.0,55.0],[1238.0,56.0],[1241.0,56.0],[1241.0,57.0],[1246.0,57.0],[1246.0,59.0],[1247.0,59.0],[1247.0,60.0],[1249.0,60.0],[1249.0,61.0],[1252.0,61.0],[1253.0,63.0],[1255.0,63.0],[1255.0,64.0],[1256.0,64.0],[1256.0,65.0],[1259.0,65.0],[1259.0,66.0],[1261.0,66.0],[1261.0,65.0]]],[[[1682.0,235.0],[1674.0,235.0],[1674.0,232.0],[1682.0,232.0],[1682.0,235.0]]],[[[1348.0,360.0],[1347.0,360.0],[1347.0,359.0],[1346.0,359.0],[1346.0,358.0],[1344.0,357.0],[1344.0,352.0],[1345.0,352.0],[1345.0,348.0],[1350.0,348.0],[1350.0,351.0],[1351.0,351.0],[1352.0,355.0],[1356.0,355.0],[1356.0,354.0],[1359.0,354.0],[1359.0,353.0],[1367.0,353.0],[1367.0,354.0],[1369.0,354.0],[1369.0,355.0],[1371.0,355.0],[1371.0,356.0],[1372.0,356.0],[1372.0,359.0],[1368.0,359.0],[1368.0,360.0],[1369.0,360.0],[1369.0,364.0],[1365.0,364.0],[1365.0,363.0],[1364.0,363.0],[1364.0,362.0],[1363.0,362.0],[1362.0,360.0],[1360.0,360.0],[1359.0,362.0],[1348.0,362.0],[1348.0,360.0]]],[[[1332.0,364.0],[1332.0,363.0],[1330.0,363.0],[1330.0,364.0],[1318.0,364.0],[1318.0,358.0],[1319.0,358.0],[1319.0,357.0],[1324.0,357.0],[1324.0,356.0],[1327.0,356.0],[1327.0,355.0],[1329.0,355.0],[1329.0,354.0],[1330.0,354.0],[1330.0,350.0],[1333.0,350.0],[1333.0,351.0],[1334.0,351.0],[1334.0,357.0],[1335.0,357.0],[1336.0,361.0],[1338.0,361.0],[1339.0,363.0],[1341.0,363.0],[1343.0,367.0],[1347.0,367.0],[1347.0,371.0],[1341.0,371.0],[1340.0,369.0],[1338.0,369.0],[1338.0,367.0],[1335.0,367.0],[1335.0,365.0],[1334.0,365.0],[1334.0,364.0],[1332.0,364.0]]],[[[1377.0,375.0],[1376.0,375.0],[1375.0,377.0],[1373.0,377.0],[1373.0,378.0],[1369.0,378.0],[1369.0,375.0],[1370.0,375.0],[1370.0,372.0],[1371.0,372.0],[1371.0,371.0],[1373.0,371.0],[1373.0,369.0],[1375.0,368.0],[1375.0,366.0],[1379.0,364.0],[1379.0,362.0],[1380.0,362.0],[1380.0,358.0],[1381.0,358.0],[1381.0,355.0],[1389.0,355.0],[1389.0,356.0],[1391.0,356.0],[1391.0,357.0],[1392.0,357.0],[1392.0,360.0],[1391.0,360.0],[1391.0,361.0],[1389.0,361.0],[1389.0,362.0],[1387.0,362.0],[1387.0,363.0],[1385.0,363.0],[1385.0,364.0],[1384.0,364.0],[1384.0,365.0],[1382.0,366.0],[1382.0,368.0],[1380.0,369.0],[1380.0,371.0],[1378.0,372.0],[1378.0,374.0],[1377.0,374.0],[1377.0,375.0]]],[[[1347.0,406.0],[1346.0,406.0],[1346.0,405.0],[1345.0,405.0],[1345.0,404.0],[1343.0,403.0],[1343.0,399.0],[1344.0,399.0],[1344.0,398.0],[1349.0,398.0],[1349.0,397.0],[1353.0,397.0],[1353.0,398.0],[1354.0,398.0],[1355.0,400.0],[1357.0,400.0],[1357.0,411.0],[1358.0,411.0],[1358.0,417.0],[1355.0,417.0],[1354.0,413.0],[1353.0,413.0],[1353.0,412.0],[1352.0,412.0],[1352.0,411.0],[1351.0,411.0],[1351.0,410.0],[1350.0,410.0],[1350.0,409.0],[1349.0,409.0],[1349.0,408.0],[1348.0,408.0],[1348.0,407.0],[1347.0,407.0],[1347.0,406.0]]],[[[1430.0,426.0],[1430.0,424.0],[1429.0,424.0],[1428.0,422.0],[1426.0,422.0],[1426.0,417.0],[1430.0,417.0],[1430.0,418.0],[1432.0,418.0],[1432.0,419.0],[1436.0,420.0],[1436.0,421.0],[1438.0,422.0],[1438.0,425.0],[1440.0,426.0],[1440.0,429.0],[1439.0,429.0],[1439.0,430.0],[1436.0,430.0],[1436.0,429.0],[1434.0,429.0],[1434.0,428.0],[1433.0,428.0],[1432.0,426.0],[1430.0,426.0]]],[[[1090.0,465.0],[1091.0,463.0],[1092.0,463.0],[1092.0,461.0],[1093.0,461.0],[1093.0,457.0],[1095.0,457.0],[1095.0,456.0],[1097.0,456.0],[1098.0,454.0],[1100.0,454.0],[1100.0,453.0],[1103.0,453.0],[1103.0,452.0],[1105.0,452.0],[1106.0,450.0],[1108.0,450.0],[1108.0,449.0],[1109.0,449.0],[1109.0,447.0],[1111.0,446.0],[1111.0,443.0],[1112.0,443.0],[1112.0,439.0],[1113.0,439.0],[1113.0,436.0],[1114.0,436.0],[1114.0,435.0],[1115.0,435.0],[1115.0,434.0],[1116.0,434.0],[1117.0,432.0],[1119.0,432.0],[1119.0,431.0],[1120.0,431.0],[1120.0,430.0],[1121.0,430.0],[1121.0,429.0],[1122.0,429.0],[1122.0,428.0],[1123.0,428.0],[1123.0,427.0],[1125.0,426.0],[1125.0,424.0],[1127.0,423.0],[1127.0,421.0],[1129.0,420.0],[1129.0,418.0],[1130.0,418.0],[1130.0,416.0],[1131.0,416.0],[1132.0,414.0],[1136.0,414.0],[1137.0,414.0],[1138.0,414.0],[1138.0,415.0],[1140.0,415.0],[1140.0,416.0],[1143.0,416.0],[1144.0,418.0],[1149.0,418.0],[1149.0,417.0],[1151.0,417.0],[1151.0,416.0],[1154.0,416.0],[1154.0,417.0],[1159.0,417.0],[1159.0,418.0],[1163.0,418.0],[1163.0,419.0],[1167.0,420.0],[1167.0,421.0],[1168.0,421.0],[1168.0,422.0],[1169.0,422.0],[1170.0,424.0],[1174.0,425.0],[1175.0,427.0],[1176.0,427.0],[1176.0,426.0],[1179.0,426.0],[1179.0,425.0],[1185.0,425.0],[1185.0,428.0],[1184.0,428.0],[1184.0,431.0],[1185.0,431.0],[1185.0,433.0],[1187.0,433.0],[1187.0,434.0],[1190.0,434.0],[1190.0,435.0],[1193.0,435.0],[1193.0,436.0],[1197.0,436.0],[1197.0,437.0],[1202.0,437.0],[1202.0,436.0],[1212.0,436.0],[1212.0,437.0],[1213.0,437.0],[1213.0,440.0],[1214.0,440.0],[1214.0,441.0],[1220.0,441.0],[1220.0,440.0],[1221.0,440.0],[1221.0,438.0],[1222.0,438.0],[1222.0,435.0],[1227.0,435.0],[1227.0,436.0],[1233.0,436.0],[1233.0,437.0],[1234.0,437.0],[1235.0,439.0],[1240.0,439.0],[1241.0,441.0],[1244.0,441.0],[1244.0,442.0],[1246.0,442.0],[1246.0,443.0],[1250.0,444.0],[1250.0,443.0],[1251.0,443.0],[1251.0,442.0],[1252.0,442.0],[1253.0,440.0],[1255.0,440.0],[1256.0,438.0],[1258.0,438.0],[1258.0,437.0],[1262.0,437.0],[1262.0,441.0],[1261.0,441.0],[1261.0,442.0],[1260.0,442.0],[1260.0,443.0],[1258.0,444.0],[1258.0,447.0],[1260.0,447.0],[1260.0,448.0],[1262.0,448.0],[1262.0,449.0],[1267.0,449.0],[1268.0,451.0],[1270.0,451.0],[1270.0,452.0],[1274.0,452.0],[1274.0,453.0],[1275.0,453.0],[1275.0,452.0],[1277.0,451.0],[1277.0,449.0],[1278.0,449.0],[1279.0,441.0],[1280.0,441.0],[1280.0,440.0],[1282.0,440.0],[1282.0,439.0],[1288.0,438.0],[1289.0,436.0],[1291.0,436.0],[1291.0,435.0],[1292.0,435.0],[1291.0,429.0],[1296.0,429.0],[1296.0,430.0],[1299.0,430.0],[1299.0,429.0],[1304.0,429.0],[1304.0,428.0],[1306.0,428.0],[1306.0,426.0],[1307.0,426.0],[1307.0,425.0],[1317.0,425.0],[1317.0,424.0],[1319.0,423.0],[1319.0,421.0],[1322.0,421.0],[1322.0,422.0],[1323.0,422.0],[1323.0,425.0],[1324.0,425.0],[1324.0,427.0],[1325.0,427.0],[1325.0,428.0],[1328.0,428.0],[1328.0,427.0],[1330.0,427.0],[1330.0,426.0],[1331.0,426.0],[1331.0,424.0],[1332.0,424.0],[1333.0,422.0],[1335.0,422.0],[1335.0,421.0],[1341.0,421.0],[1341.0,424.0],[1340.0,424.0],[1340.0,427.0],[1341.0,427.0],[1341.0,428.0],[1346.0,428.0],[1346.0,427.0],[1348.0,427.0],[1348.0,426.0],[1352.0,426.0],[1352.0,427.0],[1354.0,427.0],[1354.0,428.0],[1357.0,428.0],[1357.0,429.0],[1361.0,429.0],[1361.0,430.0],[1363.0,430.0],[1363.0,431.0],[1364.0,431.0],[1365.0,433.0],[1368.0,433.0],[1368.0,431.0],[1369.0,431.0],[1369.0,427.0],[1368.0,427.0],[1367.0,423.0],[1366.0,423.0],[1366.0,422.0],[1364.0,421.0],[1364.0,417.0],[1367.0,417.0],[1367.0,416.0],[1368.0,416.0],[1368.0,415.0],[1370.0,414.0],[1370.0,411.0],[1372.0,410.0],[1372.0,406.0],[1373.0,406.0],[1373.0,404.0],[1374.0,404.0],[1374.0,397.0],[1375.0,397.0],[1375.0,396.0],[1374.0,396.0],[1374.0,392.0],[1373.0,392.0],[1373.0,390.0],[1372.0,390.0],[1372.0,385.0],[1373.0,385.0],[1373.0,384.0],[1375.0,384.0],[1375.0,383.0],[1377.0,383.0],[1377.0,382.0],[1381.0,382.0],[1381.0,381.0],[1383.0,381.0],[1383.0,379.0],[1385.0,379.0],[1385.0,375.0],[1386.0,375.0],[1386.0,370.0],[1391.0,370.0],[1391.0,371.0],[1395.0,371.0],[1395.0,370.0],[1396.0,370.0],[1396.0,368.0],[1397.0,368.0],[1397.0,365.0],[1398.0,365.0],[1398.0,362.0],[1399.0,362.0],[1399.0,357.0],[1400.0,357.0],[1400.0,356.0],[1401.0,356.0],[1401.0,354.0],[1402.0,354.0],[1402.0,353.0],[1403.0,353.0],[1403.0,352.0],[1405.0,351.0],[1405.0,349.0],[1406.0,349.0],[1406.0,347.0],[1408.0,346.0],[1408.0,344.0],[1409.0,344.0],[1409.0,341.0],[1410.0,341.0],[1410.0,340.0],[1413.0,340.0],[1413.0,341.0],[1414.0,341.0],[1414.0,344.0],[1413.0,344.0],[1413.0,345.0],[1414.0,345.0],[1414.0,347.0],[1415.0,347.0],[1415.0,350.0],[1416.0,350.0],[1416.0,351.0],[1418.0,351.0],[1418.0,350.0],[1419.0,350.0],[1419.0,349.0],[1421.0,348.0],[1421.0,346.0],[1422.0,346.0],[1422.0,340.0],[1423.0,340.0],[1423.0,339.0],[1424.0,339.0],[1424.0,337.0],[1426.0,336.0],[1426.0,328.0],[1427.0,328.0],[1428.0,326.0],[1430.0,326.0],[1430.0,325.0],[1434.0,324.0],[1434.0,317.0],[1438.0,317.0],[1438.0,318.0],[1439.0,318.0],[1439.0,319.0],[1441.0,319.0],[1441.0,320.0],[1445.0,320.0],[1445.0,319.0],[1446.0,319.0],[1447.0,317.0],[1451.0,317.0],[1451.0,316.0],[1453.0,316.0],[1454.0,314.0],[1459.0,314.0],[1459.0,317.0],[1458.0,317.0],[1458.0,318.0],[1456.0,319.0],[1456.0,323.0],[1455.0,323.0],[1455.0,327.0],[1454.0,327.0],[1454.0,330.0],[1453.0,330.0],[1453.0,334.0],[1451.0,334.0],[1451.0,340.0],[1452.0,340.0],[1452.0,341.0],[1461.0,341.0],[1461.0,344.0],[1460.0,344.0],[1460.0,345.0],[1457.0,345.0],[1457.0,346.0],[1454.0,346.0],[1454.0,347.0],[1452.0,348.0],[1452.0,350.0],[1451.0,350.0],[1451.0,351.0],[1449.0,351.0],[1449.0,352.0],[1444.0,352.0],[1444.0,353.0],[1442.0,353.0],[1442.0,354.0],[1438.0,354.0],[1438.0,355.0],[1436.0,355.0],[1436.0,356.0],[1432.0,356.0],[1432.0,357.0],[1430.0,357.0],[1430.0,358.0],[1428.0,358.0],[1428.0,359.0],[1425.0,359.0],[1424.0,361.0],[1422.0,361.0],[1422.0,362.0],[1420.0,363.0],[1420.0,364.0],[1421.0,364.0],[1421.0,366.0],[1425.0,366.0],[1425.0,365.0],[1427.0,365.0],[1427.0,364.0],[1430.0,364.0],[1430.0,363.0],[1432.0,363.0],[1432.0,362.0],[1435.0,362.0],[1435.0,361.0],[1437.0,361.0],[1437.0,360.0],[1440.0,360.0],[1440.0,359.0],[1446.0,358.0],[1447.0,356.0],[1451.0,356.0],[1451.0,357.0],[1456.0,357.0],[1456.0,360.0],[1454.0,360.0],[1454.0,366.0],[1455.0,366.0],[1455.0,367.0],[1458.0,367.0],[1458.0,368.0],[1462.0,368.0],[1462.0,369.0],[1463.0,369.0],[1463.0,372.0],[1462.0,372.0],[1462.0,374.0],[1461.0,374.0],[1461.0,377.0],[1462.0,377.0],[1462.0,378.0],[1464.0,378.0],[1465.0,376.0],[1469.0,376.0],[1469.0,377.0],[1470.0,377.0],[1470.0,380.0],[1467.0,380.0],[1467.0,381.0],[1466.0,381.0],[1466.0,384.0],[1460.0,384.0],[1460.0,385.0],[1448.0,384.0],[1448.0,385.0],[1447.0,385.0],[1446.0,387.0],[1443.0,387.0],[1443.0,388.0],[1442.0,388.0],[1441.0,390.0],[1436.0,390.0],[1436.0,389.0],[1433.0,389.0],[1433.0,390.0],[1432.0,390.0],[1432.0,394.0],[1433.0,394.0],[1433.0,395.0],[1434.0,395.0],[1434.0,396.0],[1436.0,397.0],[1436.0,402.0],[1434.0,403.0],[1433.0,407.0],[1432.0,407.0],[1431.0,409.0],[1429.0,409.0],[1429.0,410.0],[1427.0,411.0],[1427.0,413.0],[1424.0,413.0],[1424.0,414.0],[1423.0,414.0],[1423.0,416.0],[1422.0,416.0],[1421.0,418.0],[1419.0,418.0],[1419.0,421.0],[1420.0,421.0],[1420.0,422.0],[1422.0,422.0],[1422.0,426.0],[1423.0,426.0],[1423.0,429.0],[1424.0,429.0],[1424.0,433.0],[1425.0,433.0],[1425.0,434.0],[1428.0,434.0],[1428.0,435.0],[1429.0,435.0],[1429.0,441.0],[1430.0,441.0],[1430.0,442.0],[1431.0,442.0],[1432.0,444.0],[1435.0,444.0],[1435.0,443.0],[1436.0,443.0],[1437.0,441.0],[1439.0,441.0],[1440.0,439.0],[1444.0,439.0],[1444.0,441.0],[1445.0,441.0],[1446.0,447.0],[1445.0,447.0],[1445.0,448.0],[1443.0,449.0],[1443.0,451.0],[1442.0,451.0],[1442.0,452.0],[1441.0,452.0],[1441.0,453.0],[1439.0,454.0],[1439.0,456.0],[1438.0,456.0],[1439.0,474.0],[1440.0,474.0],[1440.0,480.0],[1441.0,480.0],[1441.0,481.0],[1440.0,487.0],[1439.0,487.0],[1439.0,488.0],[1436.0,488.0],[1432.0,488.0],[1429.0,488.0],[1429.0,487.0],[1427.0,487.0],[1427.0,488.0],[1423.0,488.0],[1423.0,489.0],[1421.0,489.0],[1420.0,491.0],[1419.0,491.0],[1417.0,492.0],[1417.0,493.0],[1418.0,493.0],[1418.0,497.0],[1418.0,501.0],[1417.0,501.0],[1417.0,503.0],[1416.0,503.0],[1416.0,504.0],[1414.0,505.0],[1414.0,507.0],[1412.0,507.0],[1412.0,508.0],[1411.0,508.0],[1410.0,510.0],[1408.0,510.0],[1408.0,511.0],[1407.0,511.0],[1407.0,512.0],[1406.0,512.0],[1405.0,514.0],[1403.0,514.0],[1403.0,515.0],[1402.0,515.0],[1402.0,516.0],[1400.0,516.0],[1399.0,518.0],[1395.0,519.0],[1395.0,521.0],[1394.0,521.0],[1394.0,523.0],[1393.0,523.0],[1393.0,536.0],[1392.0,536.0],[1392.0,538.0],[1391.0,538.0],[1391.0,539.0],[1390.0,539.0],[1390.0,540.0],[1389.0,540.0],[1389.0,541.0],[1388.0,541.0],[1388.0,542.0],[1387.0,542.0],[1387.0,543.0],[1386.0,543.0],[1386.0,544.0],[1385.0,544.0],[1384.0,546.0],[1382.0,546.0],[1381.0,548.0],[1377.0,549.0],[1376.0,549.0],[1376.0,550.0],[1373.0,550.0],[1372.0,550.0],[1372.0,551.0],[1370.0,551.0],[1369.0,551.0],[1369.0,552.0],[1367.0,552.0],[1366.0,552.0],[1366.0,553.0],[1364.0,553.0],[1363.0,555.0],[1361.0,555.0],[1360.0,557.0],[1359.0,557.0],[1359.0,558.0],[1357.0,558.0],[1357.0,559.0],[1356.0,559.0],[1356.0,560.0],[1354.0,560.0],[1354.0,561.0],[1351.0,561.0],[1351.0,562.0],[1349.0,562.0],[1349.0,563.0],[1347.0,563.0],[1346.0,563.0],[1346.0,564.0],[1334.0,564.0],[1333.0,566.0],[1332.0,566.0],[1332.0,567.0],[1330.0,567.0],[1329.0,569.0],[1328.0,569.0],[1328.0,570.0],[1327.0,570.0],[1327.0,571.0],[1326.0,571.0],[1326.0,572.0],[1325.0,572.0],[1325.0,573.0],[1323.0,573.0],[1322.0,575.0],[1321.0,575.0],[1321.0,576.0],[1320.0,576.0],[1320.0,577.0],[1319.0,577.0],[1319.0,578.0],[1318.0,578.0],[1318.0,580.0],[1316.0,581.0],[1316.0,582.0],[1315.0,582.0],[1315.0,583.0],[1314.0,583.0],[1314.0,584.0],[1313.0,584.0],[1313.0,585.0],[1312.0,585.0],[1312.0,586.0],[1311.0,586.0],[1311.0,587.0],[1310.0,587.0],[1310.0,588.0],[1306.0,588.0],[1304.0,588.0],[1304.0,589.0],[1303.0,589.0],[1303.0,590.0],[1301.0,591.0],[1301.0,593.0],[1300.0,593.0],[1300.0,595.0],[1299.0,595.0],[1299.0,596.0],[1297.0,597.0],[1296.0,601.0],[1296.0,605.0],[1295.0,605.0],[1295.0,608.0],[1294.0,608.0],[1294.0,610.0],[1293.0,610.0],[1293.0,612.0],[1292.0,612.0],[1292.0,614.0],[1291.0,614.0],[1290.0,620.0],[1289.0,620.0],[1289.0,622.0],[1288.0,622.0],[1288.0,623.0],[1287.0,623.0],[1287.0,624.0],[1286.0,624.0],[1285.0,626.0],[1283.0,626.0],[1283.0,627.0],[1282.0,627.0],[1282.0,628.0],[1282.0,631.0],[1280.0,631.0],[1280.0,632.0],[1277.0,632.0],[1276.0,634.0],[1275.0,634.0],[1275.0,635.0],[1276.0,635.0],[1276.0,637.0],[1278.0,637.0],[1279.0,639.0],[1281.0,639.0],[1281.0,640.0],[1282.0,640.0],[1282.0,641.0],[1284.0,642.0],[1284.0,647.0],[1283.0,647.0],[1282.0,649.0],[1278.0,650.0],[1278.0,651.0],[1277.0,651.0],[1277.0,653.0],[1276.0,653.0],[1276.0,660.0],[1277.0,660.0],[1277.0,662.0],[1279.0,663.0],[1279.0,667.0],[1278.0,667.0],[1277.0,671.0],[1275.0,671.0],[1275.0,672.0],[1274.0,672.0],[1273.0,674.0],[1271.0,674.0],[1270.0,678.0],[1269.0,678.0],[1269.0,683.0],[1270.0,683.0],[1270.0,687.0],[1270.0,688.0],[1268.0,689.0],[1268.0,690.0],[1265.0,690.0],[1265.0,691.0],[1264.0,691.0],[1264.0,693.0],[1262.0,693.0],[1261.0,693.0],[1259.0,693.0],[1259.0,692.0],[1258.0,692.0],[1258.0,690.0],[1256.0,689.0],[1256.0,688.0],[1254.0,688.0],[1254.0,687.0],[1253.0,687.0],[1253.0,685.0],[1252.0,685.0],[1252.0,681.0],[1251.0,681.0],[1251.0,677.0],[1250.0,677.0],[1250.0,675.0],[1248.0,675.0],[1248.0,674.0],[1247.0,674.0],[1247.0,670.0],[1246.0,670.0],[1246.0,667.0],[1245.0,667.0],[1245.0,666.0],[1243.0,666.0],[1243.0,667.0],[1241.0,667.0],[1241.0,668.0],[1240.0,668.0],[1240.0,669.0],[1239.0,669.0],[1239.0,670.0],[1239.0,671.0],[1238.0,671.0],[1238.0,674.0],[1238.0,676.0],[1236.0,676.0],[1236.0,677.0],[1233.0,677.0],[1232.0,677.0],[1232.0,678.0],[1228.0,679.0],[1228.0,680.0],[1226.0,680.0],[1226.0,681.0],[1224.0,681.0],[1223.0,683.0],[1219.0,684.0],[1219.0,685.0],[1213.0,686.0],[1213.0,687.0],[1211.0,687.0],[1211.0,688.0],[1207.0,688.0],[1206.0,688.0],[1206.0,689.0],[1204.0,690.0],[1203.0,690.0],[1200.0,690.0],[1199.0,688.0],[1196.0,688.0],[1196.0,687.0],[1194.0,687.0],[1194.0,688.0],[1191.0,688.0],[1191.0,689.0],[1189.0,689.0],[1188.0,691.0],[1186.0,691.0],[1185.0,693.0],[1184.0,693.0],[1184.0,694.0],[1183.0,694.0],[1183.0,695.0],[1182.0,695.0],[1182.0,696.0],[1181.0,696.0],[1181.0,699.0],[1182.0,699.0],[1182.0,700.0],[1182.0,701.0],[1183.0,701.0],[1183.0,702.0],[1185.0,702.0],[1185.0,703.0],[1186.0,703.0],[1186.0,709.0],[1185.0,709.0],[1185.0,711.0],[1183.0,712.0],[1182.0,716.0],[1180.0,717.0],[1180.0,719.0],[1179.0,719.0],[1179.0,720.0],[1177.0,721.0],[1177.0,723.0],[1176.0,723.0],[1176.0,724.0],[1175.0,724.0],[1175.0,725.0],[1174.0,725.0],[1174.0,726.0],[1173.0,726.0],[1173.0,727.0],[1172.0,727.0],[1172.0,728.0],[1171.0,728.0],[1171.0,729.0],[1170.0,729.0],[1170.0,730.0],[1169.0,730.0],[1168.0,732.0],[1166.0,732.0],[1165.0,734.0],[1161.0,734.0],[1159.0,734.0],[1159.0,735.0],[1156.0,735.0],[1156.0,736.0],[1155.0,736.0],[1154.0,738.0],[1150.0,739.0],[1150.0,741.0],[1149.0,741.0],[1149.0,748.0],[1149.0,749.0],[1149.0,754.0],[1148.0,754.0],[1148.0,757.0],[1147.0,757.0],[1147.0,758.0],[1146.0,758.0],[1146.0,761.0],[1146.0,767.0],[1147.0,767.0],[1147.0,769.0],[1149.0,769.0],[1150.0,771.0],[1153.0,771.0],[1153.0,772.0],[1154.0,772.0],[1154.0,773.0],[1155.0,773.0],[1155.0,774.0],[1157.0,775.0],[1157.0,777.0],[1156.0,779.0],[1155.0,779.0],[1155.0,780.0],[1154.0,780.0],[1154.0,782.0],[1153.0,782.0],[1153.0,783.0],[1151.0,783.0],[1151.0,784.0],[1143.0,784.0],[1142.0,786.0],[1141.0,786.0],[1141.0,787.0],[1140.0,787.0],[1140.0,788.0],[1136.0,789.0],[1136.0,790.0],[1129.0,790.0],[1129.0,791.0],[1122.0,791.0],[1122.0,786.0],[1123.0,786.0],[1123.0,784.0],[1124.0,784.0],[1124.0,780.0],[1123.0,780.0],[1123.0,779.0],[1121.0,779.0],[1120.0,781.0],[1119.0,781.0],[1119.0,782.0],[1118.0,782.0],[1118.0,784.0],[1117.0,784.0],[1117.0,787.0],[1115.0,788.0],[1115.0,789.0],[1111.0,789.0],[1111.0,790.0],[1106.0,790.0],[1105.0,792.0],[1104.0,792.0],[1104.0,793.0],[1099.0,793.0],[1099.0,789.0],[1100.0,789.0],[1100.0,788.0],[1102.0,788.0],[1102.0,786.0],[1100.0,786.0],[1099.0,784.0],[1098.0,784.0],[1098.0,783.0],[1096.0,783.0],[1096.0,778.0],[1097.0,778.0],[1097.0,776.0],[1098.0,776.0],[1098.0,775.0],[1099.0,775.0],[1099.0,773.0],[1101.0,772.0],[1101.0,771.0],[1102.0,771.0],[1102.0,769.0],[1104.0,768.0],[1104.0,765.0],[1103.0,765.0],[1103.0,764.0],[1096.0,764.0],[1095.0,766.0],[1094.0,766.0],[1094.0,767.0],[1093.0,767.0],[1093.0,768.0],[1089.0,769.0],[1089.0,770.0],[1086.0,770.0],[1086.0,771.0],[1076.0,771.0],[1076.0,770.0],[1075.0,770.0],[1075.0,768.0],[1074.0,768.0],[1074.0,765.0],[1072.0,764.0],[1072.0,765.0],[1070.0,765.0],[1069.0,767.0],[1068.0,767.0],[1068.0,770.0],[1067.0,770.0],[1067.0,771.0],[1064.0,771.0],[1064.0,772.0],[1062.0,772.0],[1061.0,774.0],[1060.0,774.0],[1060.0,775.0],[1056.0,775.0],[1056.0,772.0],[1057.0,772.0],[1057.0,770.0],[1059.0,769.0],[1059.0,768.0],[1060.0,768.0],[1060.0,766.0],[1059.0,766.0],[1059.0,765.0],[1057.0,765.0],[1056.0,763.0],[1053.0,763.0],[1053.0,762.0],[1052.0,762.0],[1052.0,757.0],[1056.0,756.0],[1056.0,755.0],[1058.0,755.0],[1058.0,754.0],[1061.0,754.0],[1061.0,753.0],[1063.0,753.0],[1063.0,752.0],[1065.0,752.0],[1066.0,750.0],[1068.0,750.0],[1068.0,747.0],[1066.0,746.0],[1066.0,745.0],[1063.0,745.0],[1063.0,746.0],[1061.0,746.0],[1061.0,747.0],[1056.0,747.0],[1056.0,746.0],[1054.0,746.0],[1054.0,745.0],[1053.0,745.0],[1053.0,744.0],[1049.0,743.0],[1049.0,742.0],[1047.0,742.0],[1047.0,741.0],[1037.0,740.0],[1037.0,737.0],[1038.0,737.0],[1038.0,736.0],[1042.0,736.0],[1042.0,735.0],[1040.0,734.0],[1040.0,733.0],[1039.0,733.0],[1039.0,731.0],[1038.0,731.0],[1038.0,728.0],[1037.0,728.0],[1037.0,722.0],[1039.0,721.0],[1039.0,720.0],[1041.0,720.0],[1041.0,719.0],[1042.0,719.0],[1042.0,717.0],[1044.0,716.0],[1044.0,715.0],[1046.0,715.0],[1047.0,713.0],[1050.0,713.0],[1051.0,711.0],[1052.0,711.0],[1052.0,710.0],[1053.0,710.0],[1053.0,709.0],[1052.0,709.0],[1052.0,707.0],[1051.0,707.0],[1051.0,706.0],[1048.0,706.0],[1048.0,705.0],[1046.0,705.0],[1045.0,707.0],[1044.0,707.0],[1044.0,708.0],[1043.0,708.0],[1043.0,709.0],[1042.0,709.0],[1042.0,710.0],[1040.0,710.0],[1039.0,712.0],[1036.0,712.0],[1036.0,710.0],[1034.0,709.0],[1034.0,708.0],[1033.0,708.0],[1033.0,707.0],[1032.0,707.0],[1032.0,706.0],[1031.0,706.0],[1031.0,705.0],[1029.0,705.0],[1029.0,702.0],[1028.0,702.0],[1028.0,699.0],[1030.0,698.0],[1030.0,695.0],[1029.0,695.0],[1029.0,693.0],[1028.0,693.0],[1028.0,689.0],[1032.0,689.0],[1032.0,690.0],[1035.0,690.0],[1036.0,692.0],[1039.0,692.0],[1039.0,691.0],[1040.0,691.0],[1041.0,687.0],[1042.0,687.0],[1042.0,685.0],[1044.0,685.0],[1044.0,682.0],[1045.0,682.0],[1045.0,680.0],[1047.0,679.0],[1047.0,678.0],[1048.0,678.0],[1048.0,677.0],[1049.0,677.0],[1049.0,674.0],[1050.0,674.0],[1050.0,667.0],[1051.0,667.0],[1051.0,665.0],[1054.0,665.0],[1054.0,671.0],[1055.0,671.0],[1055.0,673.0],[1056.0,673.0],[1056.0,683.0],[1058.0,684.0],[1058.0,685.0],[1061.0,685.0],[1061.0,686.0],[1065.0,686.0],[1065.0,682.0],[1063.0,682.0],[1063.0,681.0],[1062.0,681.0],[1062.0,679.0],[1061.0,679.0],[1061.0,675.0],[1062.0,675.0],[1062.0,673.0],[1064.0,672.0],[1064.0,671.0],[1065.0,671.0],[1065.0,670.0],[1066.0,670.0],[1066.0,669.0],[1067.0,669.0],[1067.0,667.0],[1068.0,667.0],[1068.0,664.0],[1071.0,664.0],[1071.0,665.0],[1072.0,665.0],[1072.0,667.0],[1074.0,668.0],[1074.0,669.0],[1075.0,669.0],[1075.0,670.0],[1080.0,670.0],[1080.0,668.0],[1081.0,668.0],[1081.0,665.0],[1079.0,664.0],[1079.0,662.0],[1078.0,662.0],[1078.0,648.0],[1079.0,648.0],[1079.0,644.0],[1077.0,643.0],[1077.0,642.0],[1074.0,642.0],[1074.0,643.0],[1072.0,643.0],[1071.0,645.0],[1070.0,645.0],[1070.0,646.0],[1069.0,646.0],[1069.0,647.0],[1058.0,647.0],[1058.0,643.0],[1060.0,643.0],[1060.0,642.0],[1061.0,642.0],[1061.0,640.0],[1060.0,640.0],[1060.0,638.0],[1059.0,638.0],[1059.0,637.0],[1057.0,637.0],[1057.0,636.0],[1056.0,636.0],[1056.0,637.0],[1046.0,637.0],[1046.0,633.0],[1048.0,632.0],[1048.0,631.0],[1049.0,631.0],[1049.0,627.0],[1050.0,627.0],[1050.0,625.0],[1049.0,625.0],[1049.0,603.0],[1050.0,603.0],[1050.0,601.0],[1051.0,601.0],[1051.0,599.0],[1055.0,598.0],[1056.0,596.0],[1058.0,596.0],[1058.0,595.0],[1059.0,595.0],[1059.0,594.0],[1062.0,594.0],[1063.0,592.0],[1066.0,592.0],[1066.0,590.0],[1067.0,590.0],[1067.0,589.0],[1070.0,589.0],[1071.0,591.0],[1072.0,591.0],[1072.0,598.0],[1071.0,598.0],[1071.0,603.0],[1072.0,603.0],[1072.0,604.0],[1074.0,604.0],[1075.0,606.0],[1082.0,606.0],[1082.0,605.0],[1086.0,605.0],[1086.0,604.0],[1088.0,604.0],[1088.0,603.0],[1090.0,603.0],[1090.0,601.0],[1092.0,600.0],[1092.0,597.0],[1090.0,596.0],[1090.0,595.0],[1088.0,596.0],[1088.0,597.0],[1087.0,597.0],[1087.0,598.0],[1083.0,598.0],[1083.0,596.0],[1082.0,596.0],[1082.0,588.0],[1080.0,587.0],[1080.0,586.0],[1079.0,586.0],[1079.0,585.0],[1078.0,585.0],[1078.0,584.0],[1077.0,584.0],[1077.0,583.0],[1076.0,583.0],[1075.0,579.0],[1073.0,578.0],[1073.0,575.0],[1072.0,575.0],[1072.0,571.0],[1071.0,571.0],[1071.0,566.0],[1070.0,566.0],[1070.0,561.0],[1069.0,561.0],[1069.0,556.0],[1068.0,556.0],[1068.0,550.0],[1069.0,550.0],[1069.0,547.0],[1071.0,546.0],[1071.0,545.0],[1072.0,545.0],[1072.0,544.0],[1076.0,543.0],[1076.0,539.0],[1077.0,539.0],[1077.0,534.0],[1076.0,534.0],[1076.0,528.0],[1078.0,527.0],[1078.0,525.0],[1077.0,525.0],[1077.0,524.0],[1074.0,524.0],[1074.0,523.0],[1072.0,523.0],[1072.0,524.0],[1069.0,524.0],[1069.0,523.0],[1068.0,523.0],[1068.0,517.0],[1072.0,517.0],[1072.0,518.0],[1074.0,518.0],[1074.0,519.0],[1077.0,519.0],[1077.0,518.0],[1078.0,518.0],[1078.0,516.0],[1080.0,515.0],[1080.0,513.0],[1081.0,513.0],[1081.0,509.0],[1080.0,509.0],[1080.0,507.0],[1079.0,507.0],[1079.0,506.0],[1077.0,506.0],[1077.0,505.0],[1075.0,505.0],[1075.0,506.0],[1069.0,506.0],[1069.0,507.0],[1060.0,507.0],[1060.0,502.0],[1061.0,502.0],[1061.0,500.0],[1060.0,500.0],[1060.0,499.0],[1058.0,499.0],[1057.0,501.0],[1053.0,501.0],[1053.0,498.0],[1055.0,497.0],[1055.0,496.0],[1057.0,496.0],[1058.0,494.0],[1059.0,494.0],[1059.0,493.0],[1060.0,493.0],[1060.0,492.0],[1061.0,492.0],[1061.0,489.0],[1060.0,489.0],[1060.0,473.0],[1069.0,473.0],[1069.0,474.0],[1071.0,474.0],[1071.0,475.0],[1073.0,475.0],[1074.0,473.0],[1081.0,473.0],[1081.0,472.0],[1083.0,472.0],[1084.0,470.0],[1085.0,470.0],[1085.0,468.0],[1087.0,467.0],[1087.0,466.0],[1088.0,466.0],[1088.0,465.0],[1090.0,465.0]]],[[[1159.0,785.0],[1159.0,789.0],[1158.0,789.0],[1158.0,790.0],[1155.0,790.0],[1155.0,785.0],[1159.0,785.0]]],[[[1147.0,791.0],[1143.0,791.0],[1143.0,788.0],[1147.0,788.0],[1147.0,791.0]]],[[[1148.0,791.0],[1152.0,791.0],[1152.0,794.0],[1151.0,794.0],[1151.0,795.0],[1148.0,795.0],[1148.0,791.0]]],[[[1162.0,794.0],[1162.0,797.0],[1158.0,797.0],[1158.0,796.0],[1157.0,796.0],[1157.0,793.0],[1161.0,793.0],[1161.0,794.0],[1162.0,794.0]]],[[[1138.0,795.0],[1140.0,796.0],[1140.0,799.0],[1136.0,799.0],[1136.0,798.0],[1134.0,798.0],[1134.0,794.0],[1138.0,794.0],[1138.0,795.0]]],[[[1177.0,804.0],[1179.0,805.0],[1179.0,808.0],[1175.0,808.0],[1175.0,807.0],[1172.0,807.0],[1172.0,803.0],[1177.0,803.0],[1177.0,804.0]]],[[[1128.0,833.0],[1128.0,832.0],[1127.0,832.0],[1127.0,824.0],[1126.0,824.0],[1126.0,813.0],[1127.0,813.0],[1127.0,810.0],[1128.0,810.0],[1128.0,808.0],[1129.0,808.0],[1129.0,807.0],[1135.0,806.0],[1135.0,805.0],[1136.0,805.0],[1136.0,804.0],[1138.0,804.0],[1139.0,802.0],[1142.0,802.0],[1142.0,801.0],[1145.0,801.0],[1145.0,800.0],[1156.0,800.0],[1156.0,799.0],[1159.0,799.0],[1159.0,800.0],[1160.0,800.0],[1160.0,806.0],[1161.0,806.0],[1161.0,810.0],[1162.0,810.0],[1162.0,815.0],[1161.0,815.0],[1161.0,817.0],[1158.0,817.0],[1158.0,818.0],[1156.0,819.0],[1156.0,821.0],[1155.0,821.0],[1155.0,824.0],[1156.0,824.0],[1156.0,826.0],[1157.0,826.0],[1157.0,830.0],[1156.0,830.0],[1156.0,831.0],[1151.0,831.0],[1150.0,829.0],[1147.0,829.0],[1147.0,830.0],[1145.0,831.0],[1145.0,833.0],[1144.0,833.0],[1144.0,834.0],[1142.0,834.0],[1142.0,836.0],[1141.0,836.0],[1140.0,838.0],[1137.0,838.0],[1137.0,837.0],[1136.0,837.0],[1136.0,833.0],[1137.0,833.0],[1137.0,830.0],[1136.0,830.0],[1136.0,829.0],[1134.0,829.0],[1134.0,830.0],[1133.0,830.0],[1133.0,831.0],[1132.0,831.0],[1131.0,833.0],[1128.0,833.0]]],[[[1717.0,189.0],[1716.0,189.0],[1715.0,191.0],[1713.0,191.0],[1713.0,192.0],[1709.0,192.0],[1709.0,188.0],[1711.0,188.0],[1711.0,185.0],[1713.0,184.0],[1713.0,181.0],[1719.0,181.0],[1719.0,182.0],[1720.0,182.0],[1720.0,186.0],[1719.0,186.0],[1719.0,187.0],[1718.0,187.0],[1718.0,188.0],[1717.0,188.0],[1717.0,189.0]]],[[[1691.0,200.0],[1690.0,200.0],[1690.0,199.0],[1685.0,199.0],[1685.0,198.0],[1683.0,198.0],[1683.0,194.0],[1685.0,194.0],[1685.0,193.0],[1687.0,193.0],[1687.0,192.0],[1694.0,192.0],[1694.0,185.0],[1696.0,184.0],[1696.0,182.0],[1700.0,182.0],[1700.0,186.0],[1701.0,186.0],[1701.0,196.0],[1703.0,196.0],[1703.0,197.0],[1704.0,197.0],[1704.0,199.0],[1705.0,199.0],[1705.0,202.0],[1703.0,202.0],[1703.0,203.0],[1697.0,203.0],[1697.0,204.0],[1696.0,204.0],[1696.0,207.0],[1690.0,207.0],[1690.0,206.0],[1689.0,206.0],[1689.0,203.0],[1691.0,202.0],[1691.0,200.0]]],[[[1738.0,202.0],[1738.0,205.0],[1737.0,205.0],[1737.0,206.0],[1728.0,206.0],[1728.0,203.0],[1730.0,203.0],[1730.0,202.0],[1731.0,202.0],[1731.0,193.0],[1734.0,193.0],[1734.0,194.0],[1736.0,194.0],[1736.0,201.0],[1738.0,202.0]]],[[[1785.0,202.0],[1785.0,203.0],[1783.0,203.0],[1783.0,205.0],[1775.0,205.0],[1775.0,202.0],[1776.0,202.0],[1776.0,201.0],[1777.0,201.0],[1778.0,199.0],[1781.0,199.0],[1781.0,198.0],[1788.0,198.0],[1788.0,199.0],[1792.0,199.0],[1792.0,202.0],[1785.0,202.0]]],[[[1731.0,218.0],[1731.0,219.0],[1733.0,220.0],[1733.0,223.0],[1728.0,223.0],[1728.0,218.0],[1731.0,218.0]]],[[[1756.0,226.0],[1754.0,226.0],[1754.0,227.0],[1751.0,227.0],[1751.0,226.0],[1750.0,226.0],[1750.0,222.0],[1751.0,222.0],[1751.0,221.0],[1752.0,221.0],[1753.0,219.0],[1760.0,219.0],[1760.0,220.0],[1761.0,220.0],[1761.0,223.0],[1757.0,223.0],[1757.0,224.0],[1756.0,224.0],[1756.0,226.0]]],[[[1775.0,238.0],[1780.0,238.0],[1780.0,244.0],[1776.0,244.0],[1775.0,242.0],[1772.0,242.0],[1772.0,239.0],[1775.0,239.0],[1775.0,238.0]]],[[[1829.0,313.0],[1828.0,313.0],[1827.0,315.0],[1825.0,315.0],[1825.0,316.0],[1816.0,316.0],[1816.0,315.0],[1815.0,313.0],[1814.0,313.0],[1812.0,312.0],[1811.0,308.0],[1809.0,307.0],[1809.0,306.0],[1805.0,305.0],[1805.0,304.0],[1804.0,304.0],[1801.0,304.0],[1801.0,303.0],[1799.0,303.0],[1799.0,302.0],[1797.0,302.0],[1796.0,300.0],[1795.0,298.0],[1794.0,298.0],[1793.0,296.0],[1792.0,296.0],[1792.0,295.0],[1788.0,295.0],[1788.0,294.0],[1783.0,294.0],[1783.0,295.0],[1781.0,295.0],[1781.0,296.0],[1781.0,297.0],[1778.0,297.0],[1775.0,297.0],[1775.0,298.0],[1774.0,298.0],[1770.0,298.0],[1765.0,298.0],[1765.0,297.0],[1764.0,297.0],[1761.0,297.0],[1761.0,295.0],[1761.0,294.0],[1761.0,292.0],[1762.0,292.0],[1762.0,290.0],[1761.0,290.0],[1759.0,289.0],[1759.0,288.0],[1758.0,288.0],[1758.0,287.0],[1757.0,287.0],[1755.0,286.0],[1755.0,285.0],[1753.0,285.0],[1753.0,284.0],[1751.0,284.0],[1751.0,283.0],[1749.0,283.0],[1749.0,282.0],[1748.0,282.0],[1747.0,282.0],[1747.0,281.0],[1746.0,281.0],[1744.0,281.0],[1744.0,280.0],[1739.0,280.0],[1739.0,279.0],[1735.0,279.0],[1734.0,281.0],[1734.0,282.0],[1733.0,282.0],[1733.0,284.0],[1732.0,284.0],[1732.0,285.0],[1732.0,287.0],[1731.0,287.0],[1731.0,288.0],[1727.0,288.0],[1727.0,287.0],[1726.0,287.0],[1726.0,285.0],[1725.0,285.0],[1725.0,282.0],[1727.0,281.0],[1727.0,280.0],[1728.0,280.0],[1728.0,276.0],[1726.0,276.0],[1726.0,275.0],[1723.0,275.0],[1723.0,274.0],[1720.0,274.0],[1720.0,273.0],[1716.0,273.0],[1715.0,275.0],[1712.0,275.0],[1711.0,275.0],[1707.0,275.0],[1706.0,273.0],[1704.0,273.0],[1704.0,272.0],[1703.0,272.0],[1703.0,271.0],[1698.0,271.0],[1698.0,272.0],[1697.0,272.0],[1697.0,274.0],[1696.0,274.0],[1696.0,275.0],[1695.0,275.0],[1695.0,277.0],[1693.0,277.0],[1688.0,277.0],[1687.0,279.0],[1683.0,279.0],[1683.0,278.0],[1681.0,277.0],[1681.0,275.0],[1680.0,275.0],[1680.0,274.0],[1679.0,274.0],[1678.0,272.0],[1675.0,272.0],[1675.0,271.0],[1673.0,271.0],[1673.0,270.0],[1672.0,270.0],[1672.0,267.0],[1671.0,267.0],[1671.0,261.0],[1672.0,261.0],[1673.0,259.0],[1675.0,259.0],[1675.0,258.0],[1676.0,258.0],[1676.0,257.0],[1678.0,256.0],[1678.0,253.0],[1679.0,253.0],[1679.0,252.0],[1681.0,251.0],[1681.0,249.0],[1683.0,249.0],[1683.0,248.0],[1684.0,248.0],[1684.0,246.0],[1685.0,246.0],[1686.0,244.0],[1688.0,244.0],[1688.0,243.0],[1693.0,243.0],[1693.0,244.0],[1699.0,244.0],[1699.0,245.0],[1707.0,246.0],[1707.0,243.0],[1706.0,243.0],[1706.0,242.0],[1704.0,242.0],[1704.0,241.0],[1703.0,241.0],[1702.0,239.0],[1700.0,239.0],[1700.0,238.0],[1698.0,237.0],[1698.0,232.0],[1699.0,232.0],[1699.0,230.0],[1700.0,230.0],[1701.0,228.0],[1704.0,228.0],[1704.0,227.0],[1713.0,227.0],[1713.0,226.0],[1721.0,225.0],[1721.0,226.0],[1723.0,226.0],[1723.0,227.0],[1725.0,228.0],[1726.0,232.0],[1727.0,232.0],[1727.0,233.0],[1728.0,233.0],[1729.0,235.0],[1738.0,235.0],[1738.0,236.0],[1739.0,236.0],[1739.0,239.0],[1738.0,239.0],[1738.0,240.0],[1736.0,240.0],[1736.0,241.0],[1738.0,241.0],[1738.0,242.0],[1743.0,242.0],[1743.0,241.0],[1744.0,241.0],[1744.0,240.0],[1742.0,240.0],[1742.0,236.0],[1745.0,236.0],[1745.0,235.0],[1749.0,235.0],[1749.0,236.0],[1750.0,236.0],[1751.0,238.0],[1759.0,238.0],[1759.0,239.0],[1760.0,239.0],[1760.0,242.0],[1762.0,242.0],[1762.0,244.0],[1763.0,244.0],[1763.0,245.0],[1765.0,246.0],[1765.0,250.0],[1763.0,250.0],[1763.0,253.0],[1765.0,253.0],[1765.0,254.0],[1771.0,254.0],[1772.0,252.0],[1775.0,252.0],[1775.0,253.0],[1779.0,253.0],[1779.0,254.0],[1781.0,255.0],[1781.0,261.0],[1780.0,261.0],[1780.0,265.0],[1779.0,265.0],[1779.0,266.0],[1780.0,266.0],[1780.0,268.0],[1781.0,268.0],[1781.0,269.0],[1782.0,269.0],[1782.0,270.0],[1784.0,271.0],[1786.0,278.0],[1788.0,278.0],[1789.0,280.0],[1792.0,280.0],[1792.0,276.0],[1791.0,276.0],[1791.0,275.0],[1789.0,274.0],[1789.0,272.0],[1788.0,272.0],[1788.0,268.0],[1791.0,268.0],[1791.0,267.0],[1792.0,267.0],[1792.0,266.0],[1794.0,265.0],[1794.0,263.0],[1797.0,263.0],[1797.0,262.0],[1798.0,262.0],[1798.0,261.0],[1796.0,260.0],[1797.0,252.0],[1792.0,252.0],[1792.0,251.0],[1791.0,251.0],[1791.0,249.0],[1790.0,249.0],[1790.0,244.0],[1789.0,244.0],[1789.0,233.0],[1790.0,233.0],[1790.0,232.0],[1792.0,231.0],[1792.0,229.0],[1791.0,229.0],[1791.0,227.0],[1790.0,227.0],[1790.0,226.0],[1788.0,226.0],[1788.0,227.0],[1786.0,227.0],[1786.0,228.0],[1777.0,228.0],[1775.0,232.0],[1769.0,232.0],[1769.0,229.0],[1770.0,229.0],[1770.0,228.0],[1772.0,228.0],[1772.0,226.0],[1773.0,226.0],[1773.0,225.0],[1775.0,224.0],[1775.0,223.0],[1774.0,223.0],[1775.0,217.0],[1776.0,217.0],[1776.0,215.0],[1777.0,215.0],[1777.0,214.0],[1778.0,214.0],[1778.0,213.0],[1779.0,213.0],[1780.0,211.0],[1785.0,211.0],[1786.0,213.0],[1788.0,213.0],[1788.0,212.0],[1797.0,212.0],[1797.0,211.0],[1804.0,211.0],[1804.0,214.0],[1803.0,214.0],[1803.0,216.0],[1804.0,216.0],[1805.0,218.0],[1809.0,218.0],[1809.0,219.0],[1812.0,219.0],[1812.0,220.0],[1814.0,220.0],[1814.0,221.0],[1815.0,221.0],[1815.0,223.0],[1816.0,223.0],[1816.0,224.0],[1819.0,224.0],[1819.0,226.0],[1820.0,226.0],[1820.0,229.0],[1818.0,229.0],[1818.0,230.0],[1816.0,230.0],[1816.0,231.0],[1815.0,231.0],[1815.0,233.0],[1816.0,233.0],[1817.0,235.0],[1822.0,235.0],[1822.0,236.0],[1824.0,236.0],[1824.0,237.0],[1825.0,237.0],[1825.0,236.0],[1826.0,236.0],[1826.0,234.0],[1827.0,234.0],[1827.0,231.0],[1828.0,231.0],[1828.0,230.0],[1831.0,230.0],[1831.0,231.0],[1832.0,231.0],[1832.0,235.0],[1833.0,235.0],[1833.0,241.0],[1834.0,241.0],[1834.0,247.0],[1836.0,247.0],[1836.0,251.0],[1835.0,251.0],[1835.0,254.0],[1834.0,254.0],[1834.0,255.0],[1828.0,255.0],[1828.0,264.0],[1827.0,264.0],[1827.0,268.0],[1826.0,268.0],[1826.0,269.0],[1827.0,269.0],[1827.0,274.0],[1828.0,274.0],[1828.0,275.0],[1833.0,275.0],[1833.0,276.0],[1839.0,276.0],[1839.0,274.0],[1840.0,274.0],[1840.0,271.0],[1846.0,271.0],[1846.0,275.0],[1845.0,275.0],[1845.0,277.0],[1844.0,277.0],[1844.0,281.0],[1845.0,281.0],[1845.0,283.0],[1846.0,283.0],[1846.0,284.0],[1848.0,285.0],[1848.0,287.0],[1852.0,288.0],[1852.0,291.0],[1845.0,291.0],[1845.0,292.0],[1844.0,292.0],[1843.0,294.0],[1836.0,294.0],[1836.0,297.0],[1834.0,298.0],[1834.0,301.0],[1833.0,301.0],[1834.0,305.0],[1836.0,306.0],[1836.0,309.0],[1833.0,309.0],[1832.0,311.0],[1830.0,311.0],[1830.0,312.0],[1829.0,312.0],[1829.0,313.0]]],[[[1823.0,338.0],[1822.0,338.0],[1822.0,337.0],[1821.0,337.0],[1821.0,335.0],[1820.0,335.0],[1820.0,328.0],[1824.0,328.0],[1824.0,329.0],[1825.0,329.0],[1825.0,332.0],[1826.0,332.0],[1826.0,333.0],[1828.0,333.0],[1828.0,334.0],[1830.0,335.0],[1830.0,337.0],[1831.0,337.0],[1831.0,340.0],[1830.0,340.0],[1829.0,342.0],[1823.0,342.0],[1823.0,338.0]]],[[[1836.0,359.0],[1832.0,359.0],[1832.0,356.0],[1836.0,356.0],[1836.0,359.0]]],[[[1827.0,367.0],[1827.0,372.0],[1824.0,372.0],[1824.0,371.0],[1822.0,370.0],[1822.0,364.0],[1823.0,364.0],[1824.0,362.0],[1827.0,362.0],[1827.0,363.0],[1828.0,363.0],[1828.0,367.0],[1827.0,367.0]]],[[[1854.0,375.0],[1852.0,374.0],[1852.0,371.0],[1850.0,370.0],[1850.0,367.0],[1849.0,367.0],[1849.0,360.0],[1852.0,360.0],[1852.0,361.0],[1855.0,361.0],[1855.0,362.0],[1860.0,362.0],[1859.0,368.0],[1860.0,368.0],[1860.0,370.0],[1861.0,370.0],[1861.0,377.0],[1854.0,377.0],[1854.0,375.0]]],[[[1880.0,416.0],[1880.0,417.0],[1879.0,417.0],[1879.0,418.0],[1877.0,419.0],[1877.0,427.0],[1874.0,427.0],[1872.0,427.0],[1871.0,425.0],[1870.0,425.0],[1868.0,424.0],[1868.0,423.0],[1867.0,423.0],[1867.0,421.0],[1865.0,420.0],[1865.0,419.0],[1864.0,419.0],[1864.0,418.0],[1863.0,418.0],[1863.0,417.0],[1860.0,417.0],[1860.0,416.0],[1855.0,416.0],[1848.0,416.0],[1848.0,415.0],[1847.0,415.0],[1845.0,415.0],[1845.0,414.0],[1844.0,414.0],[1842.0,414.0],[1841.0,412.0],[1839.0,412.0],[1839.0,411.0],[1839.0,407.0],[1840.0,407.0],[1840.0,405.0],[1841.0,405.0],[1841.0,402.0],[1842.0,402.0],[1842.0,401.0],[1843.0,401.0],[1843.0,400.0],[1845.0,399.0],[1845.0,398.0],[1844.0,398.0],[1844.0,396.0],[1841.0,396.0],[1841.0,392.0],[1847.0,392.0],[1847.0,391.0],[1849.0,391.0],[1849.0,390.0],[1850.0,390.0],[1850.0,387.0],[1851.0,387.0],[1851.0,386.0],[1854.0,386.0],[1854.0,387.0],[1855.0,387.0],[1855.0,391.0],[1856.0,391.0],[1856.0,392.0],[1858.0,392.0],[1858.0,391.0],[1859.0,391.0],[1859.0,389.0],[1860.0,389.0],[1860.0,387.0],[1861.0,387.0],[1861.0,385.0],[1863.0,385.0],[1863.0,384.0],[1866.0,384.0],[1866.0,385.0],[1868.0,385.0],[1868.0,386.0],[1869.0,386.0],[1869.0,390.0],[1870.0,390.0],[1870.0,391.0],[1871.0,391.0],[1871.0,392.0],[1872.0,392.0],[1872.0,393.0],[1874.0,394.0],[1874.0,396.0],[1875.0,396.0],[1875.0,399.0],[1873.0,399.0],[1873.0,402.0],[1872.0,402.0],[1871.0,404.0],[1876.0,404.0],[1876.0,403.0],[1878.0,403.0],[1878.0,402.0],[1880.0,402.0],[1880.0,401.0],[1884.0,401.0],[1884.0,402.0],[1885.0,402.0],[1885.0,408.0],[1884.0,408.0],[1884.0,410.0],[1883.0,410.0],[1883.0,412.0],[1882.0,412.0],[1881.0,416.0],[1880.0,416.0]]]]}},{"type":"Feature","id":"country-020","properties":{"id":"country-020","name":"Unassigned","type":"country","status":"mask-defined","source":"countries-mask-shared-topology","extractionConfidence":"authoritative-mask","rgb":[255,0,110],"color":"#ff006e","polygonCount":1,"holeCount":0,"styleIndex":1},"geometry":{"type":"Polygon","coordinates":[[[654.0,678.0],[654.0,677.0],[655.0,677.0],[655.0,675.0],[656.0,675.0],[656.0,674.0],[658.0,674.0],[658.0,673.0],[660.0,673.0],[660.0,672.0],[668.0,672.0],[668.0,671.0],[669.0,671.0],[670.0,669.0],[672.0,669.0],[672.0,668.0],[673.0,668.0],[673.0,669.0],[674.0,671.0],[675.0,671.0],[675.0,674.0],[679.0,674.0],[679.0,675.0],[681.0,675.0],[681.0,676.0],[684.0,676.0],[684.0,677.0],[685.0,677.0],[685.0,681.0],[683.0,682.0],[683.0,683.0],[682.0,683.0],[682.0,684.0],[681.0,684.0],[681.0,685.0],[680.0,685.0],[680.0,686.0],[678.0,686.0],[678.0,687.0],[670.0,687.0],[670.0,686.0],[667.0,686.0],[666.0,684.0],[660.0,683.0],[660.0,682.0],[655.0,682.0],[655.0,679.0],[654.0,679.0],[654.0,678.0]]]}},{"type":"Feature","id":"country-021","properties":{"id":"country-021","name":"Unassigned","type":"country","status":"mask-defined","source":"countries-mask-shared-topology","extractionConfidence":"authoritative-mask","rgb":[255,0,220],"color":"#ff00dc","polygonCount":3,"holeCount":0,"styleIndex":2},"geometry":{"type":"MultiPolygon","coordinates":[[[[574.0,690.0],[574.0,688.0],[575.0,686.0],[576.0,686.0],[576.0,685.0],[577.0,685.0],[577.0,684.0],[578.0,684.0],[578.0,683.0],[580.0,683.0],[581.0,681.0],[583.0,681.0],[584.0,679.0],[585.0,679.0],[585.0,678.0],[587.0,678.0],[587.0,677.0],[588.0,677.0],[588.0,675.0],[589.0,675.0],[589.0,672.0],[590.0,672.0],[590.0,670.0],[591.0,670.0],[591.0,667.0],[592.0,667.0],[592.0,665.0],[594.0,664.0],[594.0,663.0],[598.0,662.0],[598.0,661.0],[601.0,661.0],[601.0,660.0],[603.0,660.0],[603.0,659.0],[606.0,659.0],[606.0,658.0],[621.0,658.0],[622.0,656.0],[623.0,656.0],[623.0,654.0],[624.0,654.0],[624.0,650.0],[622.0,649.0],[622.0,645.0],[624.0,644.0],[624.0,643.0],[625.0,643.0],[625.0,638.0],[623.0,637.0],[623.0,635.0],[623.0,634.0],[624.0,634.0],[624.0,632.0],[626.0,631.0],[626.0,630.0],[627.0,630.0],[627.0,629.0],[633.0,629.0],[634.0,631.0],[635.0,631.0],[635.0,633.0],[640.0,633.0],[641.0,631.0],[642.0,631.0],[642.0,628.0],[643.0,628.0],[643.0,626.0],[644.0,626.0],[644.0,624.0],[645.0,624.0],[645.0,622.0],[647.0,622.0],[647.0,621.0],[649.0,621.0],[649.0,620.0],[650.0,620.0],[650.0,613.0],[652.0,613.0],[652.0,612.0],[653.0,612.0],[653.0,607.0],[646.0,607.0],[645.0,605.0],[652.0,605.0],[652.0,604.0],[654.0,604.0],[654.0,603.0],[656.0,603.0],[656.0,602.0],[658.0,602.0],[658.0,601.0],[660.0,601.0],[660.0,600.0],[663.0,600.0],[663.0,599.0],[670.0,599.0],[671.0,597.0],[673.0,597.0],[673.0,596.0],[676.0,596.0],[676.0,595.0],[678.0,595.0],[679.0,593.0],[681.0,593.0],[682.0,591.0],[684.0,591.0],[684.0,590.0],[685.0,590.0],[686.0,588.0],[688.0,588.0],[688.0,587.0],[689.0,587.0],[689.0,586.0],[690.0,586.0],[691.0,584.0],[699.0,584.0],[699.0,583.0],[700.0,583.0],[702.0,583.0],[703.0,581.0],[705.0,581.0],[706.0,579.0],[709.0,579.0],[709.0,578.0],[711.0,577.0],[711.0,572.0],[713.0,572.0],[713.0,571.0],[716.0,571.0],[716.0,570.0],[718.0,570.0],[718.0,569.0],[722.0,568.0],[723.0,566.0],[725.0,566.0],[725.0,565.0],[727.0,565.0],[727.0,564.0],[731.0,563.0],[732.0,561.0],[734.0,561.0],[734.0,560.0],[735.0,560.0],[735.0,559.0],[737.0,558.0],[737.0,555.0],[738.0,555.0],[738.0,553.0],[740.0,552.0],[741.0,548.0],[743.0,548.0],[744.0,546.0],[746.0,546.0],[747.0,544.0],[749.0,544.0],[750.0,542.0],[752.0,542.0],[753.0,540.0],[755.0,540.0],[755.0,539.0],[756.0,539.0],[756.0,537.0],[757.0,537.0],[757.0,535.0],[758.0,535.0],[758.0,534.0],[759.0,534.0],[759.0,533.0],[760.0,533.0],[761.0,531.0],[764.0,531.0],[765.0,531.0],[765.0,532.0],[767.0,532.0],[767.0,533.0],[768.0,533.0],[768.0,535.0],[769.0,535.0],[769.0,537.0],[770.0,537.0],[770.0,540.0],[771.0,540.0],[771.0,543.0],[772.0,543.0],[772.0,547.0],[773.0,547.0],[773.0,552.0],[774.0,552.0],[774.0,555.0],[775.0,555.0],[775.0,558.0],[776.0,558.0],[776.0,561.0],[777.0,561.0],[777.0,563.0],[778.0,563.0],[779.0,567.0],[782.0,567.0],[782.0,568.0],[784.0,568.0],[784.0,569.0],[785.0,569.0],[785.0,570.0],[787.0,570.0],[788.0,572.0],[792.0,573.0],[793.0,575.0],[795.0,575.0],[796.0,577.0],[798.0,577.0],[799.0,579.0],[801.0,579.0],[801.0,580.0],[802.0,580.0],[802.0,583.0],[803.0,583.0],[803.0,584.0],[804.0,584.0],[804.0,585.0],[805.0,585.0],[805.0,586.0],[806.0,586.0],[806.0,587.0],[808.0,588.0],[808.0,590.0],[809.0,590.0],[809.0,600.0],[810.0,600.0],[810.0,602.0],[811.0,602.0],[811.0,603.0],[812.0,603.0],[812.0,605.0],[813.0,605.0],[813.0,609.0],[812.0,609.0],[812.0,611.0],[811.0,611.0],[810.0,613.0],[808.0,613.0],[806.0,617.0],[807.0,617.0],[808.0,619.0],[812.0,620.0],[812.0,621.0],[812.0,622.0],[812.0,623.0],[810.0,623.0],[810.0,624.0],[807.0,624.0],[807.0,625.0],[802.0,625.0],[802.0,626.0],[801.0,626.0],[801.0,628.0],[800.0,628.0],[800.0,630.0],[799.0,630.0],[799.0,636.0],[800.0,636.0],[800.0,637.0],[801.0,637.0],[801.0,638.0],[803.0,639.0],[803.0,643.0],[802.0,643.0],[802.0,645.0],[801.0,645.0],[801.0,646.0],[799.0,646.0],[799.0,651.0],[798.0,651.0],[798.0,655.0],[796.0,656.0],[796.0,657.0],[795.0,657.0],[795.0,658.0],[794.0,658.0],[794.0,660.0],[792.0,660.0],[791.0,662.0],[790.0,662.0],[790.0,663.0],[789.0,663.0],[789.0,664.0],[788.0,664.0],[788.0,665.0],[785.0,665.0],[785.0,664.0],[783.0,664.0],[783.0,662.0],[781.0,661.0],[781.0,660.0],[780.0,660.0],[780.0,659.0],[777.0,659.0],[777.0,658.0],[775.0,658.0],[775.0,666.0],[774.0,666.0],[774.0,668.0],[772.0,669.0],[772.0,670.0],[771.0,670.0],[771.0,671.0],[770.0,671.0],[769.0,675.0],[767.0,676.0],[767.0,677.0],[763.0,678.0],[763.0,679.0],[756.0,679.0],[755.0,681.0],[752.0,681.0],[751.0,683.0],[750.0,683.0],[750.0,684.0],[745.0,684.0],[745.0,683.0],[744.0,683.0],[743.0,683.0],[743.0,681.0],[740.0,681.0],[740.0,679.0],[738.0,678.0],[738.0,677.0],[737.0,677.0],[737.0,675.0],[736.0,675.0],[736.0,672.0],[735.0,672.0],[735.0,669.0],[733.0,668.0],[733.0,667.0],[728.0,667.0],[728.0,668.0],[720.0,668.0],[720.0,667.0],[716.0,667.0],[716.0,666.0],[711.0,666.0],[711.0,665.0],[702.0,665.0],[702.0,666.0],[698.0,666.0],[698.0,667.0],[695.0,667.0],[694.0,669.0],[693.0,669.0],[693.0,670.0],[692.0,670.0],[692.0,671.0],[691.0,671.0],[691.0,674.0],[690.0,674.0],[690.0,675.0],[687.0,675.0],[687.0,674.0],[682.0,674.0],[681.0,672.0],[680.0,672.0],[680.0,671.0],[676.0,671.0],[676.0,670.0],[674.0,670.0],[674.0,669.0],[673.0,669.0],[673.0,668.0],[672.0,668.0],[672.0,669.0],[670.0,669.0],[669.0,671.0],[668.0,671.0],[668.0,672.0],[660.0,672.0],[660.0,673.0],[658.0,673.0],[658.0,674.0],[656.0,674.0],[656.0,675.0],[655.0,675.0],[655.0,677.0],[654.0,677.0],[654.0,678.0],[652.0,679.0],[652.0,680.0],[643.0,680.0],[643.0,679.0],[639.0,679.0],[639.0,678.0],[638.0,678.0],[638.0,675.0],[639.0,675.0],[639.0,674.0],[635.0,674.0],[635.0,675.0],[631.0,675.0],[631.0,676.0],[628.0,676.0],[628.0,675.0],[627.0,675.0],[627.0,673.0],[626.0,673.0],[626.0,674.0],[625.0,674.0],[625.0,676.0],[623.0,677.0],[623.0,680.0],[624.0,680.0],[624.0,687.0],[622.0,688.0],[622.0,689.0],[615.0,689.0],[615.0,690.0],[611.0,690.0],[611.0,692.0],[613.0,693.0],[613.0,694.0],[614.0,694.0],[614.0,695.0],[615.0,695.0],[615.0,700.0],[612.0,700.0],[612.0,701.0],[607.0,701.0],[607.0,702.0],[605.0,702.0],[605.0,703.0],[604.0,703.0],[604.0,704.0],[598.0,704.0],[597.0,706.0],[596.0,706.0],[596.0,707.0],[595.0,707.0],[595.0,709.0],[594.0,709.0],[594.0,710.0],[591.0,710.0],[591.0,711.0],[587.0,711.0],[587.0,712.0],[584.0,712.0],[584.0,711.0],[583.0,711.0],[583.0,708.0],[581.0,708.0],[581.0,707.0],[577.0,707.0],[577.0,706.0],[575.0,706.0],[576.0,691.0],[574.0,690.0]]],[[[630.0,683.0],[628.0,682.0],[628.0,677.0],[632.0,677.0],[632.0,678.0],[634.0,678.0],[634.0,684.0],[630.0,684.0],[630.0,683.0]]],[[[649.0,707.0],[647.0,706.0],[647.0,702.0],[648.0,702.0],[649.0,700.0],[652.0,700.0],[652.0,699.0],[653.0,699.0],[653.0,698.0],[655.0,698.0],[655.0,697.0],[659.0,697.0],[659.0,698.0],[663.0,699.0],[663.0,703.0],[667.0,703.0],[667.0,704.0],[669.0,704.0],[670.0,706.0],[674.0,707.0],[674.0,712.0],[670.0,712.0],[670.0,711.0],[665.0,711.0],[665.0,710.0],[663.0,710.0],[663.0,709.0],[662.0,709.0],[662.0,708.0],[660.0,708.0],[660.0,707.0],[649.0,708.0],[649.0,707.0]]]]}},{"type":"Feature","id":"country-022","properties":{"id":"country-022","name":"Unassigned","type":"country","status":"mask-defined","source":"countries-mask-shared-topology","extractionConfidence":"authoritative-mask","rgb":[255,106,0],"color":"#ff6a00","polygonCount":9,"holeCount":0,"styleIndex":3},"geometry":{"type":"MultiPolygon","coordinates":[[[[1472.0,483.0],[1471.0,481.0],[1469.0,481.0],[1469.0,477.0],[1473.0,477.0],[1473.0,478.0],[1477.0,478.0],[1477.0,479.0],[1479.0,479.0],[1479.0,480.0],[1480.0,480.0],[1480.0,485.0],[1476.0,485.0],[1475.0,483.0],[1472.0,483.0]]],[[[1533.0,659.0],[1533.0,660.0],[1527.0,660.0],[1527.0,656.0],[1528.0,656.0],[1528.0,654.0],[1529.0,654.0],[1529.0,651.0],[1531.0,650.0],[1531.0,647.0],[1532.0,647.0],[1532.0,645.0],[1533.0,645.0],[1534.0,641.0],[1535.0,641.0],[1535.0,640.0],[1537.0,639.0],[1537.0,637.0],[1538.0,637.0],[1539.0,635.0],[1541.0,635.0],[1541.0,634.0],[1543.0,634.0],[1543.0,633.0],[1551.0,633.0],[1551.0,634.0],[1553.0,634.0],[1553.0,635.0],[1555.0,636.0],[1555.0,640.0],[1553.0,641.0],[1553.0,643.0],[1552.0,643.0],[1552.0,644.0],[1548.0,644.0],[1548.0,643.0],[1547.0,643.0],[1547.0,641.0],[1546.0,641.0],[1546.0,640.0],[1544.0,640.0],[1544.0,642.0],[1543.0,642.0],[1543.0,643.0],[1544.0,643.0],[1544.0,647.0],[1546.0,648.0],[1546.0,654.0],[1545.0,654.0],[1545.0,656.0],[1541.0,656.0],[1541.0,655.0],[1538.0,655.0],[1538.0,656.0],[1537.0,656.0],[1537.0,657.0],[1536.0,657.0],[1535.0,659.0],[1533.0,659.0]]],[[[1146.0,767.0],[1146.0,761.0],[1147.0,761.0],[1147.0,758.0],[1147.0,757.0],[1148.0,757.0],[1148.0,754.0],[1149.0,754.0],[1149.0,749.0],[1150.0,749.0],[1150.0,748.0],[1149.0,748.0],[1149.0,741.0],[1150.0,741.0],[1150.0,739.0],[1154.0,738.0],[1155.0,736.0],[1156.0,736.0],[1156.0,735.0],[1159.0,735.0],[1161.0,735.0],[1161.0,734.0],[1165.0,734.0],[1166.0,732.0],[1168.0,732.0],[1169.0,730.0],[1170.0,730.0],[1170.0,729.0],[1171.0,729.0],[1171.0,728.0],[1172.0,728.0],[1172.0,727.0],[1173.0,727.0],[1173.0,726.0],[1174.0,726.0],[1174.0,725.0],[1175.0,725.0],[1175.0,724.0],[1176.0,724.0],[1176.0,723.0],[1177.0,723.0],[1177.0,721.0],[1179.0,720.0],[1179.0,719.0],[1180.0,719.0],[1180.0,717.0],[1182.0,716.0],[1183.0,712.0],[1185.0,711.0],[1185.0,709.0],[1186.0,709.0],[1186.0,703.0],[1185.0,703.0],[1185.0,702.0],[1183.0,702.0],[1183.0,701.0],[1183.0,700.0],[1182.0,700.0],[1182.0,699.0],[1181.0,699.0],[1181.0,696.0],[1182.0,696.0],[1182.0,695.0],[1183.0,695.0],[1183.0,694.0],[1184.0,694.0],[1184.0,693.0],[1185.0,693.0],[1186.0,691.0],[1188.0,691.0],[1189.0,689.0],[1191.0,689.0],[1191.0,688.0],[1194.0,688.0],[1196.0,688.0],[1199.0,688.0],[1200.0,690.0],[1203.0,690.0],[1203.0,691.0],[1204.0,691.0],[1204.0,690.0],[1206.0,689.0],[1207.0,689.0],[1207.0,688.0],[1211.0,688.0],[1211.0,687.0],[1213.0,687.0],[1213.0,686.0],[1219.0,685.0],[1219.0,684.0],[1223.0,683.0],[1224.0,681.0],[1226.0,681.0],[1226.0,680.0],[1228.0,680.0],[1228.0,679.0],[1232.0,678.0],[1233.0,678.0],[1233.0,677.0],[1236.0,677.0],[1236.0,676.0],[1238.0,676.0],[1238.0,674.0],[1239.0,674.0],[1239.0,671.0],[1239.0,670.0],[1240.0,670.0],[1240.0,669.0],[1240.0,668.0],[1241.0,668.0],[1241.0,667.0],[1243.0,667.0],[1243.0,666.0],[1245.0,666.0],[1245.0,667.0],[1246.0,667.0],[1246.0,670.0],[1247.0,670.0],[1247.0,674.0],[1248.0,674.0],[1248.0,675.0],[1250.0,675.0],[1250.0,677.0],[1251.0,677.0],[1251.0,681.0],[1252.0,681.0],[1252.0,685.0],[1253.0,685.0],[1253.0,687.0],[1254.0,687.0],[1254.0,688.0],[1256.0,688.0],[1256.0,689.0],[1258.0,690.0],[1258.0,692.0],[1259.0,692.0],[1259.0,693.0],[1261.0,693.0],[1261.0,694.0],[1262.0,694.0],[1262.0,693.0],[1264.0,693.0],[1264.0,691.0],[1265.0,691.0],[1265.0,690.0],[1268.0,690.0],[1269.0,690.0],[1270.0,688.0],[1270.0,687.0],[1271.0,687.0],[1271.0,683.0],[1270.0,683.0],[1270.0,678.0],[1271.0,674.0],[1273.0,674.0],[1274.0,672.0],[1275.0,672.0],[1275.0,671.0],[1277.0,671.0],[1278.0,667.0],[1279.0,667.0],[1279.0,663.0],[1277.0,662.0],[1277.0,660.0],[1276.0,660.0],[1276.0,653.0],[1277.0,653.0],[1277.0,651.0],[1278.0,651.0],[1278.0,650.0],[1282.0,649.0],[1283.0,647.0],[1284.0,647.0],[1284.0,642.0],[1282.0,641.0],[1282.0,640.0],[1281.0,640.0],[1281.0,639.0],[1279.0,639.0],[1278.0,637.0],[1276.0,637.0],[1276.0,635.0],[1276.0,634.0],[1277.0,632.0],[1280.0,632.0],[1280.0,631.0],[1282.0,631.0],[1282.0,628.0],[1283.0,628.0],[1283.0,627.0],[1283.0,626.0],[1285.0,626.0],[1286.0,624.0],[1287.0,624.0],[1287.0,623.0],[1288.0,623.0],[1288.0,622.0],[1289.0,622.0],[1289.0,620.0],[1290.0,620.0],[1291.0,614.0],[1292.0,614.0],[1292.0,612.0],[1293.0,612.0],[1293.0,610.0],[1294.0,610.0],[1294.0,608.0],[1295.0,608.0],[1295.0,605.0],[1296.0,605.0],[1296.0,601.0],[1297.0,601.0],[1297.0,599.0],[1298.0,599.0],[1298.0,597.0],[1299.0,597.0],[1299.0,596.0],[1299.0,595.0],[1300.0,595.0],[1300.0,593.0],[1301.0,593.0],[1301.0,591.0],[1303.0,590.0],[1303.0,589.0],[1304.0,589.0],[1306.0,589.0],[1306.0,588.0],[1310.0,588.0],[1310.0,587.0],[1311.0,587.0],[1311.0,586.0],[1312.0,586.0],[1312.0,585.0],[1313.0,585.0],[1313.0,584.0],[1314.0,584.0],[1314.0,583.0],[1315.0,583.0],[1315.0,582.0],[1316.0,582.0],[1316.0,581.0],[1318.0,580.0],[1318.0,578.0],[1319.0,578.0],[1319.0,577.0],[1320.0,577.0],[1320.0,576.0],[1321.0,576.0],[1321.0,575.0],[1322.0,575.0],[1323.0,573.0],[1325.0,573.0],[1325.0,572.0],[1326.0,572.0],[1326.0,571.0],[1327.0,571.0],[1327.0,570.0],[1328.0,570.0],[1328.0,569.0],[1329.0,569.0],[1330.0,567.0],[1332.0,567.0],[1332.0,566.0],[1333.0,566.0],[1334.0,564.0],[1346.0,564.0],[1347.0,564.0],[1347.0,563.0],[1349.0,563.0],[1349.0,562.0],[1351.0,562.0],[1351.0,561.0],[1354.0,561.0],[1354.0,560.0],[1356.0,560.0],[1356.0,559.0],[1357.0,559.0],[1357.0,558.0],[1359.0,558.0],[1359.0,557.0],[1360.0,557.0],[1361.0,555.0],[1363.0,555.0],[1364.0,553.0],[1366.0,553.0],[1367.0,553.0],[1367.0,552.0],[1369.0,552.0],[1370.0,552.0],[1370.0,551.0],[1372.0,551.0],[1373.0,551.0],[1373.0,550.0],[1376.0,550.0],[1377.0,550.0],[1377.0,549.0],[1381.0,548.0],[1382.0,546.0],[1384.0,546.0],[1385.0,544.0],[1386.0,544.0],[1386.0,543.0],[1387.0,543.0],[1387.0,542.0],[1388.0,542.0],[1388.0,541.0],[1389.0,541.0],[1389.0,540.0],[1390.0,540.0],[1390.0,539.0],[1391.0,539.0],[1391.0,538.0],[1392.0,538.0],[1392.0,536.0],[1393.0,536.0],[1393.0,523.0],[1394.0,523.0],[1394.0,521.0],[1395.0,521.0],[1395.0,519.0],[1399.0,518.0],[1400.0,516.0],[1402.0,516.0],[1402.0,515.0],[1403.0,515.0],[1403.0,514.0],[1405.0,514.0],[1406.0,512.0],[1407.0,512.0],[1407.0,511.0],[1408.0,511.0],[1408.0,510.0],[1410.0,510.0],[1411.0,508.0],[1412.0,508.0],[1412.0,507.0],[1414.0,507.0],[1414.0,505.0],[1416.0,504.0],[1416.0,503.0],[1417.0,503.0],[1417.0,501.0],[1418.0,501.0],[1418.0,497.0],[1419.0,497.0],[1419.0,491.0],[1420.0,491.0],[1421.0,489.0],[1423.0,489.0],[1423.0,488.0],[1427.0,488.0],[1429.0,488.0],[1432.0,488.0],[1432.0,489.0],[1436.0,489.0],[1436.0,488.0],[1439.0,488.0],[1439.0,487.0],[1440.0,487.0],[1441.0,481.0],[1442.0,481.0],[1442.0,480.0],[1444.0,480.0],[1444.0,478.0],[1445.0,478.0],[1445.0,476.0],[1446.0,476.0],[1446.0,472.0],[1447.0,472.0],[1447.0,470.0],[1448.0,470.0],[1448.0,465.0],[1447.0,465.0],[1447.0,463.0],[1446.0,463.0],[1447.0,451.0],[1448.0,451.0],[1448.0,450.0],[1451.0,450.0],[1451.0,452.0],[1452.0,452.0],[1452.0,455.0],[1453.0,455.0],[1453.0,457.0],[1454.0,457.0],[1454.0,458.0],[1455.0,458.0],[1455.0,459.0],[1457.0,460.0],[1457.0,462.0],[1459.0,462.0],[1459.0,463.0],[1460.0,463.0],[1461.0,465.0],[1464.0,465.0],[1464.0,471.0],[1463.0,471.0],[1463.0,472.0],[1460.0,472.0],[1460.0,473.0],[1453.0,473.0],[1453.0,477.0],[1454.0,477.0],[1454.0,483.0],[1455.0,483.0],[1455.0,486.0],[1454.0,486.0],[1454.0,488.0],[1453.0,488.0],[1453.0,489.0],[1452.0,489.0],[1452.0,490.0],[1451.0,490.0],[1451.0,491.0],[1450.0,491.0],[1450.0,492.0],[1449.0,492.0],[1449.0,493.0],[1447.0,494.0],[1447.0,498.0],[1446.0,498.0],[1446.0,500.0],[1447.0,500.0],[1447.0,501.0],[1449.0,502.0],[1449.0,504.0],[1450.0,504.0],[1450.0,505.0],[1452.0,505.0],[1452.0,506.0],[1455.0,506.0],[1455.0,505.0],[1456.0,505.0],[1456.0,496.0],[1458.0,496.0],[1458.0,493.0],[1459.0,493.0],[1460.0,491.0],[1471.0,492.0],[1471.0,493.0],[1474.0,493.0],[1474.0,494.0],[1476.0,494.0],[1476.0,495.0],[1477.0,495.0],[1477.0,498.0],[1476.0,498.0],[1475.0,500.0],[1477.0,500.0],[1477.0,501.0],[1485.0,500.0],[1485.0,499.0],[1487.0,499.0],[1487.0,498.0],[1493.0,498.0],[1493.0,497.0],[1494.0,497.0],[1495.0,495.0],[1497.0,495.0],[1497.0,494.0],[1501.0,494.0],[1501.0,493.0],[1506.0,493.0],[1506.0,495.0],[1508.0,496.0],[1508.0,501.0],[1509.0,501.0],[1510.0,505.0],[1512.0,506.0],[1512.0,508.0],[1514.0,509.0],[1514.0,512.0],[1520.0,513.0],[1520.0,514.0],[1521.0,514.0],[1521.0,515.0],[1522.0,515.0],[1522.0,516.0],[1523.0,516.0],[1523.0,517.0],[1524.0,517.0],[1525.0,519.0],[1529.0,519.0],[1529.0,518.0],[1531.0,518.0],[1531.0,517.0],[1536.0,517.0],[1536.0,518.0],[1538.0,518.0],[1538.0,517.0],[1543.0,517.0],[1543.0,515.0],[1544.0,515.0],[1545.0,513.0],[1549.0,512.0],[1550.0,510.0],[1555.0,510.0],[1555.0,513.0],[1554.0,513.0],[1554.0,514.0],[1553.0,514.0],[1553.0,515.0],[1551.0,516.0],[1551.0,522.0],[1552.0,522.0],[1552.0,523.0],[1553.0,523.0],[1553.0,525.0],[1554.0,525.0],[1554.0,526.0],[1556.0,526.0],[1556.0,527.0],[1563.0,527.0],[1563.0,528.0],[1565.0,529.0],[1565.0,531.0],[1566.0,531.0],[1566.0,533.0],[1567.0,533.0],[1567.0,537.0],[1568.0,537.0],[1568.0,539.0],[1569.0,539.0],[1569.0,546.0],[1568.0,546.0],[1568.0,549.0],[1569.0,549.0],[1569.0,551.0],[1570.0,551.0],[1570.0,553.0],[1571.0,553.0],[1572.0,557.0],[1574.0,558.0],[1574.0,562.0],[1573.0,562.0],[1573.0,563.0],[1571.0,563.0],[1571.0,564.0],[1568.0,564.0],[1568.0,563.0],[1564.0,563.0],[1564.0,562.0],[1561.0,562.0],[1561.0,563.0],[1559.0,564.0],[1559.0,566.0],[1558.0,566.0],[1558.0,568.0],[1559.0,568.0],[1559.0,570.0],[1560.0,570.0],[1560.0,571.0],[1562.0,572.0],[1562.0,574.0],[1570.0,574.0],[1570.0,575.0],[1571.0,575.0],[1571.0,580.0],[1570.0,580.0],[1570.0,589.0],[1568.0,589.0],[1568.0,590.0],[1565.0,590.0],[1565.0,591.0],[1563.0,591.0],[1563.0,592.0],[1562.0,592.0],[1562.0,600.0],[1561.0,600.0],[1561.0,601.0],[1559.0,602.0],[1559.0,609.0],[1558.0,609.0],[1558.0,610.0],[1559.0,610.0],[1559.0,614.0],[1560.0,614.0],[1560.0,621.0],[1559.0,621.0],[1559.0,622.0],[1551.0,622.0],[1551.0,623.0],[1550.0,623.0],[1549.0,625.0],[1544.0,625.0],[1544.0,624.0],[1543.0,624.0],[1542.0,622.0],[1540.0,622.0],[1540.0,618.0],[1539.0,618.0],[1539.0,615.0],[1540.0,615.0],[1540.0,613.0],[1538.0,612.0],[1538.0,610.0],[1537.0,610.0],[1537.0,609.0],[1536.0,609.0],[1536.0,608.0],[1535.0,608.0],[1534.0,606.0],[1531.0,606.0],[1531.0,607.0],[1529.0,607.0],[1529.0,611.0],[1530.0,611.0],[1530.0,613.0],[1532.0,613.0],[1532.0,614.0],[1534.0,615.0],[1534.0,618.0],[1533.0,618.0],[1532.0,624.0],[1533.0,624.0],[1533.0,625.0],[1534.0,625.0],[1534.0,627.0],[1536.0,628.0],[1536.0,631.0],[1535.0,631.0],[1535.0,632.0],[1533.0,632.0],[1533.0,634.0],[1532.0,634.0],[1532.0,635.0],[1528.0,635.0],[1528.0,636.0],[1526.0,636.0],[1525.0,640.0],[1527.0,641.0],[1527.0,646.0],[1526.0,646.0],[1526.0,647.0],[1525.0,647.0],[1525.0,648.0],[1523.0,649.0],[1523.0,651.0],[1522.0,651.0],[1522.0,654.0],[1520.0,655.0],[1520.0,658.0],[1518.0,659.0],[1518.0,662.0],[1517.0,662.0],[1517.0,664.0],[1516.0,664.0],[1516.0,667.0],[1514.0,667.0],[1513.0,669.0],[1505.0,669.0],[1505.0,670.0],[1501.0,670.0],[1501.0,671.0],[1498.0,671.0],[1498.0,674.0],[1500.0,675.0],[1500.0,677.0],[1501.0,677.0],[1501.0,680.0],[1500.0,680.0],[1500.0,681.0],[1499.0,681.0],[1498.0,683.0],[1495.0,683.0],[1495.0,684.0],[1494.0,684.0],[1494.0,685.0],[1493.0,685.0],[1493.0,686.0],[1492.0,686.0],[1492.0,687.0],[1490.0,688.0],[1491.0,690.0],[1494.0,690.0],[1494.0,689.0],[1507.0,689.0],[1507.0,692.0],[1505.0,693.0],[1505.0,695.0],[1504.0,695.0],[1503.0,697.0],[1504.0,697.0],[1504.0,698.0],[1506.0,698.0],[1506.0,699.0],[1507.0,699.0],[1507.0,700.0],[1508.0,700.0],[1508.0,701.0],[1509.0,701.0],[1509.0,702.0],[1511.0,703.0],[1511.0,707.0],[1510.0,707.0],[1510.0,708.0],[1506.0,708.0],[1506.0,707.0],[1498.0,707.0],[1498.0,708.0],[1495.0,708.0],[1495.0,709.0],[1493.0,709.0],[1491.0,713.0],[1488.0,713.0],[1488.0,714.0],[1484.0,714.0],[1484.0,712.0],[1482.0,711.0],[1482.0,709.0],[1480.0,709.0],[1480.0,708.0],[1477.0,708.0],[1477.0,704.0],[1476.0,704.0],[1476.0,701.0],[1474.0,701.0],[1474.0,700.0],[1473.0,700.0],[1473.0,701.0],[1471.0,702.0],[1471.0,704.0],[1472.0,704.0],[1472.0,705.0],[1474.0,706.0],[1474.0,709.0],[1466.0,709.0],[1466.0,708.0],[1465.0,708.0],[1464.0,710.0],[1457.0,710.0],[1457.0,711.0],[1452.0,711.0],[1452.0,710.0],[1449.0,710.0],[1449.0,709.0],[1446.0,709.0],[1446.0,708.0],[1443.0,708.0],[1443.0,707.0],[1441.0,707.0],[1441.0,706.0],[1440.0,706.0],[1440.0,707.0],[1438.0,707.0],[1438.0,708.0],[1436.0,709.0],[1436.0,710.0],[1437.0,710.0],[1437.0,711.0],[1438.0,711.0],[1439.0,713.0],[1441.0,713.0],[1441.0,718.0],[1440.0,718.0],[1440.0,719.0],[1434.0,720.0],[1434.0,719.0],[1428.0,719.0],[1428.0,718.0],[1425.0,718.0],[1425.0,717.0],[1423.0,717.0],[1423.0,716.0],[1419.0,716.0],[1419.0,717.0],[1418.0,717.0],[1418.0,719.0],[1420.0,720.0],[1420.0,722.0],[1422.0,722.0],[1422.0,723.0],[1424.0,724.0],[1424.0,726.0],[1425.0,726.0],[1425.0,728.0],[1426.0,728.0],[1426.0,731.0],[1427.0,731.0],[1427.0,735.0],[1425.0,735.0],[1425.0,736.0],[1423.0,736.0],[1423.0,737.0],[1420.0,737.0],[1420.0,738.0],[1407.0,738.0],[1407.0,737.0],[1405.0,737.0],[1405.0,736.0],[1404.0,736.0],[1404.0,735.0],[1402.0,734.0],[1402.0,730.0],[1401.0,730.0],[1400.0,726.0],[1399.0,726.0],[1399.0,725.0],[1397.0,725.0],[1397.0,724.0],[1396.0,724.0],[1396.0,723.0],[1394.0,722.0],[1394.0,720.0],[1393.0,720.0],[1393.0,719.0],[1391.0,719.0],[1391.0,718.0],[1385.0,719.0],[1385.0,718.0],[1381.0,718.0],[1381.0,717.0],[1380.0,717.0],[1380.0,715.0],[1379.0,715.0],[1379.0,706.0],[1380.0,706.0],[1380.0,704.0],[1381.0,704.0],[1381.0,703.0],[1383.0,703.0],[1383.0,702.0],[1387.0,702.0],[1387.0,701.0],[1385.0,701.0],[1384.0,699.0],[1381.0,699.0],[1381.0,700.0],[1375.0,701.0],[1375.0,702.0],[1374.0,702.0],[1374.0,704.0],[1373.0,704.0],[1373.0,706.0],[1366.0,706.0],[1366.0,705.0],[1365.0,705.0],[1365.0,703.0],[1364.0,703.0],[1364.0,702.0],[1362.0,702.0],[1360.0,706.0],[1361.0,706.0],[1361.0,708.0],[1362.0,708.0],[1362.0,710.0],[1363.0,710.0],[1363.0,711.0],[1366.0,711.0],[1366.0,712.0],[1373.0,712.0],[1373.0,713.0],[1374.0,713.0],[1374.0,726.0],[1372.0,726.0],[1371.0,728.0],[1369.0,728.0],[1369.0,729.0],[1368.0,729.0],[1368.0,730.0],[1366.0,731.0],[1367.0,737.0],[1368.0,737.0],[1368.0,738.0],[1369.0,738.0],[1369.0,740.0],[1370.0,740.0],[1370.0,741.0],[1371.0,741.0],[1371.0,742.0],[1373.0,743.0],[1373.0,748.0],[1372.0,748.0],[1372.0,749.0],[1368.0,749.0],[1367.0,747.0],[1364.0,747.0],[1364.0,749.0],[1363.0,749.0],[1363.0,750.0],[1361.0,751.0],[1361.0,758.0],[1360.0,758.0],[1359.0,760.0],[1355.0,761.0],[1355.0,762.0],[1352.0,762.0],[1352.0,763.0],[1351.0,763.0],[1351.0,765.0],[1350.0,765.0],[1350.0,766.0],[1349.0,766.0],[1348.0,768.0],[1346.0,768.0],[1346.0,769.0],[1345.0,769.0],[1344.0,771.0],[1342.0,771.0],[1342.0,773.0],[1341.0,773.0],[1341.0,775.0],[1340.0,775.0],[1340.0,777.0],[1339.0,777.0],[1339.0,778.0],[1336.0,778.0],[1336.0,777.0],[1335.0,777.0],[1335.0,776.0],[1334.0,776.0],[1333.0,774.0],[1330.0,774.0],[1330.0,773.0],[1329.0,773.0],[1329.0,772.0],[1327.0,771.0],[1327.0,766.0],[1326.0,766.0],[1325.0,762.0],[1323.0,762.0],[1323.0,763.0],[1320.0,763.0],[1320.0,764.0],[1319.0,764.0],[1318.0,766.0],[1316.0,766.0],[1316.0,767.0],[1314.0,767.0],[1314.0,768.0],[1313.0,768.0],[1313.0,770.0],[1312.0,770.0],[1312.0,771.0],[1314.0,771.0],[1314.0,773.0],[1315.0,773.0],[1315.0,772.0],[1317.0,772.0],[1317.0,771.0],[1322.0,771.0],[1322.0,772.0],[1323.0,772.0],[1323.0,774.0],[1324.0,774.0],[1324.0,778.0],[1323.0,778.0],[1323.0,782.0],[1322.0,782.0],[1322.0,784.0],[1321.0,784.0],[1321.0,785.0],[1319.0,785.0],[1319.0,786.0],[1318.0,786.0],[1318.0,787.0],[1317.0,787.0],[1316.0,789.0],[1314.0,789.0],[1313.0,791.0],[1309.0,791.0],[1309.0,792.0],[1305.0,793.0],[1305.0,794.0],[1304.0,794.0],[1304.0,795.0],[1302.0,796.0],[1302.0,799.0],[1307.0,799.0],[1307.0,800.0],[1309.0,800.0],[1309.0,804.0],[1307.0,805.0],[1307.0,812.0],[1306.0,812.0],[1306.0,815.0],[1302.0,815.0],[1301.0,813.0],[1297.0,813.0],[1297.0,814.0],[1296.0,814.0],[1295.0,816.0],[1291.0,817.0],[1291.0,819.0],[1289.0,819.0],[1289.0,820.0],[1288.0,820.0],[1287.0,826.0],[1279.0,826.0],[1279.0,827.0],[1277.0,828.0],[1277.0,830.0],[1276.0,830.0],[1276.0,835.0],[1274.0,836.0],[1274.0,838.0],[1275.0,838.0],[1275.0,839.0],[1278.0,839.0],[1278.0,842.0],[1279.0,842.0],[1279.0,848.0],[1276.0,848.0],[1276.0,847.0],[1274.0,847.0],[1274.0,846.0],[1270.0,846.0],[1270.0,847.0],[1268.0,847.0],[1268.0,851.0],[1267.0,851.0],[1266.0,857.0],[1264.0,857.0],[1264.0,858.0],[1261.0,858.0],[1261.0,856.0],[1260.0,856.0],[1260.0,853.0],[1259.0,853.0],[1259.0,852.0],[1251.0,852.0],[1250.0,850.0],[1249.0,850.0],[1249.0,851.0],[1245.0,851.0],[1245.0,850.0],[1240.0,850.0],[1240.0,846.0],[1244.0,846.0],[1244.0,845.0],[1245.0,845.0],[1245.0,843.0],[1246.0,843.0],[1246.0,841.0],[1245.0,841.0],[1245.0,840.0],[1243.0,840.0],[1243.0,839.0],[1236.0,839.0],[1236.0,838.0],[1235.0,838.0],[1235.0,834.0],[1236.0,834.0],[1236.0,831.0],[1235.0,831.0],[1234.0,827.0],[1233.0,827.0],[1233.0,826.0],[1232.0,826.0],[1232.0,825.0],[1231.0,825.0],[1231.0,824.0],[1230.0,824.0],[1230.0,823.0],[1229.0,823.0],[1229.0,822.0],[1227.0,821.0],[1227.0,818.0],[1228.0,818.0],[1228.0,816.0],[1229.0,816.0],[1229.0,810.0],[1227.0,810.0],[1227.0,809.0],[1226.0,809.0],[1226.0,810.0],[1224.0,810.0],[1224.0,811.0],[1223.0,811.0],[1222.0,813.0],[1220.0,813.0],[1220.0,814.0],[1218.0,814.0],[1218.0,815.0],[1216.0,815.0],[1216.0,816.0],[1208.0,816.0],[1208.0,815.0],[1206.0,814.0],[1206.0,812.0],[1203.0,812.0],[1203.0,811.0],[1195.0,811.0],[1195.0,812.0],[1190.0,812.0],[1190.0,811.0],[1187.0,811.0],[1187.0,805.0],[1188.0,805.0],[1188.0,803.0],[1189.0,803.0],[1189.0,802.0],[1191.0,802.0],[1191.0,801.0],[1192.0,801.0],[1192.0,800.0],[1193.0,800.0],[1194.0,798.0],[1199.0,798.0],[1199.0,803.0],[1200.0,803.0],[1200.0,804.0],[1204.0,804.0],[1204.0,803.0],[1205.0,803.0],[1205.0,793.0],[1208.0,793.0],[1208.0,792.0],[1210.0,792.0],[1210.0,791.0],[1212.0,790.0],[1212.0,787.0],[1211.0,787.0],[1211.0,786.0],[1209.0,786.0],[1209.0,787.0],[1205.0,788.0],[1204.0,790.0],[1197.0,790.0],[1197.0,789.0],[1195.0,789.0],[1195.0,788.0],[1191.0,788.0],[1190.0,790.0],[1188.0,790.0],[1188.0,792.0],[1183.0,792.0],[1183.0,793.0],[1181.0,793.0],[1181.0,794.0],[1178.0,794.0],[1178.0,795.0],[1173.0,795.0],[1173.0,791.0],[1175.0,790.0],[1175.0,788.0],[1174.0,788.0],[1174.0,787.0],[1171.0,787.0],[1171.0,786.0],[1169.0,786.0],[1169.0,785.0],[1167.0,785.0],[1167.0,784.0],[1163.0,784.0],[1163.0,783.0],[1162.0,783.0],[1162.0,780.0],[1161.0,780.0],[1161.0,779.0],[1160.0,779.0],[1159.0,777.0],[1157.0,777.0],[1157.0,775.0],[1155.0,774.0],[1155.0,773.0],[1154.0,773.0],[1154.0,772.0],[1153.0,772.0],[1153.0,771.0],[1150.0,771.0],[1149.0,769.0],[1147.0,769.0],[1147.0,767.0],[1146.0,767.0]]],[[[1450.0,730.0],[1450.0,729.0],[1443.0,729.0],[1443.0,724.0],[1444.0,724.0],[1444.0,723.0],[1445.0,723.0],[1445.0,722.0],[1446.0,722.0],[1446.0,721.0],[1447.0,721.0],[1448.0,719.0],[1451.0,719.0],[1451.0,720.0],[1454.0,720.0],[1454.0,721.0],[1461.0,721.0],[1462.0,723.0],[1466.0,723.0],[1466.0,724.0],[1468.0,724.0],[1468.0,726.0],[1469.0,726.0],[1469.0,730.0],[1468.0,730.0],[1468.0,731.0],[1462.0,731.0],[1462.0,730.0],[1452.0,731.0],[1452.0,730.0],[1450.0,730.0]]],[[[1381.0,744.0],[1380.0,740.0],[1378.0,739.0],[1378.0,736.0],[1382.0,736.0],[1382.0,737.0],[1384.0,737.0],[1384.0,738.0],[1385.0,738.0],[1385.0,736.0],[1384.0,736.0],[1384.0,732.0],[1390.0,732.0],[1390.0,733.0],[1391.0,733.0],[1391.0,734.0],[1393.0,735.0],[1393.0,737.0],[1394.0,737.0],[1395.0,741.0],[1401.0,742.0],[1401.0,743.0],[1403.0,744.0],[1403.0,747.0],[1399.0,747.0],[1399.0,746.0],[1396.0,746.0],[1396.0,745.0],[1390.0,746.0],[1390.0,747.0],[1391.0,747.0],[1391.0,749.0],[1392.0,749.0],[1392.0,753.0],[1388.0,753.0],[1388.0,751.0],[1387.0,751.0],[1386.0,747.0],[1385.0,747.0],[1385.0,746.0],[1383.0,746.0],[1383.0,745.0],[1381.0,744.0]]],[[[1351.0,776.0],[1351.0,775.0],[1350.0,775.0],[1350.0,772.0],[1351.0,772.0],[1351.0,770.0],[1352.0,770.0],[1352.0,769.0],[1353.0,769.0],[1354.0,767.0],[1361.0,767.0],[1361.0,766.0],[1363.0,766.0],[1363.0,765.0],[1368.0,765.0],[1368.0,766.0],[1369.0,766.0],[1369.0,769.0],[1368.0,769.0],[1367.0,771.0],[1364.0,771.0],[1364.0,772.0],[1363.0,772.0],[1363.0,773.0],[1362.0,773.0],[1361.0,775.0],[1359.0,775.0],[1359.0,776.0],[1351.0,776.0]]],[[[1200.0,835.0],[1200.0,837.0],[1194.0,837.0],[1194.0,832.0],[1196.0,831.0],[1196.0,824.0],[1203.0,824.0],[1203.0,825.0],[1208.0,825.0],[1208.0,826.0],[1214.0,826.0],[1214.0,827.0],[1216.0,827.0],[1216.0,832.0],[1215.0,832.0],[1215.0,834.0],[1213.0,835.0],[1213.0,837.0],[1206.0,837.0],[1206.0,836.0],[1205.0,836.0],[1205.0,835.0],[1203.0,835.0],[1203.0,834.0],[1201.0,834.0],[1201.0,835.0],[1200.0,835.0]]],[[[1224.0,848.0],[1223.0,848.0],[1223.0,846.0],[1221.0,846.0],[1221.0,842.0],[1229.0,842.0],[1229.0,843.0],[1231.0,844.0],[1231.0,849.0],[1224.0,849.0],[1224.0,848.0]]],[[[1248.0,864.0],[1247.0,864.0],[1247.0,863.0],[1245.0,862.0],[1245.0,859.0],[1246.0,859.0],[1246.0,857.0],[1247.0,857.0],[1247.0,856.0],[1250.0,856.0],[1250.0,857.0],[1254.0,857.0],[1254.0,858.0],[1255.0,858.0],[1256.0,860.0],[1258.0,860.0],[1258.0,861.0],[1262.0,861.0],[1262.0,862.0],[1263.0,862.0],[1263.0,867.0],[1261.0,867.0],[1261.0,868.0],[1260.0,868.0],[1260.0,869.0],[1259.0,869.0],[1258.0,871.0],[1256.0,871.0],[1256.0,872.0],[1253.0,872.0],[1253.0,871.0],[1252.0,871.0],[1252.0,866.0],[1248.0,865.0],[1248.0,864.0]]]]}},{"type":"Feature","id":"country-023","properties":{"id":"country-023","name":"Unassigned","type":"country","status":"mask-defined","source":"countries-mask-shared-topology","extractionConfidence":"authoritative-mask","rgb":[255,216,0],"color":"#ffd800","polygonCount":7,"holeCount":0,"styleIndex":4},"geometry":{"type":"MultiPolygon","coordinates":[[[[1109.0,311.0],[1108.0,311.0],[1108.0,306.0],[1109.0,306.0],[1109.0,305.0],[1112.0,305.0],[1112.0,307.0],[1113.0,307.0],[1113.0,309.0],[1114.0,309.0],[1114.0,314.0],[1113.0,314.0],[1113.0,315.0],[1110.0,315.0],[1110.0,313.0],[1109.0,313.0],[1109.0,311.0]]],[[[1242.0,359.0],[1242.0,358.0],[1240.0,357.0],[1240.0,353.0],[1241.0,353.0],[1241.0,352.0],[1244.0,352.0],[1244.0,351.0],[1247.0,351.0],[1247.0,350.0],[1248.0,350.0],[1248.0,349.0],[1250.0,349.0],[1250.0,348.0],[1251.0,348.0],[1252.0,346.0],[1255.0,346.0],[1255.0,347.0],[1257.0,347.0],[1257.0,346.0],[1258.0,346.0],[1258.0,343.0],[1266.0,343.0],[1266.0,344.0],[1268.0,345.0],[1268.0,351.0],[1272.0,353.0],[1272.0,357.0],[1273.0,357.0],[1273.0,359.0],[1274.0,359.0],[1274.0,362.0],[1269.0,362.0],[1269.0,361.0],[1267.0,361.0],[1267.0,360.0],[1263.0,360.0],[1263.0,359.0],[1261.0,359.0],[1261.0,357.0],[1260.0,357.0],[1260.0,354.0],[1259.0,354.0],[1259.0,353.0],[1258.0,353.0],[1258.0,354.0],[1257.0,354.0],[1257.0,356.0],[1256.0,356.0],[1255.0,358.0],[1253.0,358.0],[1253.0,359.0],[1249.0,359.0],[1249.0,355.0],[1247.0,356.0],[1247.0,358.0],[1246.0,358.0],[1246.0,359.0],[1242.0,359.0]]],[[[1152.0,412.0],[1152.0,415.0],[1151.0,415.0],[1151.0,416.0],[1149.0,416.0],[1149.0,417.0],[1149.0,418.0],[1144.0,418.0],[1143.0,416.0],[1140.0,416.0],[1140.0,415.0],[1138.0,415.0],[1138.0,414.0],[1137.0,414.0],[1137.0,413.0],[1136.0,413.0],[1136.0,414.0],[1132.0,414.0],[1131.0,416.0],[1130.0,416.0],[1130.0,418.0],[1129.0,418.0],[1129.0,420.0],[1127.0,421.0],[1127.0,423.0],[1125.0,424.0],[1125.0,426.0],[1123.0,427.0],[1123.0,428.0],[1122.0,428.0],[1122.0,429.0],[1121.0,429.0],[1121.0,430.0],[1120.0,430.0],[1120.0,431.0],[1119.0,431.0],[1119.0,432.0],[1117.0,432.0],[1116.0,434.0],[1115.0,434.0],[1115.0,435.0],[1114.0,435.0],[1114.0,436.0],[1113.0,436.0],[1113.0,439.0],[1112.0,439.0],[1112.0,443.0],[1111.0,443.0],[1111.0,446.0],[1109.0,447.0],[1109.0,449.0],[1108.0,449.0],[1108.0,450.0],[1106.0,450.0],[1105.0,452.0],[1103.0,452.0],[1103.0,453.0],[1100.0,453.0],[1100.0,454.0],[1098.0,454.0],[1097.0,456.0],[1095.0,456.0],[1095.0,457.0],[1093.0,457.0],[1091.0,456.0],[1091.0,457.0],[1090.0,457.0],[1090.0,458.0],[1089.0,458.0],[1089.0,459.0],[1088.0,459.0],[1087.0,461.0],[1082.0,461.0],[1082.0,460.0],[1081.0,460.0],[1081.0,456.0],[1077.0,454.0],[1077.0,449.0],[1078.0,449.0],[1079.0,447.0],[1085.0,447.0],[1085.0,448.0],[1088.0,448.0],[1088.0,447.0],[1089.0,447.0],[1089.0,446.0],[1091.0,445.0],[1091.0,443.0],[1092.0,443.0],[1092.0,442.0],[1093.0,442.0],[1094.0,440.0],[1091.0,440.0],[1091.0,441.0],[1090.0,441.0],[1089.0,443.0],[1084.0,443.0],[1084.0,442.0],[1082.0,441.0],[1082.0,439.0],[1077.0,439.0],[1077.0,438.0],[1076.0,438.0],[1076.0,435.0],[1078.0,434.0],[1078.0,430.0],[1077.0,430.0],[1077.0,428.0],[1076.0,428.0],[1075.0,426.0],[1067.0,426.0],[1067.0,425.0],[1066.0,425.0],[1066.0,420.0],[1067.0,420.0],[1067.0,419.0],[1070.0,419.0],[1070.0,418.0],[1074.0,418.0],[1074.0,419.0],[1077.0,419.0],[1077.0,420.0],[1078.0,420.0],[1078.0,418.0],[1077.0,418.0],[1077.0,415.0],[1076.0,415.0],[1076.0,410.0],[1077.0,410.0],[1077.0,409.0],[1081.0,409.0],[1081.0,408.0],[1082.0,408.0],[1083.0,406.0],[1089.0,406.0],[1089.0,407.0],[1091.0,407.0],[1091.0,406.0],[1095.0,406.0],[1095.0,405.0],[1096.0,405.0],[1096.0,400.0],[1097.0,400.0],[1097.0,396.0],[1092.0,396.0],[1092.0,395.0],[1091.0,395.0],[1091.0,391.0],[1092.0,391.0],[1092.0,389.0],[1093.0,389.0],[1093.0,388.0],[1092.0,388.0],[1092.0,385.0],[1091.0,385.0],[1091.0,383.0],[1090.0,383.0],[1090.0,379.0],[1091.0,379.0],[1091.0,377.0],[1092.0,377.0],[1092.0,376.0],[1095.0,376.0],[1095.0,377.0],[1096.0,377.0],[1096.0,379.0],[1102.0,379.0],[1103.0,381.0],[1105.0,381.0],[1105.0,382.0],[1106.0,382.0],[1106.0,380.0],[1107.0,380.0],[1107.0,377.0],[1108.0,377.0],[1108.0,372.0],[1109.0,372.0],[1109.0,370.0],[1110.0,370.0],[1110.0,369.0],[1111.0,369.0],[1112.0,367.0],[1114.0,367.0],[1114.0,366.0],[1118.0,366.0],[1118.0,365.0],[1121.0,365.0],[1121.0,364.0],[1122.0,364.0],[1122.0,363.0],[1124.0,362.0],[1124.0,357.0],[1123.0,357.0],[1123.0,356.0],[1121.0,356.0],[1121.0,360.0],[1120.0,360.0],[1119.0,362.0],[1116.0,362.0],[1116.0,361.0],[1114.0,361.0],[1114.0,360.0],[1110.0,360.0],[1110.0,359.0],[1108.0,359.0],[1108.0,358.0],[1106.0,358.0],[1106.0,357.0],[1105.0,357.0],[1105.0,354.0],[1106.0,354.0],[1106.0,353.0],[1107.0,353.0],[1107.0,352.0],[1108.0,352.0],[1109.0,350.0],[1108.0,350.0],[1108.0,349.0],[1107.0,349.0],[1107.0,348.0],[1105.0,347.0],[1105.0,344.0],[1103.0,344.0],[1103.0,343.0],[1102.0,343.0],[1102.0,337.0],[1101.0,337.0],[1100.0,331.0],[1101.0,331.0],[1101.0,330.0],[1106.0,330.0],[1106.0,326.0],[1107.0,326.0],[1107.0,325.0],[1110.0,325.0],[1110.0,326.0],[1116.0,326.0],[1116.0,325.0],[1121.0,325.0],[1121.0,326.0],[1124.0,326.0],[1124.0,325.0],[1125.0,325.0],[1125.0,322.0],[1124.0,322.0],[1124.0,321.0],[1122.0,320.0],[1122.0,318.0],[1121.0,318.0],[1121.0,313.0],[1122.0,313.0],[1123.0,307.0],[1124.0,307.0],[1125.0,305.0],[1124.0,305.0],[1123.0,303.0],[1121.0,303.0],[1121.0,302.0],[1119.0,301.0],[1119.0,297.0],[1120.0,297.0],[1120.0,296.0],[1124.0,296.0],[1124.0,297.0],[1126.0,296.0],[1126.0,295.0],[1125.0,295.0],[1125.0,291.0],[1124.0,291.0],[1124.0,288.0],[1125.0,288.0],[1125.0,287.0],[1126.0,287.0],[1126.0,286.0],[1127.0,286.0],[1128.0,284.0],[1131.0,284.0],[1131.0,285.0],[1133.0,285.0],[1133.0,286.0],[1137.0,286.0],[1137.0,287.0],[1138.0,287.0],[1138.0,293.0],[1141.0,293.0],[1141.0,292.0],[1144.0,292.0],[1144.0,293.0],[1145.0,293.0],[1146.0,299.0],[1147.0,299.0],[1147.0,300.0],[1149.0,301.0],[1149.0,307.0],[1148.0,307.0],[1148.0,311.0],[1149.0,311.0],[1149.0,312.0],[1151.0,313.0],[1151.0,316.0],[1153.0,317.0],[1153.0,324.0],[1152.0,324.0],[1152.0,325.0],[1150.0,325.0],[1150.0,326.0],[1147.0,326.0],[1147.0,327.0],[1145.0,327.0],[1145.0,328.0],[1144.0,328.0],[1143.0,330.0],[1141.0,330.0],[1141.0,331.0],[1135.0,332.0],[1135.0,334.0],[1134.0,334.0],[1133.0,338.0],[1131.0,339.0],[1131.0,341.0],[1133.0,341.0],[1133.0,339.0],[1134.0,339.0],[1134.0,338.0],[1135.0,338.0],[1135.0,337.0],[1136.0,337.0],[1136.0,336.0],[1137.0,336.0],[1138.0,334.0],[1148.0,333.0],[1148.0,331.0],[1149.0,331.0],[1149.0,330.0],[1153.0,330.0],[1153.0,331.0],[1154.0,331.0],[1154.0,334.0],[1156.0,334.0],[1156.0,333.0],[1157.0,333.0],[1157.0,332.0],[1158.0,332.0],[1158.0,331.0],[1159.0,331.0],[1159.0,330.0],[1160.0,330.0],[1161.0,328.0],[1163.0,328.0],[1163.0,327.0],[1165.0,327.0],[1165.0,326.0],[1168.0,326.0],[1168.0,325.0],[1170.0,325.0],[1171.0,323.0],[1173.0,323.0],[1173.0,322.0],[1174.0,322.0],[1175.0,320.0],[1177.0,320.0],[1177.0,318.0],[1178.0,318.0],[1178.0,317.0],[1182.0,317.0],[1183.0,319.0],[1187.0,319.0],[1187.0,318.0],[1194.0,318.0],[1194.0,319.0],[1196.0,320.0],[1196.0,323.0],[1195.0,323.0],[1195.0,324.0],[1193.0,325.0],[1194.0,331.0],[1190.0,333.0],[1190.0,337.0],[1189.0,337.0],[1189.0,339.0],[1188.0,339.0],[1188.0,340.0],[1186.0,341.0],[1187.0,343.0],[1189.0,343.0],[1189.0,344.0],[1202.0,344.0],[1202.0,345.0],[1205.0,345.0],[1205.0,346.0],[1206.0,346.0],[1206.0,347.0],[1207.0,347.0],[1207.0,348.0],[1208.0,348.0],[1208.0,349.0],[1209.0,349.0],[1209.0,350.0],[1211.0,351.0],[1211.0,353.0],[1212.0,353.0],[1212.0,354.0],[1213.0,354.0],[1213.0,353.0],[1214.0,353.0],[1214.0,352.0],[1215.0,352.0],[1215.0,351.0],[1216.0,351.0],[1216.0,350.0],[1217.0,350.0],[1218.0,348.0],[1220.0,348.0],[1220.0,347.0],[1227.0,347.0],[1227.0,348.0],[1230.0,348.0],[1230.0,349.0],[1232.0,350.0],[1232.0,355.0],[1231.0,355.0],[1230.0,357.0],[1225.0,357.0],[1224.0,359.0],[1222.0,359.0],[1222.0,361.0],[1223.0,361.0],[1223.0,366.0],[1222.0,366.0],[1222.0,367.0],[1220.0,367.0],[1220.0,368.0],[1215.0,368.0],[1215.0,367.0],[1214.0,367.0],[1214.0,368.0],[1207.0,368.0],[1207.0,369.0],[1204.0,369.0],[1204.0,368.0],[1202.0,368.0],[1202.0,367.0],[1199.0,367.0],[1199.0,366.0],[1198.0,366.0],[1198.0,365.0],[1197.0,365.0],[1197.0,364.0],[1196.0,364.0],[1196.0,363.0],[1195.0,363.0],[1195.0,362.0],[1193.0,361.0],[1193.0,366.0],[1194.0,366.0],[1194.0,367.0],[1196.0,367.0],[1196.0,368.0],[1197.0,368.0],[1197.0,369.0],[1198.0,369.0],[1198.0,370.0],[1200.0,371.0],[1200.0,373.0],[1202.0,373.0],[1202.0,374.0],[1204.0,374.0],[1204.0,375.0],[1206.0,375.0],[1206.0,376.0],[1209.0,376.0],[1210.0,378.0],[1212.0,378.0],[1212.0,379.0],[1213.0,379.0],[1213.0,382.0],[1212.0,382.0],[1212.0,384.0],[1213.0,384.0],[1213.0,385.0],[1215.0,385.0],[1215.0,386.0],[1219.0,386.0],[1219.0,387.0],[1221.0,388.0],[1221.0,390.0],[1222.0,390.0],[1222.0,393.0],[1223.0,393.0],[1223.0,394.0],[1225.0,394.0],[1225.0,393.0],[1227.0,393.0],[1227.0,392.0],[1229.0,392.0],[1229.0,391.0],[1242.0,392.0],[1242.0,393.0],[1243.0,393.0],[1243.0,397.0],[1242.0,397.0],[1242.0,398.0],[1243.0,398.0],[1243.0,399.0],[1245.0,399.0],[1245.0,400.0],[1251.0,400.0],[1251.0,398.0],[1252.0,398.0],[1252.0,397.0],[1257.0,397.0],[1257.0,396.0],[1260.0,396.0],[1260.0,395.0],[1263.0,395.0],[1263.0,396.0],[1265.0,396.0],[1265.0,397.0],[1267.0,397.0],[1267.0,398.0],[1271.0,398.0],[1271.0,397.0],[1270.0,397.0],[1269.0,395.0],[1267.0,395.0],[1267.0,394.0],[1265.0,394.0],[1265.0,393.0],[1264.0,393.0],[1265.0,385.0],[1266.0,385.0],[1266.0,384.0],[1270.0,384.0],[1270.0,383.0],[1272.0,383.0],[1272.0,382.0],[1276.0,382.0],[1276.0,383.0],[1277.0,383.0],[1277.0,386.0],[1279.0,387.0],[1279.0,386.0],[1280.0,386.0],[1280.0,385.0],[1281.0,385.0],[1282.0,383.0],[1285.0,383.0],[1285.0,384.0],[1286.0,384.0],[1286.0,389.0],[1287.0,389.0],[1288.0,391.0],[1294.0,391.0],[1294.0,392.0],[1295.0,392.0],[1295.0,394.0],[1296.0,394.0],[1296.0,395.0],[1298.0,396.0],[1298.0,400.0],[1297.0,400.0],[1297.0,401.0],[1293.0,401.0],[1293.0,400.0],[1292.0,400.0],[1292.0,401.0],[1290.0,401.0],[1290.0,402.0],[1291.0,402.0],[1291.0,403.0],[1292.0,403.0],[1292.0,404.0],[1293.0,404.0],[1294.0,406.0],[1296.0,406.0],[1296.0,407.0],[1299.0,407.0],[1299.0,408.0],[1302.0,408.0],[1303.0,410.0],[1305.0,410.0],[1305.0,411.0],[1307.0,412.0],[1307.0,414.0],[1309.0,415.0],[1309.0,419.0],[1308.0,419.0],[1308.0,420.0],[1303.0,420.0],[1302.0,418.0],[1301.0,418.0],[1301.0,419.0],[1296.0,419.0],[1296.0,418.0],[1294.0,417.0],[1294.0,420.0],[1293.0,420.0],[1293.0,421.0],[1289.0,421.0],[1288.0,419.0],[1286.0,419.0],[1286.0,418.0],[1284.0,418.0],[1284.0,417.0],[1282.0,417.0],[1282.0,416.0],[1279.0,416.0],[1279.0,415.0],[1275.0,415.0],[1275.0,416.0],[1274.0,416.0],[1274.0,418.0],[1270.0,420.0],[1270.0,424.0],[1269.0,424.0],[1269.0,425.0],[1261.0,425.0],[1261.0,424.0],[1259.0,423.0],[1259.0,418.0],[1254.0,418.0],[1254.0,419.0],[1251.0,419.0],[1251.0,420.0],[1248.0,420.0],[1248.0,421.0],[1243.0,421.0],[1243.0,422.0],[1235.0,422.0],[1235.0,421.0],[1233.0,421.0],[1233.0,420.0],[1226.0,420.0],[1226.0,419.0],[1224.0,419.0],[1224.0,418.0],[1223.0,418.0],[1223.0,417.0],[1221.0,416.0],[1221.0,414.0],[1219.0,413.0],[1219.0,411.0],[1217.0,411.0],[1217.0,412.0],[1216.0,412.0],[1215.0,414.0],[1213.0,414.0],[1213.0,415.0],[1210.0,415.0],[1210.0,416.0],[1200.0,416.0],[1200.0,415.0],[1198.0,415.0],[1198.0,414.0],[1196.0,413.0],[1196.0,410.0],[1197.0,410.0],[1197.0,409.0],[1196.0,409.0],[1196.0,406.0],[1190.0,407.0],[1190.0,406.0],[1188.0,406.0],[1188.0,405.0],[1184.0,405.0],[1184.0,406.0],[1183.0,406.0],[1183.0,409.0],[1182.0,409.0],[1181.0,411.0],[1177.0,411.0],[1177.0,412.0],[1172.0,412.0],[1171.0,410.0],[1167.0,410.0],[1167.0,411.0],[1160.0,411.0],[1159.0,409.0],[1157.0,409.0],[1157.0,411.0],[1156.0,411.0],[1156.0,412.0],[1152.0,412.0]]],[[[1222.0,379.0],[1222.0,378.0],[1221.0,378.0],[1221.0,375.0],[1225.0,375.0],[1225.0,374.0],[1231.0,374.0],[1231.0,373.0],[1233.0,373.0],[1233.0,372.0],[1238.0,372.0],[1238.0,378.0],[1236.0,378.0],[1235.0,380.0],[1222.0,379.0]]],[[[1077.0,397.0],[1077.0,396.0],[1075.0,395.0],[1074.0,389.0],[1075.0,389.0],[1075.0,387.0],[1076.0,387.0],[1076.0,386.0],[1078.0,386.0],[1078.0,385.0],[1082.0,385.0],[1082.0,390.0],[1084.0,391.0],[1084.0,396.0],[1082.0,396.0],[1082.0,397.0],[1077.0,397.0]]],[[[1208.0,429.0],[1208.0,430.0],[1204.0,430.0],[1204.0,427.0],[1205.0,427.0],[1205.0,426.0],[1207.0,426.0],[1207.0,425.0],[1208.0,425.0],[1208.0,424.0],[1210.0,424.0],[1210.0,423.0],[1219.0,423.0],[1219.0,424.0],[1220.0,424.0],[1220.0,428.0],[1210.0,428.0],[1210.0,429.0],[1208.0,429.0]]],[[[1076.0,468.0],[1076.0,469.0],[1064.0,469.0],[1064.0,464.0],[1065.0,464.0],[1065.0,463.0],[1066.0,463.0],[1066.0,462.0],[1068.0,461.0],[1068.0,458.0],[1069.0,458.0],[1069.0,457.0],[1073.0,457.0],[1073.0,460.0],[1074.0,460.0],[1074.0,461.0],[1076.0,461.0],[1076.0,463.0],[1077.0,463.0],[1077.0,465.0],[1078.0,465.0],[1078.0,468.0],[1076.0,468.0]]]]}}]}