{"type":"FeatureCollection","features":[{"type":"Feature","id":"country-001","properties":{"id":"country-001","name":"Unassigned","type":"country","status":"mask-defined","source":"countries-mask-shared-topology","extractionConfidence":"authoritative-mask","rgb":[0,19,127],"color":"#00137f","polygonCount":24,"holeCount":1,"styleIndex":0,"displayClip":"authoritative-land-mask"},"geometry":{"type":"MultiPolygon","coordinates":[[[[132.0,204.0],[133.0,204.0],[133.0,205.0],[135.0,205.0],[136.0,205.0],[136.0,206.0],[137.0,206.0],[138.0,206.0],[138.0,207.0],[139.0,207.0],[139.0,208.0],[142.0,208.0],[143.0,208.0],[143.0,209.0],[144.0,209.0],[145.0,209.0],[145.0,210.0],[145.0,212.0],[144.0,212.0],[144.0,213.0],[143.0,213.0],[143.0,214.0],[142.0,214.0],[142.0,215.0],[141.0,215.0],[141.0,217.0],[141.0,218.0],[140.0,218.0],[140.0,221.0],[141.0,221.0],[141.0,222.0],[144.0,222.0],[144.0,222.66666666666666],[146.0,223.0],[146.0,224.0],[150.0,224.0],[150.0,223.0],[151.0,223.0],[151.0,221.0],[151.75,221.0],[152.0,220.0],[152.0,219.0],[153.0,219.0],[153.0,217.0],[153.0,216.0],[154.0,216.0],[154.0,215.0],[154.0,214.0],[155.0,214.0],[155.0,213.0],[156.0,213.0],[156.0,214.0],[156.0,215.0],[157.0,215.0],[157.0,216.0],[158.0,216.0],[158.0,217.0],[165.0,217.0],[165.0,216.0],[166.0,216.0],[166.0,217.0],[167.0,217.0],[168.0,217.0],[168.0,218.0],[168.0,221.0],[169.0,221.0],[169.0,222.0],[170.0,222.0],[170.0,223.0],[171.0,223.0],[171.0,222.0],[172.0,222.0],[172.0,221.0],[173.0,221.0],[173.0,220.0],[174.0,220.0],[175.0,220.0],[176.0,220.0],[176.0,221.0],[177.0,221.0],[177.0,222.0],[178.0,222.0],[178.0,223.0],[179.0,223.0],[179.0,224.0],[180.0,224.0],[180.0,225.0],[181.0,225.0],[181.0,226.0],[182.0,226.0],[182.0,225.0],[183.0,225.0],[183.0,224.0],[184.0,224.0],[185.0,223.75],[185.0,223.0],[187.0,223.0],[187.0,222.0],[188.0,222.0],[189.0,222.0],[189.0,221.0],[190.0,221.0],[190.0,220.0],[191.0,220.0],[192.0,220.0],[192.0,219.0],[193.0,219.0],[193.0,218.0],[194.0,218.0],[195.0,218.0],[195.0,217.0],[196.0,217.0],[196.0,216.0],[197.0,216.0],[197.0,214.0],[197.75,214.0],[198.0,213.0],[198.0,212.0],[199.0,212.0],[199.0,206.0],[199.0,205.0],[200.0,205.0],[205.0,205.0],[205.0,204.0],[206.0,204.0],[206.0,203.0],[206.0,202.0],[207.0,202.0],[208.0,201.75],[208.0,201.0],[210.0,201.0],[210.0,200.0],[211.0,200.0],[212.0,200.0],[212.0,199.0],[213.0,199.0],[213.0,198.0],[214.0,198.0],[215.0,198.0],[215.0,197.0],[216.0,197.0],[216.0,195.0],[216.75,195.0],[217.0,194.0],[217.0,193.0],[218.0,193.0],[218.0,189.0],[217.0,189.0],[217.0,188.0],[217.0,186.0],[216.0,186.0],[216.0,185.0],[215.0,185.0],[215.0,184.0],[214.0,184.0],[213.0,184.0],[213.0,183.0],[210.0,183.0],[210.0,184.0],[209.0,184.0],[209.0,185.0],[208.0,185.0],[208.0,186.0],[207.0,186.0],[207.0,188.0],[207.0,189.0],[206.0,189.0],[206.0,190.0],[206.0,191.0],[205.0,191.0],[203.0,191.0],[203.0,192.0],[202.0,192.0],[202.0,193.0],[201.0,193.0],[201.0,194.0],[200.0,194.0],[200.0,195.0],[198.0,195.0],[198.0,194.0],[197.0,194.0],[197.0,193.0],[196.0,193.0],[195.0,193.0],[195.0,192.0],[194.0,192.0],[193.0,192.0],[193.0,191.0],[193.0,188.0],[192.0,188.0],[192.0,187.0],[192.0,185.0],[191.0,185.0],[191.0,184.0],[191.0,180.0],[190.0,180.0],[190.0,178.0],[191.0,178.0],[191.0,174.0],[191.0,173.0],[192.0,173.0],[192.0,172.0],[193.0,172.0],[193.0,171.0],[194.0,171.0],[194.0,170.0],[194.0,169.0],[195.0,169.0],[195.0,166.0],[195.0,165.0],[196.0,165.0],[196.0,164.0],[197.0,164.0],[197.0,163.0],[196.0,163.0],[196.0,162.0],[195.0,162.0],[194.0,162.0],[194.0,161.0],[187.0,161.0],[187.0,162.0],[186.0,162.0],[186.0,163.0],[185.0,163.0],[185.0,164.0],[184.0,164.0],[184.0,165.0],[183.0,165.0],[183.0,166.0],[181.0,166.0],[181.0,165.0],[179.0,165.0],[178.0,165.0],[178.0,164.0],[177.0,164.0],[177.0,163.0],[176.0,163.0],[176.0,162.16666666666666],[175.0,162.33333333333334],[175.0,163.0],[171.0,163.0],[170.0,163.0],[170.0,162.0],[169.0,162.0],[168.0,162.0],[168.0,161.0],[167.0,161.0],[167.0,162.0],[166.0,162.0],[165.0,162.0],[164.0,162.0],[164.0,161.0],[162.0,161.0],[162.0,162.0],[161.0,162.0],[161.0,163.0],[160.0,163.0],[160.0,164.0],[159.0,164.0],[159.0,165.0],[158.0,165.0],[157.0,165.0],[157.0,166.0],[156.0,166.0],[156.0,167.0],[155.0,167.0],[155.0,168.0],[154.0,168.0],[154.0,170.0],[155.0,170.0],[155.0,171.0],[155.0,172.0],[156.0,172.0],[156.0,173.0],[157.0,173.0],[157.0,174.0],[158.0,174.0],[158.0,173.0],[159.0,173.0],[159.0,172.0],[160.0,172.0],[160.0,171.0],[161.0,171.0],[161.0,170.0],[162.0,170.0],[162.0,171.0],[165.0,171.0],[166.0,171.0],[166.0,172.0],[167.0,172.0],[167.0,173.0],[167.0,176.0],[166.25,176.0],[166.0,177.0],[166.0,178.0],[165.0,178.0],[165.0,184.0],[165.0,185.0],[164.0,185.0],[164.0,187.0],[164.0,188.0],[163.0,188.0],[163.0,189.0],[162.0,189.0],[162.0,190.0],[161.0,190.0],[158.0,190.0],[157.0,190.0],[157.0,189.0],[155.0,189.0],[155.0,190.0],[154.0,190.0],[154.0,191.0],[154.0,192.0],[153.0,192.0],[149.0,192.0],[149.0,193.0],[147.0,193.0],[147.0,194.0],[146.0,194.0],[146.0,195.0],[145.0,195.0],[145.0,196.0],[144.0,196.0],[143.0,196.0],[143.0,197.0],[142.0,197.0],[142.0,198.0],[141.0,198.0],[140.0,198.0],[140.0,199.0],[139.0,199.0],[139.0,198.0],[132.0,198.0],[132.0,199.0],[131.0,199.0],[131.0,200.0],[130.0,200.0],[130.0,201.0],[129.0,201.0],[129.0,202.0],[130.0,202.0],[130.0,203.0],[131.0,203.0],[131.0,204.0],[132.0,204.0]]],[[[179.0,259.0],[179.0,258.0],[180.0,258.0],[181.0,258.0],[181.0,257.0],[182.0,257.0],[185.0,257.0],[186.0,257.0],[186.0,258.0],[190.0,258.0],[190.0,257.0],[191.0,257.0],[192.0,257.0],[192.0,256.0],[193.0,256.0],[193.0,255.0],[195.0,255.0],[195.0,256.0],[197.0,256.0],[198.0,256.0],[198.0,257.0],[201.0,257.0],[202.0,257.0],[202.0,258.0],[203.0,258.0],[204.0,258.0],[204.0,259.0],[208.0,259.0],[209.0,259.0],[209.0,260.0],[210.0,260.0],[210.0,259.0],[211.0,259.0],[211.0,258.0],[212.0,258.0],[212.0,257.0],[211.0,257.0],[211.0,256.0],[211.0,253.0],[210.0,253.0],[210.0,252.0],[210.0,251.0],[209.0,251.0],[209.0,250.0],[207.0,250.0],[207.0,249.14285714285714],[206.5,249.0],[204.0,249.0],[204.0,248.28571428571428],[203.0,248.0],[202.0,248.0],[202.0,247.0],[203.0,247.0],[203.0,246.0],[204.0,246.0],[204.0,245.0],[205.0,245.0],[205.0,244.0],[206.0,244.0],[206.0,243.0],[207.0,243.0],[207.0,242.0],[208.0,242.0],[208.0,241.0],[209.0,241.0],[209.0,240.0],[210.0,240.0],[210.0,239.0],[211.0,239.0],[211.0,238.0],[210.0,238.0],[210.0,237.0],[207.0,237.0],[207.0,238.0],[206.0,238.0],[206.0,239.0],[205.0,239.0],[204.0,239.0],[203.0,239.0],[203.0,238.0],[202.0,238.0],[202.0,237.0],[198.0,237.0],[198.0,238.0],[197.0,238.0],[197.0,239.0],[196.0,239.0],[196.0,240.0],[195.0,240.0],[195.0,241.0],[194.0,241.0],[193.0,241.0],[193.0,242.0],[192.0,242.0],[192.0,243.0],[191.0,243.0],[191.0,245.0],[191.0,246.0],[190.0,246.0],[190.0,247.0],[189.0,247.0],[189.0,248.0],[188.0,248.0],[188.0,249.0],[187.0,249.0],[187.0,250.0],[186.0,250.0],[184.0,250.0],[184.0,251.0],[183.0,251.0],[178.0,251.0],[178.0,252.0],[177.0,252.0],[177.0,253.0],[176.0,253.0],[176.0,254.0],[175.0,254.0],[175.0,255.0],[175.0,256.0],[174.0,256.0],[174.0,257.0],[175.0,257.0],[175.0,258.0],[176.0,258.0],[176.0,259.0],[179.0,259.0]]],[[[131.0,259.0],[132.0,259.0],[132.0,260.0],[133.0,260.0],[133.0,261.0],[134.0,261.0],[134.0,262.0],[135.0,262.0],[135.0,263.0],[136.0,263.0],[136.0,264.0],[137.0,264.0],[137.0,265.0],[138.0,265.0],[138.0,266.0],[140.0,266.0],[141.0,266.0],[141.0,267.0],[142.0,267.0],[142.0,268.0],[143.0,268.0],[143.0,269.0],[144.0,269.0],[144.0,268.0],[145.0,268.0],[145.0,267.0],[147.0,267.0],[148.0,267.0],[148.0,268.0],[153.0,268.0],[153.0,267.0],[154.0,267.0],[154.0,266.0],[155.0,266.0],[155.0,264.0],[154.0,264.0],[154.0,263.0],[154.0,262.0],[153.0,262.0],[153.0,261.0],[152.0,261.0],[152.0,260.0],[151.0,260.0],[151.0,259.0],[150.0,259.0],[150.0,258.0],[149.0,258.0],[148.71428571428572,257.0],[148.0,257.0],[148.0,254.5],[147.85714285714286,254.0],[147.0,254.0],[147.0,252.0],[146.0,252.0],[146.0,251.0],[144.0,251.0],[144.0,250.25],[143.0,250.0],[142.0,250.0],[142.0,249.0],[141.0,249.0],[140.0,249.0],[140.0,248.0],[137.0,248.0],[137.0,249.0],[136.0,249.0],[136.0,250.0],[135.0,250.0],[135.0,251.0],[135.0,252.0],[134.0,252.0],[134.0,253.0],[133.0,253.0],[133.0,254.0],[132.0,254.0],[132.0,255.0],[132.0,256.0],[131.0,256.0],[131.0,259.0]]],[[[36.0,263.0],[37.0,263.0],[37.0,264.0],[39.0,264.0],[39.0,267.0],[40.0,267.0],[40.0,268.0],[42.0,268.0],[43.0,268.0],[43.0,269.0],[43.0,270.0],[44.0,270.0],[44.0,271.0],[44.0,273.0],[45.0,273.0],[45.0,274.0],[46.0,274.0],[46.0,275.0],[46.0,277.0],[47.0,277.0],[47.0,278.0],[48.0,278.0],[48.0,279.0],[49.0,279.0],[49.0,280.0],[49.0,282.0],[49.0,283.0],[48.0,283.0],[48.0,284.0],[47.0,284.0],[47.0,285.0],[46.0,285.0],[46.0,286.0],[44.0,286.0],[44.0,287.0],[43.0,287.0],[43.0,292.0],[43.0,293.0],[42.0,293.0],[42.0,294.0],[43.0,294.0],[43.0,295.0],[44.0,295.0],[44.0,296.0],[45.0,296.0],[45.5,297.0],[47.0,297.0],[47.0,298.0],[47.0,299.0],[48.0,299.0],[48.0,300.0],[51.0,300.0],[51.0,299.0],[52.0,299.0],[54.0,299.0],[54.0,298.0],[55.0,298.0],[55.0,296.0],[55.75,296.0],[56.0,295.0],[59.0,295.0],[59.0,296.0],[60.0,296.0],[60.0,297.0],[59.0,297.0],[59.0,300.0],[58.0,300.5],[58.0,302.0],[57.0,302.0],[57.0,303.0],[56.0,303.0],[56.0,304.0],[55.0,304.0],[55.0,306.0],[54.25,306.0],[54.0,307.0],[54.0,308.0],[53.0,308.0],[53.0,309.0],[54.0,309.0],[54.0,310.0],[54.0,311.0],[55.0,311.0],[55.0,312.0],[56.0,312.0],[57.0,312.0],[57.0,313.0],[60.0,313.0],[60.0,312.0],[61.0,312.0],[61.0,311.0],[62.0,311.0],[62.0,310.0],[63.0,310.0],[63.0,308.0],[63.0,307.0],[64.0,307.0],[64.0,306.0],[65.0,306.0],[65.0,305.0],[66.0,305.0],[66.0,304.0],[67.0,304.0],[67.0,303.0],[68.0,303.0],[69.0,303.0],[69.0,302.0],[70.0,302.0],[71.0,302.0],[72.0,302.0],[72.0,303.0],[73.0,303.0],[73.25,304.0],[74.0,304.0],[74.0,306.0],[75.0,306.0],[75.0,307.0],[75.0,309.0],[75.0,310.0],[74.0,310.0],[74.0,317.0],[75.0,317.0],[75.0,318.0],[76.0,318.0],[76.0,319.0],[78.0,319.0],[78.0,318.0],[79.0,318.0],[79.0,317.0],[82.0,317.0],[82.0,316.0],[83.0,316.0],[83.0,314.0],[84.0,314.0],[84.0,315.0],[87.0,315.0],[87.0,314.0],[88.0,314.0],[88.0,313.0],[89.0,313.0],[89.0,314.0],[90.0,314.0],[90.0,315.0],[91.0,315.0],[91.0,316.0],[92.0,316.0],[92.0,317.0],[93.0,317.0],[94.0,317.0],[94.0,318.0],[98.0,318.0],[98.0,317.0],[99.0,317.0],[101.0,317.0],[101.0,316.0],[102.0,316.0],[102.0,315.0],[103.0,315.0],[104.0,315.0],[104.0,314.0],[105.0,314.0],[105.0,313.0],[106.0,313.0],[106.0,310.0],[106.66666666666667,310.0],[106.83333333333333,309.0],[106.0,309.0],[106.0,308.0],[105.0,308.0],[105.0,307.0],[102.0,307.0],[102.0,308.0],[101.0,308.0],[99.0,308.0],[99.0,309.0],[97.0,309.0],[97.0,308.0],[96.0,308.0],[95.0,308.0],[95.0,307.0],[95.0,304.0],[98.0,304.0],[98.0,303.0],[99.0,303.0],[100.0,303.0],[100.0,302.0],[101.0,302.0],[101.0,301.0],[101.0,300.0],[103.0,300.0],[103.0,301.0],[106.0,301.0],[107.0,301.0],[107.0,302.0],[108.0,302.0],[109.0,302.0],[109.0,303.0],[111.0,303.0],[112.0,303.0],[112.0,304.0],[113.0,304.0],[113.0,305.0],[115.0,305.0],[115.0,304.0],[116.0,304.0],[116.0,303.0],[117.0,303.0],[117.0,302.0],[119.0,302.0],[119.0,301.0],[120.0,301.0],[120.0,299.0],[120.75,299.0],[121.0,298.0],[122.0,298.0],[122.0,297.0],[123.0,297.0],[123.0,295.0],[123.0,294.0],[124.0,294.0],[124.0,293.0],[125.0,293.0],[125.0,292.0],[126.0,292.0],[126.0,291.0],[127.0,291.0],[127.0,290.0],[126.0,290.0],[126.0,289.0],[126.0,288.0],[125.0,288.0],[125.0,287.0],[124.0,287.0],[124.0,286.0],[124.0,285.0],[123.0,285.0],[123.0,284.0],[125.0,284.0],[125.0,285.0],[130.0,285.0],[130.0,284.0],[131.0,284.0],[131.0,283.0],[132.0,283.0],[135.0,283.0],[135.0,282.0],[136.0,282.0],[136.0,278.0],[136.625,278.0],[136.875,276.0],[136.0,276.0],[136.0,275.0],[135.0,275.0],[135.0,274.0],[134.0,274.0],[134.0,273.0],[133.0,273.0],[133.0,272.0],[132.0,272.0],[132.0,271.0],[132.0,270.0],[131.0,270.0],[131.0,269.0],[130.0,269.0],[130.0,268.0],[129.0,268.0],[129.0,267.0],[129.0,266.0],[128.0,266.0],[128.0,265.0],[127.0,265.0],[127.0,264.0],[126.0,264.0],[126.0,263.0],[125.75,262.0],[125.0,262.0],[125.0,259.0],[124.0,259.0],[124.0,257.0],[123.0,257.0],[123.0,256.0],[122.0,256.0],[121.0,256.0],[121.0,255.0],[121.0,253.0],[120.0,253.0],[120.0,252.0],[120.0,251.0],[120.0,250.0],[121.0,250.0],[121.0,247.0],[120.0,247.0],[120.0,246.0],[119.0,246.0],[119.0,245.0],[117.0,245.0],[116.0,245.0],[116.0,244.0],[113.0,244.0],[113.0,245.0],[112.0,245.0],[112.0,246.0],[111.0,246.0],[111.0,249.0],[111.0,250.0],[110.0,250.0],[110.0,251.0],[109.0,251.0],[107.0,251.0],[106.0,251.0],[106.0,250.0],[104.0,250.0],[104.0,251.0],[103.0,251.0],[103.0,250.0],[102.0,250.0],[101.0,250.0],[101.0,249.0],[100.0,249.0],[100.0,248.0],[99.0,248.0],[98.0,248.0],[98.0,246.0],[97.0,246.0],[97.0,245.0],[96.0,245.0],[96.0,244.0],[94.0,244.0],[94.0,245.0],[93.0,245.0],[93.0,247.0],[93.0,248.0],[92.0,248.0],[92.0,249.0],[92.0,250.0],[91.0,250.0],[91.0,252.0],[89.0,252.0],[89.0,253.0],[88.0,253.0],[88.0,254.0],[87.0,254.0],[85.0,254.0],[85.0,255.0],[83.0,255.0],[83.0,254.0],[82.0,254.0],[81.0,254.0],[81.0,253.0],[80.0,253.0],[80.0,252.0],[79.0,252.0],[79.0,251.0],[79.0,249.0],[78.0,249.0],[78.0,248.0],[77.0,248.0],[77.0,247.0],[76.0,247.0],[76.0,246.0],[76.0,245.0],[75.0,245.0],[75.0,244.0],[74.0,244.0],[73.0,244.0],[73.0,243.0],[72.0,243.0],[72.0,242.0],[70.0,242.0],[69.0,242.0],[69.0,241.0],[67.0,241.0],[67.0,242.0],[66.0,242.0],[64.0,242.0],[64.0,243.0],[62.0,243.0],[62.0,242.0],[60.0,242.0],[59.0,242.0],[59.0,241.0],[58.0,241.0],[57.0,241.0],[57.0,240.0],[56.0,240.0],[56.0,241.0],[55.0,241.0],[55.0,242.0],[55.0,243.0],[54.0,243.0],[51.0,243.0],[51.0,244.0],[50.0,244.0],[50.0,245.0],[50.0,246.0],[49.0,246.0],[46.0,246.0],[46.0,247.0],[45.0,247.0],[45.0,248.0],[44.0,248.0],[42.0,248.0],[41.0,248.0],[41.0,247.0],[37.0,247.0],[37.0,248.0],[36.0,248.0],[36.0,250.0],[35.25,250.0],[35.0,251.0],[35.0,252.0],[34.0,252.0],[34.0,253.0],[34.0,254.0],[33.0,254.0],[33.0,261.0],[34.0,261.0],[34.0,262.0],[35.0,262.0],[35.0,263.0],[36.0,263.0]]],[[[150.0,299.0],[151.0,299.0],[151.0,300.0],[152.0,300.0],[152.0,301.0],[153.0,301.0],[153.0,302.0],[154.0,302.0],[154.0,303.0],[154.0,305.0],[154.0,306.0],[153.0,306.0],[153.0,307.0],[154.0,307.0],[154.0,308.0],[155.0,308.0],[155.0,309.0],[159.0,309.0],[159.0,308.0],[160.0,308.0],[160.0,307.0],[161.0,307.0],[163.0,307.0],[164.0,307.0],[164.0,308.0],[164.0,309.0],[165.0,309.0],[165.0,310.0],[165.0,312.0],[166.0,312.0],[166.0,313.0],[167.0,313.0],[167.0,314.0],[171.0,314.0],[171.0,313.0],[172.0,313.0],[172.0,312.0],[173.0,312.0],[173.0,311.0],[174.0,311.0],[174.0,310.0],[174.0,309.0],[175.0,309.0],[175.0,308.0],[176.0,308.0],[176.0,305.0],[176.0,304.0],[177.0,304.0],[179.0,304.0],[179.0,303.0],[180.0,303.0],[180.0,302.0],[181.0,302.0],[181.0,300.0],[181.75,300.0],[182.0,299.0],[182.0,298.0],[183.0,298.0],[183.0,297.0],[185.0,297.0],[185.0,298.0],[186.0,298.0],[186.0,299.0],[187.0,299.0],[187.0,300.0],[188.0,300.0],[189.0,300.0],[189.0,301.0],[190.0,301.0],[190.0,300.0],[191.0,300.0],[192.0,300.0],[192.0,299.0],[193.0,299.0],[193.0,298.0],[193.0,297.0],[194.0,297.0],[194.0,296.0],[195.0,296.0],[195.0,294.0],[195.75,294.0],[196.0,293.0],[196.0,292.0],[197.0,292.0],[197.0,291.0],[198.0,291.0],[198.0,290.0],[197.0,290.0],[197.0,289.0],[194.0,289.0],[194.0,290.0],[192.0,290.0],[192.0,289.0],[191.0,289.0],[190.0,289.0],[190.0,288.0],[190.0,287.0],[189.0,287.0],[189.0,286.0],[190.0,286.0],[190.0,285.0],[190.75,285.0],[191.0,284.0],[191.0,283.0],[192.0,283.0],[192.0,282.0],[192.0,281.0],[193.0,281.0],[193.0,280.0],[193.0,279.0],[194.0,279.0],[194.0,277.0],[193.0,277.0],[193.0,276.0],[191.0,276.0],[191.0,275.25],[190.0,275.0],[189.0,275.0],[189.0,274.0],[188.0,274.0],[188.0,273.0],[188.0,272.0],[188.0,271.0],[189.0,271.0],[189.0,265.0],[188.0,265.0],[188.0,264.0],[181.0,264.0],[181.0,265.0],[180.0,265.0],[180.0,268.0],[179.33333333333334,268.0],[179.0,270.0],[179.0,271.0],[178.0,271.0],[178.0,274.0],[178.0,275.0],[177.0,275.0],[177.0,276.0],[177.0,277.0],[176.0,277.0],[176.0,278.0],[175.0,278.0],[173.0,278.3333333333333],[173.0,279.0],[169.0,279.0],[168.0,279.0],[168.0,278.0],[167.0,278.0],[166.0,278.0],[166.0,277.0],[163.0,277.0],[163.0,278.0],[162.0,278.0],[162.0,281.0],[162.0,282.0],[161.0,282.0],[161.0,283.0],[160.0,283.0],[160.0,287.0],[157.0,287.0],[157.0,288.0],[155.0,288.0],[155.0,287.0],[154.0,287.0],[153.0,287.0],[153.0,286.0],[152.0,286.0],[152.0,285.0],[151.0,285.0],[151.0,286.0],[150.0,286.0],[150.0,287.0],[150.0,288.0],[149.0,288.0],[149.0,289.0],[150.0,289.0],[150.0,290.0],[150.0,299.0]]],[[[132.0,318.0],[133.0,318.0],[133.0,319.0],[142.0,319.0],[143.0,319.0],[143.0,320.0],[148.0,320.0],[148.0,319.0],[149.0,319.0],[149.0,318.0],[150.0,318.0],[150.0,313.0],[149.0,313.0],[149.0,312.0],[148.0,312.0],[147.0,312.0],[147.0,311.0],[143.0,311.0],[143.0,312.0],[136.0,312.0],[136.0,313.0],[135.0,313.0],[131.0,313.0],[131.0,312.3333333333333],[130.0,312.1666666666667],[130.0,313.0],[129.0,313.0],[129.0,314.0],[128.0,314.0],[128.0,316.0],[129.0,316.0],[129.0,317.0],[130.0,317.0],[130.0,318.0],[132.0,318.0]]],[[[150.0,332.0],[150.0,333.0],[149.0,333.0],[149.0,339.0],[150.0,339.0],[150.0,340.0],[153.0,340.0],[153.0,340.6666666666667],[154.0,340.8333333333333],[154.0,340.0],[155.0,340.0],[155.0,339.0],[156.0,339.0],[156.0,338.0],[157.0,338.0],[157.0,335.0],[156.0,335.0],[156.0,334.0],[156.0,332.0],[155.0,332.0],[155.0,331.0],[155.0,327.0],[154.0,327.0],[154.0,326.0],[153.0,326.0],[153.0,325.0],[150.0,325.0],[150.0,326.0],[149.0,326.0],[149.0,329.0],[150.0,329.0],[150.0,330.0],[150.0,332.0]]],[[[91.0,348.0],[92.0,348.0],[92.0,349.0],[92.0,351.0],[93.0,351.0],[93.0,352.0],[99.0,352.0],[99.0,351.0],[100.0,351.0],[105.0,351.0],[105.0,350.0],[106.0,350.0],[106.0,349.0],[107.0,349.0],[107.0,346.0],[106.0,346.0],[106.0,344.0],[107.0,344.0],[107.0,343.0],[108.0,343.0],[108.0,342.0],[109.0,342.0],[110.0,342.0],[110.0,341.0],[111.0,341.0],[111.0,342.0],[112.0,342.0],[112.0,343.0],[114.0,343.0],[114.0,342.0],[115.0,342.0],[115.0,341.0],[116.0,341.0],[116.0,340.0],[116.0,339.0],[117.0,339.0],[117.0,340.0],[118.0,340.0],[118.0,339.0],[120.0,339.0],[120.0,340.0],[120.0,341.0],[121.0,341.0],[121.0,342.0],[122.0,342.0],[122.0,343.0],[124.0,343.0],[124.0,342.0],[125.0,342.0],[125.0,341.0],[127.0,341.0],[128.0,341.0],[129.0,341.0],[130.0,341.0],[130.0,342.0],[131.0,342.0],[131.0,343.0],[132.0,343.0],[132.0,342.0],[133.0,342.0],[137.0,342.0],[137.0,341.0],[138.0,341.0],[140.0,341.0],[140.0,340.0],[141.0,340.0],[141.0,339.0],[142.0,339.0],[142.0,338.0],[143.0,338.0],[143.0,326.0],[142.0,326.0],[142.0,325.0],[139.0,325.0],[139.0,326.0],[138.0,326.0],[137.0,326.0],[137.0,327.0],[136.0,327.0],[134.0,327.0],[133.0,327.0],[133.0,326.0],[130.0,326.0],[129.0,326.0],[129.0,325.0],[128.0,325.0],[128.0,326.0],[127.0,326.0],[126.0,326.0],[126.0,327.0],[125.0,327.0],[124.0,327.0],[123.0,327.0],[123.0,326.0],[122.0,326.0],[122.0,325.0],[121.0,325.0],[121.0,324.0],[120.0,324.0],[120.0,323.0],[119.0,323.0],[119.0,322.0],[118.0,322.0],[117.0,322.0],[117.0,321.0],[116.0,321.0],[116.0,320.0],[115.0,320.0],[115.0,319.0],[111.0,319.0],[111.0,320.0],[110.0,320.0],[110.0,321.0],[109.0,321.0],[109.0,322.0],[108.0,322.0],[108.0,325.0],[108.0,326.0],[107.0,326.0],[107.0,330.0],[107.0,331.0],[106.0,331.0],[106.0,332.0],[105.0,332.0],[103.0,332.0],[103.0,331.0],[102.0,331.0],[102.0,330.0],[101.0,330.0],[101.0,329.0],[101.0,324.0],[100.0,324.0],[100.0,323.0],[98.0,323.0],[98.0,324.0],[97.0,324.0],[97.0,325.0],[96.0,325.0],[96.0,326.0],[96.0,327.0],[95.0,327.0],[95.0,328.0],[94.0,328.0],[94.0,329.0],[93.0,329.0],[93.0,330.0],[92.0,330.0],[92.0,336.0],[93.0,336.0],[93.0,338.0],[92.0,338.0],[92.0,339.0],[92.0,340.0],[91.0,340.0],[91.0,343.0],[92.0,343.0],[92.0,344.0],[92.0,346.0],[92.0,347.0],[91.0,347.0],[91.0,348.0]]],[[[17.0,359.0],[18.0,359.0],[18.0,360.0],[20.0,360.0],[20.0,359.0],[21.0,359.0],[21.0,358.0],[22.0,358.0],[22.0,356.0],[22.0,355.0],[23.0,355.0],[23.0,354.0],[24.0,354.0],[24.0,353.0],[25.0,353.0],[25.0,352.0],[26.0,352.0],[27.0,352.0],[27.0,351.0],[28.0,351.0],[28.0,350.0],[29.0,350.0],[31.0,350.0],[31.0,351.0],[32.0,351.0],[32.0,352.0],[40.0,352.0],[40.0,353.0],[41.0,353.0],[41.0,354.0],[42.0,354.0],[42.0,355.0],[45.0,355.0],[46.0,355.0],[46.0,356.0],[50.0,356.0],[50.0,355.0],[51.0,355.0],[52.0,355.0],[52.0,354.0],[53.0,354.0],[54.0,354.0],[54.0,353.0],[55.0,353.0],[62.0,353.0],[63.0,353.0],[63.0,354.0],[64.0,354.0],[64.0,355.0],[65.0,355.0],[65.0,356.0],[66.0,356.0],[66.0,357.0],[67.0,357.0],[68.0,357.0],[68.0,358.0],[70.0,358.0],[70.0,359.0],[72.0,359.0],[72.0,358.0],[73.0,358.0],[73.0,359.0],[74.0,359.0],[75.0,359.0],[75.0,360.0],[76.0,360.0],[76.0,361.0],[77.0,361.0],[77.0,362.0],[78.0,362.0],[78.0,363.0],[80.0,363.0],[80.0,364.0],[82.0,364.0],[83.0,364.0],[83.0,365.0],[84.0,365.0],[85.0,365.0],[85.0,366.0],[86.0,366.0],[87.0,366.0],[87.0,367.0],[87.0,368.0],[88.0,368.0],[88.0,369.0],[88.0,370.0],[89.0,370.0],[89.0,371.0],[89.0,373.0],[90.0,373.0],[90.0,374.0],[90.0,375.0],[91.0,375.0],[91.0,376.0],[92.0,376.0],[92.0,377.0],[94.0,377.0],[94.0,376.0],[95.0,376.0],[95.0,374.0],[94.0,374.0],[94.0,362.0],[93.0,362.0],[93.0,361.0],[93.0,358.0],[92.0,358.0],[92.0,357.0],[92.0,356.0],[91.0,356.0],[91.0,355.0],[91.0,354.0],[90.0,354.0],[90.0,353.0],[89.0,353.0],[89.0,352.0],[88.0,352.0],[88.0,351.0],[87.0,351.0],[87.0,350.0],[86.0,350.0],[85.0,350.0],[85.0,349.0],[83.0,349.0],[82.0,349.0],[82.0,348.0],[81.0,348.0],[80.0,348.0],[80.0,347.0],[79.0,347.0],[79.0,346.0],[78.0,346.0],[78.0,345.0],[74.0,345.0],[73.0,345.0],[73.0,344.0],[70.0,344.0],[69.75,343.0],[69.0,343.0],[69.0,341.0],[68.0,341.0],[68.0,340.0],[68.0,339.0],[67.0,339.0],[67.0,338.0],[67.0,337.0],[66.0,337.0],[66.0,336.0],[65.0,336.0],[65.0,335.0],[64.0,335.0],[64.0,334.0],[63.0,334.0],[62.0,334.0],[62.0,333.0],[59.0,333.0],[59.0,334.0],[57.0,334.0],[57.0,333.0],[56.0,333.0],[56.0,332.0],[56.0,331.0],[55.0,331.0],[55.0,330.0],[54.0,330.0],[54.0,329.0],[53.0,329.0],[53.0,328.09090909090907],[49.0,328.45454545454544],[49.0,329.0],[44.0,329.0],[44.0,330.0],[43.0,330.0],[42.0,330.0],[42.0,331.0],[41.0,331.0],[37.0,331.0],[36.0,331.0],[36.0,330.0],[31.0,330.0],[31.0,331.0],[30.0,331.0],[30.0,332.0],[30.0,333.0],[29.0,333.0],[29.0,334.0],[28.0,334.0],[28.0,335.0],[28.0,336.0],[27.0,336.0],[27.0,337.0],[26.0,337.0],[26.0,338.0],[25.0,338.0],[25.0,339.0],[24.0,339.0],[22.0,339.0],[22.0,340.0],[19.0,340.0],[19.0,341.0],[18.0,341.0],[18.0,342.0],[17.0,342.0],[17.0,343.0],[16.0,343.0],[16.0,344.0],[15.0,344.0],[15.0,345.0],[15.0,346.0],[14.0,346.0],[14.0,349.0],[14.0,350.0],[13.0,350.0],[13.0,356.0],[14.0,356.0],[14.0,357.0],[15.0,357.0],[15.0,358.0],[16.0,358.0],[16.0,359.0],[17.0,359.0]]],[[[111.0,390.0],[112.0,390.0],[112.0,391.0],[113.0,391.0],[113.0,392.0],[113.0,393.0],[114.0,393.0],[114.0,394.0],[115.0,394.0],[116.0,394.0],[116.0,395.0],[117.0,395.0],[117.0,396.0],[118.0,396.0],[118.0,397.0],[119.0,397.0],[119.0,398.0],[119.0,399.0],[120.0,399.0],[120.0,401.0],[121.0,401.0],[121.0,402.0],[122.0,402.0],[122.0,403.0],[123.0,403.0],[124.0,403.0],[124.0,404.0],[125.0,404.0],[125.0,405.0],[126.0,405.0],[127.0,405.0],[127.0,406.0],[128.0,406.0],[128.0,407.0],[130.0,407.0],[131.0,407.0],[131.0,408.0],[138.0,408.0],[139.0,408.0],[139.0,409.0],[140.0,409.0],[140.0,410.0],[142.0,410.0],[142.0,412.0],[143.0,412.0],[143.0,413.0],[146.0,413.0],[146.0,412.0],[147.0,412.0],[148.0,412.0],[148.0,413.0],[149.0,413.0],[149.0,414.0],[150.0,414.0],[150.0,413.0],[152.0,413.0],[152.0,414.0],[152.0,416.0],[151.0,416.0],[150.0,416.0],[150.0,417.0],[148.0,417.0],[148.0,418.0],[147.0,418.0],[147.0,419.0],[146.0,419.0],[146.0,420.0],[145.0,420.0],[145.0,421.0],[144.0,421.0],[144.0,422.0],[143.0,422.0],[143.0,423.0],[142.0,423.0],[142.0,424.0],[141.0,424.0],[141.0,429.0],[141.0,430.0],[140.0,430.0],[140.0,431.0],[139.0,431.0],[139.0,435.0],[140.0,435.0],[140.0,436.0],[139.0,436.0],[139.0,438.0],[140.0,438.0],[140.0,439.0],[140.0,441.0],[141.0,441.0],[141.0,442.0],[141.0,444.0],[141.0,445.0],[139.0,445.0],[139.0,444.0],[137.0,444.0],[136.0,444.0],[136.0,443.0],[133.0,443.0],[133.0,444.0],[132.0,444.0],[132.0,447.0],[133.0,447.0],[133.0,448.0],[134.0,448.0],[134.0,449.0],[135.0,449.0],[136.0,449.0],[136.0,450.0],[137.0,450.0],[137.5,451.0],[139.0,451.0],[139.0,452.0],[140.0,452.0],[140.0,453.0],[141.0,453.0],[141.0,454.0],[141.0,455.0],[142.0,455.0],[142.0,456.0],[143.0,456.0],[143.0,457.0],[144.0,457.0],[144.0,458.0],[145.0,458.0],[145.0,459.0],[146.0,459.0],[146.0,460.0],[147.0,460.0],[147.0,461.0],[148.0,461.0],[148.0,462.0],[147.0,462.0],[147.0,467.0],[148.0,467.0],[148.0,468.0],[148.0,469.0],[149.0,469.0],[149.0,471.0],[148.0,471.0],[148.0,474.0],[149.0,474.0],[149.0,475.0],[150.0,475.0],[150.0,477.0],[149.0,477.0],[149.0,478.0],[147.0,478.0],[147.0,479.0],[145.0,479.0],[145.0,478.0],[145.0,476.0],[144.0,476.0],[144.0,475.0],[144.0,473.0],[143.0,473.0],[143.0,472.0],[143.0,470.0],[142.0,470.0],[142.0,469.0],[141.0,469.0],[141.0,468.0],[140.0,468.0],[139.0,468.0],[139.0,467.0],[136.0,467.0],[136.0,468.0],[135.0,468.0],[135.0,469.0],[134.0,469.0],[134.0,470.0],[133.0,470.0],[133.0,471.0],[133.0,472.0],[132.0,472.0],[132.0,473.0],[131.0,473.0],[131.0,474.0],[130.0,474.0],[130.0,475.0],[129.0,475.0],[129.0,476.0],[128.0,476.0],[128.0,478.0],[128.0,479.0],[127.0,479.0],[127.0,480.0],[126.0,480.0],[126.0,481.0],[125.0,481.0],[125.0,483.0],[125.0,484.0],[124.0,484.0],[124.0,485.0],[123.0,485.0],[123.0,486.0],[122.0,486.0],[120.0,486.0],[120.0,487.0],[119.0,487.0],[119.0,488.0],[118.0,488.0],[118.0,491.0],[119.0,491.0],[119.0,492.0],[120.0,492.0],[120.0,493.0],[121.0,493.0],[121.0,494.0],[124.0,494.0],[124.0,493.0],[125.0,493.0],[127.0,493.0],[128.0,493.0],[128.0,494.0],[129.0,494.0],[129.0,495.0],[130.0,495.0],[130.0,496.0],[132.0,496.0],[133.0,496.0],[133.0,497.0],[135.0,497.0],[136.0,497.0],[136.0,498.0],[137.0,498.0],[138.0,498.0],[138.0,499.0],[139.0,499.0],[139.0,500.0],[140.0,500.0],[140.0,501.0],[140.0,503.0],[141.0,503.0],[141.0,504.0],[141.0,508.0],[142.0,508.0],[142.0,509.0],[142.0,510.0],[143.0,510.0],[143.0,511.0],[144.0,511.0],[144.25,512.0],[145.0,512.0],[145.0,514.0],[146.0,514.0],[146.0,515.0],[147.0,515.0],[147.0,516.0],[148.0,516.0],[148.0,517.0],[151.0,517.0],[151.0,516.0],[152.0,516.0],[153.0,516.0],[154.0,516.0],[154.0,517.0],[155.0,517.0],[155.0,518.0],[156.0,518.0],[156.0,520.0],[155.0,520.0],[155.0,527.0],[156.0,527.0],[156.0,528.0],[161.0,528.0],[161.0,527.0],[162.0,527.0],[162.0,526.0],[163.0,526.0],[163.0,524.0],[164.0,524.0],[167.0,524.0],[167.0,523.0],[168.0,523.0],[168.0,522.0],[169.0,522.0],[170.0,522.0],[170.0,521.0],[171.0,521.0],[171.0,520.0],[172.0,520.0],[173.0,520.0],[173.0,519.0],[175.0,519.0],[175.0,518.0],[176.0,518.0],[180.0,518.0],[180.0,517.0],[181.0,517.0],[181.0,516.0],[186.0,516.0],[186.0,515.0],[187.0,515.0],[187.0,514.0],[188.0,514.0],[189.0,514.0],[189.0,513.0],[190.0,513.0],[191.0,513.0],[192.0,513.0],[192.0,514.0],[195.0,514.0],[195.0,513.0],[196.0,513.0],[199.0,513.0],[200.0,513.0],[204.0,513.0],[204.0,512.0],[205.0,512.0],[205.0,509.0],[204.0,509.0],[204.0,508.0],[203.0,508.0],[203.0,507.0],[202.0,507.0],[202.0,506.0],[201.0,506.0],[201.0,505.0],[201.0,503.0],[200.0,503.0],[200.0,502.0],[200.0,500.0],[201.0,500.0],[201.0,499.0],[202.0,499.0],[202.0,497.0],[203.0,497.0],[203.0,495.0],[203.0,494.0],[204.0,494.0],[204.0,491.0],[203.0,491.0],[203.0,490.0],[203.0,489.0],[202.0,489.0],[202.0,488.0],[202.0,485.0],[202.5,485.0],[202.83333333333334,483.0],[202.0,483.0],[202.0,482.0],[202.0,481.0],[201.0,481.0],[201.0,480.0],[199.0,480.0],[199.0,481.0],[198.0,481.0],[198.0,482.0],[196.0,482.0],[196.0,481.0],[195.0,481.0],[194.0,481.0],[194.0,480.0],[195.0,480.0],[195.0,475.0],[194.0,475.0],[194.0,474.0],[193.0,474.0],[193.0,473.0],[191.0,473.0],[191.0,472.0],[190.0,472.0],[190.0,471.5],[189.0,471.0],[189.0,468.0],[188.0,468.0],[188.0,467.0],[188.0,464.0],[189.0,464.0],[189.0,463.0],[190.0,463.0],[190.0,462.0],[191.0,462.0],[191.0,461.0],[192.0,461.0],[192.0,460.0],[193.0,460.0],[193.0,459.0],[194.0,459.0],[199.0,459.0],[199.0,458.0],[200.0,458.0],[201.0,458.0],[201.0,457.0],[202.0,457.0],[202.0,456.0],[203.0,456.0],[203.0,454.0],[202.0,454.0],[202.0,453.0],[201.0,453.0],[201.0,452.0],[201.0,450.0],[200.0,450.0],[200.0,449.0],[200.0,447.0],[201.0,447.0],[201.0,446.0],[202.0,446.0],[202.0,442.0],[202.0,441.0],[203.0,441.0],[204.0,441.0],[204.0,440.0],[205.0,440.0],[205.0,439.0],[206.0,439.0],[206.0,438.0],[207.0,438.0],[207.0,437.0],[208.0,437.0],[208.0,436.0],[209.0,436.0],[209.0,435.0],[210.0,435.0],[211.0,435.0],[211.0,434.0],[212.0,434.0],[212.0,433.0],[213.0,433.0],[213.0,432.0],[214.0,432.0],[214.0,430.0],[214.0,429.0],[215.0,429.0],[215.0,423.0],[214.0,423.0],[214.0,422.0],[214.0,421.0],[214.0,420.0],[215.0,420.0],[215.0,419.0],[216.0,419.0],[216.0,418.0],[217.0,418.0],[217.0,419.0],[218.0,419.0],[219.0,419.0],[219.0,420.0],[219.0,421.0],[219.0,422.0],[218.0,422.0],[218.0,429.0],[219.0,429.0],[219.0,430.0],[220.0,430.0],[220.0,431.0],[220.0,435.0],[221.0,435.0],[221.0,436.0],[221.0,439.0],[221.0,440.0],[220.0,440.0],[220.0,441.0],[221.0,441.0],[221.0,442.0],[222.0,442.0],[222.0,442.90909090909093],[226.0,442.54545454545456],[226.0,442.0],[227.0,442.0],[227.0,441.0],[229.0,441.0],[229.0,442.0],[230.0,442.0],[230.0,441.0],[232.0,441.0],[232.0,442.0],[232.0,445.0],[233.0,445.0],[233.0,446.0],[234.0,446.0],[234.0,447.0],[235.0,447.0],[235.0,446.0],[236.0,446.0],[237.0,446.0],[237.0,445.0],[238.0,445.0],[239.0,445.0],[239.0,444.0],[240.0,444.0],[240.0,443.0],[241.0,443.0],[241.0,442.0],[242.0,442.0],[242.0,441.0],[243.0,441.0],[243.0,440.0],[244.0,440.0],[244.0,439.0],[245.0,439.0],[245.0,438.0],[246.0,438.0],[246.0,437.0],[247.0,437.0],[247.0,436.0],[248.0,436.0],[249.0,436.0],[250.0,436.0],[250.0,434.0],[251.0,434.0],[251.0,433.0],[252.0,433.0],[252.0,429.0],[252.0,428.0],[253.0,428.0],[253.0,423.0],[252.0,423.0],[252.0,422.0],[252.0,420.0],[251.0,420.0],[251.0,419.0],[251.0,418.0],[250.0,418.0],[250.0,417.0],[250.0,415.0],[249.0,415.0],[249.0,414.0],[248.0,414.0],[248.0,413.0],[246.0,413.0],[245.0,413.0],[245.0,412.0],[241.0,412.0],[240.0,412.0],[240.0,411.0],[240.0,409.0],[240.0,408.0],[241.0,408.0],[241.0,407.0],[242.0,406.75],[242.0,406.0],[244.0,406.0],[244.0,405.0],[245.0,405.0],[245.0,404.0],[246.0,404.0],[247.0,403.75],[247.0,403.0],[249.0,403.0],[249.0,402.0],[250.0,402.0],[251.0,402.0],[251.0,401.0],[252.0,401.0],[253.0,401.0],[253.0,400.0],[254.0,400.0],[254.0,399.0],[255.0,399.0],[255.0,398.0],[256.0,398.0],[256.0,397.0],[257.0,397.0],[257.0,396.0],[256.0,396.0],[256.0,395.0],[255.0,395.0],[255.0,394.0],[253.0,394.0],[253.0,393.0],[252.0,393.0],[252.0,392.0],[252.0,391.0],[255.0,391.0],[255.0,390.0],[256.0,390.0],[258.0,390.0],[258.0,389.0],[259.0,389.0],[259.0,388.0],[260.0,388.0],[260.0,384.0],[259.0,384.0],[259.0,383.0],[258.0,383.0],[258.0,382.0],[256.0,382.0],[256.0,383.0],[255.0,383.0],[255.0,384.0],[254.0,384.0],[252.0,384.0],[251.0,384.0],[251.0,383.0],[250.0,383.0],[250.0,382.0],[243.0,382.0],[243.0,383.0],[242.0,383.0],[241.0,383.0],[241.0,384.0],[240.0,384.0],[239.0,384.0],[239.0,385.0],[238.0,385.0],[236.0,385.0],[235.0,385.0],[235.0,384.0],[234.0,384.0],[234.0,383.0],[233.0,383.0],[232.0,383.0],[232.0,382.0],[231.0,382.0],[231.0,381.0],[230.0,381.0],[229.0,381.0],[229.0,380.0],[226.0,380.0],[225.0,380.0],[225.0,379.0],[224.0,379.0],[223.0,379.0],[223.0,378.0],[223.0,373.0],[222.0,373.0],[222.0,372.0],[222.0,370.0],[221.0,370.0],[221.0,369.0],[220.0,369.0],[220.0,368.0],[220.0,367.0],[219.0,367.0],[219.0,366.0],[218.0,366.0],[218.0,365.0],[216.0,365.0],[215.0,365.0],[215.0,364.0],[214.0,364.0],[214.0,363.0],[214.0,362.0],[213.0,362.0],[213.0,361.0],[212.0,361.0],[211.0,361.0],[211.0,360.0],[211.0,359.0],[210.0,359.0],[210.0,357.0],[211.0,357.0],[211.0,356.0],[212.0,356.0],[213.0,356.0],[213.0,357.0],[214.0,357.0],[214.0,358.0],[215.0,358.0],[216.0,358.0],[216.0,359.0],[217.0,359.0],[217.0,360.0],[220.0,360.0],[220.0,359.0],[221.0,359.0],[221.0,356.0],[220.0,356.0],[220.0,355.0],[219.0,355.0],[219.0,354.0],[218.0,354.0],[218.0,353.0],[218.0,349.0],[217.0,349.0],[217.0,348.0],[216.0,348.0],[216.0,347.0],[215.0,347.0],[214.0,347.0],[214.0,346.0],[213.0,346.0],[213.0,345.0],[208.0,345.0],[207.0,345.0],[207.0,344.0],[206.0,344.0],[206.0,343.0],[205.0,343.0],[205.0,342.0],[204.0,342.0],[204.0,341.0],[203.0,341.0],[202.0,341.0],[202.0,340.0],[202.0,339.0],[201.0,339.0],[201.0,338.0],[196.0,338.0],[196.0,339.0],[195.0,339.0],[194.0,339.0],[193.0,339.0],[193.0,338.0],[193.0,336.0],[192.0,336.0],[192.0,335.0],[191.0,335.0],[191.0,334.0],[191.0,333.0],[190.0,333.0],[190.0,332.0],[190.0,331.0],[189.0,331.0],[189.0,330.0],[186.0,330.0],[185.0,330.0],[185.0,329.0],[185.0,327.0],[184.0,327.0],[184.0,326.0],[183.0,326.0],[183.0,325.0],[183.0,324.0],[182.0,324.0],[182.0,323.0],[178.0,323.0],[178.0,324.0],[177.0,324.0],[176.0,324.0],[176.0,325.0],[175.0,325.0],[175.0,324.0],[174.0,324.0],[174.0,325.0],[173.0,325.0],[167.0,325.0],[167.0,324.45454545454544],[163.0,324.09090909090907],[163.0,325.0],[162.0,325.0],[162.0,326.0],[161.0,326.0],[161.0,327.0],[162.0,327.0],[162.0,328.0],[163.0,328.0],[163.0,329.0],[164.0,329.0],[164.0,330.0],[165.0,330.0],[165.0,331.0],[165.0,332.0],[164.0,332.0],[164.0,333.0],[163.0,333.0],[163.0,334.0],[163.0,335.0],[162.0,335.0],[162.0,336.0],[161.0,336.0],[161.0,337.0],[162.0,337.0],[162.0,338.0],[162.0,343.0],[162.0,344.0],[161.0,344.0],[161.0,346.0],[161.0,347.0],[160.0,347.0],[160.0,348.0],[159.0,348.0],[159.0,347.0],[157.0,347.0],[157.0,348.0],[156.0,348.0],[155.0,348.0],[154.0,348.0],[154.0,347.0],[153.0,347.0],[153.0,346.0],[152.0,346.0],[152.0,345.0],[151.0,345.0],[151.0,344.0],[148.0,344.0],[148.0,345.0],[147.0,345.0],[147.0,349.0],[148.0,349.0],[148.0,350.0],[148.0,351.0],[149.0,351.0],[149.0,352.0],[149.0,354.0],[150.0,354.0],[150.0,355.0],[151.0,355.0],[151.0,356.0],[151.0,360.0],[151.0,361.0],[150.0,361.0],[150.0,362.0],[149.0,362.0],[148.0,362.0],[148.0,360.0],[147.0,360.0],[147.0,359.0],[144.0,359.0],[144.0,358.0],[143.0,358.0],[142.0,358.0],[141.0,358.0],[141.0,356.0],[142.0,356.0],[142.0,355.0],[143.0,355.0],[143.0,350.0],[142.0,350.0],[142.0,348.0],[143.0,348.0],[143.0,345.0],[142.0,345.0],[142.0,344.0],[138.0,344.0],[138.0,345.0],[137.0,345.0],[136.0,345.0],[136.0,346.0],[135.0,346.0],[135.0,347.0],[134.0,347.0],[130.0,347.0],[129.0,347.0],[128.0,347.0],[128.0,346.0],[127.0,346.0],[126.0,346.0],[126.0,345.0],[125.0,345.0],[125.0,344.0],[119.0,344.0],[119.0,345.0],[118.0,345.0],[118.0,346.0],[117.0,346.0],[117.0,347.0],[116.0,347.0],[115.0,347.0],[115.0,348.0],[114.0,348.0],[114.0,349.0],[113.0,349.0],[113.0,350.0],[113.0,351.0],[112.0,351.0],[112.0,353.0],[113.0,353.0],[113.0,354.0],[113.0,355.0],[114.0,355.0],[114.0,356.0],[115.0,356.0],[115.0,357.0],[116.0,357.0],[116.0,358.0],[116.0,361.0],[116.0,362.0],[115.0,362.0],[115.0,363.0],[114.0,363.0],[114.0,364.0],[113.0,364.0],[113.0,365.0],[112.0,365.0],[112.0,366.0],[111.0,366.0],[111.0,369.0],[112.0,369.0],[112.0,370.0],[113.0,370.0],[113.0,371.0],[113.0,375.0],[114.0,375.0],[114.0,376.0],[114.0,377.0],[115.0,377.0],[115.0,378.0],[116.0,378.0],[117.0,378.0],[117.0,379.0],[118.0,379.0],[118.0,380.0],[118.0,382.0],[118.0,383.0],[117.0,383.0],[112.0,383.0],[111.0,383.0],[110.0,383.0],[110.0,384.0],[110.0,385.0],[109.0,385.0],[109.0,387.0],[110.0,387.0],[110.0,388.0],[111.0,388.0],[111.0,389.0],[111.0,390.0]]],[[[139.0,536.0],[140.0,536.0],[140.0,537.0],[141.0,537.0],[141.0,538.0],[142.0,538.0],[143.0,538.0],[143.0,539.0],[144.0,539.0],[144.0,538.0],[145.0,538.0],[145.0,537.0],[146.0,537.0],[146.0,532.0],[145.0,532.0],[145.0,531.0],[144.0,531.0],[143.75,530.0],[143.0,530.0],[143.0,528.0],[142.0,528.0],[142.0,527.0],[142.0,526.0],[141.0,526.0],[141.0,525.0],[140.0,525.0],[140.0,524.0],[138.0,524.0],[138.0,525.0],[137.0,525.0],[137.0,526.0],[136.0,526.0],[136.0,527.0],[135.0,527.0],[135.0,533.0],[136.0,533.0],[136.0,534.0],[137.0,534.0],[137.0,535.0],[138.0,535.0],[138.0,536.0],[139.0,536.0]]],[[[142.0,566.0],[143.0,566.0],[143.0,567.0],[144.0,567.0],[144.0,568.0],[145.0,568.0],[145.0,569.0],[149.0,569.0],[149.0,568.0],[150.0,568.0],[150.0,566.0],[150.75,566.0],[151.0,565.0],[152.0,565.0],[152.25,566.0],[153.0,566.0],[153.0,568.0],[154.0,568.0],[154.0,569.0],[155.0,569.0],[156.0,569.0],[156.0,570.0],[157.0,570.0],[157.0,569.0],[158.0,569.0],[159.0,569.0],[159.0,568.0],[160.0,568.0],[161.0,568.0],[162.0,568.0],[162.0,569.0],[163.0,569.0],[163.0,568.0],[164.0,568.0],[164.0,567.0],[165.0,567.0],[165.0,566.0],[166.0,566.0],[166.0,564.0],[166.0,563.0],[167.0,563.0],[167.0,562.0],[168.0,562.0],[168.0,561.0],[168.0,560.0],[169.0,560.0],[169.0,559.0],[169.0,558.0],[170.0,558.0],[170.0,557.0],[171.0,557.0],[171.0,556.0],[172.0,556.0],[172.0,548.0],[172.0,547.0],[173.0,547.0],[173.0,546.0],[174.0,546.0],[174.0,545.0],[175.0,545.0],[175.0,544.0],[176.0,544.0],[176.0,543.0],[177.0,543.0],[179.0,543.0],[179.0,542.0],[180.0,542.0],[185.0,542.0],[185.0,541.0],[186.0,541.0],[187.0,541.0],[188.0,541.0],[188.0,540.0],[189.0,540.0],[189.0,539.0],[190.0,539.0],[190.0,538.0],[191.0,538.0],[191.0,537.0],[192.0,537.0],[192.0,536.0],[192.0,535.0],[193.0,535.0],[193.0,534.0],[194.0,534.0],[194.0,535.0],[195.0,535.0],[195.0,534.0],[196.0,534.0],[196.0,526.0],[195.0,526.0],[195.0,525.0],[194.0,525.0],[194.0,524.0],[193.0,524.0],[193.0,523.0],[192.0,523.0],[192.0,522.0],[190.0,522.0],[190.0,523.0],[189.0,523.0],[189.0,524.0],[175.0,524.0],[175.0,525.0],[174.0,525.0],[174.0,526.0],[174.0,527.0],[173.0,527.0],[173.0,529.0],[173.0,530.0],[172.0,530.0],[172.0,531.0],[171.0,531.5],[171.0,533.0],[170.0,533.0],[168.0,533.0],[168.0,534.0],[167.0,534.0],[165.0,534.0],[164.0,534.0],[164.0,533.0],[163.0,533.0],[162.0,533.0],[161.0,533.0],[161.0,534.0],[160.0,534.0],[160.0,535.0],[159.0,535.0],[157.0,535.0],[157.0,536.0],[156.0,536.0],[156.0,537.0],[155.0,537.0],[155.0,538.0],[154.0,538.0],[154.0,540.0],[154.0,541.0],[153.0,541.0],[153.0,542.0],[152.0,542.0],[152.0,543.0],[151.0,543.0],[151.0,544.0],[150.0,544.0],[150.0,545.0],[149.0,545.0],[149.0,546.0],[149.0,547.0],[148.0,547.0],[148.0,548.0],[147.0,548.0],[146.0,548.0],[146.0,549.0],[145.0,549.0],[144.0,549.0],[144.0,550.0],[143.0,550.0],[143.0,551.0],[142.0,551.0],[142.0,553.0],[142.0,554.0],[141.0,554.0],[141.0,555.0],[140.0,555.0],[140.0,556.0],[139.0,556.0],[139.0,557.0],[138.0,557.0],[138.0,559.0],[139.0,559.0],[139.0,560.0],[139.25,561.0],[140.0,561.0],[140.0,563.0],[141.0,563.0],[141.0,564.0],[142.0,564.0],[142.0,565.0],[142.0,566.0]]],[[[234.0,233.0],[234.0,232.0],[235.0,232.0],[235.0,231.0],[236.0,231.0],[236.0,230.0],[236.0,229.0],[237.0,229.0],[237.0,228.0],[238.0,228.0],[238.0,227.0],[239.0,227.0],[241.0,227.0],[241.0,226.0],[242.0,226.0],[243.0,226.0],[243.0,225.0],[244.0,225.0],[247.0,225.0],[248.0,225.0],[248.0,226.0],[248.0,228.0],[248.0,229.0],[247.0,229.0],[247.0,230.0],[246.0,230.0],[246.0,231.0],[247.0,231.0],[247.0,232.0],[249.0,232.0],[249.0,231.0],[250.0,231.0],[253.0,231.0],[253.0,230.0],[254.0,230.0],[254.0,229.0],[255.0,229.0],[255.0,228.0],[255.0,227.0],[256.0,227.0],[256.0,226.0],[257.0,226.0],[257.0,225.0],[258.0,225.0],[259.0,224.75],[259.0,224.0],[261.0,224.0],[261.0,223.0],[262.0,223.0],[262.0,222.0],[263.0,222.0],[265.0,222.0],[265.0,221.0],[266.0,221.0],[266.0,220.0],[267.0,220.0],[267.0,219.0],[268.0,219.0],[268.0,218.0],[268.0,217.0],[269.0,217.0],[269.0,216.0],[269.0,215.0],[271.0,215.0],[271.0,216.0],[273.0,216.0],[273.0,215.0],[274.0,215.0],[277.0,215.0],[277.0,214.0],[281.0,214.0],[281.0,213.0],[282.0,213.0],[291.0,213.0],[291.0,212.0],[292.0,212.0],[292.0,211.0],[293.0,211.0],[293.0,210.0],[294.0,210.0],[296.0,210.0],[296.0,209.0],[297.0,209.0],[297.0,208.0],[298.0,208.0],[298.0,207.0],[299.0,207.0],[299.0,206.0],[300.0,206.0],[300.0,200.0],[300.0,199.0],[301.0,199.0],[301.0,198.0],[301.0,197.0],[302.0,197.0],[302.0,196.0],[303.0,196.0],[303.0,195.0],[303.0,194.0],[304.0,194.0],[304.0,192.0],[304.0,191.0],[305.0,191.0],[305.0,190.0],[306.0,190.0],[306.0,188.0],[306.0,187.0],[307.0,187.0],[307.0,184.0],[306.0,184.0],[306.0,183.0],[303.0,183.0],[303.0,184.0],[302.0,184.0],[302.0,185.0],[301.0,185.0],[301.0,186.0],[300.0,186.0],[300.0,187.0],[299.0,187.25],[299.0,188.0],[297.0,188.0],[297.0,189.0],[296.0,189.0],[296.0,190.0],[295.0,190.0],[295.0,191.0],[294.0,191.0],[292.0,191.0],[291.0,191.0],[291.0,190.0],[289.0,190.0],[289.0,191.0],[288.0,191.0],[288.0,192.0],[287.0,192.0],[287.0,193.0],[287.0,194.0],[286.0,194.0],[286.0,196.0],[285.0,196.0],[285.0,197.0],[276.0,197.0],[276.0,198.0],[275.0,198.0],[275.0,199.0],[274.0,199.0],[273.0,199.0],[272.0,199.0],[272.0,198.0],[271.0,198.0],[271.0,197.0],[270.0,197.0],[269.0,197.0],[269.0,196.0],[268.0,196.0],[268.0,197.0],[267.0,197.0],[266.0,197.0],[266.0,198.0],[264.0,198.0],[264.0,197.0],[263.0,197.0],[263.0,198.0],[262.0,198.0],[262.0,199.0],[261.0,199.0],[261.0,200.0],[261.0,201.0],[260.0,201.0],[260.0,203.0],[260.0,204.0],[259.0,204.0],[259.0,205.0],[258.0,205.0],[258.0,206.0],[257.0,206.0],[257.0,207.0],[256.0,207.0],[256.0,208.0],[255.0,208.0],[255.0,210.0],[255.0,211.0],[254.0,211.0],[254.0,212.0],[253.0,212.0],[251.0,212.0],[250.0,212.0],[250.0,211.0],[249.0,211.0],[249.0,210.0],[248.0,210.0],[248.0,209.0],[248.0,208.0],[247.0,208.0],[247.0,207.0],[246.0,207.0],[246.0,208.0],[245.0,208.0],[245.0,209.0],[245.0,210.0],[244.0,210.0],[244.0,211.0],[242.0,211.0],[242.0,210.0],[240.0,210.0],[240.0,211.0],[239.0,211.0],[239.0,212.0],[238.0,212.0],[238.0,214.0],[238.0,215.0],[237.0,215.0],[237.0,217.0],[236.0,217.5],[236.0,219.0],[235.0,219.0],[235.0,220.0],[234.0,220.0],[234.0,221.0],[234.0,222.0],[233.0,222.0],[233.0,225.0],[234.0,225.0],[234.0,227.0],[233.0,227.0],[233.0,228.0],[232.0,228.0],[232.0,229.0],[231.0,229.0],[231.0,234.0],[232.0,234.0],[232.0,235.0],[233.0,235.0],[233.0,234.0],[234.0,234.0],[234.0,233.0]]],[[[310.0,228.0],[311.0,228.0],[311.0,229.0],[315.0,229.0],[315.0,228.0],[316.0,228.0],[316.0,227.0],[317.0,227.0],[317.0,226.0],[317.0,225.0],[318.0,225.0],[318.0,224.0],[318.0,223.0],[319.0,223.0],[319.0,222.0],[319.0,221.0],[320.0,221.0],[320.0,220.0],[321.0,220.0],[321.0,219.0],[322.0,219.0],[322.0,218.0],[323.0,218.0],[323.0,217.0],[324.0,217.0],[324.0,216.0],[324.0,215.0],[325.0,215.0],[325.0,212.0],[324.0,212.0],[324.0,211.5],[323.0,211.0],[322.0,211.0],[322.0,210.08333333333334],[318.0,210.41666666666666],[318.0,211.0],[312.0,211.0],[312.0,212.0],[311.0,212.0],[311.0,213.0],[310.0,213.0],[310.0,214.0],[309.0,214.0],[309.0,215.0],[308.0,215.0],[308.0,224.0],[309.0,224.0],[309.0,225.0],[309.0,226.0],[310.0,226.0],[310.0,227.0],[310.0,228.0]]],[[[224.0,260.0],[225.0,260.0],[225.0,261.0],[226.0,261.0],[226.0,262.0],[228.0,262.0],[229.0,262.0],[229.0,263.0],[230.0,263.0],[230.0,264.0],[231.0,264.0],[231.0,265.0],[231.0,267.0],[231.0,268.0],[230.0,268.0],[227.0,268.0],[227.0,269.0],[226.0,269.0],[226.0,270.0],[225.0,270.0],[224.0,270.0],[224.0,271.0],[223.0,271.0],[223.0,273.0],[224.0,273.0],[224.0,274.0],[225.0,274.0],[225.0,275.0],[225.0,277.0],[226.0,277.0],[226.0,278.0],[228.0,278.0],[228.0,277.0],[229.0,277.0],[229.0,276.0],[230.0,276.0],[232.0,276.0],[232.0,275.0],[233.0,275.0],[233.0,276.0],[233.0,277.0],[234.0,277.0],[234.0,279.0],[233.0,279.0],[233.0,280.0],[232.0,280.0],[232.0,281.0],[231.0,281.0],[231.0,284.0],[232.0,284.0],[232.0,285.0],[235.0,285.0],[235.0,284.0],[236.0,284.0],[237.0,284.0],[238.0,284.0],[238.0,285.0],[237.0,285.0],[237.0,288.0],[237.0,289.0],[236.0,289.0],[236.0,290.0],[235.0,290.0],[235.0,291.0],[234.0,291.0],[234.0,293.0],[233.25,293.0],[233.0,294.0],[232.0,294.0],[232.0,295.0],[231.0,295.0],[231.0,296.0],[232.0,296.0],[232.0,297.0],[233.0,297.0],[233.0,298.0],[234.0,298.0],[234.0,299.0],[235.0,299.0],[235.0,300.0],[236.0,300.0],[236.0,301.0],[240.0,301.0],[240.0,300.0],[241.0,300.0],[241.0,299.0],[242.0,299.0],[242.0,298.0],[243.0,298.0],[244.0,298.0],[244.0,297.0],[245.0,297.0],[247.0,297.0],[247.0,296.0],[248.0,296.0],[248.0,292.0],[248.0,291.0],[249.0,291.0],[249.0,290.0],[250.0,290.0],[250.0,289.0],[251.0,289.0],[251.0,288.0],[252.0,288.0],[252.0,283.0],[251.0,283.0],[251.0,282.0],[249.0,282.0],[248.0,282.0],[248.0,281.0],[248.0,280.0],[247.0,280.0],[247.0,279.0],[247.0,276.0],[247.0,275.0],[248.0,275.0],[248.0,271.0],[248.0,270.0],[249.0,270.0],[249.0,269.0],[249.0,268.0],[250.0,268.0],[250.0,266.0],[250.0,265.0],[251.0,265.0],[251.0,264.0],[251.0,263.0],[252.0,263.0],[252.0,262.0],[253.0,262.0],[253.0,259.0],[252.0,259.0],[252.0,258.0],[251.0,258.0],[251.0,257.0],[250.0,257.0],[250.0,256.0],[248.0,256.0],[248.0,257.0],[247.0,257.0],[247.0,258.0],[247.0,259.0],[246.0,259.0],[246.0,260.0],[245.0,260.0],[244.0,260.0],[244.0,257.0],[243.0,257.0],[243.0,256.0],[239.0,256.0],[238.0,256.0],[238.0,255.0],[237.0,255.0],[237.0,254.0],[236.0,254.0],[236.0,253.0],[236.0,252.0],[235.0,252.0],[235.0,251.0],[235.0,249.0],[234.0,249.0],[234.0,248.0],[232.0,248.0],[232.0,249.0],[231.0,249.0],[230.0,249.0],[230.0,250.0],[229.0,250.0],[228.0,250.0],[228.0,251.0],[227.0,251.0],[227.0,252.0],[227.0,253.0],[226.0,253.0],[225.0,253.0],[225.0,254.0],[224.0,254.0],[224.0,255.0],[223.0,255.0],[223.0,258.0],[224.0,258.0],[224.0,259.0],[224.0,260.0]]],[[[325.0,290.0],[326.0,290.0],[326.0,291.0],[327.0,291.0],[327.0,292.0],[328.0,292.0],[329.0,292.0],[329.0,293.0],[330.0,293.0],[330.0,294.0],[333.0,294.0],[333.0,293.0],[334.0,293.0],[334.0,292.0],[335.0,292.0],[335.0,291.0],[336.0,291.0],[336.0,290.0],[336.0,289.0],[337.0,289.0],[337.0,288.0],[338.0,288.0],[339.0,288.0],[341.0,288.0],[341.0,289.0],[343.0,289.0],[343.0,288.0],[345.0,288.0],[345.0,289.0],[346.0,289.0],[347.0,289.0],[347.0,290.0],[349.0,290.0],[349.0,289.0],[350.0,289.0],[355.0,289.0],[355.0,289.625],[357.0,289.875],[357.0,289.0],[358.0,289.0],[360.0,289.0],[360.0,288.0],[361.0,288.0],[361.0,287.0],[362.0,287.0],[362.0,286.0],[362.0,285.0],[363.0,285.0],[363.0,284.0],[362.0,284.0],[362.0,283.0],[361.0,283.0],[361.0,282.0],[360.0,282.0],[359.0,282.0],[359.0,281.0],[355.0,281.0],[355.0,279.0],[355.0,278.0],[356.0,278.0],[360.0,278.0],[360.0,277.0],[361.0,277.0],[362.0,277.0],[362.0,276.0],[363.0,276.0],[363.0,275.0],[364.0,275.0],[364.0,273.0],[364.0,272.0],[365.0,272.0],[365.0,270.0],[365.0,269.0],[370.0,269.0],[371.0,269.0],[371.0,268.0],[372.0,268.0],[372.0,267.0],[373.0,267.0],[373.0,266.0],[374.0,266.0],[374.0,265.0],[375.0,265.0],[375.0,264.0],[376.0,264.0],[376.0,263.0],[377.0,263.0],[377.0,262.0],[376.0,262.0],[376.0,261.0],[375.0,261.0],[375.0,260.0],[369.0,260.0],[369.0,261.0],[368.0,261.0],[365.0,261.0],[365.0,260.25],[364.0,260.0],[363.0,260.0],[363.0,259.0],[363.0,257.0],[362.0,257.0],[362.0,256.0],[362.0,255.0],[361.0,255.0],[361.0,254.0],[360.0,254.0],[360.0,253.0],[359.0,253.0],[359.0,252.0],[356.0,252.0],[355.0,252.0],[355.0,251.0],[354.0,251.0],[354.0,250.0],[352.0,250.0],[352.0,249.0],[352.0,248.0],[352.0,247.0],[353.0,247.0],[353.0,246.0],[352.0,246.0],[352.0,245.0],[351.0,245.0],[351.0,244.0],[350.0,244.0],[350.0,243.0],[349.0,243.0],[349.0,242.0],[347.0,242.0],[346.0,242.0],[346.0,241.0],[346.0,238.0],[345.0,238.0],[345.0,237.0],[344.0,237.0],[344.0,236.0],[343.0,236.0],[343.0,235.0],[342.0,235.0],[342.0,234.0],[338.0,234.0],[337.0,234.0],[337.0,233.0],[336.0,233.0],[336.0,232.0],[336.0,231.0],[335.0,231.0],[335.0,230.0],[334.0,230.0],[334.0,229.0],[335.0,229.0],[335.0,225.0],[335.0,224.0],[336.0,224.0],[336.0,223.0],[336.0,222.0],[337.0,222.0],[337.0,221.0],[338.0,221.0],[338.0,220.0],[337.0,220.0],[337.0,219.0],[334.0,219.0],[334.0,220.0],[333.0,220.0],[333.0,221.0],[332.0,221.0],[332.0,222.0],[332.0,223.0],[330.0,223.0],[330.0,224.0],[329.0,224.0],[329.0,225.0],[328.0,225.0],[328.0,226.0],[328.0,227.0],[327.0,227.0],[327.0,229.0],[326.25,229.0],[326.0,230.0],[326.0,231.0],[325.0,231.0],[325.0,232.0],[324.0,232.0],[324.0,234.0],[323.25,234.0],[323.0,235.0],[323.0,236.0],[322.0,236.0],[322.0,237.0],[321.0,237.0],[321.0,238.0],[322.0,238.0],[322.0,240.0],[321.0,240.0],[319.0,240.0],[319.0,241.0],[318.0,241.0],[318.0,242.0],[317.0,242.0],[317.0,243.0],[317.0,244.0],[316.0,244.0],[316.0,248.0],[316.0,249.0],[315.0,249.0],[315.0,250.0],[314.0,250.0],[314.0,252.0],[312.0,252.0],[312.0,245.0],[312.6363636363636,245.0],[312.90909090909093,242.0],[312.0,242.0],[312.0,241.0],[311.0,241.0],[311.0,240.0],[310.0,240.0],[310.0,237.0],[309.0,237.0],[309.0,236.0],[307.0,236.0],[307.0,237.0],[306.0,237.0],[306.0,238.0],[305.0,238.0],[305.0,239.0],[305.0,240.0],[302.0,240.0],[302.0,239.0],[301.0,239.0],[301.0,238.0],[300.0,238.0],[300.0,237.0],[299.0,237.0],[299.0,236.0],[299.0,234.0],[298.0,234.0],[298.0,233.0],[297.0,233.0],[297.0,232.0],[296.0,232.0],[296.0,231.0],[295.0,231.0],[295.0,230.0],[294.0,230.0],[294.0,229.0],[293.0,229.0],[293.0,228.0],[292.0,228.0],[291.0,228.0],[291.0,227.0],[290.0,227.0],[290.0,226.0],[290.0,225.0],[289.0,225.0],[289.0,224.0],[288.0,224.0],[288.0,223.0],[287.0,223.0],[287.0,222.0],[286.0,222.0],[286.0,221.0],[285.0,221.0],[285.0,220.0],[284.0,220.0],[284.0,221.0],[283.0,221.0],[283.0,222.0],[282.0,222.0],[282.0,223.0],[283.0,223.0],[283.0,226.0],[282.0,226.0],[282.0,227.0],[282.0,228.0],[281.0,228.0],[281.0,229.0],[279.0,229.0],[279.0,230.0],[278.0,230.0],[278.0,231.0],[277.0,231.0],[272.0,231.0],[272.0,232.0],[271.0,232.0],[271.0,233.0],[271.0,234.0],[269.0,234.0],[267.0,234.0],[267.0,235.0],[266.0,235.0],[266.0,236.0],[266.0,237.0],[265.0,237.0],[265.0,238.0],[264.0,238.0],[262.0,238.0],[261.0,238.0],[261.0,237.0],[259.0,237.0],[259.0,238.0],[258.0,238.0],[258.0,240.0],[259.0,240.0],[259.0,243.0],[258.0,243.0],[258.0,244.0],[257.0,244.0],[257.0,248.0],[257.0,249.0],[256.0,249.0],[256.0,254.0],[257.0,254.0],[257.0,255.0],[258.0,255.0],[258.0,256.0],[259.0,256.0],[260.0,256.0],[260.0,257.0],[261.0,257.0],[261.0,258.0],[262.0,258.0],[263.0,258.0],[263.0,259.0],[265.0,259.0],[265.0,260.0],[266.0,260.0],[266.0,261.0],[267.0,261.0],[268.0,261.0],[268.0,262.0],[270.0,262.0],[271.0,262.0],[271.0,263.0],[272.0,263.0],[272.0,264.0],[273.0,264.0],[273.0,265.0],[274.0,265.0],[274.0,266.0],[274.0,270.0],[275.0,270.0],[275.0,271.0],[275.25,272.0],[276.0,272.0],[276.0,275.0],[275.0,275.0],[275.0,276.0],[274.0,276.0],[274.0,275.0],[273.0,275.0],[273.0,274.0],[273.0,273.0],[272.0,273.0],[272.0,271.0],[271.0,271.0],[271.0,269.0],[270.0,269.0],[270.0,268.0],[269.0,268.0],[269.0,267.0],[268.0,267.0],[268.0,266.0],[266.0,266.0],[264.0,266.0],[264.0,265.0],[263.0,265.0],[263.0,264.1666666666667],[262.0,264.3333333333333],[262.0,265.0],[259.0,265.0],[259.0,266.0],[258.0,266.0],[258.0,267.0],[258.0,268.0],[257.0,268.0],[257.0,273.0],[258.0,273.0],[258.0,274.0],[259.0,274.0],[259.0,275.0],[260.0,275.0],[261.0,275.0],[261.0,276.0],[262.0,276.0],[262.0,277.0],[263.0,277.0],[263.0,278.0],[265.0,278.0],[265.0,280.0],[265.0,281.0],[264.0,281.0],[264.0,282.0],[264.0,283.0],[263.0,283.0],[263.0,284.0],[264.0,284.0],[264.0,285.0],[264.0,286.0],[265.0,286.0],[265.0,287.0],[267.0,287.0],[267.0,287.75],[268.0,288.0],[269.0,288.0],[269.0,289.0],[270.0,289.0],[270.0,290.0],[270.0,292.0],[270.0,293.0],[269.0,293.0],[269.0,294.0],[268.0,294.0],[268.0,295.0],[267.0,295.0],[267.0,297.0],[267.0,298.0],[266.0,298.0],[266.0,299.0],[266.0,300.0],[265.0,300.0],[265.0,301.0],[264.0,301.0],[263.0,301.0],[263.0,302.0],[261.0,302.0],[261.0,301.0],[260.0,301.0],[259.0,301.0],[259.0,300.0],[259.0,299.0],[258.0,299.0],[258.0,298.0],[256.0,298.0],[256.0,299.0],[255.0,299.0],[255.0,300.0],[254.0,300.0],[254.0,301.0],[253.0,301.0],[253.0,300.0],[252.0,300.0],[252.0,301.0],[251.0,301.0],[251.0,302.0],[250.0,302.0],[250.0,305.0],[251.0,305.0],[251.0,306.0],[252.0,306.0],[252.0,307.0],[253.0,307.0],[254.0,307.0],[254.0,308.0],[257.0,308.0],[257.0,307.0],[258.0,307.0],[259.0,307.0],[260.0,307.0],[260.0,308.0],[260.0,311.0],[261.0,311.0],[261.0,312.0],[261.0,313.0],[262.0,313.0],[262.0,314.0],[262.0,315.0],[263.0,315.0],[263.0,316.0],[264.0,316.0],[264.0,317.0],[266.0,317.0],[266.0,316.0],[267.0,316.0],[267.0,317.0],[268.0,317.0],[268.0,318.0],[269.0,318.0],[269.0,319.0],[270.0,319.0],[270.0,320.0],[271.0,320.0],[271.0,321.0],[273.0,321.0],[273.0,320.0],[274.0,320.0],[274.0,319.0],[275.0,319.0],[275.0,318.0],[276.0,318.0],[278.0,318.0],[278.25,319.0],[279.0,319.0],[279.0,321.0],[280.0,321.0],[280.0,322.0],[285.0,322.0],[285.0,322.6],[289.0,323.0],[289.0,324.0],[290.0,324.0],[290.0,325.0],[290.0,326.0],[291.0,326.0],[291.0,327.0],[290.0,327.0],[290.0,330.0],[291.0,330.0],[291.0,331.0],[292.0,331.0],[293.0,331.0],[293.0,332.0],[294.0,332.0],[295.0,332.0],[295.0,333.0],[299.0,333.0],[300.0,333.0],[300.0,334.0],[301.0,334.0],[301.0,335.0],[303.0,335.0],[303.0,334.0],[304.0,334.0],[304.0,333.0],[305.0,333.0],[306.0,333.0],[306.0,332.0],[307.0,332.0],[307.0,331.0],[308.0,331.0],[308.0,330.0],[308.9,330.0],[308.6,327.0],[308.0,327.0],[308.0,325.0],[307.0,325.0],[307.0,323.0],[308.0,323.0],[308.0,321.0],[308.0,320.0],[309.0,320.0],[309.0,319.0],[310.0,319.0],[310.0,318.0],[311.0,318.0],[311.0,317.0],[312.0,317.0],[313.0,317.0],[313.0,316.0],[314.0,316.0],[314.0,315.0],[315.0,315.0],[315.0,314.0],[316.0,314.0],[316.0,311.0],[315.0,311.0],[315.0,310.0],[315.0,308.0],[316.0,308.0],[316.0,307.0],[318.0,307.0],[318.0,306.0],[319.0,306.0],[319.0,305.0],[322.0,305.0],[322.0,304.0],[323.0,304.0],[323.0,299.0],[322.0,299.0],[322.0,298.0],[321.75,297.0],[321.0,297.0],[321.0,295.0],[320.0,295.0],[320.0,294.0],[319.0,294.0],[319.0,293.0],[318.0,293.0],[318.0,292.0],[318.0,291.0],[317.0,291.0],[317.0,290.0],[316.0,290.0],[316.0,289.0],[316.0,288.0],[317.0,288.0],[318.0,288.0],[318.0,289.0],[322.0,289.0],[324.0,289.0],[324.0,290.0],[325.0,290.0]]],[[[210.0,298.0],[211.0,298.0],[211.0,299.0],[212.0,299.0],[213.0,299.0],[213.0,300.0],[213.0,304.0],[214.0,304.0],[214.0,305.0],[215.0,305.0],[215.0,306.0],[218.0,306.0],[218.0,305.0],[219.0,305.0],[219.0,303.0],[219.75,303.0],[220.0,302.0],[220.0,301.0],[221.0,301.0],[221.0,300.0],[223.0,300.0],[223.0,299.0],[224.0,299.0],[224.0,298.0],[225.0,298.0],[225.0,295.0],[224.0,295.0],[224.0,294.0],[224.0,293.0],[223.0,293.0],[223.0,292.0],[223.0,291.0],[222.0,291.0],[222.0,290.0],[221.0,290.0],[221.0,289.0],[220.0,289.0],[220.0,288.0],[219.0,288.0],[219.0,287.0],[218.0,287.0],[217.0,287.0],[217.0,286.0],[216.0,286.0],[216.0,285.0],[215.0,285.0],[215.0,284.0],[214.0,284.0],[214.0,283.0],[213.0,283.0],[213.0,282.0],[212.0,282.0],[212.0,281.0],[211.0,281.0],[210.0,281.0],[210.0,280.0],[206.0,280.0],[206.0,281.0],[205.0,281.0],[205.0,282.0],[204.0,282.0],[204.0,283.0],[203.0,283.0],[203.0,286.0],[204.0,286.0],[204.0,287.0],[205.0,287.0],[205.0,288.0],[206.0,288.0],[206.0,289.0],[208.0,289.0],[209.0,289.0],[209.0,290.0],[210.0,290.0],[210.0,291.0],[210.0,292.0],[210.0,293.0],[208.0,293.0],[207.0,293.0],[207.0,292.0],[205.0,292.0],[205.0,293.0],[204.0,293.0],[204.0,294.0],[203.0,294.0],[203.0,295.0],[203.0,296.0],[202.0,296.0],[202.0,298.0],[203.0,298.0],[203.0,299.0],[208.0,299.0],[208.0,298.0],[209.0,298.0],[210.0,298.0]]],[[[317.0,341.0],[318.0,341.0],[318.0,342.0],[321.0,342.0],[322.0,342.0],[322.0,343.0],[324.0,343.0],[324.0,344.0],[329.0,344.0],[329.0,343.0],[330.0,343.0],[330.0,344.0],[332.0,344.0],[332.0,343.0],[333.0,343.0],[333.0,342.0],[334.0,342.0],[334.0,341.0],[334.0,340.0],[335.0,340.0],[335.0,339.0],[335.0,338.0],[336.0,338.0],[336.0,337.0],[336.0,336.0],[337.0,336.0],[337.0,335.0],[338.0,335.0],[338.0,334.0],[340.0,334.0],[340.0,335.0],[341.0,335.0],[341.0,336.0],[344.0,336.0],[344.0,335.0],[345.0,335.0],[345.0,336.0],[349.0,336.0],[349.0,335.0],[350.0,335.0],[350.0,334.0],[351.0,334.0],[353.0,334.0],[353.0,333.0],[354.0,333.0],[354.0,332.0],[353.0,332.0],[353.0,331.0],[354.0,331.0],[354.0,330.0],[354.6666666666667,330.0],[355.0,328.0],[355.0,327.0],[356.0,327.0],[356.0,325.0],[356.0,324.0],[357.0,324.0],[357.0,323.0],[358.0,323.0],[358.0,322.0],[360.0,322.0],[360.0,323.0],[365.0,323.0],[365.0,322.0],[366.0,322.0],[368.0,322.0],[368.0,321.0],[369.0,321.0],[370.0,321.0],[370.0,320.0],[371.0,320.0],[371.0,319.0],[372.0,319.0],[373.0,319.0],[373.0,318.0],[374.0,318.0],[374.0,317.0],[375.0,317.0],[375.0,314.0],[374.0,314.0],[374.0,313.0],[369.0,313.0],[369.0,314.0],[368.0,314.0],[364.0,314.0],[363.0,314.0],[363.0,313.0],[362.0,313.0],[361.0,313.0],[361.0,312.0],[360.0,312.0],[360.0,311.0],[359.75,310.0],[359.0,310.0],[359.0,307.0],[358.0,307.0],[358.0,306.5],[357.0,306.0],[357.0,305.0],[356.0,305.0],[356.0,304.0],[349.0,304.0],[348.0,304.0],[348.0,303.0],[346.0,303.0],[346.0,304.0],[345.0,304.0],[345.0,305.0],[344.0,305.0],[344.0,306.0],[343.0,306.0],[343.0,311.0],[343.0,312.0],[342.0,312.0],[342.0,315.0],[342.0,316.0],[341.0,316.0],[341.0,317.0],[340.0,317.0],[340.0,318.0],[339.0,318.0],[339.0,319.0],[338.0,319.0],[336.0,319.0],[335.0,319.0],[335.0,318.0],[334.0,318.0],[334.0,317.0],[327.0,317.0],[327.0,318.0],[326.0,318.0],[326.0,320.0],[326.0,321.0],[325.0,321.0],[324.0,321.0],[324.0,322.0],[323.0,322.0],[323.0,324.0],[324.0,324.0],[324.0,325.0],[324.0,327.0],[325.0,327.0],[325.0,328.0],[325.0,329.0],[326.0,329.0],[326.0,330.0],[326.0,332.0],[327.0,332.0],[327.0,333.0],[327.0,335.0],[327.0,336.0],[326.0,336.0],[326.0,337.0],[325.0,337.0],[325.0,338.0],[324.0,338.0],[324.0,339.0],[322.0,339.0],[322.0,338.0],[321.0,338.0],[320.0,338.0],[320.0,337.0],[319.0,337.0],[319.0,336.0],[318.0,336.0],[317.0,336.0],[317.0,335.0],[315.0,335.0],[315.0,336.0],[314.0,336.0],[313.0,336.0],[313.0,337.0],[312.0,337.0],[312.0,339.0],[313.0,339.0],[313.0,340.0],[314.0,340.0],[315.0,340.0],[315.0,341.0],[317.0,341.0]]],[[[217.0,345.0],[218.0,345.0],[218.0,346.0],[221.0,346.0],[221.0,345.0],[222.0,345.0],[223.0,345.0],[223.0,344.0],[224.0,344.0],[224.0,343.0],[223.0,343.0],[223.0,342.0],[222.0,342.0],[222.0,341.0],[221.0,341.0],[221.0,340.0],[221.0,339.0],[220.0,339.0],[220.0,338.0],[219.0,338.0],[218.0,338.0],[218.0,337.0],[214.0,337.0],[214.0,338.0],[213.0,338.0],[213.0,342.0],[214.0,342.0],[214.0,343.0],[215.0,343.0],[215.0,344.0],[216.0,344.0],[216.0,345.0],[217.0,345.0]]],[[[226.0,358.0],[227.0,358.0],[227.0,359.0],[228.0,359.0],[228.0,360.0],[228.0,364.0],[228.0,365.0],[227.0,365.0],[227.0,366.0],[226.0,366.0],[226.0,370.0],[227.0,370.0],[227.0,371.0],[228.0,371.0],[229.0,371.0],[229.0,372.0],[230.0,372.0],[230.0,373.0],[231.0,373.0],[231.0,374.0],[232.0,374.0],[232.0,375.0],[233.0,375.0],[233.0,376.0],[234.0,376.0],[234.0,377.0],[238.0,377.0],[238.0,377.625],[240.0,377.875],[240.0,377.0],[241.0,377.0],[241.0,376.0],[242.0,376.0],[242.0,374.0],[241.0,374.0],[241.0,373.0],[240.0,373.0],[240.0,372.0],[239.0,372.0],[239.0,371.0],[239.0,370.0],[239.0,369.0],[240.0,369.0],[240.0,368.0],[241.0,368.0],[242.0,368.0],[243.0,368.0],[243.0,369.0],[244.0,369.0],[244.0,370.0],[245.0,370.0],[245.0,371.0],[246.0,371.0],[246.0,374.0],[247.0,374.0],[247.0,375.0],[251.0,375.0],[252.0,375.0],[252.0,376.0],[253.0,376.0],[254.0,376.0],[254.0,377.0],[255.0,377.0],[255.0,378.0],[259.0,378.0],[259.0,377.0],[260.0,377.0],[260.0,374.0],[259.0,374.0],[259.0,373.0],[258.0,373.0],[258.0,372.0],[257.0,372.0],[257.0,371.0],[255.0,371.0],[255.0,368.0],[254.0,368.0],[254.0,365.0],[253.0,365.0],[253.0,364.0],[252.0,364.0],[252.0,363.0],[251.0,363.0],[251.0,362.0],[250.75,361.0],[250.0,361.0],[250.0,359.0],[249.0,359.0],[249.0,358.0],[248.0,358.0],[248.0,357.0],[247.0,357.0],[247.0,356.0],[246.0,356.0],[245.0,356.0],[245.0,355.0],[244.0,355.0],[244.0,354.0],[243.0,354.0],[243.0,353.0],[242.0,353.0],[242.0,352.0],[241.0,352.0],[241.0,351.0],[240.0,351.0],[240.0,350.0],[240.0,348.0],[239.0,348.0],[239.0,347.0],[239.0,346.0],[239.0,345.0],[240.0,345.0],[240.0,343.0],[239.0,343.0],[239.0,342.0],[238.0,342.0],[238.0,341.0],[233.0,341.0],[233.0,342.0],[232.0,342.0],[232.0,343.0],[231.0,343.0],[231.0,344.0],[230.0,344.0],[229.0,344.0],[229.0,345.0],[228.0,345.0],[227.0,345.0],[227.0,346.0],[226.0,346.0],[226.0,347.0],[225.0,347.0],[225.0,349.0],[226.0,349.0],[226.0,350.0],[227.0,350.0],[227.0,351.0],[227.0,354.0],[227.0,355.0],[226.0,355.0],[226.0,358.0]]],[[[182.0,314.0],[183.0,314.0],[183.0,315.0],[184.0,315.0],[184.0,316.0],[185.0,316.0],[186.0,316.0],[186.0,317.0],[188.0,317.0],[188.0,316.0],[189.0,316.0],[190.0,316.0],[191.0,316.0],[191.0,317.0],[192.0,317.0],[192.0,318.0],[193.0,318.0],[193.0,319.0],[194.0,319.0],[195.0,319.0],[195.0,320.0],[196.0,320.0],[197.0,320.0],[197.0,321.0],[197.0,323.0],[196.0,323.0],[194.0,323.0],[194.0,324.0],[193.0,324.0],[193.0,325.0],[192.0,325.0],[192.0,326.0],[191.0,326.0],[191.0,327.0],[192.0,327.0],[192.0,328.0],[193.0,328.0],[194.0,328.0],[194.0,329.0],[199.0,329.0],[199.0,328.0],[200.0,328.0],[200.0,329.0],[203.0,329.0],[203.0,328.0],[204.0,328.0],[205.0,328.0],[205.25,329.0],[206.0,329.0],[206.0,331.0],[207.0,331.0],[207.0,332.0],[209.0,332.0],[209.0,332.75],[210.0,333.0],[211.0,333.0],[211.0,334.0],[212.0,334.0],[213.0,334.0],[216.0,334.0],[216.0,333.0],[217.0,333.0],[218.0,333.0],[219.0,333.0],[219.0,334.0],[220.0,334.0],[220.0,335.0],[221.0,335.0],[221.0,336.0],[222.0,336.0],[222.0,337.0],[223.0,337.0],[223.0,336.0],[224.0,336.0],[224.0,337.0],[228.0,337.0],[228.0,336.0],[229.0,336.0],[241.0,336.0],[242.0,336.0],[242.0,337.0],[243.0,337.0],[243.0,338.0],[244.0,338.0],[244.0,339.0],[245.0,339.0],[246.0,339.0],[246.0,340.0],[251.0,340.0],[252.0,340.0],[252.0,341.0],[251.0,341.0],[251.0,343.0],[252.0,343.0],[252.0,344.0],[252.0,345.0],[246.0,345.0],[246.0,346.0],[245.0,346.0],[245.0,348.0],[246.0,348.0],[246.0,349.0],[247.0,349.0],[247.0,350.0],[247.0,351.0],[248.0,351.0],[248.0,352.0],[249.0,352.0],[249.0,353.0],[250.0,353.0],[251.0,353.0],[251.0,354.0],[254.0,354.0],[255.0,354.0],[255.0,355.0],[255.0,359.0],[256.0,359.0],[256.0,360.0],[257.0,360.0],[257.0,361.0],[257.0,362.0],[258.0,362.0],[258.0,363.0],[259.0,363.0],[259.0,364.0],[263.0,364.0],[264.0,364.0],[264.0,365.0],[264.0,366.0],[264.0,367.0],[263.0,367.0],[263.0,368.0],[263.0,369.0],[262.0,369.0],[262.0,370.0],[263.0,370.0],[263.0,371.0],[263.0,372.0],[264.0,372.0],[264.0,373.0],[265.0,373.0],[266.0,373.0],[266.0,374.0],[267.0,374.0],[267.0,375.0],[268.0,375.0],[268.0,376.0],[268.0,377.0],[269.0,377.0],[269.0,378.0],[270.0,378.0],[271.0,378.0],[271.0,379.0],[272.0,379.0],[272.0,380.0],[275.0,380.0],[275.0,379.0],[276.0,379.0],[276.0,375.0],[275.0,375.0],[275.0,374.0],[275.0,373.0],[274.0,373.0],[274.0,372.0],[274.0,366.0],[275.0,366.0],[275.0,365.0],[276.0,365.0],[277.0,365.0],[278.0,365.0],[278.0,366.0],[279.0,366.0],[279.0,367.0],[280.0,367.0],[281.0,367.0],[281.0,368.0],[282.0,368.0],[282.0,369.0],[283.0,369.0],[283.0,370.0],[284.0,370.0],[284.0,371.0],[285.0,371.0],[285.0,372.0],[285.25,373.0],[286.0,373.0],[286.0,375.0],[287.0,375.0],[287.0,376.0],[289.0,376.0],[289.0,376.75],[290.0,377.0],[291.0,377.0],[291.0,378.0],[294.0,378.0],[295.0,378.0],[295.0,379.0],[296.0,379.0],[296.0,380.0],[297.0,380.0],[297.0,381.0],[298.0,381.0],[298.0,382.0],[298.0,383.0],[299.0,383.0],[299.0,384.0],[300.0,384.0],[300.0,385.0],[301.0,385.0],[301.0,386.0],[305.0,386.0],[305.0,385.0],[306.0,385.0],[306.0,384.0],[307.0,384.0],[308.0,384.0],[309.0,384.0],[309.0,385.0],[310.0,385.0],[310.0,386.0],[310.0,387.0],[310.0,388.0],[309.0,388.0],[309.0,389.0],[308.0,389.0],[308.0,390.0],[307.0,390.0],[307.0,391.0],[306.0,391.0],[306.0,392.0],[305.0,392.0],[304.0,392.0],[303.0,392.0],[303.0,391.0],[302.0,391.0],[302.0,392.0],[301.0,392.0],[301.0,395.0],[302.0,395.0],[302.0,396.0],[302.0,398.0],[302.0,399.0],[301.0,399.0],[301.0,400.0],[300.0,400.0],[300.0,401.0],[299.0,401.0],[299.0,402.0],[298.0,402.0],[298.0,409.0],[299.0,409.0],[299.0,410.0],[300.0,410.0],[300.0,411.0],[301.0,411.0],[301.0,412.0],[306.0,412.0],[306.0,411.0],[307.0,411.0],[308.0,411.0],[308.0,410.0],[309.0,410.0],[310.0,410.0],[310.0,409.0],[311.0,409.0],[312.0,409.0],[313.0,409.0],[313.0,410.0],[312.0,410.0],[312.0,411.0],[312.0,412.0],[311.0,412.0],[311.0,416.0],[311.0,417.0],[310.0,417.0],[310.0,418.0],[311.0,418.0],[311.0,419.0],[312.0,419.0],[313.0,419.0],[313.0,420.0],[314.0,420.0],[314.0,421.0],[315.0,421.0],[315.0,422.0],[317.0,422.0],[318.0,422.0],[321.0,422.0],[321.0,421.0],[322.0,421.0],[324.0,421.0],[324.0,420.0],[325.0,420.0],[326.0,420.0],[326.0,419.0],[327.0,419.0],[327.0,418.0],[328.0,418.0],[328.0,417.0],[327.0,417.0],[327.0,416.0],[325.0,416.0],[324.0,416.0],[324.0,415.0],[323.0,415.0],[322.0,415.0],[322.0,414.0],[322.0,412.0],[323.0,412.0],[323.0,411.0],[324.0,411.0],[324.0,410.0],[325.0,410.0],[325.0,405.0],[325.0,404.0],[326.0,404.0],[326.0,403.0],[327.0,403.0],[329.0,403.0],[329.0,402.0],[330.0,402.0],[331.0,402.0],[331.0,401.0],[332.0,401.0],[332.0,400.0],[333.0,400.0],[337.0,400.0],[337.0,399.0],[338.0,399.0],[338.0,398.0],[339.0,398.0],[339.0,397.0],[340.0,397.0],[340.0,396.0],[342.0,396.0],[342.0,397.0],[341.0,397.0],[341.0,401.0],[341.0,402.0],[340.0,402.0],[340.0,403.0],[340.0,404.0],[339.0,404.0],[339.0,406.0],[340.0,406.0],[340.0,407.0],[340.0,408.0],[341.0,408.0],[341.0,409.0],[341.0,411.0],[342.0,411.0],[342.0,412.0],[342.0,413.0],[343.0,413.0],[343.0,414.0],[344.0,414.0],[345.0,414.0],[345.0,415.0],[346.0,415.0],[347.0,415.0],[347.0,416.0],[347.0,418.0],[347.0,419.0],[346.0,419.0],[346.0,421.0],[346.0,422.0],[345.0,422.0],[345.0,423.0],[344.0,423.0],[344.0,424.0],[343.0,424.0],[343.0,426.0],[344.0,426.0],[344.0,427.0],[348.0,427.0],[348.0,426.0],[349.0,426.0],[349.0,425.0],[350.0,425.0],[352.0,425.0],[352.0,424.0],[353.0,424.0],[353.0,423.0],[354.0,423.0],[354.0,422.0],[355.0,422.0],[358.0,422.0],[358.0,421.0],[359.0,421.0],[359.0,420.0],[359.0,419.0],[360.0,419.0],[360.0,418.0],[360.0,417.0],[361.0,417.0],[361.0,416.0],[361.0,415.0],[362.0,415.0],[363.0,415.0],[363.0,414.0],[364.0,414.0],[366.0,414.0],[366.0,413.0],[367.0,413.0],[367.0,412.0],[368.0,412.0],[368.0,407.0],[371.0,407.0],[371.0,409.0],[372.0,409.0],[372.0,410.0],[373.0,410.0],[373.0,411.0],[376.0,411.0],[376.0,410.0],[377.0,410.0],[377.0,408.0],[377.0,407.0],[378.0,407.0],[378.0,400.0],[377.0,400.0],[377.0,399.0],[376.0,399.0],[376.0,398.0],[375.0,398.0],[375.0,397.0],[372.0,397.0],[371.0,397.0],[371.0,395.0],[371.0,394.0],[372.0,394.0],[372.0,393.0],[372.0,392.0],[373.0,392.0],[374.0,392.0],[374.0,391.0],[375.0,391.0],[375.0,390.0],[376.0,390.0],[376.0,389.0],[377.0,389.0],[377.0,388.0],[378.0,388.0],[378.0,387.0],[379.0,387.0],[380.0,387.0],[380.0,386.0],[381.0,386.0],[381.0,385.0],[380.0,385.0],[380.0,384.0],[378.0,384.0],[377.0,384.0],[377.0,382.0],[376.0,382.0],[376.0,380.0],[375.0,380.0],[375.0,379.0],[374.0,379.0],[374.0,378.0],[374.0,376.0],[373.0,376.0],[373.0,375.0],[372.0,375.0],[372.0,374.0],[372.0,373.0],[372.0,372.0],[373.0,372.0],[373.0,371.0],[373.0,370.0],[374.0,370.0],[374.0,369.0],[374.0,368.0],[375.0,368.0],[375.0,367.0],[376.0,367.0],[376.0,366.0],[377.0,366.0],[378.0,366.0],[378.0,365.0],[379.0,365.0],[379.0,362.0],[378.0,362.0],[378.0,361.0],[378.0,359.0],[378.0,358.0],[379.0,358.0],[379.0,359.0],[380.0,359.0],[380.0,360.0],[381.0,360.0],[381.0,361.0],[382.0,361.0],[383.0,361.0],[383.0,362.0],[396.0,362.0],[396.0,361.0],[397.0,361.0],[397.0,360.0],[398.0,360.0],[398.0,358.0],[398.0,357.0],[400.0,357.0],[400.0,356.0],[401.0,356.0],[401.0,355.0],[402.0,355.0],[402.0,354.0],[402.0,353.0],[403.0,353.0],[404.0,352.75],[404.0,352.0],[406.0,352.0],[406.0,351.0],[407.0,351.0],[407.0,350.0],[407.0,349.0],[408.0,349.0],[408.0,348.0],[409.0,348.0],[410.0,348.0],[411.0,348.0],[411.0,349.0],[411.0,350.0],[412.0,350.0],[412.0,351.0],[412.0,353.0],[413.0,353.0],[413.0,354.0],[413.0,355.0],[414.0,355.0],[414.0,356.0],[415.0,356.0],[415.0,357.0],[420.0,357.0],[421.0,357.0],[421.0,358.0],[422.0,358.0],[422.0,359.0],[423.0,359.0],[423.0,360.0],[423.3333333333333,362.0],[424.0,362.0],[424.0,365.0],[425.0,365.0],[425.0,366.0],[426.0,366.0],[427.0,366.0],[427.0,367.0],[430.0,367.0],[430.0,366.0],[431.0,366.0],[431.0,364.0],[433.0,363.6666666666667],[433.0,363.0],[436.0,363.0],[436.0,362.0],[437.0,362.0],[437.0,360.0],[436.0,360.0],[436.0,359.0],[435.0,359.0],[435.0,358.0],[434.0,358.0],[434.0,357.0],[433.0,357.0],[433.0,356.0],[433.0,355.0],[432.0,355.0],[432.0,354.0],[432.0,351.0],[432.0,350.0],[433.0,350.0],[435.0,350.0],[435.0,349.0],[436.0,349.0],[436.0,348.0],[437.0,348.0],[437.0,347.0],[438.0,347.0],[438.0,346.0],[439.0,346.0],[439.0,344.0],[438.0,344.0],[438.0,343.0],[436.0,343.0],[436.0,344.0],[434.0,344.0],[434.0,343.0],[434.0,342.0],[433.0,342.0],[433.0,341.0],[433.0,337.0],[432.0,337.0],[432.0,336.0],[433.0,336.0],[433.0,334.0],[432.0,334.0],[432.0,333.0],[431.0,333.0],[431.0,332.0],[430.0,332.0],[430.0,333.0],[429.0,333.0],[429.0,334.0],[428.0,334.0],[428.0,335.0],[427.0,335.0],[427.0,336.0],[426.0,336.0],[424.0,336.0],[423.0,336.0],[423.0,335.0],[422.0,335.0],[422.0,334.0],[420.0,334.0],[420.0,335.0],[419.0,335.0],[419.0,336.0],[418.0,336.0],[418.0,337.0],[417.0,337.0],[417.0,336.0],[416.0,336.0],[416.0,335.0],[415.0,335.0],[414.0,335.0],[414.0,334.0],[412.0,334.0],[411.0,334.0],[411.0,333.0],[408.0,333.0],[408.0,334.0],[406.0,334.0],[406.0,332.0],[407.0,332.0],[408.0,332.0],[408.0,331.0],[409.0,331.0],[409.0,330.0],[410.0,330.0],[410.0,329.0],[411.0,329.0],[412.0,328.75],[412.0,328.0],[414.0,328.0],[414.0,327.0],[415.0,327.0],[416.0,327.0],[416.0,326.0],[417.0,326.0],[417.0,325.0],[417.0,324.0],[418.0,324.0],[418.0,323.0],[418.0,322.0],[419.0,322.0],[423.0,322.0],[423.0,321.0],[424.0,321.0],[424.0,318.0],[423.0,318.0],[423.0,317.0],[422.0,317.0],[422.0,316.0],[421.0,316.0],[421.0,315.0],[421.0,314.0],[420.0,314.0],[420.0,313.0],[418.0,313.0],[418.0,314.0],[417.0,314.0],[416.0,314.0],[416.0,315.0],[415.0,315.0],[414.0,315.0],[414.0,316.0],[413.0,316.0],[413.0,315.0],[413.0,313.0],[413.0,312.0],[414.0,312.0],[414.0,307.0],[413.0,307.0],[413.0,306.0],[412.0,306.0],[411.0,306.0],[411.0,305.0],[409.0,305.0],[409.0,306.0],[407.0,306.0],[407.0,305.0],[404.0,305.0],[404.0,306.0],[402.0,306.0],[402.0,305.0],[401.0,305.0],[401.0,304.0],[400.0,304.0],[400.0,303.0],[398.0,303.0],[398.0,304.0],[397.0,304.0],[397.0,305.0],[396.0,305.0],[396.0,310.0],[396.0,311.0],[395.0,311.0],[395.0,312.0],[392.0,312.0],[392.0,311.0],[391.0,311.0],[391.0,309.0],[392.0,309.0],[392.0,308.0],[392.0,307.0],[393.0,307.0],[393.0,306.0],[393.0,305.0],[394.0,305.0],[394.0,303.0],[395.0,303.0],[395.0,299.0],[395.0,298.0],[396.0,298.0],[397.0,298.0],[397.0,297.0],[398.0,297.0],[398.0,295.0],[397.0,295.0],[397.0,294.0],[396.0,294.0],[396.0,293.0],[391.0,293.0],[391.0,294.0],[389.0,294.0],[389.0,293.0],[388.0,293.0],[387.0,293.0],[387.0,292.0],[384.0,292.0],[384.0,293.0],[383.0,293.0],[383.0,294.0],[382.0,294.0],[382.0,295.0],[381.0,295.0],[381.0,296.0],[380.0,296.0],[379.0,296.0],[379.0,297.0],[378.0,297.0],[374.0,297.0],[374.0,298.0],[373.0,298.0],[373.0,299.0],[372.0,299.0],[372.0,300.0],[371.0,300.0],[371.0,301.0],[371.0,302.0],[370.0,302.0],[370.0,303.0],[369.0,303.0],[369.0,304.0],[368.0,304.0],[368.0,305.0],[367.0,305.0],[367.0,308.0],[368.0,308.0],[368.0,309.0],[371.0,309.0],[371.0,308.0],[372.0,308.0],[372.0,307.0],[373.0,307.0],[373.0,306.0],[374.0,306.0],[374.0,305.0],[375.0,305.0],[375.0,304.0],[377.0,304.0],[377.0,305.0],[377.0,306.0],[377.0,307.0],[376.0,307.0],[376.0,311.0],[377.0,311.0],[377.0,312.0],[377.0,313.0],[378.0,313.0],[378.0,314.0],[380.0,314.0],[380.0,313.0],[381.0,313.0],[381.0,314.0],[382.0,314.0],[382.0,315.0],[382.0,316.0],[381.0,316.0],[381.0,317.0],[381.0,318.0],[380.0,318.0],[380.0,320.0],[380.0,321.0],[379.0,321.0],[379.0,322.0],[379.0,323.0],[378.0,323.0],[378.0,324.0],[377.0,324.0],[377.0,325.0],[376.0,325.0],[376.0,326.0],[375.0,326.0],[372.0,326.0],[372.0,327.0],[371.0,327.0],[371.0,329.0],[371.0,330.0],[370.0,330.0],[370.0,331.0],[370.0,332.0],[369.0,332.0],[369.0,333.0],[368.0,333.0],[368.0,334.0],[368.0,335.0],[367.0,335.0],[366.0,335.0],[366.0,336.0],[365.0,336.0],[365.0,337.0],[364.0,337.0],[362.0,337.0],[361.0,337.0],[361.0,336.0],[360.0,336.0],[360.0,337.0],[359.0,337.0],[359.0,341.0],[360.0,341.0],[360.0,342.0],[360.0,343.0],[361.0,343.0],[361.0,345.0],[360.0,345.0],[355.0,345.0],[355.0,346.0],[354.0,346.0],[352.0,346.0],[352.0,347.0],[351.0,347.0],[350.0,347.0],[350.0,348.0],[349.0,348.0],[349.0,349.0],[348.0,349.0],[348.0,350.0],[347.0,350.0],[346.0,350.0],[346.0,347.0],[346.0,346.0],[347.0,346.0],[347.0,343.0],[346.0,343.0],[346.0,342.0],[345.0,342.0],[345.0,343.0],[344.0,343.0],[343.0,343.0],[343.0,344.0],[342.0,344.0],[342.0,345.0],[341.0,345.0],[341.0,346.0],[341.0,347.0],[340.0,347.0],[340.0,350.0],[340.0,351.0],[339.0,351.0],[339.0,352.0],[338.0,352.0],[338.0,353.0],[337.0,353.0],[336.0,353.0],[336.0,354.0],[335.0,354.0],[335.0,355.0],[334.0,355.0],[334.0,354.0],[332.0,354.0],[331.0,354.0],[331.0,353.0],[330.0,353.0],[330.0,352.0],[329.0,352.0],[329.0,351.0],[328.0,351.0],[328.0,348.0],[327.0,348.0],[327.0,347.0],[326.0,347.0],[326.0,346.0],[325.0,346.0],[325.0,347.0],[324.0,347.0],[323.0,347.0],[323.0,348.0],[322.0,348.0],[321.0,348.0],[320.0,348.0],[320.0,347.0],[319.0,347.0],[319.0,346.0],[318.0,346.0],[317.0,346.0],[317.0,345.0],[314.0,345.0],[314.0,346.0],[313.0,346.0],[313.0,347.0],[312.0,347.0],[312.0,348.0],[311.0,348.0],[311.0,349.0],[310.0,349.0],[310.0,353.0],[311.0,353.0],[311.0,354.0],[311.0,355.0],[312.0,355.0],[312.0,356.0],[313.0,356.0],[313.0,357.0],[314.0,357.0],[314.0,358.0],[315.0,358.0],[315.0,359.0],[316.0,359.0],[317.0,359.0],[317.0,360.0],[318.0,360.0],[318.0,361.0],[319.0,361.0],[319.0,362.0],[319.0,364.0],[320.0,364.0],[320.0,366.0],[319.0,366.0],[319.0,367.0],[317.0,367.0],[317.0,366.0],[316.0,366.0],[316.0,365.0],[315.0,365.0],[315.0,364.0],[312.0,364.0],[312.0,362.0],[311.0,362.0],[311.0,361.0],[311.0,360.0],[310.0,360.0],[310.0,359.0],[309.0,359.0],[309.0,358.0],[308.0,358.0],[308.0,357.0],[307.0,357.0],[307.0,356.0],[306.0,356.0],[306.0,354.0],[305.0,354.0],[305.0,353.0],[305.0,349.0],[305.0,348.0],[306.0,348.0],[306.0,347.0],[306.0,346.0],[307.0,346.0],[307.0,345.0],[308.0,345.0],[308.0,344.0],[309.0,344.0],[309.0,343.0],[310.0,343.0],[310.0,338.0],[309.0,338.0],[309.0,337.0],[308.0,337.0],[308.0,338.0],[307.0,338.0],[307.0,339.0],[306.0,339.0],[306.0,340.0],[305.0,340.0],[305.0,341.0],[304.0,341.0],[304.0,342.0],[304.0,343.0],[303.0,343.0],[298.0,343.0],[297.0,343.0],[297.0,342.0],[296.0,342.0],[296.0,341.0],[295.0,341.0],[294.75,340.0],[294.0,340.0],[294.0,338.0],[293.0,338.0],[293.0,337.0],[292.0,337.0],[292.0,336.0],[291.0,336.0],[291.0,335.0],[291.0,334.0],[290.0,334.0],[290.0,333.0],[286.0,333.0],[285.0,333.0],[285.0,331.0],[284.0,331.0],[284.0,330.0],[283.0,330.0],[283.0,329.0],[282.0,329.0],[282.0,330.0],[281.0,330.0],[280.0,330.0],[280.0,331.0],[279.0,331.0],[273.0,331.0],[272.0,331.0],[272.0,330.0],[270.0,330.0],[269.0,330.0],[269.0,329.0],[268.0,329.0],[268.0,328.0],[267.0,328.0],[267.0,327.0],[263.0,327.0],[262.0,327.0],[262.0,326.0],[262.0,325.0],[261.0,325.0],[261.0,324.0],[261.0,322.0],[260.0,322.0],[260.0,321.0],[260.0,320.0],[259.0,320.0],[259.0,319.0],[256.0,319.0],[256.0,320.0],[255.0,320.0],[254.0,320.0],[254.0,321.0],[253.0,321.0],[251.0,321.0],[250.0,321.0],[250.0,319.0],[251.0,319.0],[251.0,318.0],[251.75,318.0],[252.0,317.0],[252.0,316.0],[253.0,316.0],[253.0,312.0],[252.0,312.0],[252.0,311.0],[249.0,311.0],[249.0,312.0],[248.0,312.0],[245.0,312.0],[244.0,312.0],[244.0,311.0],[243.0,311.0],[242.0,311.0],[242.0,310.0],[241.0,310.0],[241.0,311.0],[240.0,311.0],[239.0,311.0],[239.0,312.0],[237.0,312.0],[237.0,311.0],[235.0,311.0],[234.0,311.0],[234.0,310.0],[233.0,310.0],[233.0,309.0],[232.0,309.0],[232.0,308.0],[231.0,308.0],[230.0,308.0],[230.0,307.0],[230.0,306.0],[229.0,306.0],[229.0,305.0],[228.0,305.0],[228.0,304.0],[226.0,304.0],[226.0,305.0],[225.0,305.0],[225.0,306.0],[226.0,306.0],[226.0,307.0],[226.0,309.0],[227.0,309.0],[227.0,310.0],[227.0,311.0],[228.0,311.0],[228.0,312.0],[228.0,313.0],[229.0,313.0],[229.0,314.0],[230.0,314.0],[230.0,315.0],[231.0,315.0],[231.0,316.0],[232.0,316.0],[232.0,317.0],[233.0,317.0],[233.0,318.0],[234.0,318.0],[234.0,319.0],[234.0,321.0],[233.0,321.0],[233.0,322.0],[232.0,322.0],[232.0,323.0],[231.0,323.0],[227.0,323.0],[227.0,320.0],[226.0,320.0],[226.0,319.0],[226.0,318.0],[225.0,318.0],[225.0,317.0],[217.0,317.0],[216.0,317.0],[216.0,316.0],[215.0,316.0],[214.0,316.0],[214.0,314.0],[213.0,314.0],[213.0,313.0],[213.0,311.0],[212.0,311.0],[212.0,310.0],[212.0,305.0],[211.0,305.0],[211.0,304.0],[210.0,304.0],[210.0,303.0],[209.0,303.0],[209.0,302.0],[207.0,302.0],[207.0,303.0],[206.0,303.0],[206.0,304.0],[205.0,304.0],[205.0,305.0],[205.0,306.0],[204.0,306.0],[204.0,308.0],[205.0,308.0],[205.0,309.0],[206.0,309.0],[206.0,310.0],[207.0,310.0],[208.0,310.0],[208.0,311.0],[209.0,311.0],[209.0,312.0],[209.0,314.0],[206.0,314.0],[206.0,313.25],[205.0,313.0],[204.0,313.0],[204.0,312.0],[203.0,312.0],[202.0,312.0],[201.0,312.0],[200.0,312.0],[200.0,311.0],[199.0,311.0],[198.0,311.0],[198.0,310.0],[197.0,310.0],[196.0,310.0],[196.0,309.0],[195.0,309.0],[194.0,309.0],[194.0,308.0],[193.0,308.0],[192.0,308.0],[192.0,307.0],[188.0,307.0],[188.0,308.0],[187.0,308.0],[187.0,307.0],[186.0,307.0],[186.0,308.0],[185.0,308.0],[185.0,309.0],[184.0,309.0],[182.0,309.0],[182.0,310.0],[181.0,310.0],[181.0,312.0],[182.0,312.0],[182.0,313.0],[182.0,314.0]]],[[[267.0,406.0],[267.0,407.0],[268.0,407.0],[268.0,408.0],[269.0,408.0],[269.0,409.0],[270.0,409.0],[270.0,410.0],[271.0,410.0],[271.0,411.0],[272.0,411.0],[272.0,412.0],[273.0,412.0],[274.0,412.0],[274.0,413.0],[276.0,413.0],[277.0,413.0],[277.0,414.0],[277.0,416.0],[278.0,416.0],[278.0,417.0],[279.0,417.0],[279.0,417.5],[281.0,418.0],[282.0,418.0],[282.0,419.0],[285.0,419.0],[286.0,419.0],[286.0,420.0],[288.0,420.0],[289.0,420.0],[289.0,421.0],[291.0,421.0],[292.0,421.0],[292.0,422.0],[297.0,422.0],[297.0,421.0],[298.0,421.0],[298.0,419.0],[297.0,419.0],[297.0,418.0],[297.0,417.0],[296.0,417.0],[296.0,416.0],[295.0,416.0],[295.0,415.0],[293.0,415.0],[292.0,415.0],[292.0,414.0],[290.0,414.0],[289.0,414.0],[289.0,413.0],[288.0,413.0],[288.0,412.0],[287.0,412.0],[287.0,411.0],[286.0,411.0],[286.0,410.0],[285.0,410.0],[285.0,409.0],[284.0,409.0],[284.0,408.0],[283.0,408.0],[282.0,408.0],[282.0,407.0],[281.0,407.0],[281.0,406.0],[281.0,404.0],[280.0,404.0],[280.0,403.0],[279.0,403.0],[279.0,402.0],[278.0,402.0],[278.0,401.0],[276.0,401.0],[275.0,401.0],[275.0,400.0],[274.0,400.0],[274.0,399.0],[271.0,399.0],[271.0,400.0],[270.0,400.0],[270.0,401.0],[269.0,401.0],[268.0,401.0],[268.0,402.0],[267.0,402.0],[265.0,402.0],[265.0,403.0],[264.0,403.0],[264.0,404.0],[265.0,404.0],[265.0,405.0],[266.0,405.0],[266.0,406.0],[267.0,406.0]]],[[[213.0,454.0],[214.0,454.0],[214.0,455.0],[214.0,456.0],[214.0,457.0],[213.0,457.0],[213.0,460.0],[214.0,460.0],[214.0,461.0],[215.0,461.0],[215.0,462.0],[215.0,463.0],[216.0,463.0],[216.0,464.0],[217.0,464.0],[217.0,465.0],[218.0,465.0],[219.0,465.0],[219.0,466.0],[223.0,466.0],[223.0,465.0],[224.0,465.0],[224.0,463.0],[223.0,463.0],[223.0,462.0],[222.0,462.0],[222.0,461.0],[222.0,457.0],[222.0,456.0],[223.0,456.0],[226.0,456.0],[226.0,455.0],[227.0,455.0],[227.0,454.0],[228.0,454.0],[228.0,452.0],[227.0,452.0],[227.0,451.0],[226.0,451.0],[226.0,450.0],[225.0,450.0],[225.0,449.0],[218.0,449.0],[217.0,449.0],[217.0,448.0],[216.0,448.0],[216.0,447.0],[215.0,447.0],[214.0,447.0],[214.0,446.0],[213.0,446.0],[213.0,445.0],[213.0,444.0],[212.0,444.0],[212.0,443.0],[211.0,443.0],[211.0,444.0],[210.0,444.0],[210.0,445.0],[209.0,445.0],[209.0,446.0],[208.0,446.0],[208.0,447.0],[208.0,448.0],[207.0,448.0],[207.0,449.0],[207.0,450.0],[206.0,450.0],[206.0,451.0],[207.0,451.0],[207.0,452.0],[208.0,452.0],[208.0,453.0],[209.0,453.0],[209.0,454.0],[213.0,454.0]]],[[[242.0,475.0],[242.0,474.0],[243.0,474.0],[244.0,474.0],[244.0,473.0],[245.0,473.0],[246.0,472.875],[246.0,472.0],[247.0,472.0],[247.0,472.75],[248.0,472.625],[248.0,472.0],[252.0,472.0],[252.0,471.0],[253.0,471.0],[253.0,470.0],[252.0,470.0],[252.0,469.0],[252.0,468.0],[251.0,468.0],[251.0,467.0],[246.0,467.0],[245.0,467.0],[245.0,466.0],[244.0,466.0],[244.0,467.0],[243.0,467.0],[242.0,467.0],[242.0,468.0],[241.0,468.0],[241.0,469.0],[240.0,469.0],[240.0,470.0],[239.0,470.0],[239.0,471.0],[239.0,472.0],[238.0,472.0],[238.0,473.0],[239.0,473.0],[239.0,474.0],[240.0,474.0],[240.0,475.0],[242.0,475.0]]]]}},{"type":"Feature","id":"country-002","properties":{"id":"country-002","name":"Unassigned","type":"country","status":"mask-defined","source":"countries-mask-shared-topology","extractionConfidence":"authoritative-mask","rgb":[0,38,255],"color":"#0026ff","polygonCount":3,"holeCount":1,"styleIndex":1,"displayClip":"authoritative-land-mask"},"geometry":{"type":"MultiPolygon","coordinates":[[[[1013.0,432.0],[1013.0,431.0],[1014.0,431.0],[1018.0,431.0],[1018.0,430.0],[1019.0,430.0],[1019.0,429.0],[1020.0,429.0],[1020.0,428.0],[1021.0,428.0],[1021.0,427.0],[1022.0,427.0],[1023.0,427.0],[1023.0,426.0],[1024.0,426.0],[1024.0,425.0],[1025.0,425.0],[1025.0,424.0],[1026.0,423.7142857142857],[1026.0,423.0],[1028.5,423.0],[1029.0,422.85714285714283],[1029.0,422.0],[1031.0,422.0],[1031.0,421.0],[1032.0,421.0],[1032.0,420.0],[1031.0,420.0],[1031.0,419.0],[1029.0,419.0],[1028.0,419.0],[1028.0,418.0],[1025.0,418.0],[1025.0,419.0],[1024.0,419.0],[1024.0,420.0],[1023.0,420.0],[1023.0,421.0],[1022.0,421.0],[1022.0,422.0],[1021.0,422.0],[1019.0,422.0],[1019.0,423.0],[1018.0,423.0],[1018.0,424.0],[1017.0,424.0],[1011.0,424.0],[1011.0,425.0],[1010.0,425.0],[1010.0,429.0],[1011.0,429.0],[1011.0,430.0],[1011.0,431.0],[1012.0,431.0],[1012.0,432.0],[1013.0,432.0]]],[[[1043.0,442.0],[1044.0,442.0],[1044.0,443.0],[1044.0,444.0],[1045.0,444.0],[1045.0,445.0],[1046.0,445.0],[1047.0,445.0],[1047.0,446.0],[1047.0,447.0],[1048.0,447.0],[1048.0,448.0],[1049.0,448.0],[1049.0,449.0],[1050.0,449.0],[1050.0,450.0],[1052.0,450.0],[1052.0,450.5],[1055.0,451.0],[1055.0,450.0],[1057.0,450.0],[1057.0,449.0],[1058.0,449.0],[1058.0,447.0],[1057.0,447.0],[1057.0,446.0],[1056.0,446.0],[1056.0,445.0],[1054.0,445.0],[1053.0,445.0],[1053.0,444.0],[1053.0,443.0],[1052.0,443.0],[1052.0,442.0],[1051.0,442.0],[1050.0,442.0],[1050.0,441.0],[1048.0,441.0],[1047.0,441.0],[1047.0,440.0],[1046.0,440.0],[1046.0,439.0],[1044.0,439.0],[1044.0,440.0],[1043.0,440.0],[1043.0,442.0]]],[[[977.0,487.0],[978.0,487.0],[978.0,488.0],[978.0,490.0],[979.0,490.0],[979.0,491.0],[980.0,491.0],[980.0,492.0],[981.0,492.0],[984.0,492.0],[984.0,493.0],[985.0,493.0],[987.0,493.0],[990.0,493.0],[990.0,492.0],[991.0,492.0],[992.0,492.0],[992.0,491.0],[993.0,491.0],[994.0,491.0],[994.0,490.0],[995.0,490.0],[995.0,489.0],[995.5,489.0],[996.0,488.0],[1001.0,488.0],[1001.0,487.0],[1002.0,487.0],[1002.0,486.0],[1003.0,486.0],[1003.0,485.0],[1004.0,485.0],[1004.0,484.0],[1005.0,484.0],[1005.0,483.0],[1006.0,483.0],[1006.0,482.0],[1006.5,482.0],[1007.0,481.0],[1009.0,481.0],[1009.0,482.0],[1010.0,482.0],[1010.0,482.5],[1011.0,483.0],[1011.0,485.0],[1011.0,486.0],[1011.0,487.0],[1011.0,488.0],[1012.0,488.0],[1012.0,489.0],[1013.0,489.0],[1014.0,489.0],[1014.0,490.0],[1015.0,490.0],[1016.0,490.0],[1016.0,491.0],[1018.0,491.0],[1020.0,491.0],[1021.0,491.0],[1021.0,490.0],[1024.0,490.0],[1024.0,489.0],[1025.0,489.0],[1025.0,488.0],[1027.0,488.0],[1027.0,487.0],[1029.0,487.0],[1030.0,487.0],[1030.0,486.0],[1031.0,486.0],[1032.0,486.0],[1032.0,485.0],[1033.0,485.0],[1033.0,484.0],[1033.0,483.0],[1035.0,483.0],[1036.0,483.0],[1036.0,482.0],[1036.0,481.0],[1036.0,480.0],[1035.0,480.0],[1034.5,479.0],[1034.0,479.0],[1034.0,478.0],[1033.0,478.0],[1032.0,478.0],[1032.0,477.0],[1030.0,477.0],[1029.0,477.0],[1029.0,476.0],[1028.0,476.0],[1028.0,475.5],[1027.0,475.0],[1028.0,473.0],[1029.0,473.0],[1030.0,473.0],[1031.0,473.0],[1031.0,474.0],[1033.0,474.0],[1035.0,474.0],[1038.0,474.0],[1038.0,475.0],[1040.0,475.0],[1044.0,475.0],[1046.0,475.0],[1046.0,474.0],[1047.0,474.0],[1049.0,474.0],[1049.0,473.0],[1050.0,472.5],[1050.0,472.0],[1051.0,472.0],[1051.0,469.0],[1050.0,469.0],[1050.0,468.0],[1049.0,468.0],[1047.0,468.0],[1047.0,467.0],[1045.0,467.0],[1045.0,465.0],[1044.0,465.0],[1045.0,457.0],[1044.0,457.0],[1044.0,455.0],[1043.0,455.0],[1043.0,454.0],[1043.0,453.0],[1042.0,453.0],[1042.0,452.0],[1041.0,452.0],[1041.0,451.0],[1038.0,451.0],[1038.0,452.0],[1037.0,452.0],[1037.0,453.0],[1036.0,453.0],[1036.0,454.0],[1034.0,454.3333333333333],[1034.0,455.0],[1031.0,455.0],[1031.0,454.8333333333333],[1030.0,455.0],[1030.0,454.0],[1031.0,454.0],[1031.0,453.0],[1032.0,453.0],[1032.0,452.0],[1032.5,452.0],[1033.0,451.0],[1034.0,451.0],[1036.0,451.0],[1036.0,450.0],[1037.0,450.0],[1037.0,449.0],[1038.0,449.0],[1038.0,448.0],[1039.0,448.0],[1039.0,447.0],[1038.0,447.0],[1038.0,446.0],[1037.0,446.0],[1037.0,445.0],[1036.0,445.0],[1036.0,441.0],[1036.0,440.0],[1035.0,440.0],[1035.0,439.0],[1033.0,439.0],[1032.5,438.0],[1032.0,438.0],[1032.0,437.0],[1031.0,437.0],[1031.0,436.0],[1030.0,436.0],[1030.0,435.0],[1029.0,435.0],[1028.0,435.0],[1027.5,434.0],[1026.0,434.0],[1026.0,433.0],[1026.0,432.0],[1026.0,431.0],[1025.0,431.0],[1025.0,430.0],[1024.0,430.0],[1022.0,430.0],[1021.0,430.0],[1021.0,431.0],[1020.0,431.0],[1020.0,432.0],[1018.5,432.0],[1018.0,433.0],[1017.0,433.0],[1017.0,434.0],[1016.0,434.0],[1012.0,434.0],[1011.5,433.0],[1010.0,433.0],[1010.0,432.0],[1009.0,432.0],[1009.0,431.0],[1008.0,431.0],[1008.0,430.0],[1002.0,430.0],[1001.0,430.0],[1001.0,429.0],[1000.0,429.0],[1000.0,428.0],[999.0,428.0],[998.5,427.0],[998.0,427.0],[998.0,426.0],[997.0,426.0],[997.0,425.0],[996.0,425.0],[996.0,424.0],[993.0,424.0],[993.0,425.0],[992.0,425.0],[991.0,425.0],[990.0,425.0],[990.0,424.0],[989.0,424.0],[989.0,423.0],[987.0,423.0],[986.0,423.0],[986.0,422.0],[985.0,422.0],[985.0,421.0],[983.0,421.0],[982.0,421.0],[980.0,421.0],[980.0,422.0],[979.0,422.0],[976.0,422.0],[976.0,423.0],[973.0,423.0],[973.0,440.0],[972.0,440.0],[972.0,448.0],[972.0,449.0],[973.0,449.0],[973.0,450.0],[974.0,450.0],[974.0,451.0],[975.0,451.0],[975.0,452.0],[976.0,452.0],[976.0,453.0],[977.0,453.0],[977.0,454.0],[978.0,454.0],[978.0,455.0],[979.0,455.0],[979.0,456.0],[980.0,456.0],[980.0,457.0],[982.0,458.0],[982.0,460.0],[983.0,460.0],[983.0,461.0],[982.0,461.0],[982.0,463.0],[983.0,463.0],[983.0,466.0],[982.0,466.0],[982.0,468.0],[981.0,468.0],[981.0,469.0],[979.0,469.0],[979.0,470.0],[977.0,471.0],[977.0,473.0],[976.0,473.0],[976.0,474.0],[975.0,474.0],[975.0,475.0],[974.0,475.0],[974.0,476.0],[972.0,477.0],[972.0,484.0],[977.0,484.0],[977.0,486.0],[977.0,487.0]]]]}},{"type":"Feature","id":"country-003","properties":{"id":"country-003","name":"Unassigned","type":"country","status":"mask-defined","source":"countries-mask-shared-topology","extractionConfidence":"authoritative-mask","rgb":[0,74,127],"color":"#004a7f","polygonCount":7,"holeCount":3,"styleIndex":2,"displayClip":"authoritative-land-mask"},"geometry":{"type":"MultiPolygon","coordinates":[[[[281.0,460.0],[281.0,461.0],[282.0,461.0],[282.0,462.0],[284.0,462.0],[284.0,463.0],[286.0,463.0],[286.0,464.0],[288.0,464.0],[288.0,463.0],[289.0,463.0],[289.0,462.0],[289.0,461.0],[290.0,461.0],[300.0,461.0],[300.0,460.0],[301.0,460.0],[301.0,457.0],[300.0,457.0],[300.0,456.0],[295.0,456.0],[294.0,456.0],[294.0,455.0],[293.0,455.0],[293.0,454.0],[292.0,454.0],[292.0,453.0],[289.0,453.0],[289.0,454.0],[288.0,454.0],[288.0,455.0],[287.0,455.0],[286.0,455.0],[286.0,456.0],[283.0,456.0],[283.0,455.5],[281.0,455.1666666666667],[281.0,456.0],[280.0,456.0],[280.0,460.0],[281.0,460.0]]],[[[276.0,467.0],[277.0,467.0],[280.0,467.0],[281.0,467.0],[281.0,466.0],[281.0,465.0],[281.0,463.0],[280.0,463.0],[280.0,462.5],[279.0,462.0],[278.0,462.0],[278.0,461.0],[276.0,461.0],[276.0,462.0],[275.0,462.0],[275.0,466.0],[276.0,466.0],[276.0,467.0]]],[[[339.0,495.0],[340.0,495.0],[340.0,496.0],[343.0,496.0],[343.0,495.0],[344.0,495.0],[344.0,493.0],[343.0,493.0],[343.0,492.0],[343.0,489.0],[343.0,488.0],[344.0,488.0],[344.0,487.0],[344.0,486.0],[345.0,486.0],[345.0,485.0],[344.0,485.0],[344.0,484.0],[342.0,484.0],[342.0,485.0],[341.0,485.0],[341.0,486.0],[341.0,487.0],[340.0,487.0],[339.0,487.0],[339.0,488.0],[338.0,488.0],[338.0,489.0],[339.0,489.0],[339.0,490.0],[339.0,495.0]]],[[[285.0,471.0],[285.0,472.0],[286.0,472.0],[286.0,473.0],[287.0,473.0],[288.0,473.0],[293.0,473.0],[294.0,473.0],[294.0,472.0],[295.0,472.0],[295.0,470.0],[294.0,470.0],[294.0,469.5],[293.0,469.0],[293.0,468.0],[286.0,468.0],[286.0,469.0],[285.0,469.0],[285.0,471.0]]],[[[327.0,557.0],[328.0,557.0],[328.0,556.0],[327.0,556.0],[327.0,553.0],[326.0,553.0],[326.0,547.0],[325.0,547.0],[325.0,542.0],[324.0,542.0],[324.0,536.0],[323.0,536.0],[323.0,534.0],[324.0,534.0],[324.0,529.0],[326.0,528.0],[326.0,526.0],[327.0,526.0],[327.0,525.0],[328.0,525.0],[328.0,523.0],[330.0,522.0],[330.0,519.0],[332.0,518.0],[332.0,517.0],[333.0,517.0],[333.0,516.0],[334.0,516.0],[334.0,514.0],[336.0,513.0],[336.0,511.0],[338.0,510.0],[338.0,508.0],[339.0,508.0],[339.0,505.0],[338.0,505.0],[337.0,505.0],[337.0,504.0],[335.0,504.0],[335.0,502.0],[336.0,502.0],[336.0,501.0],[335.0,501.0],[335.0,500.0],[334.0,500.0],[334.0,498.0],[335.0,498.0],[335.0,497.0],[334.0,497.0],[334.0,496.0],[332.0,496.0],[332.0,491.0],[333.0,491.0],[333.0,490.0],[334.0,490.0],[334.0,487.0],[333.0,487.0],[333.0,486.0],[332.0,486.0],[332.0,485.0],[331.0,485.0],[331.0,482.0],[330.0,482.0],[330.0,481.0],[329.0,481.0],[329.0,480.0],[330.0,480.0],[330.0,478.0],[329.0,478.0],[329.0,477.0],[328.0,477.0],[328.0,475.0],[327.0,475.0],[327.0,474.0],[326.0,474.0],[326.0,473.0],[325.0,473.0],[325.0,474.0],[322.0,474.0],[322.0,473.0],[321.0,473.0],[321.0,474.0],[320.0,474.0],[320.0,473.0],[318.0,473.0],[318.0,472.0],[316.0,472.0],[316.0,473.0],[315.0,473.0],[315.0,472.0],[313.0,472.0],[313.0,471.0],[310.0,471.0],[310.0,470.0],[311.0,470.0],[311.0,469.0],[310.0,469.0],[310.0,468.0],[309.0,468.0],[309.0,467.0],[308.0,467.0],[308.0,468.0],[307.0,468.0],[307.0,469.0],[306.0,469.0],[306.0,470.0],[305.0,470.0],[305.0,469.0],[303.0,469.0],[303.0,470.0],[302.0,470.0],[302.0,471.0],[301.0,471.0],[301.0,472.0],[300.0,472.0],[300.0,473.0],[298.0,473.0],[298.0,474.0],[297.0,474.0],[297.0,475.0],[296.0,475.0],[296.0,476.0],[297.0,476.0],[297.0,477.0],[298.0,477.0],[298.0,478.0],[299.0,478.0],[299.0,480.0],[298.0,480.0],[298.0,481.0],[295.0,481.0],[295.0,480.0],[294.0,480.0],[294.0,479.0],[290.0,479.0],[290.0,478.0],[291.0,478.0],[291.0,477.0],[290.0,477.0],[290.0,476.0],[286.0,476.0],[286.0,474.0],[285.0,474.0],[285.0,473.0],[283.0,473.0],[283.0,474.0],[282.0,474.0],[282.0,476.0],[281.0,476.0],[281.0,477.0],[280.0,477.0],[280.0,478.0],[279.0,478.0],[279.0,479.0],[277.0,479.0],[277.0,478.0],[278.0,478.0],[278.0,476.0],[277.0,476.0],[277.0,473.0],[278.0,473.0],[278.0,472.0],[279.0,472.0],[279.0,471.0],[278.0,471.0],[278.0,470.0],[277.0,470.0],[277.0,469.0],[275.0,469.0],[275.0,470.0],[272.0,470.0],[272.0,467.0],[271.0,467.0],[271.0,466.0],[270.0,466.0],[270.0,465.0],[269.0,465.0],[269.0,464.0],[268.0,464.0],[268.0,463.0],[267.0,463.0],[267.0,464.0],[263.0,464.0],[263.0,463.0],[262.0,463.0],[262.0,462.0],[261.0,462.0],[261.0,463.0],[260.0,463.0],[260.0,464.0],[259.0,464.0],[259.0,465.0],[258.0,465.0],[258.0,466.0],[259.0,466.0],[259.0,467.0],[260.0,467.0],[260.0,468.0],[261.0,468.0],[261.0,471.0],[262.0,471.0],[262.0,472.0],[261.0,472.0],[261.0,474.0],[260.0,474.0],[260.0,475.0],[259.0,475.0],[259.0,476.0],[257.0,476.0],[257.0,477.0],[256.0,477.0],[256.0,479.0],[257.0,479.0],[257.0,480.0],[258.0,480.0],[258.0,481.0],[259.0,481.0],[259.0,482.0],[260.0,482.0],[260.0,483.0],[266.0,483.0],[266.0,484.0],[267.0,484.0],[267.0,485.0],[266.0,485.0],[266.0,486.0],[265.0,486.0],[265.0,487.0],[266.0,487.0],[266.0,488.0],[268.0,488.0],[268.0,490.0],[267.0,490.0],[267.0,491.0],[266.0,491.0],[266.0,490.0],[265.0,490.0],[265.0,489.0],[263.0,489.0],[263.0,487.0],[262.0,487.0],[262.0,486.0],[258.0,486.0],[258.0,485.0],[257.0,485.0],[257.0,483.0],[256.0,483.0],[256.0,482.0],[253.0,482.0],[253.0,481.0],[252.0,481.0],[252.0,480.0],[251.0,480.0],[251.0,481.0],[248.0,481.0],[248.0,480.0],[247.0,480.0],[247.0,479.0],[244.0,479.0],[244.0,480.0],[243.0,480.0],[243.0,485.0],[244.0,485.0],[244.0,486.0],[243.0,486.0],[243.0,487.0],[241.0,487.0],[241.0,488.0],[236.0,488.0],[236.0,489.0],[235.0,489.0],[235.0,491.0],[234.0,491.0],[234.0,492.0],[233.0,492.0],[233.0,493.0],[232.0,493.0],[232.0,495.0],[233.0,495.0],[233.0,497.0],[232.0,497.0],[232.0,498.0],[233.0,498.0],[233.0,499.0],[237.0,499.0],[237.0,500.0],[238.0,500.0],[238.0,501.0],[239.0,501.0],[239.0,502.0],[240.0,502.0],[240.0,504.0],[238.0,504.0],[238.0,505.0],[237.0,505.0],[237.0,506.0],[238.0,506.0],[238.0,507.0],[241.0,507.0],[241.0,508.0],[243.0,508.0],[243.0,509.0],[244.0,509.0],[244.0,508.0],[245.0,508.0],[245.0,509.0],[246.0,509.0],[246.0,510.0],[248.0,510.0],[248.0,511.0],[249.0,511.0],[249.0,512.0],[251.0,512.0],[251.0,511.0],[254.0,511.0],[254.0,510.0],[255.0,510.0],[255.0,509.0],[256.0,509.0],[256.0,508.0],[258.0,508.0],[258.0,507.0],[259.0,507.0],[259.0,506.0],[262.0,506.0],[262.0,507.0],[263.0,507.0],[263.0,510.0],[264.0,510.0],[264.0,511.0],[265.0,511.0],[265.0,512.0],[268.0,512.0],[268.0,511.0],[271.0,511.0],[271.0,512.0],[272.0,512.0],[272.0,513.0],[273.0,513.0],[273.0,514.0],[274.0,514.0],[274.0,513.0],[277.0,513.0],[277.0,515.0],[276.0,515.0],[276.0,518.0],[277.0,518.0],[277.0,519.0],[278.0,519.0],[278.0,520.0],[277.0,520.0],[277.0,523.0],[276.0,523.0],[276.0,524.0],[277.0,524.0],[277.0,527.0],[276.0,527.0],[276.0,530.0],[277.0,530.0],[277.0,531.0],[278.0,531.0],[278.0,532.0],[279.0,532.0],[279.0,533.0],[280.0,533.0],[280.0,534.0],[281.0,534.0],[281.0,535.0],[285.0,535.0],[285.0,534.0],[287.0,534.0],[287.0,533.0],[288.0,533.0],[288.0,532.0],[290.0,532.0],[290.0,531.0],[293.0,531.0],[293.0,532.0],[294.0,532.0],[294.0,533.0],[295.0,533.0],[295.0,532.0],[297.0,532.0],[297.0,534.0],[298.0,534.0],[298.0,535.0],[297.0,535.0],[297.0,536.0],[296.0,536.0],[296.0,538.0],[297.0,538.0],[297.0,541.0],[296.0,541.0],[296.0,542.0],[295.0,542.0],[295.0,544.0],[296.0,544.0],[296.0,547.0],[297.0,547.0],[297.0,549.0],[298.0,549.0],[298.0,550.0],[299.0,550.0],[299.0,551.0],[300.0,551.0],[300.0,552.0],[301.0,552.0],[301.0,553.0],[302.0,553.0],[302.0,554.0],[303.0,554.0],[303.0,556.0],[304.0,556.0],[304.0,557.0],[308.0,557.0],[308.0,558.0],[310.0,558.0],[310.0,559.0],[315.0,559.0],[315.0,560.0],[316.0,560.0],[316.0,563.0],[317.0,563.0],[317.0,564.0],[320.0,564.0],[320.0,563.0],[321.0,563.0],[321.0,562.0],[324.0,562.0],[324.0,561.0],[325.0,561.0],[325.0,558.0],[326.0,558.0],[326.0,559.0],[327.0,559.0],[327.0,557.0]]],[[[259.0,522.0],[263.0,522.0],[265.0,522.0],[267.0,522.0],[267.0,521.0],[268.0,521.0],[268.0,520.0],[269.0,520.0],[269.0,519.0],[269.0,517.0],[268.0,517.0],[268.0,516.0],[265.0,516.0],[262.0,516.0],[260.0,516.0],[260.0,517.0],[259.0,517.0],[258.0,517.0],[258.0,518.0],[258.0,520.0],[258.0,521.0],[259.0,521.0],[259.0,522.0]]],[[[238.0,534.0],[239.0,534.0],[239.0,535.0],[240.0,535.0],[240.0,536.0],[240.0,537.0],[240.0,538.0],[239.0,538.0],[239.0,539.0],[238.0,539.0],[238.0,540.0],[237.0,540.0],[237.0,541.0],[238.0,541.0],[238.0,542.0],[239.0,542.0],[240.0,542.0],[240.0,543.0],[241.0,543.0],[241.0,544.0],[242.0,544.0],[242.0,545.0],[243.0,545.0],[243.0,546.0],[247.0,546.0],[247.0,545.0],[248.0,545.0],[249.0,545.0],[249.0,544.0],[250.0,544.0],[250.0,543.0],[251.0,543.0],[252.0,543.0],[252.0,542.0],[254.0,542.0],[254.0,543.0],[255.0,543.0],[255.0,544.0],[256.0,544.0],[257.0,544.0],[257.0,545.0],[261.0,545.0],[261.0,544.0],[262.0,544.0],[262.0,542.0],[261.0,542.0],[261.0,541.0],[260.0,541.0],[260.0,540.0],[259.0,540.0],[259.0,539.0],[256.0,539.0],[255.0,539.0],[255.0,538.0],[254.0,538.0],[253.0,538.0],[253.0,537.0],[252.0,537.0],[252.0,536.0],[251.0,536.0],[251.0,535.0],[252.0,535.0],[252.0,532.0],[251.0,532.0],[251.0,530.0],[252.0,530.0],[252.0,529.0],[252.0,528.0],[253.0,528.0],[253.0,526.0],[252.0,526.0],[252.0,525.0],[251.0,525.0],[251.0,526.0],[250.0,526.0],[249.0,526.0],[248.0,526.0],[248.0,525.0],[243.0,525.0],[243.0,526.0],[242.0,526.0],[238.0,526.0],[237.0,526.0],[237.0,525.0],[235.0,525.0],[235.0,526.0],[234.0,526.0],[234.0,532.0],[235.0,532.0],[235.0,533.0],[237.0,533.0],[237.0,533.75],[238.0,534.0]]],[[[280.0,549.0],[281.0,549.0],[281.0,550.0],[283.0,550.0],[283.0,551.0],[287.0,551.0],[287.0,550.0],[288.0,550.0],[288.0,547.0],[287.0,547.0],[287.0,546.5],[286.0,546.0],[286.0,545.0],[285.0,545.0],[285.0,544.0],[283.0,544.0],[283.0,543.5],[281.0,543.0],[281.0,542.0],[278.0,542.0],[278.0,543.0],[278.0,545.0],[278.0,547.0],[279.0,547.0],[279.0,547.5],[280.0,548.0],[280.0,549.0]]]]}},{"type":"Feature","id":"country-004","properties":{"id":"country-004","name":"Unassigned","type":"country","status":"mask-defined","source":"countries-mask-shared-topology","extractionConfidence":"authoritative-mask","rgb":[0,127,14],"color":"#007f0e","polygonCount":3,"holeCount":1,"styleIndex":3,"displayClip":"authoritative-land-mask"},"geometry":{"type":"MultiPolygon","coordinates":[[[[329.0,630.0],[330.0,630.0],[330.0,631.0],[332.0,631.0],[333.0,631.0],[333.0,632.0],[340.0,632.0],[340.0,631.0],[341.0,631.0],[342.0,631.0],[343.0,631.0],[343.0,632.0],[345.0,632.0],[345.0,631.0],[346.0,631.0],[346.0,630.0],[347.0,630.0],[348.0,629.75],[348.0,629.0],[350.0,629.0],[350.0,628.0],[351.0,628.0],[357.0,628.0],[357.0,628.6],[360.0,628.9],[360.0,628.0],[361.0,628.0],[362.0,628.0],[362.0,627.0],[363.0,627.0],[363.0,625.0],[362.0,625.0],[362.0,624.0],[361.0,624.0],[361.0,622.0],[360.0,622.0],[360.0,621.0],[359.0,621.0],[359.0,620.0],[358.0,620.0],[358.0,619.0],[352.0,619.0],[351.0,619.0],[351.0,618.0],[350.0,618.0],[350.0,617.0],[349.0,617.0],[349.0,616.0],[348.0,616.0],[348.0,615.0],[346.0,615.0],[346.0,616.0],[345.0,616.0],[345.0,617.0],[344.0,617.0],[344.0,618.0],[343.0,618.0],[341.0,618.0],[341.0,619.0],[340.0,619.0],[340.0,620.0],[341.0,620.0],[341.0,621.0],[342.0,621.0],[342.0,622.0],[342.0,624.0],[341.0,624.0],[341.0,625.0],[339.0,625.0],[339.0,624.0],[338.0,624.0],[338.0,625.0],[337.0,625.0],[337.0,626.0],[336.0,626.0],[336.0,627.0],[336.0,628.0],[335.0,628.0],[335.0,627.0],[332.0,627.0],[332.0,628.0],[331.0,628.0],[330.0,628.0],[330.0,629.0],[329.0,629.0],[329.0,630.0]]],[[[387.0,623.0],[388.0,623.0],[388.0,624.0],[389.0,624.0],[389.0,625.0],[390.0,625.0],[391.0,625.0],[391.0,626.0],[392.0,626.0],[392.0,628.0],[389.0,628.0],[389.0,629.0],[388.0,629.0],[388.0,630.0],[384.0,630.0],[384.0,631.0],[381.0,631.0],[381.0,632.0],[379.0,632.0],[379.0,633.0],[376.0,633.0],[376.0,634.0],[375.0,634.0],[375.0,635.0],[374.0,635.0],[374.0,636.0],[373.0,636.0],[373.0,637.0],[373.0,638.0],[372.0,638.0],[372.0,639.0],[371.0,639.0],[370.0,639.0],[369.0,639.0],[369.0,637.0],[368.0,637.0],[368.0,636.0],[364.0,636.0],[364.0,637.0],[363.0,637.0],[363.0,638.0],[362.0,638.0],[362.0,639.0],[361.0,639.5],[361.0,641.0],[360.0,641.0],[360.0,642.0],[359.0,642.0],[359.0,643.0],[358.75,643.0],[358.0,646.0],[357.0,646.0],[357.0,647.0],[356.0,647.0],[356.0,648.0],[355.0,648.0],[355.0,649.0],[354.0,649.0],[354.0,654.0],[353.0,654.0],[352.0,654.0],[352.0,655.0],[350.0,655.0],[350.0,654.0],[349.0,654.0],[348.5,653.0],[347.0,653.0],[347.0,652.0],[345.0,652.0],[345.0,653.0],[343.0,654.0],[343.0,656.0],[342.0,656.0],[342.0,657.0],[341.0,657.0],[341.0,656.0],[340.0,656.0],[339.0,656.0],[339.0,657.0],[337.0,657.0],[337.0,658.0],[336.0,658.0],[335.0,658.0],[335.0,659.0],[333.0,659.0],[333.0,658.0],[329.0,658.0],[329.0,659.0],[328.0,659.0],[328.0,661.0],[327.0,661.0],[327.0,663.0],[328.0,663.0],[328.0,664.0],[327.0,664.0],[327.0,668.0],[328.0,668.0],[328.0,675.0],[329.0,675.0],[329.0,676.0],[329.0,679.0],[328.0,679.0],[328.0,680.0],[327.0,680.0],[325.0,680.0],[325.0,681.0],[324.0,681.0],[324.0,683.0],[323.0,683.0],[323.0,685.0],[324.0,685.0],[324.0,686.0],[323.0,686.0],[323.0,688.0],[324.0,688.0],[324.0,692.0],[325.0,692.0],[325.0,694.0],[326.0,694.0],[326.0,695.0],[324.0,695.0],[324.0,696.0],[323.0,696.0],[323.0,695.0],[321.0,695.0],[318.0,695.0],[318.0,696.0],[317.0,696.0],[317.0,697.0],[316.0,697.0],[316.0,698.0],[317.0,698.0],[317.0,699.0],[316.0,699.0],[316.0,701.0],[315.0,701.0],[313.0,701.0],[313.0,700.0],[312.0,700.0],[312.0,699.0],[310.0,699.0],[310.0,700.0],[309.0,700.5],[309.0,701.0],[308.0,701.0],[308.0,706.0],[309.0,706.0],[309.0,709.0],[310.0,709.0],[310.0,710.0],[310.0,711.0],[309.0,711.5],[309.0,712.0],[308.0,712.0],[308.0,715.0],[300.0,715.0],[300.0,714.0],[298.0,714.0],[298.0,713.0],[291.0,713.0],[291.0,714.0],[289.0,714.0],[289.0,715.0],[288.0,715.0],[288.0,716.0],[287.0,716.0],[287.0,717.0],[288.0,717.0],[288.0,719.0],[288.0,720.0],[289.0,720.0],[289.0,721.0],[291.0,721.0],[291.0,722.0],[292.0,722.0],[292.0,723.0],[289.0,723.0],[285.0,723.0],[285.0,724.0],[284.0,724.0],[284.0,725.0],[283.0,725.5],[283.0,729.0],[282.0,729.0],[281.0,729.0],[281.0,730.0],[280.5,730.0],[280.0,731.0],[279.0,731.0],[279.0,732.0],[278.0,732.0],[278.0,733.0],[277.0,733.0],[277.0,734.0],[276.0,734.0],[276.0,738.0],[275.0,738.0],[275.0,743.0],[276.0,743.0],[277.0,745.0],[282.0,745.0],[287.0,745.0],[287.0,746.0],[288.0,746.0],[288.0,745.0],[290.0,745.0],[290.0,744.0],[291.0,744.0],[291.0,743.0],[292.0,743.0],[294.0,743.0],[294.0,744.0],[295.0,744.0],[295.0,745.0],[298.0,745.0],[298.0,744.0],[299.0,744.0],[299.0,743.0],[301.0,743.0],[301.0,742.0],[301.0,739.0],[302.0,739.0],[302.0,738.0],[303.0,738.0],[303.0,737.0],[304.0,737.0],[305.0,735.0],[311.0,735.0],[312.0,737.0],[315.0,737.0],[315.0,738.0],[316.0,738.0],[316.0,739.0],[317.0,739.0],[317.0,740.0],[318.0,740.0],[319.0,742.0],[321.0,742.0],[321.0,743.0],[325.0,743.0],[325.0,744.0],[326.0,744.0],[326.0,743.0],[328.0,743.0],[328.0,742.0],[334.0,742.0],[334.0,743.0],[335.0,743.0],[335.0,744.0],[336.0,744.0],[336.0,745.0],[338.0,746.0],[339.0,746.0],[340.0,746.0],[343.0,746.0],[343.0,747.0],[348.0,747.0],[348.0,746.0],[351.0,746.0],[351.0,745.0],[353.0,745.0],[353.0,744.0],[359.0,744.0],[359.0,745.0],[360.0,745.0],[360.0,748.0],[361.0,748.0],[361.0,749.0],[363.0,749.0],[363.0,748.0],[365.0,748.0],[365.0,747.0],[367.0,747.0],[367.0,746.0],[368.0,746.0],[368.0,745.0],[369.0,745.0],[369.0,743.0],[368.0,743.0],[368.0,742.0],[369.0,742.0],[369.0,741.0],[368.0,741.0],[368.0,734.0],[369.0,734.0],[369.0,733.0],[370.0,733.0],[370.0,729.0],[369.0,729.0],[369.0,728.0],[370.0,728.0],[370.0,726.0],[371.0,726.0],[371.0,725.0],[372.0,725.0],[372.0,724.0],[375.0,724.0],[376.0,724.0],[376.0,723.0],[377.0,723.0],[377.0,722.0],[379.0,722.0],[379.0,723.0],[380.0,723.0],[380.0,724.0],[379.0,724.0],[379.0,725.0],[378.0,725.0],[378.0,726.0],[375.0,726.0],[375.0,727.0],[374.0,727.0],[374.0,728.0],[373.0,728.0],[373.0,729.0],[374.0,729.0],[374.0,733.0],[373.0,733.0],[373.0,738.0],[374.0,738.0],[374.0,739.0],[376.0,739.0],[376.0,740.0],[377.0,740.0],[377.0,741.0],[379.0,741.0],[379.0,741.6666666666666],[381.0,742.0],[383.0,742.0],[383.0,745.0],[384.0,745.0],[384.0,746.0],[385.0,746.0],[385.0,747.0],[386.0,747.0],[386.0,748.0],[389.0,748.0],[389.0,747.0],[390.0,747.0],[390.0,748.0],[391.0,748.0],[391.0,749.0],[392.0,749.0],[392.0,751.0],[393.0,751.0],[393.0,752.0],[394.0,752.0],[394.0,753.0],[396.0,753.0],[396.0,754.0],[398.0,754.0],[399.0,754.0],[399.0,755.0],[404.0,755.0],[405.0,755.0],[405.0,754.0],[406.0,754.0],[406.0,753.0],[407.0,753.0],[407.0,748.0],[409.0,748.0],[409.0,747.0],[410.0,747.0],[410.0,746.0],[411.0,746.0],[411.0,747.0],[412.0,747.0],[412.0,748.0],[413.0,748.0],[413.0,751.0],[414.0,751.0],[414.0,752.0],[415.0,752.0],[415.0,753.0],[416.0,753.0],[416.0,754.0],[419.0,754.0],[419.0,755.0],[420.0,755.0],[420.0,754.0],[421.0,754.0],[421.0,753.0],[422.0,753.0],[422.0,752.0],[423.0,752.0],[423.0,750.0],[425.0,750.0],[425.0,751.0],[431.0,751.0],[431.0,752.0],[432.0,752.0],[439.0,752.0],[439.0,753.0],[441.0,753.0],[441.0,752.0],[442.0,752.0],[442.0,749.0],[443.0,749.0],[443.0,748.0],[446.0,748.0],[446.0,747.0],[447.0,747.0],[447.0,744.0],[446.0,744.0],[446.0,743.0],[445.0,743.0],[445.0,742.0],[444.0,742.0],[444.0,741.0],[443.0,741.0],[443.0,740.0],[443.0,739.0],[442.0,739.0],[442.0,737.0],[443.0,737.0],[443.0,736.0],[442.0,736.0],[442.0,735.0],[443.0,735.0],[443.0,734.0],[443.0,733.0],[441.0,733.0],[441.0,732.0],[440.0,732.0],[440.0,728.0],[438.0,727.0],[438.0,726.0],[434.0,726.0],[433.0,724.0],[432.0,724.0],[432.0,723.0],[418.0,723.0],[418.0,722.0],[416.0,722.0],[416.0,721.0],[415.0,721.0],[415.0,719.0],[413.0,718.0],[413.0,716.0],[412.0,716.0],[412.0,713.0],[413.0,713.0],[413.0,702.0],[414.0,702.0],[414.0,700.0],[415.0,700.0],[415.0,699.0],[417.0,699.0],[418.0,697.0],[419.0,697.0],[419.0,696.0],[420.0,696.0],[420.0,695.0],[421.0,695.0],[421.0,694.0],[422.0,694.0],[422.0,693.0],[423.0,693.0],[423.0,691.0],[425.0,690.0],[426.0,686.0],[427.0,686.0],[427.0,683.0],[428.0,683.0],[428.0,681.0],[429.0,681.0],[429.0,679.0],[431.0,678.0],[431.0,677.0],[436.0,677.0],[437.0,675.0],[438.0,675.0],[438.0,674.0],[439.0,674.0],[439.0,673.0],[440.0,673.0],[440.0,672.0],[441.0,672.0],[441.0,671.0],[443.0,671.0],[444.0,669.0],[449.0,669.0],[450.0,667.0],[451.0,667.0],[451.0,666.0],[452.0,666.0],[452.0,665.0],[453.0,665.0],[453.0,663.0],[454.0,663.0],[454.0,648.0],[452.0,647.0],[452.0,646.0],[451.0,646.0],[451.0,639.0],[452.0,639.0],[452.0,636.0],[454.0,635.0],[454.0,634.0],[455.0,634.0],[455.0,632.0],[457.0,632.0],[458.0,630.0],[460.0,630.0],[461.0,628.0],[462.0,628.0],[462.0,627.0],[463.0,627.0],[463.0,625.0],[465.0,624.0],[466.0,620.0],[467.0,620.0],[467.0,614.0],[465.0,613.0],[465.0,612.0],[464.0,612.0],[464.0,611.0],[463.0,611.0],[463.0,612.0],[453.0,612.0],[453.0,613.0],[451.0,613.0],[451.0,614.0],[446.0,614.0],[445.0,612.0],[444.0,612.0],[444.0,611.0],[441.0,611.0],[441.0,610.0],[439.0,610.0],[439.0,609.0],[420.0,609.0],[420.0,610.0],[414.0,610.0],[414.0,611.0],[411.0,611.0],[410.0,613.0],[409.0,613.0],[409.0,614.0],[408.0,614.0],[408.0,615.0],[407.0,615.0],[407.0,616.0],[406.0,616.0],[406.0,617.0],[393.0,617.0],[393.0,619.0],[391.0,620.0],[391.0,621.0],[387.0,621.0],[387.0,622.0],[387.0,623.0]],[[397.0,626.0],[397.0,627.0],[394.0,627.0],[394.0,626.0],[397.0,626.0]]],[[[361.0,755.0],[362.0,755.0],[362.0,756.0],[362.0,757.0],[363.0,757.0],[363.0,758.0],[365.0,758.0],[366.0,758.0],[366.0,759.0],[369.0,759.0],[369.0,758.0],[370.0,758.0],[370.0,757.0],[371.0,757.0],[371.0,756.0],[372.0,756.0],[373.0,756.0],[374.0,756.0],[374.0,757.0],[377.0,757.0],[377.0,756.0],[378.0,756.0],[378.0,755.0],[379.0,755.0],[379.0,751.0],[378.0,751.0],[378.0,750.0],[372.0,750.0],[372.0,751.0],[371.0,751.0],[370.0,751.0],[370.0,752.0],[369.0,752.0],[362.0,752.0],[362.0,753.0],[361.0,753.0],[361.0,755.0]]]]}},{"type":"Feature","id":"country-005","properties":{"id":"country-005","name":"Unassigned","type":"country","status":"mask-defined","source":"countries-mask-shared-topology","extractionConfidence":"authoritative-mask","rgb":[0,127,70],"color":"#007f46","polygonCount":2,"holeCount":0,"styleIndex":4,"displayClip":"authoritative-land-mask"},"geometry":{"type":"MultiPolygon","coordinates":[[[[303.0,742.0],[303.5,743.0],[304.0,743.0],[304.0,744.0],[305.0,744.0],[305.0,743.0],[306.0,743.0],[306.0,744.0],[307.0,744.0],[308.0,744.0],[308.0,745.0],[308.0,746.0],[308.0,747.0],[308.0,748.0],[307.0,748.0],[307.0,749.0],[306.0,749.0],[306.0,751.0],[305.0,751.0],[305.0,752.0],[304.0,752.0],[301.0,752.75],[301.0,753.0],[300.0,753.0],[300.0,754.0],[300.0,755.0],[300.0,756.0],[300.0,757.0],[299.0,757.0],[299.0,758.0],[298.0,758.0],[297.0,758.0],[297.0,759.0],[296.0,759.0],[296.0,764.0],[297.0,764.0],[297.0,765.0],[301.0,765.0],[302.0,765.0],[302.0,766.0],[303.0,766.0],[304.0,766.0],[304.0,767.0],[305.0,767.0],[305.0,768.0],[312.0,768.0],[312.0,767.0],[313.0,767.0],[313.0,766.0],[314.0,766.0],[314.0,765.0],[315.0,765.0],[315.0,766.0],[320.0,766.0],[320.0,767.0],[321.0,767.0],[323.0,767.0],[324.0,769.0],[328.0,768.6923076923077],[328.0,768.0],[331.0,768.0],[331.0,768.4615384615385],[332.0,768.3846153846154],[332.0,768.0],[337.0,768.0],[337.0,767.0],[338.0,767.0],[344.0,767.0],[344.0,766.0],[345.0,766.0],[345.0,764.0],[346.0,764.0],[346.0,763.0],[347.0,763.0],[347.0,762.0],[348.0,762.0],[349.0,762.0],[349.0,761.0],[351.0,761.0],[351.0,760.0],[351.0,759.0],[351.0,758.0],[351.0,756.0],[352.0,756.0],[352.0,755.0],[352.0,753.0],[353.0,753.0],[353.0,750.0],[352.0,750.0],[349.0,750.0],[348.0,750.0],[348.0,751.0],[346.0,751.0],[343.0,751.0],[342.0,751.0],[342.0,750.0],[341.0,750.0],[341.0,749.0],[340.0,749.0],[340.0,748.0],[339.0,748.0],[339.0,747.0],[338.0,747.0],[338.0,746.0],[336.0,745.0],[336.0,744.0],[335.0,744.0],[335.0,743.0],[334.0,743.0],[334.0,742.0],[328.0,742.0],[328.0,743.0],[326.0,743.0],[326.0,744.0],[325.0,744.0],[325.0,743.0],[321.0,743.0],[321.0,742.0],[319.0,742.0],[318.0,740.0],[317.0,740.0],[317.0,739.0],[316.0,739.0],[316.0,738.0],[315.0,738.0],[315.0,737.0],[312.0,737.0],[311.0,735.0],[305.0,735.0],[304.0,737.0],[303.0,737.0],[303.0,738.0],[302.0,738.0],[302.0,739.0],[301.0,739.0],[301.0,742.0],[302.0,742.0],[303.0,742.0]]],[[[309.0,775.0],[310.0,775.0],[310.0,776.0],[311.0,776.0],[312.0,776.0],[312.0,777.0],[316.0,777.0],[316.0,777.625],[318.0,777.875],[318.0,777.0],[319.0,777.0],[319.0,776.0],[320.0,776.0],[320.0,775.0],[321.0,775.0],[321.0,774.0],[320.0,774.0],[320.0,773.0],[319.0,773.0],[319.0,772.0],[317.0,772.0],[316.0,772.0],[316.0,771.0],[315.0,771.0],[315.0,770.0],[312.0,770.0],[312.0,771.0],[311.0,771.0],[311.0,772.0],[310.0,772.0],[310.0,773.0],[309.0,773.0],[309.0,775.0]]]]}},{"type":"Feature","id":"country-006","properties":{"id":"country-006","name":"Unassigned","type":"country","status":"mask-defined","source":"countries-mask-shared-topology","extractionConfidence":"authoritative-mask","rgb":[0,127,127],"color":"#007f7f","polygonCount":8,"holeCount":2,"styleIndex":5,"displayClip":"authoritative-land-mask"},"geometry":{"type":"MultiPolygon","coordinates":[[[[432.0,472.0],[432.0,471.0],[433.0,471.0],[434.0,471.0],[434.0,470.0],[435.0,470.0],[435.0,469.0],[435.0,468.0],[436.0,468.0],[437.0,468.0],[437.0,467.0],[438.0,467.0],[438.0,466.0],[439.0,466.0],[440.0,466.0],[440.0,465.0],[441.0,465.0],[441.0,463.0],[440.0,463.0],[440.0,462.0],[437.0,462.0],[437.0,463.0],[436.0,463.0],[433.0,463.0],[433.0,464.0],[432.0,464.0],[429.0,464.0],[429.0,465.0],[428.0,465.0],[428.0,466.0],[427.0,466.0],[427.0,467.0],[426.0,467.0],[426.0,468.0],[425.0,468.0],[425.0,471.0],[426.0,471.0],[426.0,472.0],[432.0,472.0]]],[[[367.0,488.0],[368.0,488.0],[368.0,489.0],[369.0,489.0],[369.0,490.0],[370.0,490.0],[370.0,491.0],[376.0,491.0],[376.0,490.0],[377.0,490.0],[377.0,489.0],[377.0,488.0],[378.0,488.0],[378.0,487.0],[377.0,487.0],[377.0,486.0],[375.0,486.0],[375.0,485.25],[374.0,485.0],[373.0,485.0],[373.0,484.0],[370.0,484.0],[370.0,485.0],[369.0,485.0],[369.0,486.0],[368.0,486.0],[368.0,487.0],[367.0,487.0],[367.0,488.0]]],[[[471.0,497.0],[472.0,497.0],[472.0,498.0],[475.0,498.0],[475.0,497.0],[477.0,497.0],[477.0,496.0],[477.5,496.0],[478.0,495.0],[479.0,495.0],[479.0,493.0],[479.0,492.0],[479.0,491.0],[480.0,490.5],[480.0,489.0],[481.0,489.0],[482.0,489.0],[482.0,488.0],[483.0,488.0],[483.0,487.0],[484.0,487.0],[484.0,486.0],[486.0,486.0],[486.0,485.0],[487.0,485.0],[487.0,482.0],[486.0,482.0],[483.0,482.0],[481.0,482.0],[481.0,483.0],[479.0,483.0],[479.0,484.0],[477.0,484.0],[477.0,485.0],[476.5,485.0],[476.0,486.0],[475.0,486.0],[475.0,488.0],[474.0,488.5],[474.0,490.0],[473.0,490.0],[473.0,491.0],[471.0,491.0],[471.0,492.0],[470.0,492.0],[470.0,495.0],[471.0,495.0],[471.0,497.0]]],[[[415.0,500.0],[421.0,500.0],[421.0,499.0],[422.0,499.0],[423.0,499.0],[423.0,498.0],[424.0,498.0],[424.0,497.0],[424.0,495.0],[424.0,494.0],[423.0,494.0],[423.0,493.0],[422.0,493.0],[422.0,492.0],[418.0,492.0],[418.0,493.0],[417.0,493.0],[417.0,494.0],[416.0,494.0],[414.0,494.0],[414.0,495.0],[413.0,495.0],[413.0,496.0],[412.0,496.0],[412.0,498.0],[413.0,498.0],[413.0,499.0],[415.0,499.0],[415.0,500.0]]],[[[326.0,567.0],[327.0,567.0],[327.0,568.0],[328.0,568.0],[328.0,570.0],[328.0,571.0],[329.0,571.0],[329.0,575.0],[328.0,575.0],[328.0,576.0],[327.0,576.5],[327.0,580.0],[328.0,580.0],[328.0,581.0],[329.0,581.0],[329.0,582.0],[330.0,582.0],[331.0,582.0],[331.0,583.0],[332.0,583.0],[333.0,583.0],[333.0,584.0],[335.0,584.0],[335.0,583.0],[336.0,583.0],[336.0,581.0],[337.0,581.0],[337.0,582.0],[338.0,582.0],[338.0,583.0],[339.0,583.0],[339.0,584.0],[340.0,584.0],[340.0,585.0],[342.0,585.0],[342.0,586.0],[343.0,586.0],[344.0,586.0],[344.0,587.0],[343.0,587.0],[342.0,587.0],[342.0,588.0],[342.0,589.0],[342.0,591.0],[343.0,591.0],[343.0,592.0],[347.0,592.0],[347.0,593.0],[346.0,593.0],[346.0,594.0],[345.0,594.5],[345.0,601.0],[346.0,601.0],[346.0,603.0],[347.0,603.0],[347.0,604.0],[348.0,604.0],[348.0,605.0],[349.0,605.0],[349.0,606.0],[350.0,606.0],[350.0,608.0],[351.0,608.0],[351.0,609.0],[352.0,609.0],[352.0,610.0],[354.0,610.0],[354.0,611.0],[355.0,611.0],[355.0,612.0],[356.0,612.0],[356.0,613.0],[359.0,613.0],[359.0,614.0],[360.0,614.0],[360.0,613.0],[363.0,613.0],[363.0,612.0],[366.0,612.0],[366.0,613.0],[365.0,613.0],[365.0,614.0],[366.0,614.0],[366.0,615.0],[367.0,615.0],[367.0,616.0],[368.0,616.0],[368.0,617.0],[371.0,617.0],[371.0,616.0],[377.0,616.0],[377.0,615.0],[378.0,615.0],[378.0,616.0],[379.0,616.0],[379.0,617.0],[380.0,617.0],[380.0,618.0],[381.0,618.0],[381.0,619.0],[384.0,619.0],[384.0,618.0],[385.0,618.0],[385.0,621.0],[386.0,621.0],[387.0,621.0],[391.0,621.0],[391.0,620.0],[393.0,619.0],[393.0,617.0],[406.0,617.0],[406.0,616.0],[407.0,616.0],[407.0,615.0],[408.0,615.0],[408.0,614.0],[409.0,614.0],[409.0,613.0],[410.0,613.0],[411.0,611.0],[414.0,611.0],[414.0,610.0],[420.0,610.0],[420.0,609.0],[439.0,609.0],[439.0,610.0],[441.0,610.0],[441.0,611.0],[444.0,611.0],[444.0,612.0],[445.0,612.0],[446.0,614.0],[451.0,614.0],[451.0,613.0],[453.0,613.0],[453.0,612.0],[463.0,612.0],[463.0,611.0],[464.0,611.0],[464.0,610.0],[466.0,609.0],[466.0,606.0],[468.0,605.0],[469.0,601.0],[470.0,601.0],[470.0,600.0],[471.0,600.0],[471.0,598.0],[473.0,597.0],[473.0,593.0],[472.0,593.0],[472.0,592.0],[482.0,592.0],[482.0,593.0],[488.0,593.0],[488.0,595.0],[489.0,595.0],[489.0,596.0],[494.0,596.0],[494.0,597.0],[496.0,597.0],[496.0,599.0],[497.0,599.0],[497.0,600.0],[500.0,600.0],[500.0,602.0],[501.0,602.0],[501.0,603.0],[502.0,603.0],[502.0,602.0],[503.0,602.0],[504.0,600.0],[506.0,600.0],[506.0,601.0],[507.0,601.0],[507.0,600.0],[509.0,599.0],[509.0,595.0],[511.0,594.0],[511.0,593.0],[512.0,593.0],[512.0,591.0],[511.0,591.0],[511.0,589.0],[510.0,589.0],[510.0,588.0],[509.0,588.0],[509.0,585.0],[511.0,584.0],[511.0,583.0],[512.0,583.0],[512.0,581.0],[511.0,581.0],[511.0,580.0],[512.0,580.0],[512.0,578.0],[514.0,577.0],[514.0,576.0],[512.0,576.0],[512.0,575.0],[509.0,575.0],[509.0,574.0],[506.0,574.0],[506.0,573.0],[505.0,573.0],[505.0,571.0],[504.0,571.0],[504.0,567.0],[502.0,566.0],[502.0,565.0],[500.0,565.0],[499.0,563.0],[498.0,563.0],[498.0,562.0],[497.0,562.0],[497.0,561.0],[493.0,561.0],[493.0,560.0],[491.0,560.0],[491.0,559.0],[489.0,559.0],[488.0,557.0],[487.0,557.0],[487.0,556.0],[486.0,556.0],[486.0,555.0],[485.0,555.0],[485.0,554.0],[484.0,554.0],[484.0,553.0],[483.0,553.0],[483.0,552.0],[482.0,552.0],[482.0,551.0],[479.0,551.0],[479.0,550.0],[476.0,550.0],[476.0,549.0],[474.0,549.0],[474.0,546.0],[473.0,546.0],[473.0,540.0],[474.0,540.0],[474.0,538.0],[475.0,538.0],[475.0,536.0],[476.0,536.0],[476.0,534.0],[478.0,533.0],[479.0,529.0],[481.0,529.0],[482.0,527.0],[483.0,527.0],[483.0,526.0],[484.0,526.0],[484.0,523.0],[486.0,522.0],[486.0,520.0],[487.0,520.0],[488.0,512.0],[487.0,512.0],[487.0,508.0],[486.0,508.0],[486.0,505.0],[485.0,505.0],[485.0,504.0],[483.0,504.0],[483.0,505.0],[482.0,505.0],[482.0,507.0],[480.0,507.0],[480.0,508.0],[479.0,508.0],[479.0,509.0],[480.0,509.0],[480.0,510.0],[478.0,510.0],[478.0,509.0],[477.0,509.0],[477.0,510.0],[476.0,510.0],[476.0,511.0],[472.0,511.0],[472.0,512.0],[471.0,512.0],[471.0,514.0],[470.0,514.0],[470.0,515.0],[469.0,515.0],[469.0,516.0],[468.0,516.0],[468.0,517.0],[467.0,517.0],[467.0,516.0],[466.0,516.0],[466.0,513.0],[467.0,513.0],[467.0,512.0],[466.0,512.0],[466.0,511.0],[463.0,511.0],[463.0,510.0],[461.0,510.0],[461.0,509.0],[459.0,509.0],[459.0,510.0],[455.0,510.0],[455.0,509.0],[454.0,509.0],[454.0,507.0],[453.0,507.0],[453.0,506.0],[452.0,506.0],[452.0,507.0],[451.0,507.0],[451.0,508.0],[450.0,508.0],[450.0,509.0],[446.0,509.0],[446.0,510.0],[445.0,510.0],[445.0,509.0],[445.0,506.0],[444.0,506.0],[444.0,505.0],[443.0,505.0],[443.0,504.0],[440.0,504.0],[440.0,502.0],[439.0,502.0],[439.0,501.0],[440.0,501.0],[440.0,500.0],[439.0,500.0],[439.0,499.0],[437.0,499.0],[437.0,497.0],[436.0,497.0],[436.0,496.0],[435.0,496.0],[435.0,495.0],[434.0,495.0],[434.0,496.0],[433.0,496.0],[433.0,497.0],[432.0,497.0],[432.0,498.0],[431.0,498.0],[431.0,499.0],[430.0,499.0],[430.0,501.0],[431.0,501.0],[431.0,502.0],[432.0,502.0],[432.0,505.0],[431.0,505.0],[431.0,506.0],[430.0,506.0],[429.0,506.0],[429.0,507.0],[428.0,507.0],[428.0,506.0],[427.0,506.0],[426.0,506.0],[426.0,505.0],[425.0,505.0],[425.0,504.0],[424.0,504.0],[424.0,503.0],[422.0,503.0],[422.0,504.0],[421.0,504.0],[421.0,506.0],[420.0,506.0],[416.0,506.0],[416.0,507.0],[415.0,507.0],[415.0,506.0],[414.0,506.0],[414.0,505.0],[411.0,505.0],[411.0,504.0],[409.0,504.0],[409.0,503.0],[408.0,503.0],[408.0,501.0],[407.0,501.0],[407.0,500.0],[406.0,500.0],[406.0,499.0],[405.0,499.0],[405.0,500.0],[404.0,500.0],[404.0,501.0],[403.0,501.0],[403.0,497.0],[405.0,497.0],[405.0,496.0],[406.0,496.0],[406.0,495.0],[405.0,495.0],[405.0,494.0],[404.0,494.0],[404.0,493.0],[403.0,493.0],[403.0,492.0],[402.0,492.0],[402.0,491.0],[401.0,491.0],[401.0,490.0],[399.0,490.0],[399.0,489.0],[397.0,489.0],[397.0,490.0],[396.0,490.0],[396.0,491.0],[395.0,491.0],[395.0,492.0],[394.0,492.0],[394.0,493.0],[393.0,493.0],[393.0,494.0],[392.0,494.0],[392.0,495.0],[389.0,495.0],[389.0,493.0],[388.0,493.0],[388.0,492.0],[387.0,492.0],[387.0,493.0],[386.0,493.0],[386.0,494.0],[385.0,494.0],[385.0,493.0],[384.0,493.0],[384.0,492.0],[383.0,492.0],[383.0,493.0],[382.0,493.0],[382.0,494.0],[380.0,494.0],[380.0,495.0],[379.0,495.0],[379.0,497.0],[380.0,497.0],[380.0,498.0],[381.0,498.0],[381.0,499.0],[382.0,499.0],[382.0,501.0],[383.0,501.0],[383.0,503.0],[382.0,503.0],[382.0,504.0],[381.0,504.0],[381.0,506.0],[379.0,506.0],[379.0,507.0],[378.0,507.0],[378.0,506.0],[377.0,506.0],[377.0,505.0],[375.0,505.0],[375.0,504.0],[376.0,504.0],[376.0,502.0],[375.0,502.0],[375.0,501.0],[374.0,501.0],[374.0,500.0],[373.0,500.0],[373.0,499.0],[372.0,499.0],[372.0,498.0],[370.0,498.0],[370.0,497.0],[369.0,497.0],[369.0,496.0],[367.0,496.0],[367.0,495.0],[366.0,495.0],[366.0,496.0],[364.0,496.0],[364.0,497.0],[363.0,497.0],[363.0,498.0],[362.0,498.0],[362.0,497.0],[360.0,497.0],[360.0,496.0],[357.0,496.0],[357.0,495.0],[356.0,495.0],[356.0,494.0],[355.0,494.0],[355.0,493.0],[354.0,493.0],[354.0,494.0],[352.0,494.0],[352.0,495.0],[349.0,495.0],[349.0,494.0],[348.0,494.0],[348.0,495.0],[347.0,495.0],[347.0,498.0],[348.0,498.0],[348.0,499.0],[349.0,499.0],[349.0,500.0],[350.0,500.0],[350.0,501.0],[349.0,501.0],[349.0,502.0],[350.0,502.0],[350.0,503.0],[351.0,503.0],[351.0,504.0],[349.0,504.0],[349.0,505.0],[347.0,505.0],[347.0,506.0],[346.0,506.0],[346.0,509.0],[345.0,509.0],[345.0,510.0],[344.0,510.0],[344.0,509.0],[341.0,509.0],[341.0,505.0],[340.0,505.0],[340.0,504.0],[338.0,504.0],[338.0,505.0],[339.0,505.0],[339.0,508.0],[338.0,508.0],[338.0,510.0],[336.0,511.0],[336.0,513.0],[334.0,514.0],[334.0,516.0],[333.0,516.0],[333.0,517.0],[332.0,517.0],[332.0,518.0],[330.0,519.0],[330.0,522.0],[328.0,523.0],[328.0,525.0],[327.0,525.0],[327.0,526.0],[326.0,526.0],[326.0,528.0],[324.0,529.0],[324.0,534.0],[323.0,534.0],[323.0,536.0],[324.0,536.0],[324.0,542.0],[325.0,542.0],[325.0,547.0],[326.0,547.0],[326.0,553.0],[327.0,553.0],[327.0,556.0],[328.0,556.0],[328.0,557.0],[327.0,557.0],[327.0,559.0],[327.0,562.0],[326.0,562.0],[326.0,563.0],[326.0,567.0]],[[358.0,581.0],[358.0,580.0],[362.0,580.0],[362.0,581.0],[361.0,581.0],[361.0,582.0],[360.0,582.0],[360.0,583.0],[359.0,583.0],[359.0,585.0],[358.0,585.0],[358.0,586.0],[357.0,586.0],[357.0,587.0],[356.0,587.0],[356.0,589.0],[354.0,589.0],[354.0,590.0],[353.0,590.0],[353.0,592.0],[352.0,592.0],[352.0,594.0],[351.0,594.0],[351.0,593.0],[350.0,593.0],[350.0,592.0],[348.0,592.0],[348.0,591.0],[349.0,591.0],[349.0,588.0],[348.0,588.0],[348.0,587.5],[347.0,587.0],[345.0,587.0],[345.0,586.0],[347.5,586.0],[348.0,585.0],[349.0,585.0],[351.0,585.0],[351.0,586.0],[352.0,586.0],[352.0,585.0],[354.0,585.0],[355.0,585.0],[355.0,584.0],[356.5,584.0],[357.0,583.0],[358.0,583.0],[358.0,581.0]],[[378.0,511.0],[378.0,510.0],[377.0,510.0],[377.0,508.0],[378.0,508.0],[378.0,509.0],[379.0,509.0],[379.0,510.0],[380.0,510.0],[380.0,512.0],[379.0,512.0],[379.0,511.0],[378.0,511.0]]],[[[381.0,621.0],[381.0,620.0],[380.0,620.0],[380.0,619.0],[378.0,619.0],[378.0,618.0],[376.5,618.0],[377.0,619.0],[374.0,619.0],[373.0,619.0],[373.0,620.0],[373.0,622.0],[373.0,623.0],[374.0,623.0],[374.5,624.0],[375.0,624.0],[375.0,625.0],[379.0,625.0],[379.0,624.0],[380.0,624.0],[381.0,624.0],[381.0,623.0],[381.0,622.0],[381.0,621.0]]],[[[301.0,568.0],[301.0,569.0],[300.0,569.0],[300.0,571.0],[301.0,571.0],[301.0,572.0],[307.0,572.0],[307.0,571.0],[308.0,571.0],[310.0,571.0],[310.0,570.0],[311.0,570.0],[311.0,568.0],[310.0,568.0],[310.0,567.0],[309.0,567.0],[309.0,566.0],[308.0,566.0],[307.0,566.0],[307.0,565.0],[306.0,565.0],[306.0,564.0],[305.0,564.0],[305.0,563.0],[304.0,563.0],[303.0,563.0],[303.0,562.0],[300.0,562.0],[300.0,563.0],[299.0,563.0],[299.0,564.0],[300.0,564.0],[300.0,565.0],[301.0,565.0],[301.0,566.0],[301.0,568.0]]],[[[321.0,587.0],[322.0,587.0],[322.0,588.0],[323.0,588.0],[323.0,589.0],[326.0,589.0],[326.0,588.0],[327.0,588.0],[327.0,585.0],[326.0,585.0],[326.0,583.5],[325.0,583.0],[325.0,582.0],[324.0,582.0],[324.0,581.0],[323.0,581.0],[323.0,580.0],[321.0,580.0],[321.0,581.0],[320.0,581.0],[320.0,582.0],[320.0,583.0],[320.0,586.0],[321.0,586.0],[321.0,587.0]]],[[[333.0,593.0],[333.0,594.0],[332.0,594.0],[332.0,595.0],[333.0,595.0],[333.0,596.0],[338.0,596.0],[338.0,595.0],[339.0,595.0],[339.0,594.0],[338.0,594.0],[338.0,593.0],[339.0,593.0],[339.0,590.0],[338.0,590.0],[338.0,589.0],[335.0,589.0],[335.0,588.3333333333334],[334.0,588.1666666666666],[334.0,589.0],[333.0,589.0],[333.0,590.0],[332.0,590.0],[332.0,591.0],[333.0,591.0],[333.0,592.0],[333.0,593.0]]]]}},{"type":"Feature","id":"country-007","properties":{"id":"country-007","name":"Unassigned","type":"country","status":"mask-defined","source":"countries-mask-shared-topology","extractionConfidence":"authoritative-mask","rgb":[0,148,255],"color":"#0094ff","polygonCount":1,"holeCount":0,"styleIndex":0,"displayClip":"authoritative-land-mask"},"geometry":{"type":"Polygon","coordinates":[[[972.0,477.0],[974.0,476.0],[974.0,475.0],[975.0,475.0],[975.0,474.0],[976.0,474.0],[976.0,473.0],[977.0,473.0],[977.0,471.0],[979.0,470.0],[979.0,469.0],[981.0,469.0],[981.0,468.0],[982.0,468.0],[982.0,466.0],[983.0,466.0],[983.0,463.0],[982.0,463.0],[982.0,461.0],[983.0,461.0],[983.0,460.0],[982.0,460.0],[982.0,458.0],[980.0,457.0],[980.0,456.0],[979.0,456.0],[979.0,455.0],[978.0,455.0],[978.0,454.0],[977.0,454.0],[977.0,453.0],[976.0,453.0],[976.0,452.0],[975.0,452.0],[975.0,451.0],[974.0,451.0],[974.0,450.0],[973.0,450.0],[973.0,449.0],[972.0,449.0],[972.0,448.0],[971.0,448.0],[971.0,449.0],[965.0,449.0],[965.0,448.0],[962.0,448.0],[961.0,446.0],[955.0,446.0],[953.0,442.0],[943.0,442.0],[942.0,444.0],[941.0,444.0],[941.0,445.0],[940.0,445.0],[940.0,446.0],[939.0,446.0],[939.0,447.0],[938.0,447.0],[938.0,448.0],[937.0,448.0],[937.0,449.0],[936.0,449.0],[936.0,450.0],[934.0,449.0],[934.0,446.0],[932.0,445.0],[932.0,444.0],[929.0,444.0],[929.0,445.0],[928.0,445.0],[928.0,444.0],[925.0,444.0],[925.0,445.0],[920.0,445.0],[920.0,446.0],[914.0,446.0],[914.0,447.0],[911.0,447.0],[911.0,448.0],[907.0,448.0],[906.0,446.0],[905.0,446.0],[905.0,447.0],[903.0,447.0],[903.0,448.0],[900.0,448.0],[899.0,450.0],[898.0,450.0],[898.0,451.0],[897.0,451.0],[897.0,452.0],[893.0,453.0],[892.0,455.0],[890.0,455.0],[890.0,456.0],[887.0,456.0],[887.0,457.0],[880.0,457.0],[880.0,458.0],[879.0,458.0],[879.0,457.0],[877.0,457.0],[876.0,459.0],[873.0,459.0],[872.0,461.0],[871.0,461.0],[871.0,462.0],[869.0,462.0],[868.0,464.0],[867.0,464.0],[867.0,465.0],[866.0,465.0],[866.0,466.0],[865.0,466.0],[865.0,467.0],[861.0,468.0],[860.0,470.0],[859.0,470.0],[859.0,471.0],[859.0,472.0],[858.0,472.0],[858.0,476.0],[857.0,476.0],[857.0,477.0],[856.0,477.0],[855.0,479.0],[847.0,479.0],[847.0,480.0],[846.0,480.0],[846.0,482.0],[848.0,483.0],[848.0,487.0],[850.0,487.0],[850.0,488.0],[851.0,488.0],[851.0,489.0],[852.0,489.0],[852.0,490.0],[852.0,491.0],[853.0,491.0],[853.0,493.0],[854.0,493.0],[854.0,494.0],[855.0,494.0],[856.0,494.0],[856.0,495.0],[858.0,495.0],[859.0,497.0],[860.0,497.0],[860.0,498.0],[859.0,498.0],[859.0,501.0],[858.0,501.0],[858.0,502.0],[857.0,502.0],[857.0,503.0],[857.0,504.0],[856.0,504.0],[856.0,505.0],[856.0,507.0],[854.0,508.0],[854.0,509.0],[854.0,511.0],[853.0,511.0],[853.0,516.0],[854.0,516.0],[854.0,520.0],[855.0,520.0],[855.0,521.0],[857.0,521.0],[857.0,522.0],[858.0,522.0],[858.0,524.0],[859.0,524.0],[859.0,525.0],[861.0,525.0],[861.0,526.0],[862.0,526.0],[862.0,527.0],[864.0,528.0],[864.0,533.0],[863.0,533.0],[863.0,535.0],[862.0,535.0],[862.0,536.0],[863.0,536.0],[864.0,538.0],[866.0,538.0],[866.0,537.0],[871.0,537.0],[871.0,536.0],[875.0,536.0],[875.0,537.0],[876.0,537.0],[876.0,536.0],[880.0,536.0],[880.0,535.0],[881.0,535.0],[881.0,534.0],[882.0,534.0],[882.0,533.0],[883.0,533.0],[883.0,532.0],[884.0,532.0],[884.0,531.0],[885.0,531.0],[886.0,529.0],[888.0,529.0],[888.0,530.0],[890.0,530.0],[890.0,531.0],[891.0,531.0],[892.0,533.0],[894.0,533.0],[894.0,534.0],[895.0,534.0],[895.0,536.0],[896.0,536.0],[897.0,538.0],[901.0,539.0],[901.0,540.0],[902.0,540.0],[903.0,542.0],[905.0,542.0],[905.0,543.0],[907.0,544.0],[909.0,544.0],[910.0,542.0],[914.0,541.5],[914.0,541.0],[915.0,541.0],[915.0,540.0],[917.0,540.0],[917.0,539.0],[919.0,539.0],[919.0,538.0],[921.0,538.0],[921.0,537.0],[925.0,537.0],[925.0,538.0],[926.0,538.0],[926.0,539.0],[928.0,539.0],[928.0,540.0],[929.0,540.0],[929.0,541.0],[930.0,541.0],[930.0,542.0],[932.0,542.0],[932.0,541.0],[934.0,541.0],[934.0,542.0],[935.0,542.0],[935.0,543.0],[936.0,543.0],[936.0,544.0],[939.0,544.0],[939.0,543.0],[940.0,543.0],[940.0,542.0],[941.0,542.0],[941.0,541.0],[942.0,541.0],[942.0,540.0],[943.0,540.0],[943.0,539.0],[944.0,539.0],[944.0,535.0],[945.0,535.0],[945.0,536.0],[946.0,536.0],[946.0,537.0],[947.0,537.0],[947.0,545.0],[946.0,545.0],[946.0,548.0],[947.0,548.0],[947.0,549.0],[949.0,549.0],[949.0,548.0],[950.0,548.0],[950.0,547.0],[951.0,547.0],[951.0,546.0],[953.0,546.0],[953.0,545.0],[954.0,545.0],[954.0,544.0],[956.0,544.0],[956.0,543.0],[957.0,543.0],[957.0,542.0],[958.0,542.0],[959.0,542.0],[959.0,541.0],[960.0,541.0],[960.0,539.0],[961.0,539.0],[961.0,538.0],[962.0,538.0],[962.0,537.0],[963.0,537.0],[963.0,533.0],[962.0,533.0],[962.0,532.0],[963.0,532.0],[963.0,531.0],[964.0,531.0],[964.0,530.0],[966.0,530.0],[966.0,529.0],[967.0,529.0],[967.0,528.0],[969.0,528.0],[969.0,527.0],[970.0,527.0],[970.0,526.0],[974.0,526.0],[974.0,525.0],[975.0,525.0],[975.0,523.0],[976.0,523.0],[976.0,517.0],[978.0,517.0],[978.0,518.0],[981.0,518.0],[981.0,519.0],[982.0,519.0],[982.0,518.0],[983.0,518.0],[983.0,517.0],[985.0,517.0],[985.0,518.0],[986.0,518.0],[986.0,519.0],[988.0,519.0],[988.0,518.0],[991.0,518.0],[991.0,517.0],[993.0,517.0],[993.0,518.0],[996.0,518.0],[998.0,518.0],[998.0,517.0],[999.0,517.0],[999.0,518.0],[1001.0,518.0],[1001.0,517.0],[1002.0,517.0],[1002.0,516.0],[1003.0,516.0],[1003.0,515.0],[1002.0,515.0],[1002.0,513.0],[1001.0,513.0],[1001.0,512.0],[995.0,512.0],[995.0,510.0],[994.0,510.0],[994.0,509.0],[994.0,508.0],[994.0,505.0],[995.0,505.0],[995.0,502.0],[994.0,502.0],[994.0,501.0],[990.0,501.0],[990.0,499.0],[989.0,499.0],[989.0,498.0],[988.0,498.0],[988.0,497.0],[987.0,497.0],[987.0,496.0],[985.0,496.0],[985.0,497.0],[981.0,497.0],[981.0,496.0],[979.0,496.0],[979.0,495.0],[978.0,495.0],[978.0,494.0],[977.0,494.0],[977.0,493.0],[976.0,493.0],[976.0,491.0],[975.0,491.0],[975.0,490.0],[974.0,490.0],[974.0,489.0],[973.0,489.0],[973.0,488.0],[970.0,488.0],[970.0,486.0],[969.0,486.0],[969.0,484.0],[972.0,484.0],[972.0,477.0]]]}},{"type":"Feature","id":"country-008","properties":{"id":"country-008","name":"Unassigned","type":"country","status":"mask-defined","source":"countries-mask-shared-topology","extractionConfidence":"authoritative-mask","rgb":[0,255,33],"color":"#00ff21","polygonCount":50,"holeCount":14,"styleIndex":1,"displayClip":"authoritative-land-mask"},"geometry":{"type":"MultiPolygon","coordinates":[[[[563.0,361.0],[564.0,361.0],[564.0,362.0],[566.0,362.0],[566.0,361.0],[567.0,361.0],[567.0,360.0],[569.0,360.0],[569.0,359.0],[570.0,359.0],[570.0,356.0],[571.0,356.0],[571.0,354.0],[570.0,354.0],[570.0,353.0],[571.0,353.0],[571.0,351.0],[571.0,350.0],[572.0,350.0],[572.0,349.0],[574.0,349.0],[574.0,348.0],[575.0,348.0],[575.0,347.0],[576.0,347.0],[576.0,346.0],[577.0,346.0],[578.0,346.0],[581.0,346.0],[581.0,345.0],[582.0,345.0],[582.0,343.0],[581.0,343.0],[581.0,342.0],[580.0,342.0],[577.0,342.0],[575.0,342.0],[575.0,343.0],[574.0,343.0],[571.0,343.0],[571.0,344.0],[570.0,344.0],[570.0,345.0],[566.0,345.0],[566.0,344.0],[564.0,344.0],[564.0,343.0],[559.0,343.0],[559.0,344.0],[558.0,344.0],[557.0,344.0],[557.0,345.0],[555.0,345.0],[555.0,346.0],[554.0,346.0],[554.0,347.0],[553.0,347.0],[551.0,347.0],[551.0,348.0],[550.0,348.0],[550.0,349.0],[550.0,352.0],[550.0,353.0],[555.0,353.0],[555.0,352.0],[561.0,352.0],[561.0,351.0],[563.0,351.0],[563.0,352.0],[563.0,353.0],[564.0,353.0],[564.0,355.0],[563.0,355.0],[563.0,361.0]]],[[[457.0,732.0],[457.0,733.0],[458.0,733.0],[458.0,734.0],[458.0,737.0],[457.0,737.0],[457.0,738.0],[456.0,738.0],[456.0,739.0],[457.0,739.0],[457.0,740.0],[458.0,740.0],[459.0,740.0],[461.0,740.0],[462.0,740.0],[462.0,741.0],[463.0,741.0],[463.0,742.0],[464.0,742.0],[464.5,743.0],[465.0,743.0],[465.0,744.0],[468.0,744.0],[469.0,744.0],[469.0,745.0],[476.0,745.0],[476.0,744.0],[477.0,743.5],[477.0,742.0],[478.0,742.0],[478.0,741.0],[480.0,741.0],[480.5,742.0],[481.0,742.0],[481.0,743.0],[482.0,743.0],[482.0,744.0],[483.0,744.0],[483.0,745.0],[485.0,745.0],[485.0,744.0],[486.0,744.0],[486.0,743.0],[487.0,743.0],[488.0,743.0],[488.0,742.0],[489.0,742.0],[489.0,741.0],[490.0,741.0],[490.0,740.0],[491.0,739.5],[491.0,739.0],[492.0,739.0],[492.0,736.0],[491.0,736.0],[491.0,735.0],[490.0,735.0],[487.0,735.0],[486.0,735.0],[486.0,734.0],[486.0,733.0],[486.0,732.0],[487.0,732.0],[487.0,731.0],[487.0,730.0],[487.0,723.0],[487.0,722.0],[488.0,722.0],[487.0,718.0],[485.0,717.0],[485.0,716.0],[484.0,716.0],[484.0,714.0],[483.0,714.0],[483.0,711.0],[476.0,711.0],[475.0,711.0],[475.0,712.0],[473.0,712.0],[473.0,713.0],[471.0,713.0],[470.0,713.0],[470.0,716.0],[469.0,716.0],[469.0,718.0],[460.0,720.0],[459.0,722.0],[458.0,722.0],[458.0,723.0],[457.0,723.0],[457.0,724.0],[456.0,724.0],[456.0,725.0],[455.0,725.0],[455.0,726.0],[455.0,727.0],[455.0,728.0],[454.0,728.0],[454.0,731.0],[455.0,731.0],[455.0,732.0],[457.0,732.0]]],[[[439.0,794.0],[438.0,794.0],[438.0,793.0],[437.0,793.0],[437.0,792.0],[436.0,792.0],[436.0,791.0],[435.0,791.0],[434.0,791.0],[434.0,790.0],[429.0,790.0],[429.0,791.0],[428.0,791.0],[428.0,795.0],[429.0,795.0],[429.0,796.0],[430.0,796.0],[430.0,797.0],[438.0,797.0],[438.0,796.0],[439.0,796.0],[439.0,794.0]]],[[[452.0,806.0],[453.0,806.0],[453.0,805.0],[453.0,804.0],[454.0,804.0],[454.0,805.0],[455.0,805.0],[455.0,806.0],[456.0,806.0],[457.0,806.0],[457.0,808.0],[456.0,808.0],[456.0,809.0],[455.0,809.0],[455.0,814.0],[456.0,814.0],[456.0,815.0],[459.0,815.0],[460.0,815.0],[461.0,815.0],[461.0,814.0],[462.0,814.0],[462.0,813.0],[462.15384615384613,813.0],[462.2307692307692,812.0],[462.0,812.0],[462.0,809.0],[462.46153846153845,809.0],[462.9230769230769,803.0],[462.0,803.0],[462.0,802.0],[461.0,802.0],[461.0,801.0],[461.0,799.0],[463.0,799.0],[463.0,798.0],[464.0,798.0],[464.0,799.0],[466.0,799.0],[467.0,799.0],[467.0,800.0],[469.0,800.0],[469.0,801.0],[470.0,801.0],[470.0,802.0],[471.0,802.0],[471.0,803.0],[472.0,803.0],[473.0,803.0],[475.0,803.0],[475.0,804.0],[476.0,804.0],[476.0,805.0],[479.0,805.0],[480.0,805.0],[480.0,806.0],[482.0,806.0],[482.0,807.0],[484.0,807.0],[484.0,808.0],[486.0,808.0],[487.0,808.0],[490.0,808.0],[490.0,807.0],[491.0,807.0],[491.0,806.0],[492.0,806.0],[492.0,805.0],[493.0,805.0],[493.0,803.0],[494.0,803.0],[494.0,800.0],[493.0,800.0],[493.0,799.0],[492.0,799.0],[491.0,799.0],[491.0,798.0],[489.0,798.0],[488.5,797.0],[487.0,797.0],[487.0,796.0],[487.0,795.0],[486.0,795.0],[486.0,788.0],[487.0,788.0],[487.0,785.0],[487.0,784.0],[488.0,784.0],[488.0,783.0],[488.0,782.0],[489.0,782.0],[489.0,781.0],[490.0,781.0],[491.0,781.0],[491.0,780.0],[493.0,780.0],[493.0,779.0],[494.0,779.0],[494.0,778.0],[495.0,778.0],[495.0,777.0],[494.0,777.0],[494.0,776.0],[490.0,776.0],[489.0,776.0],[489.0,775.0],[486.0,775.0],[486.0,776.0],[485.0,776.0],[484.0,776.0],[483.5,775.0],[483.0,775.0],[483.0,774.0],[479.0,774.0],[479.0,775.0],[477.0,775.0],[477.0,776.0],[476.0,776.0],[476.0,777.0],[475.0,777.0],[475.0,779.0],[474.25,779.0],[474.0,780.0],[473.0,780.0],[473.0,781.0],[472.0,781.0],[472.0,782.0],[468.0,782.0],[467.0,782.0],[467.0,781.0],[466.0,781.0],[466.0,780.0],[465.0,780.0],[465.0,779.0],[464.0,779.0],[464.0,778.0],[463.0,778.0],[463.0,777.0],[462.0,777.0],[461.0,777.0],[461.0,776.0],[459.0,776.0],[459.0,777.0],[458.0,777.0],[458.0,780.0],[457.0,780.0],[457.0,781.0],[457.0,782.0],[457.0,783.0],[456.0,783.0],[456.0,786.0],[457.0,786.0],[457.0,786.5],[458.0,787.0],[459.0,787.0],[459.0,787.5],[460.0,788.0],[460.0,790.0],[459.0,790.0],[457.0,790.0],[455.0,790.0],[455.0,791.0],[449.0,791.0],[448.0,791.0],[446.0,791.0],[446.0,792.0],[446.0,793.0],[446.0,796.0],[447.0,796.0],[447.0,797.0],[448.0,797.0],[448.0,798.0],[448.0,799.0],[449.0,799.0],[449.0,800.0],[448.0,800.0],[448.0,802.0],[447.0,802.0],[447.0,803.0],[447.0,804.0],[446.0,804.0],[446.0,805.0],[444.0,805.5],[444.0,806.0],[443.0,806.0],[443.0,807.0],[442.0,807.0],[442.0,810.0],[443.0,810.0],[443.0,811.0],[444.0,811.0],[444.0,812.0],[449.0,812.0],[450.0,812.0],[451.0,812.0],[451.0,810.0],[451.3333333333333,810.0],[452.0,806.0]]],[[[538.0,801.0],[539.0,801.0],[539.0,802.0],[540.0,802.0],[540.0,803.0],[540.0,804.0],[541.0,804.0],[541.0,805.0],[544.0,805.0],[544.0,804.0],[545.0,804.0],[547.0,804.0],[547.0,803.0],[548.0,803.0],[548.0,802.0],[549.0,802.0],[549.0,800.0],[549.0,799.0],[550.0,799.0],[550.0,798.0],[550.0,797.0],[551.0,797.0],[551.0,796.0],[552.0,796.0],[552.0,794.0],[551.0,794.0],[551.0,793.0],[550.0,793.0],[549.0,793.0],[549.0,792.0],[546.0,792.0],[546.0,793.0],[545.0,793.0],[545.0,794.0],[544.0,794.0],[544.0,795.0],[543.0,795.0],[543.0,796.0],[541.0,796.0],[541.0,795.0],[537.0,795.0],[537.0,796.0],[536.0,796.0],[536.0,797.0],[535.0,797.0],[535.0,799.0],[536.0,799.0],[536.0,800.0],[537.0,800.0],[537.0,801.0],[538.0,801.0]]],[[[441.0,819.0],[441.0,818.0],[442.0,818.0],[442.0,815.0],[441.0,815.0],[441.0,814.0],[440.0,814.0],[440.0,813.0],[439.0,813.0],[438.0,813.0],[438.0,812.0],[435.0,812.0],[435.0,813.0],[434.0,813.0],[434.0,816.0],[435.0,816.0],[435.0,817.0],[436.0,817.0],[436.0,818.0],[437.0,818.0],[438.0,818.0],[438.0,819.0],[441.0,819.0]]],[[[512.0,818.0],[511.0,818.0],[511.0,817.0],[507.0,817.0],[507.0,816.0],[503.0,816.0],[503.0,817.0],[502.0,817.0],[502.0,820.0],[503.0,820.0],[503.0,821.0],[504.0,821.0],[504.0,822.0],[511.0,822.0],[511.0,821.0],[512.0,821.0],[512.0,818.0]]],[[[592.0,825.0],[592.0,824.0],[593.0,824.0],[593.0,823.0],[594.0,823.0],[594.0,824.0],[595.0,824.0],[595.0,825.0],[600.0,825.0],[600.0,824.0],[601.0,824.0],[601.0,823.0],[602.0,823.0],[602.0,822.0],[603.0,822.0],[603.0,819.0],[602.0,819.0],[602.0,818.0],[599.0,818.0],[598.0,818.0],[598.0,817.0],[597.0,817.0],[597.0,816.0],[592.0,816.0],[592.0,817.0],[590.5,817.0],[590.0,818.0],[589.0,818.0],[589.0,819.0],[588.0,819.0],[588.0,820.0],[588.0,821.0],[587.0,821.0],[587.0,822.0],[586.0,822.0],[586.0,823.0],[587.0,823.0],[587.0,824.5],[588.0,825.0],[588.0,826.0],[590.0,826.0],[590.0,825.0],[591.0,825.0],[592.0,825.0]]],[[[463.0,826.0],[463.0,825.0],[464.0,825.0],[464.0,824.0],[465.0,824.0],[465.0,823.0],[464.0,823.0],[464.0,822.0],[463.0,822.0],[463.0,821.0],[455.0,821.0],[455.0,822.0],[453.5,822.0],[453.0,823.0],[452.0,823.0],[452.0,826.0],[453.0,826.0],[453.0,827.0],[460.0,827.0],[460.0,826.0],[463.0,826.0]]],[[[453.0,847.0],[453.0,846.0],[454.0,846.0],[454.0,845.0],[455.0,845.0],[455.0,844.0],[456.0,844.0],[456.0,841.0],[455.0,841.0],[455.0,840.0],[455.0,839.0],[454.0,839.0],[454.0,838.0],[453.0,838.0],[453.0,837.0],[450.0,837.0],[450.0,838.0],[449.0,838.0],[449.0,839.0],[448.0,839.0],[448.0,844.0],[449.0,844.0],[449.0,845.0],[450.0,845.0],[450.0,846.0],[451.0,846.0],[451.0,847.0],[453.0,847.0]]],[[[606.0,855.0],[606.0,854.0],[607.0,854.0],[609.0,854.0],[609.0,853.0],[610.0,853.0],[615.0,853.0],[615.0,852.0],[616.0,852.0],[616.0,851.0],[617.0,851.0],[617.0,849.0],[617.0,848.0],[618.0,848.0],[618.0,847.0],[619.0,847.0],[621.0,847.0],[621.0,846.0],[622.0,846.0],[624.0,846.0],[624.0,845.0],[625.0,845.0],[625.0,844.0],[626.0,844.0],[626.0,842.0],[625.0,842.0],[625.0,841.0],[623.0,841.0],[623.0,840.0],[622.0,840.0],[622.0,839.0],[621.0,839.0],[621.0,840.0],[620.0,840.0],[619.0,840.0],[619.0,841.0],[618.0,841.0],[616.0,841.0],[616.0,842.0],[614.5,842.0],[614.0,843.0],[611.0,843.0],[611.0,844.0],[609.0,844.0],[609.0,843.0],[608.0,843.0],[608.0,841.0],[608.0,840.0],[609.0,840.0],[609.0,837.0],[608.0,837.0],[608.0,836.0],[607.0,836.0],[607.0,835.0],[606.0,835.0],[606.0,834.0],[604.0,834.0],[604.0,835.0],[603.0,835.0],[603.0,836.0],[602.0,836.0],[602.0,837.0],[601.0,837.0],[601.0,838.0],[601.0,839.0],[600.0,839.0],[600.0,840.0],[600.0,841.0],[599.0,841.0],[598.0,841.0],[598.0,842.0],[597.0,842.0],[597.0,846.0],[597.0,847.0],[596.0,847.0],[596.0,848.0],[595.0,848.0],[595.0,849.0],[595.0,850.0],[594.0,850.0],[594.0,851.0],[593.0,851.0],[593.0,852.0],[594.0,852.0],[594.0,853.0],[595.0,853.0],[595.0,854.0],[599.0,854.0],[600.0,854.0],[600.0,855.0],[606.0,855.0]]],[[[476.0,835.0],[477.0,835.0],[477.0,836.0],[478.0,836.0],[478.0,837.0],[478.0,838.0],[479.0,838.0],[479.0,839.0],[480.0,839.0],[480.0,840.0],[481.0,840.0],[481.0,841.0],[482.0,841.0],[482.0,842.0],[484.0,842.0],[485.0,842.0],[485.0,844.0],[486.0,844.0],[486.0,846.0],[487.0,846.0],[487.0,851.0],[488.0,851.0],[488.0,852.0],[489.0,852.0],[489.0,853.0],[489.0,854.0],[490.0,854.0],[490.0,855.0],[490.0,856.0],[491.0,856.0],[491.0,857.0],[492.0,857.0],[492.0,859.0],[492.0,860.0],[490.0,860.0],[490.0,861.0],[489.0,861.0],[489.0,864.0],[490.0,864.0],[490.0,865.0],[492.0,865.0],[492.5,866.0],[494.0,866.0],[494.0,867.0],[497.0,867.0],[497.0,867.5],[501.0,868.0],[501.0,869.0],[502.0,869.0],[502.0,870.0],[507.0,870.0],[507.0,869.0],[508.0,869.0],[508.0,862.0],[510.0,862.0],[510.0,861.0],[512.0,861.0],[512.0,860.0],[513.0,860.0],[513.0,859.0],[514.0,859.0],[514.0,858.0],[516.0,858.0],[516.0,857.0],[517.0,857.0],[517.0,858.0],[517.0,863.0],[518.0,863.0],[518.0,864.0],[523.0,864.0],[523.0,863.0],[526.0,863.0],[527.0,863.0],[527.0,864.0],[527.0,865.0],[528.0,865.0],[528.0,866.0],[529.0,866.0],[529.0,867.0],[529.0,868.0],[531.0,868.0],[531.0,869.0],[532.0,869.0],[532.0,870.0],[534.0,870.0],[534.0,871.0],[535.0,871.0],[535.0,874.0],[537.0,874.0],[537.0,875.0],[539.0,875.0],[539.0,874.0],[540.0,874.0],[540.0,873.0],[541.0,873.0],[542.0,873.0],[543.0,873.0],[543.0,875.0],[544.0,875.0],[544.0,876.0],[543.0,876.0],[543.0,877.0],[543.0,880.0],[544.0,880.0],[545.0,880.0],[548.0,880.0],[548.0,879.0],[548.5,879.0],[549.0,878.0],[550.0,878.0],[550.0,877.0],[550.0,876.0],[551.0,876.0],[552.0,876.0],[552.0,875.0],[552.0,874.0],[553.0,874.0],[554.0,874.0],[554.0,873.0],[555.0,873.0],[555.0,872.0],[556.0,872.0],[556.0,871.0],[557.0,871.0],[558.0,871.0],[559.0,871.0],[559.0,872.0],[562.0,872.0],[564.0,872.0],[564.0,871.0],[565.5,871.0],[566.0,870.0],[567.0,870.0],[567.0,869.0],[569.0,869.0],[569.0,871.0],[570.0,871.0],[570.0,872.0],[572.0,872.0],[572.0,871.0],[573.0,871.0],[574.0,871.0],[575.0,871.0],[575.0,872.0],[577.0,872.0],[578.0,874.0],[579.0,874.0],[579.0,875.0],[580.0,875.0],[580.0,876.0],[581.0,876.0],[583.0,876.0],[583.0,877.0],[584.0,877.0],[584.0,879.0],[584.0,880.0],[585.0,880.0],[586.0,880.0],[586.5,882.0],[587.0,882.0],[587.0,883.0],[588.0,883.0],[588.0,884.0],[588.0,885.0],[590.0,885.0],[590.0,886.0],[591.0,886.0],[591.0,887.0],[591.0,888.0],[592.0,888.0],[592.0,890.0],[592.0,895.0],[593.0,895.0],[594.0,895.0],[595.0,895.0],[598.0,895.0],[598.0,894.0],[599.0,894.0],[599.0,893.0],[600.0,893.0],[600.0,892.0],[600.5,892.0],[601.0,891.0],[602.0,891.0],[603.0,891.0],[604.0,891.0],[604.0,890.0],[605.0,890.0],[605.0,889.0],[606.0,889.0],[606.0,886.0],[605.0,886.0],[605.0,885.0],[606.0,885.0],[606.0,884.0],[607.0,884.0],[608.0,884.0909090909091],[608.0,884.0],[612.0,884.0],[612.0,884.4545454545455],[617.0,884.9090909090909],[617.0,884.0],[618.0,884.0],[618.0,883.0],[617.0,883.0],[617.0,882.0],[616.0,882.0],[616.0,881.0],[615.0,881.0],[615.0,880.0],[615.0,879.0],[615.0,878.0],[615.0,877.0],[616.0,877.0],[616.0,876.0],[617.0,876.0],[618.0,876.0],[618.0,875.0],[619.0,875.0],[619.0,874.0],[619.0,873.0],[620.0,873.0],[622.0,873.0],[622.0,872.0],[623.0,872.0],[627.0,872.0],[631.0,872.0],[631.0,871.0],[632.0,871.0],[632.0,869.0],[631.0,869.0],[631.0,867.0],[630.0,867.0],[629.0,867.0],[628.0,867.0],[627.0,867.0],[627.0,866.0],[626.0,866.0],[624.0,866.0],[624.0,865.0],[623.0,865.0],[622.0,865.0],[622.0,863.0],[622.0,862.0],[623.0,862.0],[623.0,860.0],[622.0,860.0],[622.0,859.0],[621.0,859.0],[619.0,859.0],[616.0,859.0],[616.0,860.0],[615.5,860.0],[615.0,861.0],[614.0,861.0],[612.0,861.0],[611.0,861.0],[611.0,862.0],[608.0,862.0],[607.0,862.0],[607.0,861.0],[604.0,861.0],[604.0,862.0],[603.0,862.0],[603.0,863.0],[602.0,863.0],[602.0,864.0],[601.0,864.0],[600.0,864.0],[600.0,865.0],[599.0,865.0],[596.0,865.0],[595.0,865.0],[595.0,863.0],[596.0,863.0],[596.0,861.0],[595.0,861.0],[595.0,860.0],[594.0,860.0],[594.0,859.0],[592.0,859.0],[592.0,860.0],[590.5,860.0],[590.0,861.0],[588.0,861.0],[586.0,861.0],[583.0,861.0],[583.0,860.0],[582.0,860.0],[581.0,860.0],[579.0,860.0],[578.0,860.0],[578.0,859.0],[577.0,859.0],[577.0,858.0],[577.0,857.0],[576.0,857.0],[576.0,856.0],[576.0,855.0],[577.0,855.0],[577.0,847.0],[578.0,846.5],[578.0,845.0],[579.0,845.0],[579.0,846.0],[580.0,846.0],[580.0,848.0],[581.0,848.0],[581.0,849.0],[582.0,849.0],[582.0,850.0],[583.0,850.0],[584.0,850.0],[586.0,850.0],[586.0,849.0],[588.0,849.0],[588.0,848.0],[589.0,848.0],[589.0,847.0],[590.0,847.0],[590.0,846.0],[591.0,846.0],[591.0,844.0],[590.0,844.0],[590.0,843.0],[587.0,843.0],[586.0,843.0],[586.0,842.0],[585.0,842.0],[585.0,841.0],[584.0,841.0],[584.0,840.0],[583.0,840.0],[583.0,839.0],[583.0,838.0],[582.0,838.0],[582.0,837.0],[582.0,836.0],[581.0,836.0],[579.0,836.0],[577.0,836.0],[577.0,837.0],[576.0,837.0],[576.0,838.0],[575.0,838.0],[575.0,839.0],[575.0,840.0],[574.0,840.0],[574.0,841.0],[573.0,841.0],[573.0,840.0],[572.0,840.0],[572.0,838.0],[571.0,838.0],[571.0,837.0],[569.0,837.0],[569.0,838.0],[568.0,838.0],[568.0,840.0],[568.0,841.0],[567.0,841.0],[567.0,842.0],[567.0,843.0],[566.0,843.0],[563.0,843.0],[563.0,842.25],[562.0,842.0],[562.0,841.0],[562.0,840.0],[562.0,838.0],[561.0,838.0],[561.0,837.0],[560.0,837.0],[560.0,836.0],[560.0,835.0],[561.0,834.5],[561.0,833.0],[562.0,833.0],[563.0,833.0],[563.0,832.0],[564.0,832.0],[564.0,831.0],[565.0,831.0],[565.0,830.0],[567.0,830.0],[567.0,829.0],[568.0,829.0],[568.0,828.0],[568.0,827.0],[569.0,827.0],[572.0,827.0],[572.0,828.0],[575.0,828.0],[575.0,827.0],[576.0,827.0],[576.0,823.0],[575.0,823.0],[575.0,822.5],[574.0,822.0],[573.0,822.0],[573.0,821.0],[572.0,821.0],[572.0,817.0],[572.0,816.0],[573.0,816.0],[573.0,813.0],[572.0,813.0],[572.0,812.0],[570.0,812.0],[570.0,813.0],[569.0,813.0],[569.0,814.0],[568.0,814.0],[567.0,814.0],[567.0,815.0],[564.0,815.75],[564.0,816.0],[563.0,816.0],[563.0,817.0],[556.0,817.0],[555.0,817.0],[555.0,816.0],[552.0,816.0],[551.0,816.0],[551.0,815.0],[550.0,815.0],[550.0,814.0],[550.0,813.0],[549.0,813.0],[549.0,812.0],[545.0,812.0],[545.0,813.0],[544.5,813.0],[544.0,814.0],[543.0,814.0],[543.0,815.0],[543.0,816.0],[542.0,816.0],[541.0,816.0],[541.0,817.0],[541.0,818.0],[540.0,818.0],[538.0,818.0],[537.0,818.0],[536.0,818.0],[536.0,819.0],[535.0,819.0],[534.0,819.0],[532.0,819.0],[532.0,818.0],[531.0,818.0],[531.0,816.0],[530.0,816.0],[530.0,815.0],[530.0,813.0],[529.0,813.0],[529.0,812.0],[526.0,812.0],[526.0,813.0],[525.0,813.0],[525.0,816.0],[524.0,816.5],[524.0,818.0],[523.0,818.0],[522.0,818.0],[521.0,818.0],[520.0,818.0],[520.0,819.0],[520.0,820.0],[519.0,820.0],[519.0,822.0],[518.25,822.0],[518.0,823.0],[516.0,824.0],[516.0,825.0],[509.0,825.0],[509.0,826.0],[508.0,826.0],[507.0,826.0],[506.0,826.0],[506.0,825.0],[504.0,825.0],[504.0,824.0],[502.0,824.0],[502.0,823.0],[500.0,823.0],[500.0,822.0],[499.0,822.0],[498.0,822.0],[498.0,821.0],[496.0,821.0],[496.0,818.0],[495.0,818.0],[495.0,817.0],[494.0,817.0],[494.0,816.0],[493.0,816.0],[493.0,815.0],[490.0,815.0],[490.0,816.0],[489.0,816.0],[489.0,817.0],[490.0,817.0],[490.0,818.0],[490.0,819.0],[490.0,820.0],[489.0,820.0],[489.0,821.0],[489.0,822.0],[488.0,822.0],[488.0,821.0],[487.0,821.0],[487.0,822.0],[486.0,822.0],[486.0,823.0],[485.0,823.0],[485.0,824.0],[484.0,824.0],[484.0,825.0],[483.0,825.0],[481.0,825.0],[481.0,826.0],[480.0,826.0],[480.0,828.0],[479.25,828.0],[479.0,829.0],[477.0,829.0],[477.0,830.0],[476.0,830.0],[476.0,829.0],[473.0,829.0],[473.0,830.0],[473.0,831.0],[473.0,833.0],[474.0,833.0],[474.0,834.0],[475.0,834.0],[475.0,835.0],[476.0,835.0]]],[[[458.0,869.0],[459.0,869.0],[459.0,870.0],[459.0,871.0],[458.0,871.0],[458.0,875.0],[459.0,875.0],[459.0,876.0],[460.0,876.0],[460.0,877.0],[463.0,877.0],[463.0,876.0],[464.0,876.0],[464.0,874.0],[465.0,874.0],[465.0,871.0],[465.0,870.0],[466.0,870.0],[466.0,868.0],[467.0,868.0],[467.0,867.0],[472.0,867.0],[474.0,867.0],[475.0,867.0],[475.0,865.0],[475.0,864.0],[476.0,864.0],[476.0,863.0],[477.0,863.0],[477.0,862.0],[478.0,862.0],[478.0,861.0],[479.0,860.5],[479.0,859.0],[480.0,859.0],[480.0,858.0],[481.0,858.0],[481.0,857.0],[481.0,856.0],[482.0,856.0],[482.0,855.0],[481.0,855.0],[481.0,854.0],[480.0,854.0],[480.0,853.0],[478.0,853.0],[478.0,852.0],[477.0,852.0],[477.0,849.0],[477.5,849.0],[477.8333333333333,847.0],[477.0,847.0],[477.0,846.0],[476.0,846.0],[476.0,845.0],[475.0,845.0],[475.0,844.0],[474.0,844.0],[474.0,843.0],[473.0,843.0],[473.0,842.0],[472.0,842.0],[472.0,841.0],[471.0,841.0],[470.5,840.0],[470.0,840.0],[470.0,839.0],[468.0,839.0],[468.0,838.0],[467.0,838.0],[467.0,834.0],[467.0,833.0],[467.0,832.0],[466.0,832.0],[466.0,831.0],[463.0,831.0],[463.0,832.0],[462.0,832.0],[462.0,833.0],[461.0,833.0],[461.0,835.0],[462.0,835.0],[462.0,836.0],[462.0,839.0],[463.0,839.0],[463.0,840.0],[463.0,841.0],[462.0,841.0],[461.0,841.0],[461.0,842.0],[460.0,842.0],[460.0,844.0],[459.0,844.0],[459.0,849.0],[460.0,849.0],[460.0,849.5],[461.0,850.0],[461.0,851.0],[462.0,851.0],[463.0,851.0],[463.0,852.0],[463.0,854.0],[463.0,855.0],[462.0,855.0],[462.0,856.0],[462.0,857.0],[461.0,857.0],[461.0,858.0],[460.0,858.0],[460.0,860.0],[458.0,861.0],[458.0,862.0],[457.0,862.0],[455.0,862.0],[455.0,863.0],[454.0,863.0],[454.0,867.0],[455.0,867.0],[455.0,868.0],[458.0,868.0],[458.0,869.0]]],[[[646.0,882.0],[647.0,882.0],[647.0,883.0],[648.0,883.0],[648.0,884.0],[655.0,884.0],[655.0,883.0],[656.0,883.0],[656.0,880.0],[655.0,880.0],[655.0,879.0],[653.0,879.0],[652.0,879.0],[652.0,877.0],[651.0,877.0],[651.0,876.0],[650.0,876.0],[649.0,876.0],[649.0,875.0],[648.0,875.0],[648.0,876.0],[647.0,876.0],[646.0,876.0],[646.0,877.0],[645.0,877.0],[642.0,877.0],[642.0,878.0],[641.0,878.0],[641.0,879.0],[640.0,879.0],[640.0,880.0],[639.0,880.0],[639.0,882.0],[640.0,882.0],[640.0,883.0],[641.0,883.0],[641.0,884.0],[642.0,884.0],[642.0,883.0],[643.0,883.0],[643.0,882.0],[644.0,882.0],[646.0,882.0]]],[[[633.0,886.0],[633.0,885.0],[634.0,885.0],[634.0,883.0],[633.0,883.0],[633.0,882.0],[632.0,882.0],[631.0,882.0],[631.0,881.0],[629.0,881.0],[629.0,882.0],[628.0,882.0],[627.0,882.0],[627.0,883.0],[626.0,883.0],[626.0,885.0],[627.0,885.0],[627.0,886.0],[628.0,886.0],[628.0,887.0],[631.0,887.0],[631.0,886.0],[632.0,886.0],[633.0,886.0]]],[[[644.0,896.0],[645.0,896.0],[645.0,897.0],[648.0,897.0],[648.0,896.0],[649.0,896.0],[649.0,894.0],[648.0,894.0],[648.0,893.0],[647.0,893.0],[647.0,892.0],[646.0,892.0],[646.0,891.0],[642.0,891.0],[642.0,890.375],[640.0,890.125],[640.0,891.0],[639.0,891.0],[639.0,892.0],[638.0,892.0],[638.0,894.0],[639.0,894.0],[639.0,895.0],[640.0,895.0],[640.0,896.0],[644.0,896.0]]],[[[475.0,882.0],[475.0,885.0],[474.0,885.5],[474.0,886.0],[473.0,886.0],[473.0,888.0],[474.0,888.0],[474.0,889.5],[475.0,890.0],[475.0,891.0],[476.0,891.0],[476.0,892.0],[477.0,892.0],[480.0,892.0],[483.0,892.0],[483.0,893.0],[485.0,893.0],[485.0,894.0],[486.0,894.0],[486.0,896.0],[485.0,896.0],[485.0,897.0],[482.0,897.0],[481.0,897.0],[481.0,898.0],[481.0,899.0],[480.0,899.0],[480.0,900.0],[480.0,901.0],[480.0,902.0],[481.0,902.0],[481.0,903.0],[480.0,903.0],[480.0,904.0],[480.0,906.0],[478.0,907.0],[478.0,908.0],[477.0,908.0],[477.0,909.0],[476.0,909.0],[476.0,911.0],[476.0,912.0],[476.0,913.0],[476.0,914.0],[477.0,914.0],[477.0,918.0],[477.0,919.0],[478.0,919.0],[478.0,921.0],[479.0,921.0],[481.0,921.0],[482.0,921.0],[482.0,920.0],[483.0,920.0],[483.0,918.0],[483.0,917.0],[484.0,917.0],[484.0,916.0],[485.0,916.0],[485.0,915.0],[486.0,915.0],[486.0,914.0],[488.0,914.0],[488.0,915.0],[492.0,915.0],[493.0,915.0],[498.0,915.0],[498.5,916.0],[499.0,916.0],[499.0,917.0],[500.0,917.0],[501.0,917.0],[501.0,918.0],[502.0,918.0],[503.0,918.0],[507.0,918.0],[507.0,917.0],[507.5,917.0],[508.0,916.0],[509.0,916.0],[510.0,916.0],[510.0,914.0],[511.0,914.0],[512.0,914.0],[512.0,913.0],[512.0,912.0],[512.0,911.0],[510.0,911.0],[509.5,910.0],[509.0,910.0],[509.0,909.0],[508.0,909.0],[508.0,908.0],[507.0,908.0],[507.0,907.0],[508.0,907.0],[508.0,906.0],[508.0,905.0],[508.0,904.0],[508.0,900.0],[508.0,897.0],[510.0,897.0],[511.0,897.0],[511.0,895.0],[512.0,895.0],[513.0,895.0],[513.0,894.0],[514.0,894.0],[516.0,894.0],[517.0,894.0],[517.0,893.0],[518.0,893.0],[518.0,892.0],[518.0,891.0],[518.0,889.0],[519.0,888.5],[519.0,888.0],[520.0,888.0],[520.0,886.0],[521.0,886.0],[521.0,885.0],[523.0,885.0],[523.0,884.0],[524.0,884.0],[525.0,884.0],[525.0,883.0],[526.5,883.0],[527.0,882.0],[528.0,882.0],[528.0,881.0],[529.0,881.0],[529.0,875.0],[528.0,875.0],[526.0,875.0],[525.0,875.0],[525.0,876.0],[524.0,876.0],[523.0,876.0],[523.0,874.0],[523.0,873.0],[522.0,873.0],[522.0,872.0],[522.0,871.0],[521.0,871.0],[520.0,871.0],[518.0,871.0],[518.0,872.0],[518.0,873.0],[518.0,874.0],[518.0,877.0],[515.0,877.0],[515.0,876.0],[513.0,876.0],[512.5,875.0],[512.0,875.0],[512.0,874.0],[511.0,874.0],[511.0,872.0],[510.0,872.0],[508.0,872.0],[501.0,872.0],[501.0,873.0],[500.0,873.0],[500.0,875.0],[500.0,876.0],[498.0,875.75],[498.0,876.0],[496.0,876.0],[496.0,875.5],[492.0,875.0],[492.0,876.0],[491.5,876.0],[491.0,877.0],[488.0,877.0],[487.5,876.0],[487.0,876.0],[487.0,875.0],[486.0,875.0],[486.0,873.0],[485.0,873.0],[485.0,869.0],[485.0,868.0],[484.0,868.0],[483.0,868.0],[479.0,868.0],[479.0,869.0],[478.0,869.0],[478.0,873.0],[478.0,875.0],[471.0,875.0],[470.0,875.0],[470.0,876.0],[469.0,876.0],[468.0,876.0],[468.0,877.0],[467.0,877.0],[466.0,877.0],[466.0,879.0],[467.0,879.0],[467.0,880.0],[468.0,880.0],[468.0,881.0],[471.0,881.0],[472.0,881.0],[474.0,881.0],[474.0,882.0],[475.0,882.0]]],[[[857.0,202.0],[857.0,201.0],[858.0,201.0],[858.0,200.0],[859.0,200.0],[859.0,199.0],[860.0,199.0],[863.0,199.0],[863.0,200.0],[864.0,200.0],[864.0,201.0],[865.0,201.0],[866.0,201.0],[866.0,202.0],[867.0,202.0],[867.0,203.0],[868.0,203.0],[869.0,203.0],[869.0,204.0],[871.0,204.0],[871.0,203.0],[872.0,203.0],[872.0,201.0],[872.0,200.0],[873.0,200.0],[875.0,200.0],[875.0,199.0],[876.0,199.0],[876.0,196.0],[875.0,196.0],[875.0,195.0],[866.0,195.0],[866.0,196.0],[864.0,196.0],[864.0,195.0],[858.0,195.0],[858.0,196.0],[857.0,196.0],[856.0,196.0],[856.0,197.0],[855.0,197.0],[854.0,197.0],[854.0,198.0],[853.0,198.0],[853.0,199.0],[852.0,199.0],[852.0,200.0],[853.0,200.0],[853.0,201.0],[855.0,201.0],[856.0,201.0],[856.0,202.0],[857.0,202.0]]],[[[969.0,232.0],[969.0,231.0],[970.0,231.0],[979.0,231.0],[980.0,231.0],[980.0,232.0],[984.0,232.0],[984.0,231.0],[985.0,231.0],[985.0,229.0],[984.0,229.0],[984.0,228.0],[980.0,228.0],[979.0,228.0],[979.0,227.0],[978.0,227.0],[978.0,226.0],[978.0,225.0],[977.0,225.0],[977.0,224.0],[976.0,224.0],[975.0,224.0],[975.0,223.0],[973.0,223.0],[973.0,224.0],[972.0,224.0],[971.0,224.0],[971.0,225.0],[970.0,225.0],[970.0,226.0],[969.0,226.0],[966.0,226.0],[966.0,227.0],[965.0,227.0],[965.0,228.0],[964.0,228.0],[964.0,230.0],[965.0,230.0],[965.0,231.0],[966.0,231.0],[966.0,232.0],[969.0,232.0]]],[[[968.0,218.0],[968.0,217.0],[969.0,217.0],[969.0,216.0],[971.0,216.0],[971.0,217.0],[973.0,217.0],[975.0,217.0],[975.0,218.0],[977.0,218.0],[977.0,217.0],[979.0,217.0],[979.0,216.0],[981.0,216.0],[981.0,215.0],[982.0,215.0],[982.0,214.0],[983.0,214.0],[983.0,213.0],[984.0,213.0],[984.0,212.0],[985.0,212.0],[985.0,210.0],[985.0,209.0],[988.0,209.0],[988.0,210.0],[989.0,210.0],[989.0,212.0],[990.0,212.0],[990.0,214.0],[991.0,214.0],[991.0,215.0],[992.0,215.0],[992.0,216.0],[995.0,216.0],[995.0,215.0],[996.0,215.0],[996.0,213.0],[995.0,213.0],[995.0,211.0],[995.0,208.0],[994.0,208.0],[994.0,207.0],[992.0,207.0],[992.0,205.0],[993.0,205.0],[993.0,203.0],[995.0,203.0],[995.0,202.0],[997.0,202.0],[1000.0,202.0],[1000.0,201.0],[1001.0,201.0],[1001.0,200.0],[1002.0,200.0],[1002.0,198.0],[1001.0,198.0],[1001.0,197.0],[997.0,197.0],[997.0,198.0],[994.0,198.0],[994.0,197.0],[993.0,197.0],[993.0,196.0],[992.0,196.0],[990.0,196.0],[990.0,195.0],[989.0,195.0],[989.0,194.0],[988.0,194.0],[988.0,195.0],[986.0,195.0],[986.0,196.0],[984.0,196.0],[984.0,197.0],[983.0,197.0],[983.0,198.0],[982.0,198.0],[982.0,199.0],[981.0,199.0],[981.0,200.0],[977.0,200.0],[977.0,199.0],[976.0,199.0],[976.0,198.0],[973.0,198.0],[973.0,199.0],[972.0,199.0],[972.0,200.0],[971.0,200.0],[971.0,199.0],[970.0,199.0],[970.0,198.0],[971.0,198.0],[971.0,194.0],[970.0,194.0],[970.0,193.0],[968.0,193.0],[968.0,192.0],[967.0,192.0],[967.0,193.0],[966.0,193.0],[966.0,194.0],[965.0,194.0],[965.0,195.0],[963.0,195.0],[961.0,195.0],[961.0,196.0],[960.0,196.0],[960.0,197.0],[957.0,197.0],[957.0,196.0],[955.0,196.0],[955.0,197.0],[954.0,197.0],[954.0,196.0],[953.0,196.0],[953.0,195.0],[951.0,195.0],[951.0,196.0],[949.0,196.0],[948.0,196.0],[948.0,197.0],[947.0,197.0],[947.0,198.0],[945.0,198.0],[945.0,197.0],[943.0,197.0],[943.0,196.0],[942.0,196.0],[942.0,197.0],[941.0,197.0],[941.0,198.0],[939.0,198.0],[939.0,197.0],[938.0,197.0],[938.0,198.0],[937.0,198.0],[935.0,198.0],[935.0,199.0],[934.0,199.0],[934.0,198.0],[932.0,198.0],[932.0,199.0],[931.0,199.0],[931.0,201.0],[930.0,201.0],[930.0,202.0],[931.0,202.0],[931.0,203.0],[930.0,203.0],[930.0,205.0],[929.0,205.0],[928.0,205.0],[928.0,206.0],[927.0,206.0],[927.0,205.0],[926.0,205.0],[926.0,204.0],[927.0,204.0],[927.0,203.0],[928.0,203.0],[928.0,201.0],[929.0,201.0],[929.0,200.0],[930.0,200.0],[930.0,199.0],[930.0,198.0],[929.0,198.0],[929.0,197.0],[928.0,197.0],[928.0,196.0],[929.0,196.0],[929.0,195.0],[928.0,195.0],[928.0,193.0],[930.0,193.0],[930.0,192.0],[931.0,192.0],[931.0,191.0],[933.0,191.0],[933.0,190.0],[934.0,190.0],[934.0,188.0],[935.0,188.0],[935.0,187.0],[934.0,187.0],[934.0,186.0],[932.0,186.0],[932.0,184.0],[931.0,184.0],[931.0,182.0],[930.0,182.0],[930.0,181.0],[928.0,181.0],[928.0,182.0],[927.0,182.0],[927.0,186.0],[927.0,188.0],[926.0,188.0],[926.0,189.0],[925.0,189.0],[925.0,188.0],[923.0,188.0],[923.0,187.0],[920.0,187.0],[920.0,188.0],[919.0,188.0],[919.0,189.0],[917.0,189.0],[916.0,189.0],[916.0,190.0],[914.0,190.0],[913.0,190.0],[913.0,191.0],[911.0,191.0],[909.0,191.0],[909.0,192.0],[907.0,192.0],[905.0,192.0],[905.0,193.0],[902.0,193.0],[902.0,192.0],[901.0,192.0],[901.0,191.0],[900.0,191.0],[900.0,190.0],[898.0,190.0],[898.0,191.0],[897.0,191.0],[897.0,193.0],[898.0,193.0],[898.0,195.0],[897.0,195.0],[897.0,196.0],[896.0,196.0],[896.0,197.0],[894.0,197.0],[894.0,198.0],[893.0,198.0],[893.0,199.0],[892.0,199.0],[892.0,200.0],[891.0,200.0],[891.0,201.0],[888.0,201.0],[888.0,200.0],[886.0,200.0],[886.0,199.0],[882.0,199.0],[882.0,200.0],[881.0,200.0],[881.0,201.0],[882.0,201.0],[882.0,202.0],[883.0,202.0],[883.0,203.0],[885.0,203.0],[885.0,205.0],[884.0,205.0],[884.0,207.0],[885.0,207.0],[885.0,208.0],[886.0,208.0],[886.0,209.0],[886.0,210.0],[887.0,210.0],[887.0,211.0],[888.0,211.0],[888.0,212.0],[889.0,212.0],[889.0,214.0],[887.0,214.0],[887.0,215.0],[885.0,215.0],[876.0,215.0],[876.0,216.0],[874.0,216.0],[873.0,216.0],[873.0,217.0],[871.0,217.0],[871.0,218.0],[870.0,218.0],[870.0,219.0],[871.0,219.0],[871.0,221.0],[872.0,221.0],[872.0,222.0],[874.0,222.0],[874.0,223.0],[875.0,223.0],[875.0,224.0],[874.0,224.0],[874.0,225.0],[875.0,225.0],[875.0,227.0],[874.0,227.0],[874.0,230.0],[875.0,230.0],[875.0,231.0],[873.0,231.0],[872.0,231.0],[872.0,232.0],[871.0,232.0],[871.0,234.0],[871.0,235.0],[870.0,235.0],[870.0,236.0],[869.0,236.0],[869.0,239.0],[870.0,239.0],[870.0,240.0],[871.0,240.0],[871.0,241.0],[872.0,241.0],[872.0,243.0],[873.0,243.0],[873.0,244.0],[876.0,244.0],[876.0,243.0],[877.0,243.0],[877.0,241.0],[878.0,241.0],[878.0,240.0],[880.0,240.0],[880.0,241.0],[881.0,241.0],[881.0,242.0],[882.0,242.0],[882.0,243.0],[885.0,243.0],[885.0,242.0],[886.0,242.0],[886.0,241.0],[887.0,241.0],[887.0,242.0],[888.0,242.0],[888.0,244.0],[887.0,244.0],[887.0,245.0],[886.0,245.0],[886.0,246.0],[885.0,246.0],[885.0,247.0],[886.0,247.0],[886.0,248.0],[884.0,248.0],[883.0,248.0],[883.0,249.0],[882.0,249.0],[882.0,250.0],[881.0,250.0],[881.0,252.0],[880.0,252.0],[880.0,253.0],[881.0,253.0],[881.0,254.0],[882.0,254.0],[882.0,255.0],[880.0,255.0],[880.0,254.0],[879.0,254.0],[879.0,253.0],[877.0,253.0],[877.0,252.0],[874.0,252.0],[874.0,253.0],[873.0,253.0],[873.0,255.0],[873.0,256.0],[872.0,256.0],[871.0,256.0],[871.0,257.0],[869.0,257.0],[869.0,256.0],[868.0,256.0],[868.0,255.0],[867.0,255.0],[867.0,254.0],[864.0,254.0],[864.0,255.0],[863.0,255.0],[863.0,257.0],[864.0,257.0],[864.0,258.0],[865.0,258.0],[865.0,259.0],[866.0,259.0],[866.0,260.0],[865.0,260.0],[865.0,261.0],[866.0,261.0],[866.0,262.0],[866.0,267.0],[867.0,267.0],[867.0,268.0],[869.0,268.0],[871.0,268.0],[871.0,269.0],[870.0,269.0],[870.0,270.0],[869.0,270.0],[869.0,271.0],[870.0,271.0],[870.0,272.0],[869.0,272.0],[869.0,273.0],[868.0,273.0],[868.0,274.0],[869.0,274.0],[869.0,276.0],[868.0,276.0],[868.0,277.0],[867.0,277.0],[867.0,279.0],[868.0,279.0],[868.0,280.0],[869.0,280.0],[869.0,281.0],[870.0,281.0],[870.0,282.0],[869.0,282.0],[869.0,284.0],[870.0,284.0],[870.0,286.0],[870.0,287.0],[871.0,287.0],[871.0,288.0],[874.0,288.0],[874.0,287.0],[875.0,287.0],[875.0,286.0],[876.0,286.0],[876.0,285.0],[876.0,283.0],[877.0,283.0],[877.0,282.0],[877.0,281.0],[878.0,281.0],[878.0,280.0],[879.0,280.0],[879.0,279.0],[878.0,279.0],[878.0,278.0],[879.0,278.0],[879.0,277.0],[879.6666666666666,277.0],[880.0,275.0],[879.0,275.0],[879.0,274.0],[881.0,274.0],[881.0,275.0],[883.0,275.0],[883.0,274.0],[884.0,274.0],[884.0,273.0],[884.0,271.0],[885.0,271.0],[885.0,270.0],[886.0,270.0],[886.0,269.0],[887.0,269.0],[887.0,268.0],[888.0,268.0],[888.0,266.0],[889.0,266.0],[889.0,265.0],[890.0,265.0],[890.0,263.0],[889.0,263.0],[889.0,260.0],[890.0,260.0],[890.0,259.0],[891.0,259.0],[891.0,260.0],[894.0,260.0],[894.0,259.0],[895.0,259.0],[895.0,258.0],[894.0,258.0],[894.0,256.0],[893.0,256.0],[893.0,255.0],[892.0,255.0],[892.0,253.0],[893.0,253.0],[893.0,252.0],[892.0,252.0],[892.0,250.0],[894.0,250.0],[895.0,250.0],[895.0,249.0],[896.0,249.0],[896.0,248.0],[895.0,248.0],[895.0,246.0],[895.0,243.0],[895.0,241.0],[897.0,241.0],[897.0,240.0],[898.0,240.0],[898.0,239.0],[897.0,239.0],[897.0,238.0],[896.0,238.0],[896.0,236.0],[897.0,236.0],[897.0,235.0],[896.0,235.0],[896.0,234.0],[895.0,234.0],[895.0,233.0],[896.0,233.0],[896.0,231.0],[897.0,231.0],[897.0,230.0],[899.0,230.0],[899.0,229.0],[900.0,229.0],[900.0,228.0],[899.0,228.0],[899.0,226.0],[901.0,226.0],[903.0,226.0],[903.0,225.0],[905.0,225.0],[905.0,224.0],[906.0,224.0],[906.0,223.0],[907.0,223.0],[907.0,221.0],[906.0,221.0],[906.0,218.0],[907.0,218.0],[907.0,217.0],[909.0,217.0],[909.0,218.0],[910.0,218.0],[910.0,219.0],[911.0,219.0],[911.0,220.0],[913.0,220.0],[913.0,221.0],[914.0,221.0],[914.0,223.0],[915.0,223.0],[915.0,224.0],[916.0,224.0],[916.0,225.0],[918.0,225.0],[918.0,224.0],[919.0,224.0],[919.0,223.0],[921.0,223.0],[923.0,223.0],[923.0,222.0],[925.0,222.0],[925.0,221.0],[926.0,221.0],[926.0,220.0],[927.0,220.0],[927.0,219.0],[928.0,219.0],[928.0,218.0],[929.0,218.0],[929.0,217.0],[930.0,217.0],[930.0,216.0],[931.0,216.0],[931.0,215.0],[933.0,215.0],[935.0,215.0],[935.0,214.0],[936.0,214.0],[936.0,213.0],[935.0,213.0],[935.0,212.0],[936.0,212.0],[936.0,210.0],[938.0,210.0],[940.0,210.0],[941.0,210.0],[941.0,211.0],[942.0,211.0],[942.0,212.0],[943.0,212.0],[943.0,213.0],[944.0,213.0],[944.0,214.0],[945.0,214.0],[945.0,216.0],[945.0,217.0],[946.0,217.0],[946.0,218.0],[948.0,218.0],[948.0,217.0],[949.0,217.0],[949.0,216.0],[949.0,214.0],[950.0,214.0],[950.0,213.0],[952.0,213.0],[954.0,213.0],[954.0,212.0],[955.0,212.0],[955.0,211.0],[954.0,211.0],[954.0,210.0],[955.0,210.0],[955.0,209.0],[956.0,209.0],[956.0,208.0],[958.0,208.0],[959.0,208.0],[959.0,207.0],[960.0,207.0],[960.0,206.0],[961.0,206.0],[961.0,205.0],[963.0,205.0],[963.0,206.0],[963.0,207.0],[964.0,207.0],[964.0,208.0],[962.0,208.0],[962.0,209.0],[960.0,209.0],[960.0,210.0],[958.0,210.0],[958.0,211.0],[957.0,211.0],[957.0,212.0],[958.0,212.0],[958.0,213.0],[958.0,214.0],[959.0,214.0],[959.0,215.0],[960.0,215.0],[960.0,216.0],[961.0,216.0],[961.0,217.0],[962.0,217.0],[962.0,218.0],[968.0,218.0]],[[889.0,259.0],[889.0,258.0],[890.0,258.0],[890.0,259.0],[889.0,259.0]]],[[[909.0,250.0],[909.0,249.0],[910.0,249.0],[910.0,248.0],[911.0,248.0],[911.0,247.0],[912.0,247.0],[915.0,247.0],[915.0,246.0],[916.0,246.0],[916.0,245.0],[917.0,245.0],[917.0,244.0],[918.0,244.0],[918.0,243.0],[920.0,242.66666666666666],[920.0,242.0],[923.0,242.0],[923.0,241.0],[924.0,241.0],[924.0,240.0],[925.0,240.0],[925.0,239.0],[926.0,239.0],[927.0,239.0],[927.0,238.0],[928.0,238.0],[928.0,237.0],[929.0,237.0],[929.0,236.0],[933.0,236.0],[933.0,235.0],[934.0,235.0],[935.0,235.0],[935.0,234.0],[936.0,234.0],[936.0,233.0],[935.0,233.0],[935.0,232.0],[934.0,232.0],[933.0,232.0],[933.0,231.0],[928.0,231.0],[928.0,232.0],[927.0,232.0],[927.0,233.0],[926.0,233.0],[926.0,234.0],[924.0,234.0],[924.0,233.0],[920.0,233.0],[919.0,233.0],[919.0,232.0],[918.0,232.0],[918.0,233.0],[917.0,233.0],[916.0,233.0],[916.0,234.0],[915.0,234.0],[914.0,234.0],[914.0,235.0],[913.0,235.0],[913.0,237.0],[913.0,238.0],[912.0,238.0],[912.0,239.0],[911.0,239.0],[911.0,240.0],[910.0,240.0],[910.0,241.0],[908.0,241.0],[908.0,242.0],[906.0,242.0],[906.0,241.0],[904.0,241.0],[904.0,242.0],[903.0,242.0],[903.0,243.0],[903.0,244.0],[902.1666666666666,244.0],[902.3333333333334,245.0],[903.0,245.0],[903.0,246.0],[904.0,246.0],[904.0,247.0],[903.0,247.0],[903.0,248.0],[904.0,248.0],[904.0,249.0],[905.0,249.0],[906.0,249.0],[906.0,250.0],[909.0,250.0]]],[[[1004.0,235.0],[1005.0,235.0],[1005.0,236.0],[1006.0,236.0],[1006.0,237.0],[1005.0,237.0],[1005.0,238.0],[1006.0,238.0],[1006.0,239.0],[1008.0,239.0],[1009.0,239.0],[1009.0,240.0],[1010.0,240.0],[1010.0,241.0],[1011.0,241.0],[1011.0,242.0],[1017.0,242.0],[1018.0,242.0],[1018.0,243.0],[1019.0,243.0],[1020.0,243.0],[1020.0,244.0],[1022.0,244.0],[1022.0,243.0],[1023.0,243.0],[1023.0,244.0],[1023.0,246.0],[1023.0,247.0],[1022.0,247.0],[1021.0,247.0],[1021.0,248.0],[1020.0,248.0],[1020.0,249.0],[1021.0,249.0],[1021.0,250.0],[1020.0,250.0],[1020.0,251.0],[1019.0,251.0],[1019.0,252.0],[1018.0,252.0],[1018.0,251.0],[1017.0,251.0],[1017.0,252.0],[1015.0,252.0],[1015.0,251.0],[1014.0,251.0],[1014.0,250.0],[1009.0,250.0],[1009.0,251.0],[1008.0,251.0],[1008.0,252.0],[1009.0,252.0],[1009.0,254.0],[1008.0,254.0],[1008.0,255.0],[1009.0,255.0],[1009.0,256.0],[1010.0,256.0],[1010.0,257.0],[1011.0,257.0],[1011.0,258.0],[1015.0,258.0],[1015.0,257.0],[1017.0,257.0],[1017.0,258.0],[1018.0,258.0],[1019.0,258.0],[1019.0,259.0],[1018.0,259.0],[1018.0,263.0],[1019.0,263.0],[1019.0,264.0],[1020.0,264.0],[1021.0,264.0],[1021.0,265.0],[1026.0,265.0],[1026.0,264.0],[1027.0,264.0],[1027.0,263.0],[1028.0,263.0],[1028.0,261.0],[1027.0,261.0],[1027.0,260.0],[1028.0,260.0],[1030.0,260.0],[1030.0,261.0],[1031.0,261.0],[1031.0,262.0],[1033.0,262.0],[1034.0,262.0],[1034.0,263.0],[1037.0,263.0],[1037.0,262.0],[1038.0,262.0],[1038.0,259.0],[1037.0,259.0],[1037.0,258.0],[1036.0,258.0],[1036.0,257.0],[1035.0,257.0],[1035.0,256.0],[1034.0,256.0],[1033.0,256.0],[1033.0,255.0],[1034.0,255.0],[1034.0,254.0],[1033.0,254.0],[1033.0,253.0],[1032.0,253.0],[1032.0,252.0],[1032.0,248.0],[1032.0,247.0],[1033.0,247.0],[1033.0,244.0],[1032.0,244.0],[1032.0,243.0],[1032.0,239.0],[1032.0,238.0],[1033.0,238.0],[1033.0,237.0],[1032.0,237.0],[1032.0,236.0],[1033.0,236.0],[1033.0,235.0],[1034.0,235.0],[1034.0,234.0],[1035.0,234.0],[1035.0,233.0],[1034.0,233.0],[1034.0,232.0],[1033.0,232.0],[1032.0,232.0],[1032.0,231.0],[1031.0,231.0],[1031.0,230.0],[1031.0,229.0],[1030.0,229.0],[1030.0,228.0],[1031.0,228.0],[1031.0,226.0],[1030.0,226.0],[1030.0,225.0],[1029.0,225.0],[1028.0,225.0],[1028.0,224.0],[1023.0,224.0],[1023.0,225.0],[1022.0,225.0],[1021.0,225.0],[1021.0,226.0],[1020.0,226.0],[1020.0,230.0],[1019.0,230.0],[1019.0,231.0],[1018.0,231.0],[1018.0,232.0],[1018.0,233.0],[1017.0,233.0],[1017.0,236.0],[1015.0,236.0],[1014.0,236.0],[1014.0,235.0],[1013.0,235.0],[1013.0,234.0],[1012.0,234.0],[1012.0,233.0],[1012.0,226.0],[1011.0,226.0],[1011.0,224.0],[1012.0,224.0],[1012.0,223.0],[1011.0,223.0],[1011.0,222.0],[1009.0,222.0],[1009.0,221.25],[1008.0,221.0],[1007.0,221.0],[1007.0,220.0],[1006.0,220.0],[1006.0,219.0],[1005.0,219.0],[1005.0,220.0],[1004.0,220.0],[1004.0,224.0],[1005.0,224.0],[1005.0,225.0],[1004.0,225.0],[1004.0,229.0],[1005.0,229.0],[1005.0,230.0],[1005.0,231.0],[1005.0,232.0],[1004.0,232.0],[1004.0,235.0]]],[[[853.0,252.0],[853.0,251.0],[854.0,251.0],[854.0,250.0],[855.0,250.0],[855.0,249.0],[856.0,249.0],[859.0,249.0],[859.0,248.0],[860.0,248.0],[861.0,248.0],[861.0,247.0],[862.0,247.0],[862.0,246.0],[863.0,246.0],[863.0,245.0],[862.0,245.0],[862.0,244.0],[858.0,244.0],[858.0,245.0],[857.0,245.0],[855.0,245.0],[855.0,246.0],[854.0,246.0],[852.0,246.0],[852.0,247.0],[851.0,247.0],[851.0,248.0],[850.0,248.0],[850.0,249.0],[849.0,249.0],[849.0,250.0],[848.0,250.0],[848.0,255.0],[849.0,255.0],[849.0,256.0],[850.0,256.0],[850.0,255.0],[851.0,255.0],[851.0,254.0],[852.0,254.0],[852.0,253.0],[853.0,253.0],[853.0,252.0]]],[[[1021.0,296.0],[1021.0,295.0],[1022.0,295.0],[1022.0,294.0],[1023.0,294.0],[1023.0,292.0],[1022.0,292.0],[1022.0,291.125],[1020.0,291.375],[1020.0,292.0],[1016.0,292.0],[1016.0,293.0],[1015.0,293.0],[1015.0,294.0],[1015.0,297.0],[1016.0,297.0],[1018.0,297.0],[1018.0,296.0],[1019.0,296.0],[1021.0,296.0]]],[[[1041.0,321.0],[1041.0,320.0],[1042.0,320.0],[1042.0,319.0],[1041.0,319.0],[1041.0,318.0],[1040.0,318.0],[1040.0,317.0],[1040.0,316.0],[1039.0,316.0],[1039.0,315.0],[1039.0,308.0],[1038.0,308.0],[1038.0,307.0],[1036.0,307.0],[1036.0,308.0],[1035.0,308.0],[1035.0,309.0],[1035.0,310.0],[1034.0,310.0],[1034.0,317.0],[1035.0,317.0],[1035.0,318.0],[1036.0,318.0],[1036.0,319.0],[1037.0,319.0],[1037.0,320.0],[1038.0,320.0],[1039.0,320.0],[1039.0,321.0],[1041.0,321.0]]],[[[805.0,573.0],[809.0,572.0],[810.0,570.0],[812.0,570.0],[813.0,568.0],[814.0,568.0],[814.0,567.0],[815.0,567.0],[815.0,566.0],[816.0,566.0],[816.0,565.0],[817.0,565.0],[817.0,563.0],[818.0,563.0],[818.0,562.0],[818.0,561.0],[819.0,561.0],[819.0,560.0],[819.0,559.0],[820.0,559.0],[820.0,558.0],[821.0,558.0],[821.0,556.0],[823.0,555.0],[823.0,554.0],[824.0,554.0],[824.0,552.0],[826.0,551.0],[826.0,550.0],[826.0,548.0],[827.0,548.0],[827.0,544.0],[826.0,544.0],[826.0,543.0],[830.0,543.0],[830.0,542.0],[831.0,542.0],[831.0,540.0],[832.0,540.0],[833.0,538.0],[835.0,538.0],[835.0,537.0],[839.0,536.0],[839.0,535.0],[852.0,535.0],[852.0,536.0],[855.0,536.0],[856.0,536.0],[856.0,537.0],[859.0,537.0],[860.0,537.0],[860.0,536.0],[862.0,535.0],[863.0,535.0],[863.0,533.0],[864.0,533.0],[864.0,528.0],[862.0,527.0],[862.0,526.0],[861.0,526.0],[858.0,526.0],[857.0,524.0],[856.0,524.0],[856.0,522.0],[855.0,522.0],[855.0,521.0],[855.0,520.0],[854.0,520.0],[854.0,516.0],[853.0,516.0],[853.0,511.0],[853.0,509.0],[854.0,509.0],[854.0,508.0],[854.0,506.0],[856.0,505.0],[856.0,504.0],[856.0,503.0],[857.0,503.0],[857.0,502.0],[857.0,501.0],[858.0,501.0],[859.0,501.0],[859.0,498.0],[859.0,497.0],[858.0,495.0],[856.0,495.0],[855.0,495.0],[855.0,494.0],[854.0,494.0],[852.0,493.0],[852.0,491.0],[852.0,490.0],[851.0,490.0],[851.0,489.0],[851.0,488.0],[850.0,488.0],[848.0,488.0],[847.0,490.0],[846.0,490.0],[846.0,492.0],[844.0,493.0],[844.0,494.0],[843.0,494.0],[843.0,495.0],[841.0,495.0],[841.0,496.0],[829.0,496.0],[829.0,495.0],[827.0,495.0],[827.0,494.0],[823.0,493.0],[823.0,492.0],[821.0,492.0],[821.0,491.0],[818.0,491.0],[818.0,490.0],[817.0,490.0],[816.0,490.0],[816.0,489.0],[814.0,489.0],[814.0,488.0],[812.0,488.0],[812.0,487.0],[810.0,487.0],[810.0,486.0],[808.0,486.0],[808.0,485.0],[806.0,485.0],[806.0,484.0],[803.0,484.0],[802.0,484.0],[802.0,485.0],[800.0,485.0],[799.0,487.0],[798.0,487.0],[798.0,488.0],[797.0,488.0],[797.0,489.0],[796.0,489.0],[796.0,490.0],[789.0,490.0],[789.0,489.0],[787.0,489.0],[787.0,488.0],[784.0,488.0],[784.0,487.0],[782.0,487.0],[782.0,486.0],[776.0,485.0],[776.0,484.0],[764.0,484.0],[764.0,486.0],[763.0,486.0],[763.0,490.0],[764.0,490.0],[764.0,494.0],[763.0,494.0],[763.0,498.0],[762.0,498.0],[762.0,503.0],[763.0,503.0],[763.0,505.0],[764.0,505.0],[764.0,508.0],[762.0,509.0],[762.0,510.0],[761.0,510.0],[761.0,511.0],[760.0,511.0],[760.0,512.0],[759.0,512.0],[759.0,513.0],[758.0,513.0],[759.0,519.0],[760.0,519.0],[760.0,521.0],[761.0,521.0],[761.0,523.0],[762.0,523.0],[762.0,525.0],[763.0,525.0],[763.0,527.0],[764.0,527.0],[764.0,531.0],[765.0,531.0],[765.0,532.0],[767.0,532.0],[767.0,533.0],[768.0,533.0],[768.0,535.0],[769.0,535.0],[769.0,537.0],[770.0,537.0],[770.0,540.0],[771.0,540.0],[771.0,543.0],[772.0,543.0],[772.0,547.0],[773.0,547.0],[773.0,552.0],[774.0,552.0],[774.0,555.0],[775.0,555.0],[775.0,558.0],[776.0,558.0],[776.0,561.0],[777.0,561.0],[777.0,563.0],[778.0,563.0],[779.0,567.0],[782.0,567.0],[782.0,568.0],[784.0,568.0],[784.0,569.0],[785.0,569.0],[785.0,570.0],[787.0,570.0],[788.0,572.0],[792.0,573.0],[793.0,575.0],[795.0,575.0],[796.0,577.0],[798.0,577.0],[799.0,579.0],[801.0,579.0],[802.0,579.0],[802.0,576.0],[804.0,575.0],[804.0,574.0],[805.0,574.0],[805.0,573.0]]],[[[921.0,699.0],[921.0,700.0],[920.0,700.0],[915.0,700.0],[914.0,700.0],[914.0,699.0],[910.0,699.0],[910.0,700.0],[909.0,700.0],[908.0,700.0],[908.0,701.0],[907.0,701.0],[907.0,702.0],[907.0,704.0],[907.0,705.0],[908.0,705.0],[908.0,706.0],[911.0,706.0],[912.0,706.0],[912.0,707.0],[912.0,710.0],[913.0,710.0],[913.0,711.0],[913.5,712.0],[914.0,712.0],[914.0,713.0],[916.0,713.0],[917.0,713.0],[917.0,714.0],[918.0,714.0],[918.0,715.0],[921.0,715.0],[923.0,715.0],[926.0,715.0],[926.0,714.0],[929.0,714.0],[929.0,713.0],[930.0,713.0],[930.0,711.0],[931.0,711.0],[933.0,711.0],[933.0,715.0],[932.0,715.0],[932.0,719.0],[932.0,720.0],[931.0,720.0],[931.0,721.0],[930.0,721.0],[930.0,723.0],[930.0,724.0],[931.0,724.0],[931.0,724.5],[932.0,725.0],[932.0,727.0],[933.0,727.0],[933.0,728.0],[934.0,728.0],[934.0,729.0],[934.0,730.0],[935.0,730.0],[935.0,731.0],[936.0,731.0],[937.0,731.0],[937.0,732.0],[937.0,734.0],[937.0,735.0],[936.0,735.0],[936.0,736.0],[937.0,736.0],[937.0,737.0],[937.0,738.0],[938.0,738.0],[938.0,739.0],[940.0,739.0],[940.0,738.0],[941.0,738.0],[942.0,738.0],[942.0,737.0],[943.0,737.0],[944.0,737.0],[944.0,739.0],[943.0,739.0],[943.0,742.0],[944.0,742.0],[944.0,743.0],[945.0,743.0],[945.0,744.0],[946.0,744.0],[946.0,745.0],[947.0,745.0],[947.0,746.0],[952.0,746.0],[952.0,745.0],[953.0,745.0],[953.0,746.0],[955.0,746.0],[955.5,747.0],[956.0,747.0],[956.0,748.0],[957.0,748.0],[957.0,749.0],[958.0,749.0],[958.0,750.0],[963.0,750.0],[963.0,749.0],[964.0,749.0],[964.0,746.0],[963.0,746.0],[963.0,745.0],[962.0,745.0],[962.0,743.0],[961.0,743.0],[961.0,741.0],[962.0,741.0],[962.0,739.0],[962.0,738.0],[963.0,738.0],[967.0,738.0],[967.0,737.0],[968.0,737.0],[970.0,737.0],[970.0,736.0],[971.0,736.0],[976.0,736.0],[976.0,735.0],[977.0,735.0],[978.0,735.0],[979.0,735.0],[979.0,736.0],[983.0,736.0],[983.0,735.0],[984.0,735.0],[985.0,735.0],[986.0,735.0],[986.0,736.0],[987.0,736.0],[987.0,737.0],[993.0,737.0],[994.0,737.0],[994.0,738.0],[994.0,739.0],[993.0,739.0],[993.0,740.0],[992.0,740.5],[992.0,742.0],[991.0,742.0],[991.0,743.0],[990.0,743.0],[990.0,746.0],[991.0,746.0],[991.0,747.0],[992.0,747.0],[992.0,748.0],[993.0,748.0],[993.5,749.0],[994.0,749.0],[994.0,750.0],[996.0,750.0],[996.0,751.0],[997.0,751.0],[997.5,752.0],[998.0,752.0],[998.0,753.0],[993.0,753.0],[993.0,752.0],[990.0,752.0],[990.0,751.0],[989.0,751.0],[988.5,750.0],[988.0,750.0],[988.0,749.0],[986.0,749.0],[985.0,749.0],[985.0,748.0],[984.0,748.0],[983.0,748.0],[981.0,748.0],[980.0,748.0],[980.0,747.0],[979.0,747.0],[978.0,747.0],[978.0,746.0],[974.0,746.0],[974.0,747.0],[973.0,747.0],[973.0,748.0],[972.0,748.0],[972.0,754.0],[973.0,754.0],[973.375,757.0],[974.0,757.0],[974.0,758.0],[973.5,758.0],[973.625,759.0],[974.0,759.0],[974.0,762.0],[975.0,762.0],[975.0,762.5],[976.0,763.0],[976.0,765.0],[977.0,765.0],[977.0,766.0],[978.0,766.0],[978.0,766.5],[979.0,767.0],[979.0,768.0],[980.0,768.0],[980.0,769.0],[980.5,770.0],[981.0,770.0],[981.0,771.0],[982.0,771.0],[983.0,771.0],[983.0,772.0],[985.0,772.0],[985.0,773.0],[986.0,773.0],[986.0,773.5],[987.0,774.0],[987.0,776.0],[987.0,777.0],[987.0,778.0],[988.0,778.0],[988.0,779.0],[989.0,779.0],[989.0,780.0],[990.0,780.0],[991.0,782.0],[993.0,782.0],[994.0,782.0],[1003.0,782.0],[1003.0,781.0],[1004.0,781.0],[1007.0,781.0],[1007.0,780.0],[1009.0,780.0],[1010.0,778.0],[1010.0,777.0],[1010.0,776.0],[1009.0,776.0],[1009.0,775.0],[1010.0,775.0],[1010.0,774.0],[1011.0,774.0],[1011.0,773.0],[1012.0,773.0],[1012.0,772.0],[1012.0,771.0],[1012.0,770.0],[1011.0,770.0],[1010.0,770.0],[1010.0,769.0],[1005.0,769.0],[1004.0,769.0],[1004.0,768.0],[1003.0,768.0],[1003.0,767.0],[1004.0,767.0],[1007.0,767.0],[1007.0,766.0],[1008.0,766.0],[1009.0,766.0],[1009.0,765.0],[1010.0,765.0],[1010.0,763.0],[1009.0,763.0],[1009.0,756.0],[1008.0,756.0],[1008.0,755.0],[1009.0,754.5],[1009.0,754.0],[1010.0,754.0],[1010.0,753.0],[1011.0,753.0],[1013.0,753.0],[1013.0,752.0],[1014.0,752.0],[1014.0,749.0],[1014.0,748.0],[1014.0,744.0],[1013.0,744.0],[1013.0,742.5],[1012.0,742.0],[1012.0,739.0],[1011.0,739.0],[1011.0,738.5],[1010.0,738.0],[1010.0,737.0],[1009.0,737.0],[1009.0,736.0],[1008.0,736.0],[1008.0,737.0],[1006.5,737.0],[1006.0,738.0],[1002.0,738.0],[1001.0,738.0],[1001.0,737.0],[1001.0,735.0],[1000.0,735.0],[1000.0,733.0],[1001.0,733.0],[1001.0,734.0],[1002.0,734.0],[1004.0,734.0],[1005.0,734.0],[1005.0,733.0],[1007.0,733.0],[1008.0,733.0],[1008.0,734.0],[1009.0,734.0],[1009.0,735.0],[1014.0,735.0],[1014.0,734.0],[1015.0,734.0],[1015.0,733.0],[1016.0,733.0],[1016.0,732.0],[1017.0,732.0],[1017.0,728.0],[1016.0,728.0],[1016.0,726.5],[1015.0,726.0],[1015.0,725.0],[1014.0,725.0],[1013.75,724.0],[1013.0,724.0],[1013.0,722.0],[1012.0,722.0],[1012.0,721.0],[1012.0,720.0],[1011.0,720.0],[1011.0,719.0],[1011.0,718.0],[1010.0,718.0],[1010.0,717.0],[1010.0,716.0],[1009.0,716.0],[1009.0,715.0],[1008.0,715.0],[1007.0,715.0],[1005.0,715.0],[1004.0,715.0],[1004.0,714.0],[1004.0,713.0],[1004.0,712.0],[1004.0,711.0],[1003.0,711.0],[1002.0,711.0],[1002.0,710.0],[998.0,710.0],[998.0,711.0],[997.0,711.0],[997.0,712.0],[996.0,712.0],[996.0,714.0],[996.0,715.0],[996.0,717.0],[995.0,717.5],[995.0,718.0],[994.0,718.0],[994.0,719.0],[993.0,719.0],[993.0,720.0],[991.0,720.0],[991.0,719.0],[991.0,717.0],[992.0,717.0],[992.0,712.0],[991.0,712.0],[991.0,711.0],[991.0,708.0],[992.0,707.5],[992.0,706.0],[993.0,706.0],[993.0,703.0],[992.0,703.0],[992.0,700.0],[991.0,700.0],[991.0,699.0],[990.0,699.0],[990.0,698.0],[986.0,698.0],[985.5,697.0],[985.0,697.0],[985.0,696.0],[984.0,696.0],[984.0,694.0],[988.0,694.0],[988.0,693.0],[989.0,693.0],[989.0,689.0],[989.0,688.0],[990.0,688.0],[990.0,687.0],[989.0,687.0],[989.0,685.5],[988.0,685.0],[988.0,684.0],[987.0,684.0],[987.0,683.0],[985.0,683.0],[985.0,682.0],[984.0,682.0],[984.0,681.0],[984.0,679.0],[983.0,679.0],[983.0,678.0],[982.0,678.0],[982.0,677.0],[981.0,677.0],[978.0,677.0],[977.0,677.0],[977.0,678.0],[976.0,678.0],[976.0,680.0],[976.0,681.0],[976.0,682.0],[974.0,682.0],[974.0,683.0],[973.5,683.0],[973.0,684.0],[970.0,684.0],[970.0,683.0],[969.0,683.0],[969.0,682.0],[968.0,682.0],[968.0,680.5],[967.0,680.0],[967.0,679.0],[966.0,679.0],[966.0,678.0],[961.0,678.0],[961.0,679.0],[957.0,679.0],[956.5,678.0],[955.0,678.0],[955.0,677.0],[952.0,677.0],[952.0,678.0],[951.0,678.0],[951.0,679.0],[950.0,679.0],[950.0,680.0],[950.0,681.0],[949.0,681.0],[949.0,682.0],[946.0,682.0],[946.0,683.0],[945.0,683.0],[945.0,684.0],[944.0,684.0],[944.0,688.0],[945.0,688.0],[945.0,689.5],[946.0,690.0],[946.0,691.0],[947.0,691.0],[947.0,692.0],[948.0,692.0],[948.0,693.0],[948.0,694.0],[947.0,694.0],[947.0,696.0],[947.0,697.0],[946.0,697.0],[946.0,696.0],[945.0,696.0],[945.0,695.0],[944.0,695.0],[944.0,693.5],[943.0,693.0],[943.0,692.0],[942.0,692.0],[942.0,691.0],[941.0,691.0],[941.0,690.0],[939.0,690.0],[939.0,691.0],[938.0,691.0],[938.0,692.0],[937.0,692.0],[936.0,692.0],[936.0,694.0],[935.0,694.0],[935.0,695.0],[933.0,695.0],[933.0,694.0],[929.0,693.0],[928.0,693.0],[926.0,694.0],[926.0,695.0],[925.0,695.0],[925.0,696.0],[925.0,697.0],[925.0,698.0],[924.0,698.0],[924.0,699.0],[923.0,699.0],[921.0,699.0]],[[1002.0,767.0],[1002.0,766.0],[1003.0,766.0],[1003.0,767.0],[1002.0,767.0]],[[998.5,764.0],[1000.0,764.0],[1000.0,765.0],[999.0,765.0],[997.0,765.0],[996.5,764.0],[995.0,764.0],[995.0,762.0],[996.0,762.0],[996.0,763.0],[998.0,763.0],[998.5,764.0]],[[1001.0,765.0],[1001.0,766.0],[1000.0,766.0],[1000.0,765.0],[1001.0,765.0]]],[[[748.0,779.0],[748.0,778.0],[745.0,778.0],[743.0,778.0],[742.0,778.0],[742.0,779.0],[741.0,779.0],[741.0,780.0],[740.0,780.0],[740.0,781.0],[738.0,781.0],[738.0,782.0],[735.0,782.0],[735.0,783.0],[734.0,783.0],[734.0,784.0],[733.0,784.0],[733.0,785.0],[732.0,785.0],[732.0,787.0],[731.0,787.0],[731.0,789.0],[730.0,789.0],[730.0,790.0],[729.0,790.0],[727.0,790.0],[727.0,791.0],[726.0,791.0],[726.0,793.0],[727.0,793.0],[727.0,794.0],[736.0,794.0],[736.0,793.0],[739.0,793.0],[739.0,792.0],[740.0,792.0],[740.0,791.0],[742.0,791.0],[742.0,792.0],[743.0,792.0],[743.0,794.0],[744.0,794.0],[744.0,795.0],[745.0,795.0],[745.0,796.0],[746.0,796.0],[746.0,797.0],[749.0,797.0],[750.0,797.0],[754.0,797.0],[754.0,796.0],[755.0,796.0],[759.0,796.0],[759.0,795.0],[760.0,795.0],[760.0,794.0],[760.5,794.0],[761.0,793.0],[762.0,793.0],[762.0,794.0],[765.0,794.0],[765.0,793.0],[767.0,793.0],[767.0,792.0],[769.0,792.0],[769.0,793.0],[771.0,793.0],[772.0,793.0],[772.0,794.0],[774.0,794.0],[775.0,794.0],[775.0,795.0],[776.0,795.0],[777.0,795.0],[777.0,796.0],[778.0,796.0],[778.0,797.0],[784.0,797.0],[784.0,797.5],[789.0,797.9166666666666],[789.0,797.0],[790.0,797.0],[790.0,793.0],[790.0,782.0],[789.0,782.0],[789.0,776.0],[788.0,776.0],[788.0,775.0],[787.0,775.0],[786.0,777.0],[779.0,777.0],[779.0,778.0],[776.0,778.0],[775.0,778.0],[768.0,778.0],[768.0,779.0],[766.0,779.0],[766.0,780.0],[764.0,780.0],[763.0,782.0],[762.0,782.0],[756.0,782.0],[755.5,781.0],[755.0,781.0],[755.0,780.0],[751.0,780.0],[751.0,779.0],[749.0,779.0],[748.0,779.0]]],[[[650.0,867.0],[651.0,867.0],[651.0,868.0],[653.0,868.0],[653.0,867.0],[654.0,867.0],[654.0,866.0],[655.0,866.0],[655.0,864.0],[654.0,864.0],[654.0,863.0],[653.0,863.0],[653.0,862.0],[652.0,862.0],[651.0,862.0],[651.0,861.0],[650.0,861.0],[650.0,860.0],[646.0,860.0],[646.0,861.0],[645.0,861.0],[645.0,865.0],[646.0,865.0],[646.0,866.0],[647.0,866.0],[648.0,866.0],[648.0,867.0],[650.0,867.0]]],[[[815.0,970.0],[815.0,966.0],[814.0,966.0],[814.0,965.5],[813.0,965.0],[813.0,964.0],[812.0,964.0],[812.0,963.0],[811.0,963.0],[811.0,962.0],[810.0,962.0],[810.0,961.0],[809.0,961.0],[809.0,960.0],[808.0,960.0],[808.0,959.0],[809.0,959.0],[809.0,958.0],[810.0,958.0],[810.0,956.0],[811.0,956.0],[811.0,955.0],[812.0,955.0],[812.0,953.0],[811.0,953.0],[811.0,952.5],[810.0,952.0],[809.0,952.0],[809.0,951.0],[810.0,951.0],[810.0,950.0],[809.0,950.0],[809.0,949.0],[808.0,949.0],[807.0,949.0],[807.0,948.0],[806.0,948.0],[806.0,949.0],[805.0,949.0],[805.0,950.0],[805.0,951.0],[804.0,951.0],[803.0,951.0],[803.0,952.0],[802.0,952.0],[802.0,953.0],[803.0,953.0],[803.0,954.0],[802.0,954.0],[802.0,956.0],[801.375,956.0],[801.0,959.0],[800.0,959.0],[800.0,960.0],[799.0,960.0],[799.0,961.0],[800.0,961.0],[800.0,962.0],[799.0,962.0],[798.0,962.0],[798.0,963.0],[797.0,963.0],[797.0,966.0],[798.0,966.0],[798.0,967.0],[799.0,967.0],[799.0,968.0],[800.0,968.0],[800.0,969.0],[801.0,969.0],[802.0,969.0],[802.0,970.0],[809.0,970.0],[814.0,970.0],[815.0,970.0]]],[[[862.0,1057.0],[862.0,1056.0],[863.0,1056.0],[863.0,1055.0],[865.0,1055.0],[865.0,1056.0],[864.0,1056.0],[864.0,1057.0],[865.0,1057.0],[865.0,1058.0],[867.0,1058.0],[867.0,1059.0],[868.0,1059.0],[868.0,1060.0],[869.0,1060.0],[869.0,1059.0],[875.0,1059.0],[875.0,1060.0],[878.0,1060.0],[878.0,1059.0],[880.0,1059.0],[880.0,1058.0],[881.0,1058.0],[881.0,1059.0],[882.0,1059.0],[882.0,1061.0],[883.0,1061.0],[883.0,1062.0],[885.0,1062.0],[885.0,1061.0],[887.0,1061.0],[888.0,1061.0],[888.0,1057.0],[889.0,1057.0],[889.0,1055.0],[891.0,1055.0],[891.0,1054.0],[892.0,1054.0],[892.0,1052.0],[894.0,1051.0],[894.0,1043.0],[893.0,1043.0],[893.0,1041.0],[891.0,1040.0],[891.0,1039.0],[890.0,1039.0],[890.0,1034.0],[891.0,1034.0],[891.0,1032.0],[892.0,1032.0],[892.0,1029.0],[893.0,1029.0],[893.0,1025.0],[895.0,1024.0],[895.0,1023.0],[896.0,1023.0],[896.0,1022.0],[897.0,1022.0],[897.0,1020.0],[898.0,1020.0],[898.0,1017.0],[899.0,1017.0],[899.0,1015.0],[900.0,1015.0],[900.0,1013.0],[902.0,1012.0],[902.0,1008.0],[906.0,1007.0],[906.0,1006.0],[911.0,1006.0],[911.0,1004.0],[912.0,1004.0],[912.0,995.0],[913.0,995.0],[913.0,992.0],[915.0,991.0],[915.0,989.0],[916.0,989.0],[916.0,972.0],[915.0,972.0],[915.0,968.0],[917.0,968.0],[917.0,965.0],[919.0,964.0],[919.0,962.0],[920.0,962.0],[920.0,959.0],[919.0,959.0],[919.0,958.0],[918.0,958.0],[918.0,957.0],[919.0,957.0],[919.0,956.0],[921.0,956.0],[921.0,955.0],[922.0,955.0],[922.0,954.0],[921.0,954.0],[921.0,953.0],[919.0,953.0],[919.0,952.0],[916.0,952.0],[916.0,951.0],[915.0,951.0],[915.0,950.0],[914.0,950.0],[914.0,948.0],[915.0,948.0],[915.0,947.0],[914.0,947.0],[914.0,945.0],[915.0,945.0],[915.0,944.0],[916.0,944.0],[916.0,943.0],[917.0,943.0],[917.0,942.0],[918.0,942.0],[918.0,941.0],[920.0,941.0],[920.0,940.0],[921.0,940.0],[921.0,938.0],[920.0,938.0],[920.0,937.0],[918.0,937.0],[918.0,936.0],[915.0,936.0],[915.0,937.0],[914.0,937.0],[914.0,939.0],[913.0,939.0],[913.0,941.0],[912.0,941.0],[912.0,942.0],[911.0,942.0],[911.0,943.0],[909.0,943.0],[909.0,944.0],[907.0,944.0],[907.0,945.0],[906.0,945.0],[906.0,949.0],[907.0,949.0],[907.0,951.0],[906.0,951.0],[906.0,952.0],[903.0,952.0],[903.0,953.0],[902.0,953.0],[902.0,954.0],[901.0,954.0],[901.0,955.0],[900.0,955.0],[900.0,956.0],[898.0,956.0],[898.0,957.0],[897.0,957.0],[897.0,958.0],[895.0,958.0],[895.0,957.0],[894.0,957.0],[894.0,956.0],[895.0,956.0],[895.0,955.0],[896.0,955.0],[896.0,954.0],[897.0,954.0],[897.0,953.0],[898.0,953.0],[898.0,952.0],[899.0,952.0],[899.0,951.0],[900.0,951.0],[900.0,950.0],[899.0,950.0],[899.0,949.0],[896.0,949.0],[896.0,948.0],[895.0,948.0],[895.0,947.0],[894.0,947.0],[894.0,945.0],[895.0,945.0],[895.0,944.0],[896.0,944.0],[896.0,943.0],[897.0,943.0],[897.0,942.0],[899.0,942.0],[899.0,941.0],[900.0,941.0],[900.0,942.0],[903.0,942.0],[903.0,941.0],[906.0,941.0],[906.0,940.0],[907.0,940.0],[907.0,939.0],[908.0,939.0],[908.0,937.0],[907.0,937.0],[907.0,936.0],[901.0,936.0],[901.0,935.0],[900.0,935.0],[899.0,935.0],[899.0,934.0],[893.0,934.0],[893.0,935.0],[892.0,935.0],[891.0,935.0],[891.0,936.0],[890.0,936.0],[886.0,936.0],[886.0,935.3333333333334],[885.0,935.1666666666666],[885.0,936.0],[884.0,936.0],[884.0,937.0],[883.0,937.0],[883.0,939.0],[882.0,939.0],[882.0,940.0],[880.0,940.0],[880.0,941.0],[879.0,941.0],[879.0,942.0],[878.0,942.0],[878.0,941.0],[877.0,941.0],[877.0,940.0],[876.0,940.0],[876.0,939.0],[875.0,939.0],[875.0,938.0],[874.0,938.0],[874.0,937.0],[873.0,937.0],[872.0,937.0],[872.0,936.0],[871.0,936.0],[870.0,936.0],[870.0,935.0],[868.0,935.0],[868.0,936.0],[867.0,936.0],[867.0,937.0],[866.0,937.0],[866.0,938.0],[865.0,938.0],[865.0,939.0],[866.0,939.0],[866.0,940.0],[864.0,940.0],[860.0,940.0],[858.0,940.0],[858.0,939.0],[859.0,939.0],[859.0,938.0],[858.0,938.0],[858.0,937.0],[859.0,937.0],[859.0,936.0],[860.0,936.0],[860.0,933.0],[859.0,933.0],[859.0,932.0],[857.0,932.0],[857.0,931.0],[856.0,931.0],[856.0,932.0],[855.0,932.0],[855.0,933.0],[854.0,933.0],[854.0,934.0],[853.0,934.0],[853.0,935.0],[852.0,935.0],[852.0,937.0],[851.0,937.0],[851.0,938.0],[850.0,938.0],[850.0,939.0],[849.0,939.0],[849.0,940.0],[848.0,940.0],[848.0,942.0],[847.0,942.0],[847.0,943.0],[846.0,943.0],[846.0,945.0],[845.0,945.0],[845.0,946.0],[846.0,946.0],[846.0,947.0],[847.0,947.0],[847.0,948.0],[848.0,948.0],[848.0,949.0],[849.0,949.0],[851.0,949.0],[851.0,952.0],[849.0,952.0],[849.0,953.0],[848.0,953.0],[848.0,954.0],[847.0,954.0],[847.0,955.0],[845.0,955.0],[842.0,955.0],[842.0,956.0],[841.0,956.0],[841.0,957.0],[840.0,957.0],[840.0,959.0],[838.0,959.0],[838.0,958.0],[837.0,958.0],[837.0,957.0],[832.0,957.0],[832.0,958.0],[831.0,958.0],[831.0,959.0],[830.0,959.0],[830.0,960.0],[831.0,960.0],[831.0,961.0],[830.0,961.0],[830.0,964.0],[830.0,966.0],[826.0,966.0],[826.0,964.0],[825.0,964.0],[825.0,963.0],[826.0,963.0],[826.0,961.0],[825.0,961.0],[825.0,959.0],[825.0,956.0],[824.0,956.0],[824.0,954.0],[823.0,954.0],[823.0,953.0],[822.0,953.0],[822.0,954.0],[821.0,954.0],[821.0,955.0],[820.0,955.0],[820.0,958.0],[821.0,958.0],[821.0,959.0],[820.0,959.0],[820.0,960.0],[821.0,960.0],[821.0,961.0],[820.0,961.0],[820.0,962.0],[819.0,962.0],[819.0,964.0],[818.0,964.0],[818.0,965.0],[819.0,965.0],[819.0,967.0],[820.0,967.0],[820.0,968.0],[821.0,968.0],[821.0,969.0],[822.0,969.0],[822.0,970.0],[823.0,970.0],[823.0,971.0],[825.0,971.0],[825.0,972.0],[826.0,972.0],[826.0,973.0],[825.0,973.0],[825.0,974.0],[820.0,974.0],[820.0,975.0],[818.0,975.0],[818.0,976.0],[817.0,976.0],[817.0,977.0],[816.0,977.0],[816.0,978.0],[814.0,978.0],[814.0,979.0],[811.0,979.0],[811.0,978.0],[810.0,978.0],[810.0,977.0],[808.0,977.0],[808.0,978.0],[807.0,978.0],[807.0,979.0],[806.0,979.0],[806.0,981.0],[804.0,981.0],[804.0,982.0],[803.0,982.0],[803.0,983.0],[802.0,983.0],[802.0,984.0],[801.0,984.0],[801.0,986.0],[801.0,989.0],[802.0,989.0],[802.0,990.0],[803.0,990.0],[803.0,992.0],[804.0,992.0],[804.0,993.0],[805.0,993.0],[805.0,994.0],[807.0,994.0],[807.0,996.0],[806.0,996.0],[806.0,997.0],[805.0,997.0],[805.0,998.0],[803.0,998.0],[800.0,998.0],[800.0,999.0],[798.0,999.0],[798.0,1000.0],[796.0,1000.0],[796.0,1001.0],[794.0,1001.0],[792.0,1001.0],[792.0,1002.0],[791.0,1002.0],[791.0,1003.0],[790.0,1003.0],[790.0,1004.0],[789.0,1004.0],[789.0,1007.0],[788.0,1007.0],[788.0,1011.0],[789.0,1011.0],[789.0,1013.0],[787.0,1013.0],[787.0,1014.0],[786.0,1014.0],[786.0,1015.0],[785.0,1015.0],[785.0,1016.0],[784.0,1016.0],[784.0,1017.0],[785.0,1017.0],[785.0,1019.0],[786.0,1019.0],[786.0,1020.0],[788.0,1020.0],[788.0,1019.0],[790.0,1019.0],[792.0,1019.0],[792.0,1018.0],[793.0,1018.0],[793.0,1017.0],[794.0,1017.0],[794.0,1015.0],[795.0,1015.0],[795.0,1014.0],[797.0,1014.0],[798.0,1014.0],[798.0,1015.0],[797.0,1015.0],[797.0,1016.0],[797.0,1017.0],[796.0,1017.0],[796.0,1019.0],[797.0,1019.0],[797.0,1020.0],[799.0,1020.0],[799.0,1021.0],[800.0,1021.0],[800.0,1022.0],[802.0,1022.0],[802.0,1021.0],[803.0,1021.0],[803.0,1020.0],[805.0,1020.0],[805.0,1021.0],[806.0,1021.0],[806.0,1022.0],[807.0,1022.0],[807.0,1023.0],[808.0,1023.0],[808.0,1024.0],[809.0,1024.0],[809.0,1026.0],[809.0,1027.0],[810.0,1027.0],[810.0,1028.0],[809.0,1028.0],[809.0,1029.0],[810.0,1029.0],[810.0,1030.0],[811.0,1030.0],[811.0,1032.0],[812.0,1032.0],[812.0,1033.0],[811.0,1033.0],[811.0,1035.0],[810.0,1035.0],[810.0,1036.0],[809.0,1036.0],[809.0,1037.0],[808.0,1037.0],[808.0,1039.0],[807.0,1039.0],[807.0,1041.0],[808.0,1041.0],[808.0,1043.0],[809.0,1043.0],[809.0,1045.0],[810.0,1045.0],[810.0,1046.0],[811.0,1046.0],[811.0,1047.0],[812.0,1047.0],[812.0,1048.0],[813.0,1048.0],[813.0,1049.0],[814.0,1049.0],[814.0,1050.0],[815.0,1050.0],[815.0,1052.0],[814.0,1052.0],[814.0,1053.0],[815.0,1053.0],[815.0,1054.0],[814.0,1054.0],[814.0,1057.0],[815.0,1057.0],[815.0,1058.0],[816.0,1058.0],[816.0,1059.0],[815.0,1059.0],[815.0,1060.0],[816.0,1060.0],[816.0,1061.0],[817.0,1061.0],[817.0,1063.0],[818.0,1063.0],[818.0,1064.0],[819.0,1064.0],[821.0,1064.0],[821.0,1065.0],[825.0,1065.0],[825.0,1064.0],[826.0,1064.0],[826.0,1063.0],[827.0,1063.0],[827.0,1060.0],[826.0,1060.0],[826.0,1059.0],[824.0,1059.0],[823.0,1059.0],[823.0,1058.0],[822.0,1058.0],[822.0,1057.0],[823.0,1057.0],[823.0,1056.0],[822.0,1056.0],[822.0,1055.0],[824.0,1055.0],[824.0,1054.0],[825.0,1054.0],[825.0,1055.0],[827.0,1055.0],[827.0,1054.0],[829.0,1054.0],[833.0,1054.0],[833.0,1053.0],[834.0,1053.0],[834.0,1052.0],[836.0,1052.0],[840.0,1052.0],[840.0,1051.0],[841.0,1051.0],[842.0,1050.75],[842.0,1050.0],[844.0,1050.0],[844.0,1049.0],[845.0,1049.0],[845.0,1047.0],[847.0,1047.0],[849.0,1046.75],[849.0,1046.0],[853.0,1046.0],[853.0,1045.0],[855.0,1045.0],[855.0,1044.0],[856.0,1044.0],[856.0,1043.0],[857.0,1043.0],[857.0,1042.0],[858.0,1042.0],[858.0,1041.0],[859.0,1041.0],[859.0,1040.0],[861.0,1040.0],[862.0,1040.0],[863.0,1040.0],[863.0,1041.0],[862.0,1041.0],[862.0,1042.0],[861.0,1042.0],[861.0,1043.0],[860.0,1043.0],[860.0,1044.0],[859.0,1044.0],[859.0,1048.0],[858.0,1048.0],[858.0,1049.0],[859.0,1049.0],[859.0,1050.0],[858.0,1050.0],[858.0,1053.0],[857.0,1053.0],[857.0,1054.0],[858.0,1054.0],[858.0,1055.0],[859.0,1055.0],[859.0,1056.0],[860.0,1056.0],[860.0,1057.0],[862.0,1057.0]]],[[[779.0,1034.0],[780.0,1034.0],[780.0,1035.0],[781.0,1035.0],[785.0,1035.0],[786.0,1035.0],[787.0,1035.0],[787.0,1036.0],[787.0,1037.0],[788.0,1037.0],[788.0,1038.0],[790.0,1038.0],[791.0,1038.0],[793.0,1038.0],[793.0,1037.0],[794.0,1037.0],[794.0,1038.0],[795.0,1038.0],[796.0,1038.0],[797.0,1038.0],[797.0,1039.0],[798.0,1039.0],[798.0,1040.0],[799.0,1040.0],[799.0,1041.0],[800.0,1041.0],[801.0,1041.0],[803.0,1041.0],[803.0,1040.0],[804.0,1040.0],[804.0,1038.0],[803.0,1038.0],[803.0,1037.0],[802.0,1037.0],[802.0,1036.0],[801.0,1036.0],[801.0,1035.0],[801.0,1034.0],[801.0,1033.0],[801.0,1032.0],[800.0,1032.0],[800.0,1029.0],[800.0,1028.0],[799.0,1028.0],[799.0,1027.0],[799.0,1026.0],[798.0,1026.0],[795.0,1026.0],[794.0,1026.0],[794.0,1027.0],[793.0,1027.0],[792.0,1027.0],[791.5,1026.0],[791.0,1026.0],[791.0,1025.0],[790.0,1025.0],[790.0,1024.0],[789.0,1024.0],[788.0,1024.0],[788.0,1023.0],[785.0,1023.0],[785.0,1022.5],[783.0,1022.1666666666666],[783.0,1023.0],[782.0,1023.0],[782.0,1024.0],[781.0,1024.5],[781.0,1026.0],[780.0,1026.0],[780.0,1027.0],[779.0,1027.0],[777.0,1027.0],[776.0,1027.0],[775.0,1027.0],[775.0,1029.0],[774.0,1029.0],[773.0,1029.0],[773.0,1030.0],[773.0,1032.0],[773.0,1033.0],[775.0,1033.0],[775.0,1034.0],[779.0,1034.0]]],[[[809.0,1063.0],[809.0,1064.0],[814.0,1064.0],[814.0,1063.0],[814.0,1062.0],[814.0,1061.0],[813.0,1061.0],[813.0,1060.0],[812.0,1060.0],[812.0,1059.0],[812.0,1058.0],[812.0,1057.0],[811.0,1057.0],[811.0,1052.0],[810.0,1052.0],[810.0,1051.0],[809.0,1051.0],[809.0,1050.0],[808.0,1050.0],[808.0,1051.0],[807.0,1051.0],[806.0,1051.0],[806.0,1052.0],[805.0,1052.0],[805.0,1053.0],[804.0,1053.0],[803.0,1053.0],[803.0,1054.0],[803.0,1055.0],[803.0,1056.0],[803.0,1057.0],[803.0,1058.0],[805.0,1058.0],[805.0,1058.5],[807.0,1059.0],[807.0,1060.0],[808.0,1060.0],[808.0,1061.0],[808.0,1063.0],[809.0,1063.0]]],[[[860.0,1066.0],[860.0,1065.0],[860.0,1064.0],[860.0,1063.0],[859.0,1063.0],[859.0,1062.0],[858.0,1062.0],[857.0,1062.0],[856.0,1062.0],[855.0,1062.0],[855.0,1061.0],[854.0,1061.0],[853.0,1061.0],[853.0,1060.0],[852.0,1060.0],[852.0,1059.0],[851.0,1059.0],[851.0,1058.0],[850.0,1058.0],[850.0,1056.0],[849.0,1056.0],[849.0,1055.0],[848.0,1055.0],[848.0,1054.0],[847.0,1054.0],[847.0,1055.0],[846.0,1055.0],[846.0,1056.0],[845.0,1056.0],[845.0,1057.0],[843.0,1057.0],[843.0,1058.0],[843.0,1060.0],[843.0,1061.0],[844.0,1061.0],[844.0,1063.0],[845.0,1063.0],[845.0,1064.0],[846.0,1064.0],[846.0,1065.0],[849.0,1065.0],[849.0,1065.2666666666667],[860.0,1066.0]]],[[[1265.0,94.0],[1266.0,94.0],[1266.0,95.0],[1267.0,95.0],[1267.0,96.0],[1266.0,96.0],[1266.0,98.0],[1265.0,98.0],[1265.0,99.0],[1264.0,99.0],[1264.0,100.0],[1265.0,100.0],[1265.0,102.0],[1264.0,102.0],[1264.0,104.0],[1265.0,104.0],[1265.0,106.0],[1264.0,106.0],[1264.0,107.0],[1263.0,107.0],[1263.0,109.0],[1262.0,109.0],[1262.0,112.0],[1261.0,112.0],[1261.0,113.0],[1260.0,113.0],[1260.0,114.0],[1259.0,114.0],[1259.0,116.0],[1258.0,116.0],[1258.0,117.0],[1257.0,117.0],[1257.0,118.0],[1256.0,118.0],[1256.0,119.0],[1250.0,119.0],[1250.0,120.0],[1249.0,120.0],[1249.0,122.0],[1250.0,122.0],[1250.0,123.0],[1252.0,123.0],[1252.0,124.0],[1255.0,124.0],[1255.0,123.0],[1257.0,123.0],[1257.0,122.0],[1258.0,122.0],[1258.0,121.0],[1259.0,121.0],[1259.0,120.0],[1260.0,120.0],[1260.0,119.0],[1261.0,119.0],[1261.0,118.0],[1262.0,118.0],[1262.0,117.0],[1263.0,117.0],[1263.0,116.0],[1264.0,116.0],[1264.0,120.0],[1263.0,120.0],[1263.0,121.0],[1262.0,121.0],[1262.0,122.0],[1261.0,122.0],[1261.0,123.0],[1260.0,123.0],[1260.0,125.0],[1261.0,125.0],[1261.0,126.0],[1260.0,126.0],[1260.0,127.0],[1261.0,127.0],[1261.0,128.0],[1263.0,128.0],[1263.0,129.0],[1264.0,129.0],[1264.0,130.0],[1267.0,130.0],[1267.0,131.0],[1268.0,131.0],[1268.0,132.0],[1273.0,132.0],[1273.0,133.0],[1274.0,133.0],[1274.0,134.0],[1275.0,134.0],[1275.0,135.0],[1276.0,135.0],[1276.0,136.0],[1277.0,136.0],[1277.0,137.0],[1278.0,137.0],[1278.0,139.0],[1279.0,139.0],[1279.0,141.0],[1280.0,141.0],[1280.0,142.0],[1277.0,142.0],[1277.0,141.0],[1276.0,141.0],[1276.0,140.0],[1275.0,140.0],[1275.0,138.0],[1274.0,138.0],[1274.0,137.0],[1268.0,137.0],[1268.0,138.0],[1266.0,138.0],[1266.0,139.0],[1265.0,139.0],[1265.0,140.0],[1264.0,140.0],[1264.0,141.0],[1263.0,141.0],[1263.0,142.0],[1262.0,142.0],[1262.0,143.0],[1260.0,143.0],[1260.0,144.0],[1259.0,144.0],[1259.0,146.0],[1260.0,146.0],[1260.0,147.0],[1261.0,147.0],[1261.0,149.0],[1257.0,149.0],[1257.0,148.0],[1256.0,148.0],[1256.0,147.0],[1255.0,147.0],[1255.0,146.0],[1254.0,146.0],[1254.0,145.0],[1253.0,145.0],[1253.0,146.0],[1252.0,146.0],[1252.0,147.0],[1251.0,147.0],[1251.0,148.0],[1250.0,148.0],[1250.0,149.0],[1251.0,149.0],[1251.0,150.0],[1252.0,150.0],[1252.0,151.0],[1253.0,151.0],[1253.0,153.0],[1254.0,153.0],[1254.0,154.0],[1255.0,154.0],[1255.0,156.0],[1256.0,156.0],[1256.0,157.0],[1257.0,157.0],[1257.0,160.0],[1258.0,160.0],[1258.0,161.0],[1259.0,161.0],[1259.0,163.0],[1260.0,163.0],[1260.0,165.0],[1259.0,165.0],[1259.0,169.0],[1260.0,169.0],[1260.0,170.0],[1263.0,170.0],[1263.0,171.0],[1265.0,171.0],[1265.0,172.0],[1266.0,172.0],[1266.0,173.0],[1267.0,173.0],[1267.0,174.0],[1270.0,174.0],[1270.0,175.0],[1273.0,175.0],[1273.0,174.0],[1274.0,174.0],[1274.0,173.0],[1275.0,173.0],[1275.0,172.0],[1276.0,172.0],[1276.0,171.0],[1278.0,171.0],[1278.0,170.0],[1279.0,170.0],[1279.0,169.0],[1280.0,169.0],[1280.0,168.0],[1281.0,168.0],[1281.0,169.0],[1283.0,169.0],[1283.0,170.0],[1289.0,170.0],[1289.0,169.0],[1290.0,169.0],[1290.0,168.0],[1292.0,168.0],[1292.0,167.0],[1293.0,167.0],[1293.0,166.0],[1292.0,166.0],[1292.0,164.0],[1293.0,164.0],[1293.0,163.0],[1294.0,163.0],[1294.0,162.0],[1296.0,162.0],[1296.0,161.0],[1298.0,161.0],[1298.0,163.0],[1299.0,163.0],[1299.0,164.0],[1298.0,164.0],[1298.0,165.0],[1299.0,165.0],[1299.0,166.0],[1301.0,166.0],[1301.0,168.0],[1302.0,168.0],[1302.0,169.0],[1303.0,169.0],[1303.0,168.0],[1304.0,168.0],[1304.0,169.0],[1305.0,169.0],[1305.0,170.0],[1311.0,170.0],[1311.0,171.0],[1312.0,171.0],[1312.0,172.0],[1313.0,172.0],[1313.0,173.0],[1316.0,173.0],[1316.0,172.0],[1317.0,172.0],[1317.0,174.0],[1318.0,174.0],[1318.0,175.0],[1320.0,175.0],[1320.0,176.0],[1322.0,176.0],[1322.0,175.0],[1323.0,175.0],[1323.0,174.0],[1324.0,174.0],[1324.0,173.0],[1325.0,173.0],[1325.0,172.0],[1324.0,172.0],[1324.0,171.0],[1325.0,171.0],[1325.0,170.0],[1326.0,170.0],[1326.0,169.0],[1325.0,169.0],[1325.0,168.0],[1327.0,168.0],[1327.0,169.0],[1334.0,169.0],[1334.0,170.0],[1335.0,170.0],[1335.0,171.0],[1336.0,171.0],[1336.0,172.0],[1337.0,172.0],[1337.0,171.0],[1338.0,171.0],[1338.0,167.0],[1337.0,167.0],[1337.0,166.0],[1338.0,166.0],[1338.0,164.0],[1337.0,164.0],[1337.0,158.0],[1336.0,158.0],[1336.0,157.0],[1335.0,157.0],[1335.0,156.0],[1333.0,156.0],[1333.0,157.0],[1331.0,157.0],[1331.0,158.0],[1330.0,158.0],[1330.0,159.0],[1331.0,159.0],[1331.0,160.0],[1328.0,160.0],[1328.0,159.0],[1326.0,159.0],[1326.0,158.0],[1324.0,158.0],[1324.0,157.0],[1323.0,157.0],[1323.0,156.0],[1322.0,156.0],[1322.0,155.0],[1323.0,155.0],[1323.0,154.0],[1322.0,154.0],[1322.0,153.0],[1321.0,153.0],[1321.0,152.0],[1320.0,152.0],[1320.0,151.0],[1317.0,151.0],[1317.0,152.0],[1314.0,152.0],[1314.0,148.0],[1315.0,148.0],[1315.0,146.0],[1317.0,146.0],[1317.0,145.0],[1318.0,145.0],[1318.0,142.0],[1317.0,142.0],[1317.0,140.0],[1316.0,140.0],[1316.0,139.0],[1315.0,139.0],[1315.0,135.0],[1318.0,135.0],[1318.0,134.0],[1319.0,134.0],[1319.0,133.0],[1318.0,133.0],[1318.0,130.0],[1317.0,130.0],[1317.0,128.0],[1316.0,128.0],[1316.0,125.0],[1315.0,125.0],[1315.0,124.0],[1314.0,124.0],[1314.0,123.0],[1311.0,123.0],[1311.0,122.0],[1309.0,122.0],[1309.0,120.0],[1308.0,120.0],[1308.0,119.0],[1307.0,119.0],[1307.0,118.0],[1306.0,118.0],[1306.0,117.0],[1307.0,117.0],[1307.0,116.0],[1306.0,116.0],[1306.0,115.0],[1309.0,115.0],[1309.0,116.0],[1310.0,116.0],[1310.0,117.0],[1311.0,117.0],[1311.0,118.0],[1312.0,118.0],[1312.0,117.0],[1313.0,117.0],[1313.0,116.0],[1314.0,116.0],[1314.0,115.0],[1313.0,115.0],[1313.0,113.0],[1312.0,113.0],[1312.0,112.0],[1311.0,112.0],[1311.0,110.0],[1312.0,110.0],[1312.0,109.0],[1311.0,109.0],[1311.0,107.0],[1312.0,107.0],[1312.0,106.0],[1313.0,106.0],[1313.0,105.0],[1315.0,105.0],[1315.0,104.0],[1316.0,104.0],[1316.0,103.0],[1317.0,103.0],[1317.0,102.0],[1318.0,102.0],[1318.0,101.0],[1320.0,101.0],[1320.0,100.0],[1321.0,100.0],[1321.0,99.0],[1320.0,99.0],[1320.0,98.0],[1319.0,98.0],[1319.0,97.0],[1318.0,97.0],[1318.0,96.0],[1316.0,96.0],[1316.0,97.0],[1315.0,97.0],[1315.0,98.0],[1313.0,98.0],[1313.0,99.0],[1312.0,99.0],[1312.0,100.0],[1311.0,100.0],[1311.0,101.0],[1308.0,101.0],[1308.0,100.0],[1307.0,100.0],[1307.0,98.0],[1309.0,98.0],[1309.0,97.0],[1310.0,97.0],[1310.0,96.0],[1311.0,96.0],[1311.0,95.0],[1310.0,95.0],[1310.0,94.0],[1309.0,94.0],[1309.0,93.0],[1307.0,93.0],[1307.0,90.0],[1310.0,90.0],[1310.0,91.0],[1313.0,91.0],[1313.0,90.0],[1315.0,90.0],[1315.0,89.0],[1316.0,89.0],[1316.0,88.0],[1317.0,88.0],[1317.0,87.0],[1318.0,87.0],[1318.0,86.0],[1319.0,86.0],[1319.0,85.0],[1320.0,85.0],[1320.0,84.0],[1319.0,84.0],[1319.0,83.0],[1318.0,83.0],[1318.0,82.0],[1317.0,82.0],[1317.0,81.0],[1316.0,81.0],[1316.0,80.0],[1315.0,80.0],[1315.0,78.0],[1316.0,78.0],[1316.0,77.0],[1321.0,77.0],[1321.0,79.0],[1322.0,79.0],[1322.0,80.0],[1324.0,80.0],[1324.0,81.0],[1325.0,81.0],[1325.0,82.0],[1327.0,82.0],[1327.0,83.0],[1333.0,83.0],[1333.0,84.0],[1335.0,84.0],[1335.0,83.0],[1336.0,83.0],[1336.0,84.0],[1337.0,84.0],[1337.0,85.0],[1338.0,85.0],[1338.0,84.0],[1340.0,84.0],[1340.0,83.0],[1342.0,83.0],[1342.0,82.0],[1343.0,82.0],[1343.0,80.0],[1342.0,80.0],[1342.0,79.0],[1339.0,79.0],[1339.0,78.0],[1335.0,78.0],[1335.0,76.0],[1334.0,76.0],[1334.0,74.0],[1333.0,74.0],[1333.0,73.0],[1332.0,73.0],[1332.0,72.0],[1330.0,72.0],[1330.0,73.0],[1327.0,73.0],[1327.0,72.0],[1326.0,72.0],[1326.0,70.0],[1327.0,70.0],[1327.0,68.0],[1326.0,68.0],[1326.0,67.0],[1322.0,67.0],[1322.0,66.0],[1321.0,66.0],[1321.0,65.0],[1315.0,65.0],[1315.0,63.0],[1314.0,63.0],[1314.0,62.0],[1313.0,62.0],[1313.0,61.0],[1308.0,61.0],[1308.0,62.0],[1306.0,62.0],[1306.0,61.0],[1304.0,61.0],[1304.0,62.0],[1303.0,62.0],[1303.0,63.0],[1301.0,63.0],[1301.0,60.0],[1300.0,60.0],[1300.0,59.0],[1297.0,59.0],[1297.0,58.0],[1298.0,58.0],[1298.0,56.0],[1297.0,56.0],[1297.0,55.0],[1298.0,55.0],[1298.0,54.0],[1299.0,54.0],[1299.0,53.0],[1300.0,53.0],[1300.0,51.0],[1299.0,51.0],[1299.0,50.0],[1296.0,50.0],[1296.0,49.0],[1293.0,49.0],[1293.0,48.0],[1292.0,48.0],[1292.0,47.0],[1291.0,47.0],[1291.0,46.0],[1290.0,46.0],[1290.0,47.0],[1288.0,47.0],[1288.0,48.0],[1283.0,48.0],[1283.0,47.0],[1282.0,47.0],[1282.0,45.0],[1284.0,45.0],[1284.0,44.0],[1287.0,44.0],[1287.0,43.0],[1288.0,43.0],[1288.0,42.0],[1287.0,42.0],[1287.0,40.0],[1288.0,40.0],[1288.0,39.0],[1289.0,39.0],[1289.0,38.0],[1290.0,38.0],[1290.0,37.0],[1291.0,37.0],[1291.0,36.0],[1290.0,36.0],[1290.0,35.0],[1288.0,35.0],[1288.0,34.0],[1287.0,34.0],[1287.0,33.0],[1286.0,33.0],[1286.0,34.0],[1285.0,34.0],[1285.0,35.0],[1279.0,35.0],[1279.0,36.0],[1278.0,36.0],[1278.0,37.0],[1277.0,37.0],[1277.0,39.0],[1276.0,39.0],[1276.0,40.0],[1275.0,40.0],[1275.0,41.0],[1274.0,41.0],[1274.0,47.0],[1273.0,47.0],[1273.0,48.0],[1274.0,48.0],[1274.0,49.0],[1273.0,49.0],[1273.0,50.0],[1274.0,50.0],[1274.0,51.0],[1275.0,51.0],[1275.0,53.0],[1271.0,53.0],[1271.0,54.0],[1269.0,54.0],[1269.0,55.0],[1268.0,55.0],[1268.0,57.0],[1269.0,57.0],[1269.0,58.0],[1272.0,58.0],[1272.0,59.0],[1271.0,59.0],[1271.0,63.0],[1270.0,63.0],[1270.0,64.0],[1269.0,64.0],[1269.0,65.0],[1270.0,65.0],[1270.0,66.0],[1269.0,66.0],[1269.0,67.0],[1268.0,67.0],[1268.0,68.0],[1269.0,68.0],[1269.0,69.0],[1268.0,69.0],[1268.0,89.0],[1267.0,89.0],[1267.0,90.0],[1266.0,90.0],[1266.0,92.0],[1265.0,92.0],[1265.0,93.0],[1265.0,94.0]]],[[[1328.0,293.0],[1329.0,293.0],[1329.0,294.0],[1330.0,294.0],[1330.0,295.0],[1331.0,295.0],[1331.0,296.0],[1332.0,296.0],[1332.0,295.0],[1334.0,295.0],[1334.0,294.0],[1336.0,294.0],[1336.0,293.0],[1337.0,293.0],[1337.0,292.0],[1338.0,292.0],[1338.0,290.0],[1341.0,290.0],[1341.0,291.0],[1343.0,291.0],[1343.0,292.0],[1344.0,292.0],[1344.0,291.0],[1348.0,291.0],[1348.0,293.0],[1349.0,293.0],[1349.0,294.0],[1350.0,294.0],[1350.0,295.0],[1352.0,295.0],[1352.0,296.0],[1353.0,296.0],[1353.0,297.0],[1354.0,297.0],[1354.0,298.0],[1355.0,298.0],[1357.0,298.0],[1357.0,299.0],[1358.0,299.0],[1358.0,300.0],[1365.0,300.0],[1365.0,299.0],[1366.0,299.0],[1366.0,297.0],[1365.0,297.0],[1365.0,296.0],[1364.0,296.0],[1364.0,295.0],[1363.0,295.0],[1363.0,291.0],[1367.0,291.0],[1367.0,292.0],[1368.0,292.0],[1368.0,293.0],[1372.0,293.0],[1372.0,292.0],[1373.0,292.0],[1373.0,290.0],[1372.0,290.0],[1372.0,289.0],[1371.0,289.0],[1369.0,289.0],[1369.0,288.0],[1368.0,288.0],[1366.0,288.0],[1366.0,287.0],[1365.0,287.0],[1365.0,286.0],[1362.0,286.0],[1360.0,286.0],[1360.0,285.0],[1356.0,285.0],[1356.0,286.0],[1355.0,286.0],[1355.0,287.0],[1353.0,287.0],[1353.0,286.0],[1352.0,286.0],[1352.0,285.0],[1351.0,285.0],[1351.0,284.0],[1350.0,284.0],[1350.0,283.0],[1351.0,283.0],[1351.0,280.0],[1352.0,280.0],[1352.0,279.0],[1353.0,279.0],[1353.0,280.0],[1355.0,280.0],[1355.0,281.0],[1359.0,281.0],[1359.0,280.0],[1361.0,280.0],[1361.0,279.0],[1364.0,279.0],[1364.0,280.0],[1366.0,280.0],[1366.0,281.0],[1367.0,281.0],[1367.0,283.0],[1366.0,283.0],[1366.0,284.0],[1367.0,284.0],[1367.0,285.0],[1373.0,285.0],[1373.0,284.0],[1374.0,284.0],[1374.0,283.0],[1376.0,283.0],[1376.0,285.0],[1377.0,285.0],[1377.0,286.0],[1381.0,286.0],[1381.0,285.0],[1383.0,285.0],[1384.0,285.0],[1386.0,285.0],[1386.0,286.0],[1387.0,286.0],[1387.0,285.0],[1389.0,285.0],[1389.0,284.0],[1390.0,284.0],[1390.0,283.0],[1389.0,283.0],[1389.0,282.0],[1387.0,282.0],[1387.0,281.0],[1386.0,281.0],[1386.0,280.0],[1384.0,280.0],[1384.0,279.0],[1382.0,279.0],[1382.0,278.0],[1381.0,278.0],[1381.0,276.0],[1382.0,276.0],[1382.0,275.0],[1383.0,275.0],[1383.0,274.0],[1382.0,274.0],[1382.0,272.0],[1383.0,272.0],[1383.0,270.0],[1382.0,270.0],[1382.0,269.0],[1379.0,269.0],[1379.0,270.0],[1376.0,270.0],[1376.0,269.0],[1374.0,269.0],[1374.0,268.0],[1373.0,268.0],[1373.0,266.0],[1372.0,266.0],[1372.0,264.0],[1371.0,264.0],[1371.0,263.0],[1369.0,263.0],[1369.0,264.0],[1368.0,264.0],[1368.0,267.0],[1367.0,267.0],[1367.0,268.0],[1365.0,268.0],[1365.0,267.0],[1364.0,267.0],[1364.0,266.0],[1359.0,266.0],[1359.0,267.0],[1357.0,267.0],[1357.0,268.0],[1355.0,268.0],[1353.0,268.0],[1353.0,269.0],[1351.0,269.0],[1351.0,266.0],[1352.0,266.0],[1352.0,264.0],[1353.0,264.0],[1353.0,263.0],[1354.0,263.0],[1354.0,260.0],[1353.0,260.0],[1353.0,259.0],[1352.0,259.0],[1352.0,260.0],[1351.0,260.0],[1351.0,261.0],[1350.0,261.0],[1350.0,260.0],[1345.0,260.0],[1345.0,261.0],[1344.0,261.0],[1344.0,262.0],[1342.0,262.0],[1339.0,262.0],[1339.0,263.0],[1338.0,263.0],[1338.0,264.0],[1339.0,264.0],[1339.0,266.0],[1338.0,266.0],[1338.0,268.0],[1339.0,268.0],[1339.0,269.0],[1340.0,269.0],[1340.0,270.0],[1341.0,270.0],[1341.0,271.0],[1340.0,271.0],[1340.0,272.0],[1341.0,272.0],[1341.0,275.0],[1340.0,275.0],[1340.0,276.0],[1339.0,276.0],[1339.0,277.0],[1338.0,277.0],[1338.0,279.0],[1338.0,281.0],[1337.0,281.0],[1336.0,281.0],[1336.0,282.0],[1334.0,282.0],[1332.0,282.0],[1332.0,281.0],[1331.0,281.0],[1331.0,279.0],[1330.0,279.0],[1330.0,278.0],[1329.0,278.0],[1329.0,277.0],[1327.0,277.0],[1327.0,278.0],[1326.0,278.0],[1326.0,280.0],[1325.0,280.0],[1325.0,281.0],[1326.0,281.0],[1326.0,283.0],[1325.0,283.0],[1325.0,285.0],[1324.0,285.0],[1324.0,286.0],[1323.0,286.0],[1323.0,288.0],[1324.0,288.0],[1324.0,289.0],[1325.0,289.0],[1325.0,290.0],[1327.0,290.0],[1328.0,290.0],[1328.0,291.0],[1328.0,293.0]]],[[[1222.0,300.0],[1223.0,300.0],[1223.0,301.0],[1224.0,301.0],[1224.0,302.0],[1225.0,302.0],[1225.0,303.0],[1226.0,303.0],[1226.0,304.0],[1228.0,304.0],[1229.0,304.0],[1229.0,305.0],[1230.0,305.0],[1231.0,305.0],[1231.0,306.0],[1232.0,306.0],[1232.0,307.0],[1233.0,307.0],[1233.0,308.0],[1236.0,308.0],[1236.0,307.0],[1237.0,307.0],[1237.0,306.0],[1242.0,306.0],[1242.0,305.0],[1243.0,305.0],[1243.0,304.0],[1243.0,303.0],[1244.0,303.0],[1244.0,302.0],[1245.0,302.0],[1245.0,301.0],[1246.0,301.0],[1248.0,301.0],[1249.0,301.0],[1249.0,302.0],[1250.0,302.0],[1250.0,303.0],[1250.0,304.0],[1251.0,304.0],[1251.0,305.0],[1252.0,305.0],[1252.0,306.0],[1253.0,306.0],[1254.0,306.0],[1254.0,307.0],[1254.0,308.0],[1255.0,308.0],[1255.0,309.0],[1258.0,309.0],[1258.0,308.0],[1259.0,308.0],[1259.0,307.0],[1260.0,307.0],[1260.0,306.0],[1261.0,306.0],[1261.0,307.0],[1262.0,307.0],[1262.0,309.0],[1261.0,309.0],[1261.0,310.0],[1260.0,310.0],[1260.0,311.0],[1259.0,311.0],[1259.0,314.0],[1260.0,314.0],[1260.0,315.0],[1259.0,315.0],[1259.0,316.0],[1258.0,316.0],[1258.0,317.0],[1259.0,317.0],[1259.0,318.0],[1259.0,322.0],[1260.0,322.0],[1260.0,323.0],[1261.0,323.0],[1261.0,324.0],[1262.0,324.0],[1262.0,325.0],[1264.0,325.0],[1264.0,324.0],[1265.0,324.0],[1269.0,324.0],[1269.0,323.0],[1270.0,323.0],[1274.0,323.0],[1274.0,322.0],[1275.0,322.0],[1279.0,322.0],[1279.0,321.0],[1280.0,321.0],[1280.0,320.0],[1280.0,319.0],[1281.0,319.0],[1281.0,320.0],[1281.0,321.0],[1282.0,321.0],[1282.0,322.0],[1283.0,322.0],[1283.0,323.0],[1284.0,323.0],[1284.0,322.0],[1285.0,322.0],[1287.0,322.0],[1287.0,321.0],[1288.0,321.0],[1290.0,321.0],[1290.0,323.0],[1291.0,323.0],[1291.0,324.0],[1292.0,324.0],[1292.0,325.0],[1293.0,325.0],[1293.0,327.0],[1292.0,327.0],[1292.0,328.0],[1293.0,328.0],[1293.0,329.0],[1295.0,329.0],[1295.0,329.75],[1296.0,330.0],[1297.0,330.0],[1297.0,331.0],[1298.0,331.0],[1299.0,331.0],[1299.0,331.8333333333333],[1300.0,331.6666666666667],[1300.0,331.0],[1302.0,331.0],[1302.0,330.0],[1303.0,330.0],[1303.0,331.0],[1304.0,331.0],[1305.0,331.0],[1305.0,332.0],[1308.0,332.0],[1309.0,332.0],[1309.0,333.0],[1310.0,333.0],[1310.0,332.0],[1311.0,332.0],[1312.0,332.0],[1312.0,331.0],[1313.0,331.0],[1314.0,331.0],[1315.0,331.0],[1315.0,332.0],[1316.0,332.0],[1316.0,333.0],[1317.0,333.0],[1318.0,333.0],[1318.0,334.0],[1319.0,334.0],[1319.0,335.0],[1321.0,335.0],[1321.0,334.0],[1322.0,334.0],[1322.0,333.0],[1323.0,333.0],[1323.0,334.0],[1324.0,334.0],[1325.0,334.0],[1325.0,335.0],[1326.0,335.0],[1326.0,334.0],[1327.0,334.0],[1327.0,333.0],[1328.0,333.0],[1328.0,331.0],[1329.0,331.0],[1331.0,331.0],[1331.0,330.0],[1332.0,330.0],[1332.0,327.0],[1332.0,326.0],[1333.0,326.0],[1333.0,325.0],[1333.0,324.0],[1334.0,324.0],[1335.0,324.0],[1335.0,325.0],[1336.0,325.0],[1336.0,326.0],[1337.0,326.0],[1337.0,327.0],[1338.0,327.0],[1338.0,328.0],[1339.0,328.0],[1339.0,329.0],[1342.0,329.0],[1342.0,328.0],[1343.0,328.0],[1343.0,326.0],[1342.0,326.0],[1342.0,324.0],[1343.0,324.0],[1343.0,323.0],[1344.0,323.0],[1344.0,322.0],[1345.0,322.0],[1345.0,321.0],[1346.0,321.0],[1346.0,322.0],[1346.0,325.0],[1347.0,325.0],[1347.0,326.0],[1347.0,328.0],[1348.0,328.0],[1348.0,329.0],[1349.0,329.0],[1349.0,330.0],[1350.0,330.0],[1350.0,331.0],[1351.0,331.0],[1351.0,332.0],[1353.0,332.0],[1353.0,332.75],[1354.0,333.0],[1355.0,333.0],[1355.0,334.0],[1356.0,334.0],[1356.0,335.0],[1357.0,335.0],[1358.0,335.0],[1358.0,336.0],[1360.0,336.0],[1360.0,335.0],[1361.0,335.0],[1362.0,335.0],[1362.0,334.0],[1363.0,334.0],[1364.0,334.0],[1364.0,333.0],[1365.0,333.0],[1366.0,333.0],[1366.0,332.0],[1367.0,332.0],[1367.0,331.0],[1368.0,331.0],[1368.0,330.0],[1367.0,330.0],[1367.0,329.0],[1363.0,329.0],[1363.0,330.0],[1362.0,330.0],[1361.0,330.0],[1360.0,330.0],[1360.0,329.0],[1359.0,329.0],[1359.0,328.0],[1359.0,325.0],[1359.0,324.0],[1360.0,324.0],[1361.0,324.0],[1361.0,323.0],[1362.0,323.0],[1362.0,322.0],[1363.0,322.0],[1363.0,323.0],[1366.0,323.0],[1367.0,323.0],[1367.0,324.0],[1368.0,324.0],[1368.0,325.0],[1369.0,325.0],[1369.0,324.0],[1370.0,324.0],[1373.0,324.0],[1373.0,323.0],[1374.0,323.0],[1374.0,322.0],[1373.0,322.0],[1373.0,321.0],[1372.0,321.0],[1371.0,321.0],[1371.0,320.0],[1370.0,320.0],[1370.0,319.0],[1367.0,319.0],[1366.0,319.0],[1366.0,318.0],[1365.0,318.0],[1364.0,318.0],[1364.0,316.0],[1365.0,316.0],[1365.0,315.0],[1364.0,315.0],[1364.0,313.0],[1365.0,313.0],[1365.0,311.0],[1364.0,311.0],[1364.0,310.0],[1363.0,310.0],[1363.0,309.0],[1362.0,309.0],[1361.0,309.0],[1361.0,308.0],[1358.0,308.0],[1358.0,309.0],[1357.0,309.0],[1357.0,310.0],[1356.0,310.0],[1356.0,311.0],[1356.0,312.0],[1355.0,312.0],[1355.0,313.0],[1353.0,313.0],[1352.0,313.0],[1352.0,312.0],[1351.0,312.0],[1351.0,311.0],[1351.0,310.0],[1350.0,310.0],[1350.0,309.0],[1349.0,309.0],[1349.0,308.0],[1347.0,308.0],[1347.0,307.25],[1346.0,307.0],[1345.0,307.0],[1345.0,306.0],[1344.0,306.0],[1344.0,305.0],[1343.0,305.0],[1343.0,304.0],[1342.0,304.0],[1342.0,303.0],[1338.0,303.0],[1338.0,304.0],[1337.0,304.0],[1337.0,305.0],[1336.0,305.0],[1336.0,306.0],[1335.0,306.0],[1335.0,307.0],[1334.0,307.0],[1334.0,308.0],[1333.0,308.0],[1333.0,309.0],[1332.0,309.0],[1332.0,308.0],[1327.0,308.0],[1327.0,309.0],[1326.0,309.0],[1326.0,308.0],[1325.0,308.0],[1325.0,309.0],[1324.0,309.0],[1323.0,309.0],[1322.0,309.0],[1322.0,308.0],[1318.0,308.0],[1317.0,308.0],[1317.0,307.0],[1315.0,307.0],[1315.0,308.0],[1314.0,308.0],[1308.0,308.0],[1308.0,309.0],[1307.0,309.0],[1306.0,309.0],[1306.0,310.0],[1305.0,310.0],[1305.0,311.0],[1304.0,311.0],[1304.0,312.0],[1303.0,312.0],[1303.0,311.0],[1302.0,311.0],[1302.0,309.0],[1302.0,308.0],[1303.0,308.0],[1303.0,307.0],[1304.0,307.0],[1306.0,307.0],[1306.0,306.0],[1307.0,306.0],[1307.0,305.0],[1308.0,305.0],[1308.0,304.0],[1309.0,304.0],[1309.0,301.0],[1308.0,301.0],[1308.0,299.0],[1309.0,299.0],[1309.0,298.0],[1309.0,297.0],[1310.0,297.0],[1310.0,296.0],[1310.0,295.0],[1311.0,295.0],[1311.0,294.0],[1310.0,294.0],[1310.0,293.0],[1309.0,293.0],[1309.0,292.0],[1309.0,291.0],[1308.0,291.0],[1308.0,290.0],[1308.0,285.0],[1310.0,285.0],[1310.0,284.0],[1311.0,284.0],[1311.0,283.0],[1312.0,283.0],[1312.0,282.0],[1311.0,282.0],[1311.0,281.0],[1309.0,281.0],[1308.0,281.0],[1308.0,280.0],[1307.0,280.0],[1306.0,280.0],[1306.0,278.0],[1307.0,278.0],[1307.0,277.0],[1306.0,277.0],[1306.0,276.0],[1307.0,276.0],[1307.0,275.0],[1306.0,275.0],[1306.0,274.0],[1306.0,273.0],[1307.0,273.0],[1307.0,272.0],[1308.0,272.0],[1308.0,271.0],[1307.0,271.0],[1307.0,270.0],[1307.0,268.0],[1307.0,267.0],[1308.0,267.0],[1308.0,266.0],[1307.0,266.0],[1307.0,265.0],[1306.0,265.0],[1306.0,264.0],[1306.0,263.0],[1307.0,263.0],[1307.0,262.0],[1307.0,261.0],[1308.0,261.0],[1308.0,262.0],[1308.0,263.0],[1309.0,263.0],[1309.0,264.0],[1310.0,264.0],[1311.0,264.0],[1311.0,265.0],[1313.0,265.0],[1313.0,264.0],[1314.0,264.0],[1314.0,263.0],[1315.0,263.0],[1316.0,262.75],[1316.0,262.0],[1318.0,262.0],[1318.0,261.0],[1319.0,261.0],[1319.0,260.0],[1319.0,259.0],[1320.0,259.0],[1320.0,258.0],[1319.0,258.0],[1319.0,257.0],[1318.0,257.0],[1318.0,256.0],[1319.0,256.0],[1319.0,255.0],[1319.0,254.0],[1320.0,254.0],[1320.0,253.0],[1320.0,252.0],[1321.0,252.0],[1323.0,252.0],[1323.0,251.0],[1324.0,251.0],[1324.0,250.0],[1325.0,250.0],[1325.0,249.0],[1326.0,249.0],[1326.0,247.0],[1325.0,247.0],[1325.0,246.0],[1321.0,246.0],[1321.0,247.0],[1320.0,247.0],[1320.0,248.0],[1319.0,248.0],[1318.0,248.0],[1318.0,249.0],[1317.0,249.0],[1317.0,250.0],[1316.0,250.0],[1316.0,251.0],[1315.0,251.25],[1315.0,252.0],[1314.0,252.0],[1314.0,253.0],[1312.0,253.0],[1312.0,252.0],[1311.0,252.0],[1311.0,251.0],[1310.0,251.0],[1310.0,250.0],[1310.0,249.0],[1309.0,249.0],[1309.0,248.0],[1309.0,247.0],[1308.0,247.0],[1308.0,246.0],[1304.0,246.0],[1304.0,247.0],[1303.0,247.0],[1303.0,251.0],[1303.0,252.0],[1302.0,252.0],[1302.0,254.0],[1302.0,255.0],[1301.0,255.0],[1300.0,255.0],[1300.0,256.0],[1299.0,256.0],[1299.0,257.0],[1298.0,257.0],[1296.0,257.0],[1295.0,257.0],[1295.0,256.0],[1294.0,256.0],[1294.0,255.0],[1294.0,254.0],[1293.0,254.0],[1293.0,253.0],[1290.0,253.0],[1290.0,254.0],[1289.0,254.0],[1287.0,254.0],[1287.0,255.0],[1286.0,255.0],[1286.0,254.0],[1286.0,251.0],[1286.75,251.0],[1287.0,250.0],[1287.0,249.0],[1288.0,249.0],[1288.0,247.0],[1287.0,247.0],[1287.0,246.0],[1284.0,246.0],[1284.0,247.0],[1283.0,247.0],[1283.0,248.0],[1283.0,249.0],[1282.0,249.0],[1282.0,250.0],[1281.0,250.0],[1280.0,250.0],[1280.0,251.0],[1279.0,251.0],[1277.0,251.0],[1277.0,252.0],[1276.0,252.0],[1274.0,252.0],[1274.0,253.0],[1273.0,253.0],[1272.0,253.0],[1272.0,254.0],[1271.0,254.0],[1270.0,254.0],[1270.0,255.0],[1269.0,255.0],[1269.0,256.0],[1268.0,256.0],[1268.0,255.0],[1268.0,254.0],[1267.0,254.0],[1267.0,253.0],[1268.0,253.0],[1268.0,252.0],[1269.0,252.0],[1269.0,250.0],[1268.0,250.0],[1268.0,249.0],[1267.0,249.0],[1267.0,247.0],[1266.0,247.0],[1266.0,246.0],[1264.0,246.0],[1264.0,247.0],[1263.0,247.0],[1263.0,246.0],[1262.0,246.0],[1262.0,247.0],[1260.0,247.0],[1260.0,246.0],[1259.0,246.0],[1258.0,246.0],[1258.0,245.0],[1258.0,244.0],[1257.0,244.0],[1257.0,243.0],[1257.0,242.0],[1257.0,241.0],[1258.0,241.0],[1258.0,240.0],[1257.0,240.0],[1257.0,239.0],[1256.0,239.0],[1256.0,236.0],[1256.0,235.0],[1257.0,235.0],[1257.0,230.0],[1256.0,230.0],[1256.0,229.0],[1255.0,229.0],[1255.0,230.0],[1254.0,230.0],[1254.0,231.0],[1253.0,231.0],[1253.0,232.0],[1252.0,232.0],[1252.0,233.0],[1251.0,233.0],[1251.0,234.0],[1250.0,234.0],[1248.0,234.0],[1248.0,235.0],[1247.0,235.0],[1247.0,236.0],[1246.0,236.0],[1246.0,237.0],[1245.0,237.0],[1244.0,237.0],[1243.0,237.0],[1243.0,236.0],[1242.0,236.0],[1242.0,237.0],[1241.0,237.0],[1240.0,237.0],[1240.0,238.0],[1239.0,238.0],[1239.0,240.0],[1240.0,240.0],[1240.0,241.0],[1241.0,241.0],[1241.0,242.0],[1242.0,242.0],[1242.0,243.0],[1243.0,243.0],[1243.0,244.0],[1243.0,249.0],[1242.0,249.0],[1242.0,250.0],[1241.0,250.0],[1239.0,250.0],[1239.0,251.0],[1238.0,251.0],[1238.0,253.0],[1237.0,253.0],[1237.0,254.0],[1236.0,254.0],[1236.0,256.0],[1237.0,256.0],[1237.0,258.0],[1236.0,258.0],[1234.0,258.0],[1234.0,259.0],[1233.0,259.0],[1233.0,260.0],[1232.0,260.0],[1232.0,261.0],[1231.0,261.0],[1231.0,263.0],[1231.0,264.0],[1230.0,264.0],[1230.0,265.0],[1229.0,265.0],[1229.0,266.0],[1228.0,266.0],[1228.0,268.0],[1229.0,268.0],[1229.0,269.0],[1229.0,272.0],[1229.0,273.0],[1228.0,273.0],[1228.0,274.0],[1225.0,274.0],[1225.0,275.0],[1224.0,275.0],[1223.0,275.0],[1223.0,276.0],[1222.0,276.0],[1222.0,279.0],[1223.0,279.0],[1223.0,280.0],[1224.0,280.0],[1224.0,285.0],[1225.0,285.0],[1225.0,286.0],[1225.0,287.0],[1226.0,287.0],[1226.0,288.0],[1226.0,290.0],[1227.0,290.0],[1227.0,291.0],[1228.0,291.0],[1229.0,291.0],[1229.0,292.0],[1228.0,292.0],[1228.0,294.0],[1229.0,294.0],[1229.0,295.0],[1228.0,295.0],[1228.0,296.0],[1227.0,296.0],[1221.0,296.0],[1221.0,297.0],[1220.0,297.0],[1220.0,298.0],[1221.0,298.0],[1221.0,299.0],[1222.0,299.0],[1222.0,300.0]]],[[[1668.0,289.0],[1669.0,289.0],[1669.0,290.0],[1670.0,290.0],[1670.0,291.0],[1671.0,291.0],[1671.0,292.0],[1673.0,292.0],[1674.0,292.0],[1674.0,293.0],[1675.0,293.0],[1676.0,293.0],[1676.0,294.0],[1677.0,294.0],[1677.0,293.0],[1678.0,293.0],[1679.0,293.0],[1679.0,292.0],[1680.0,292.0],[1680.0,288.0],[1680.0,287.0],[1681.0,287.0],[1681.0,286.0],[1680.0,286.0],[1680.0,285.0],[1679.0,285.0],[1679.0,284.125],[1677.0,284.375],[1677.0,285.0],[1675.0,285.0],[1675.0,286.0],[1673.0,286.0],[1673.0,285.0],[1672.0,285.0],[1671.0,285.0],[1671.0,284.0],[1670.0,284.0],[1669.0,284.0],[1669.0,283.0],[1665.0,283.0],[1665.0,284.0],[1664.0,284.0],[1664.0,285.0],[1665.0,285.0],[1665.0,286.0],[1666.0,286.0],[1666.0,287.0],[1666.0,288.0],[1667.0,288.0],[1667.0,289.0],[1668.0,289.0]]],[[[1179.0,302.0],[1179.0,301.0],[1180.0,301.0],[1180.0,300.0],[1181.0,300.0],[1181.0,299.0],[1183.0,299.0],[1184.0,299.0],[1184.0,298.0],[1185.0,298.0],[1185.0,297.0],[1186.0,297.0],[1186.0,296.0],[1187.0,296.0],[1187.0,295.0],[1189.0,295.0],[1189.0,297.0],[1189.0,298.0],[1190.0,298.0],[1190.0,299.0],[1191.0,299.0],[1191.0,300.0],[1192.0,300.0],[1192.0,301.0],[1193.0,301.0],[1195.0,301.0],[1195.0,302.0],[1196.0,302.0],[1196.0,303.0],[1198.0,303.0],[1198.0,304.0],[1200.0,304.0],[1200.0,305.0],[1205.0,305.0],[1207.0,305.0],[1207.0,306.0],[1208.0,306.0],[1208.0,307.0],[1210.0,307.0],[1210.0,308.0],[1213.0,308.0],[1213.0,307.0],[1214.0,307.0],[1214.0,305.0],[1213.0,305.0],[1213.0,304.0],[1212.0,304.0],[1212.0,303.0],[1211.0,303.0],[1211.0,302.0],[1209.0,302.0],[1209.0,301.0],[1208.0,301.0],[1208.0,300.0],[1207.0,300.0],[1207.0,299.0],[1206.0,299.0],[1206.0,298.0],[1205.0,298.0],[1205.0,297.0],[1204.0,297.0],[1204.0,296.0],[1204.0,295.0],[1203.0,295.0],[1203.0,293.0],[1202.0,293.0],[1202.0,291.0],[1202.0,288.0],[1201.0,288.0],[1201.0,287.0],[1200.0,287.0],[1198.0,287.0],[1198.0,286.0],[1196.0,286.0],[1196.0,287.0],[1194.0,287.0],[1194.0,286.0],[1195.0,286.0],[1195.0,284.0],[1194.0,284.0],[1194.0,283.0],[1195.0,283.0],[1197.0,283.0],[1197.0,282.0],[1199.0,282.0],[1199.0,281.0],[1201.0,281.0],[1201.0,280.0],[1202.0,280.0],[1202.0,278.0],[1203.0,278.0],[1203.0,277.0],[1204.0,277.0],[1204.0,274.0],[1203.0,274.0],[1203.0,273.0],[1202.0,273.0],[1202.0,274.0],[1201.0,274.0],[1201.0,275.0],[1200.0,275.0],[1200.0,276.0],[1199.0,276.0],[1195.0,276.0],[1195.0,277.0],[1194.0,277.0],[1194.0,278.0],[1193.0,278.0],[1189.0,278.0],[1189.0,279.0],[1188.0,279.0],[1188.0,278.0],[1186.0,278.0],[1186.0,277.0],[1185.0,277.0],[1185.0,276.0],[1183.0,276.0],[1183.0,277.0],[1182.0,277.0],[1182.0,278.0],[1181.0,278.0],[1181.0,279.0],[1180.0,279.0],[1180.0,282.0],[1181.0,282.0],[1181.0,283.0],[1180.0,283.0],[1180.0,284.0],[1179.0,284.0],[1179.0,286.0],[1180.0,286.0],[1180.0,287.0],[1181.0,287.0],[1181.0,288.0],[1181.0,290.0],[1181.0,292.0],[1179.0,292.0],[1179.0,293.0],[1178.0,293.0],[1178.0,294.0],[1177.0,294.0],[1177.0,295.0],[1175.0,295.0],[1172.0,295.0],[1172.0,296.0],[1171.0,296.0],[1171.0,297.0],[1170.0,297.0],[1170.0,299.0],[1169.0,299.0],[1169.0,301.0],[1167.0,301.0],[1167.0,302.0],[1166.0,302.0],[1166.0,303.0],[1167.0,303.0],[1167.0,304.0],[1173.0,304.0],[1173.0,303.0],[1175.0,303.0],[1175.0,302.0],[1177.0,302.0],[1179.0,302.0]]],[[[1053.0,334.0],[1054.0,334.0],[1054.0,335.0],[1054.5454545454545,338.0],[1055.0,338.0],[1055.0,339.0],[1054.7272727272727,339.0],[1055.4545454545455,343.0],[1056.0,343.0],[1056.0,345.0],[1057.0,345.0],[1057.0,346.0],[1059.0,346.0],[1059.0,345.0],[1060.0,345.0],[1060.0,343.0],[1060.0,342.0],[1060.0,341.0],[1060.0,340.0],[1061.0,340.0],[1061.0,339.0],[1061.0,338.0],[1061.0,337.0],[1060.0,337.0],[1060.0,335.0],[1059.0,335.0],[1059.0,333.0],[1058.0,333.0],[1058.0,331.0],[1057.0,331.0],[1057.0,330.0],[1058.0,330.0],[1058.0,329.0],[1059.0,328.5],[1059.0,328.0],[1060.0,328.0],[1060.0,327.0],[1060.0,326.0],[1060.0,325.0],[1059.0,325.0],[1059.0,324.0],[1059.0,322.0],[1058.0,322.0],[1058.0,321.0],[1057.0,321.0],[1057.0,320.0],[1056.0,320.0],[1056.0,321.0],[1055.0,321.0],[1052.0,321.0],[1052.0,322.0],[1051.0,322.0],[1051.0,323.0],[1050.0,323.0],[1050.0,327.0],[1050.0,330.0],[1050.0,331.0],[1051.0,331.0],[1051.0,331.5],[1052.0,332.0],[1052.0,333.0],[1053.0,333.0],[1053.0,334.0]]],[[[1800.0,378.0],[1801.0,378.0],[1802.0,378.0],[1802.0,379.0],[1804.0,379.0],[1805.0,379.0],[1805.0,380.0],[1805.0,383.0],[1805.0,384.0],[1804.0,384.0],[1804.0,388.0],[1804.0,389.0],[1804.0,390.0],[1805.0,390.0],[1806.0,390.0],[1806.0,391.0],[1808.0,391.0],[1808.0,390.0],[1808.0,389.0],[1808.0,388.0],[1809.0,388.0],[1809.0,387.0],[1810.0,387.0],[1810.0,386.0],[1811.0,386.0],[1811.0,385.0],[1811.0,383.0],[1811.0,381.0],[1811.0,380.0],[1812.0,380.0],[1812.0,379.0],[1813.0,379.0],[1815.0,379.0],[1816.0,379.0],[1816.0,380.0],[1819.0,380.0],[1819.0,379.0],[1820.0,379.0],[1820.0,378.0],[1820.0,377.0],[1821.0,377.0],[1821.0,374.0],[1820.0,374.0],[1820.0,373.0],[1819.0,373.0],[1819.0,372.0],[1818.0,372.0],[1818.0,369.0],[1817.0,369.0],[1817.0,368.0],[1816.0,368.0],[1816.0,367.0],[1815.0,367.0],[1814.0,367.0],[1810.0,367.0],[1810.0,368.0],[1809.0,368.0],[1809.0,369.0],[1808.0,369.0],[1807.0,369.0],[1806.0,369.0],[1806.0,368.0],[1805.0,368.0],[1805.0,365.0],[1805.0,364.0],[1806.0,364.0],[1806.0,363.0],[1806.0,360.0],[1806.0,359.0],[1806.0,358.0],[1807.0,358.0],[1807.0,357.0],[1808.0,357.0],[1808.0,356.0],[1808.0,355.0],[1809.0,355.0],[1812.0,355.0],[1812.0,354.0],[1813.0,354.0],[1813.0,353.0],[1814.0,353.0],[1814.0,352.0],[1815.0,352.0],[1816.0,352.0],[1816.0,351.0],[1816.0,350.0],[1816.0,349.0],[1817.0,349.0],[1817.0,347.0],[1817.0,346.0],[1818.0,346.0],[1818.0,345.0],[1819.0,345.0],[1820.0,345.0],[1820.0,344.0],[1820.0,342.0],[1820.0,341.0],[1819.0,341.0],[1818.0,341.0],[1818.0,340.0],[1816.0,340.0],[1816.0,339.0],[1815.0,339.0],[1814.0,339.0],[1813.0,339.0],[1813.0,340.0],[1811.0,340.0],[1811.0,341.0],[1810.0,341.0],[1810.0,342.0],[1809.0,342.0],[1808.0,342.0],[1808.0,343.0],[1807.0,343.0],[1807.0,344.0],[1806.0,344.0],[1806.0,346.0],[1806.0,349.0],[1806.0,350.0],[1805.0,350.0],[1805.0,351.0],[1805.0,352.0],[1804.0,352.0],[1804.0,353.0],[1803.0,353.0],[1803.0,354.0],[1802.0,354.0],[1802.0,355.0],[1802.0,356.0],[1801.0,356.0],[1801.0,361.0],[1799.0,361.0],[1797.0,361.0],[1796.0,361.0],[1796.0,362.0],[1794.0,362.0],[1794.0,363.0],[1793.0,363.0],[1793.0,364.0],[1792.0,364.0],[1792.0,365.0],[1792.0,366.0],[1791.0,366.0],[1791.0,367.0],[1790.0,367.0],[1790.0,372.0],[1791.0,372.0],[1791.0,372.875],[1793.0,372.625],[1793.0,372.0],[1794.0,372.0],[1794.0,371.0],[1796.0,371.0],[1796.0,372.0],[1798.0,372.0],[1799.0,372.0],[1799.0,373.0],[1800.0,373.0],[1800.0,374.0],[1800.0,375.0],[1800.0,377.0],[1800.0,378.0]]],[[[1046.0,377.0],[1047.0,377.0],[1047.0,378.0],[1047.0,380.0],[1048.0,380.0],[1048.0,381.0],[1049.0,381.0],[1050.0,381.0],[1050.0,382.0],[1052.0,382.0],[1052.0,381.0],[1053.0,381.0],[1054.0,381.0],[1054.0,380.0],[1055.0,380.0],[1056.0,380.0],[1056.0,379.0],[1057.0,379.0],[1057.0,377.0],[1056.0,377.0],[1056.0,376.0],[1055.0,376.0],[1055.0,375.0],[1054.0,375.0],[1054.0,374.0],[1053.0,374.0],[1053.0,373.0],[1052.0,373.0],[1051.0,373.0],[1051.0,372.0],[1050.0,372.0],[1050.0,371.0],[1050.0,367.0],[1049.0,367.0],[1049.0,366.0],[1048.0,366.0],[1048.0,365.0],[1047.0,365.0],[1047.0,366.0],[1046.0,366.0],[1046.0,367.0],[1046.0,368.0],[1045.0,368.0],[1045.0,369.0],[1044.0,369.0],[1044.0,373.0],[1045.0,373.0],[1045.0,374.0],[1045.0,375.0],[1046.0,375.0],[1046.0,376.0],[1046.0,377.0]]],[[[1831.0,391.0],[1831.0,390.0],[1832.0,390.0],[1832.0,389.0],[1833.0,389.0],[1833.0,387.0],[1833.75,387.0],[1834.0,386.0],[1834.0,385.0],[1835.0,385.0],[1835.0,384.0],[1835.0,383.0],[1836.0,383.0],[1836.0,382.0],[1837.0,382.0],[1837.0,381.0],[1838.0,381.0],[1838.0,380.0],[1838.0,379.0],[1839.0,379.0],[1839.0,377.0],[1838.0,377.0],[1838.0,376.0],[1835.0,376.0],[1835.0,377.0],[1834.0,377.0],[1833.0,377.0],[1833.0,378.0],[1832.0,378.0],[1832.0,379.0],[1831.0,379.0],[1831.0,381.0],[1831.0,382.0],[1830.0,382.0],[1830.0,383.0],[1829.0,383.0],[1829.0,384.0],[1828.0,384.0],[1828.0,385.0],[1827.0,385.0],[1827.0,386.0],[1826.0,386.0],[1826.0,387.0],[1826.0,390.0],[1826.0,394.0],[1827.0,394.0],[1827.0,395.0],[1829.0,395.0],[1829.0,394.0],[1830.0,394.0],[1831.0,394.0],[1831.0,393.0],[1831.0,392.0],[1831.0,391.0]]],[[[1696.0,292.0],[1695.0,292.5],[1695.0,293.0],[1694.0,293.0],[1694.0,295.0],[1692.0,295.0],[1692.0,301.0],[1693.0,301.0],[1693.0,302.0],[1692.0,302.0],[1692.0,304.0],[1691.0,304.0],[1691.0,305.0],[1688.0,305.0],[1688.0,306.0],[1687.5,306.0],[1687.0,307.0],[1685.0,307.0],[1685.0,308.0],[1682.0,308.0],[1682.0,309.0],[1680.0,309.0],[1680.0,310.0],[1676.0,310.0],[1676.0,311.0],[1673.0,311.0],[1673.0,310.0],[1672.0,310.0],[1672.0,308.0],[1671.0,308.0],[1671.0,306.0],[1673.0,306.0],[1673.0,303.0],[1671.0,303.0],[1671.0,302.0],[1664.0,302.0],[1664.0,301.0],[1662.0,301.0],[1662.0,300.0],[1661.0,300.0],[1661.0,299.0],[1660.0,299.0],[1660.0,298.5],[1659.0,298.0],[1659.0,295.0],[1657.0,295.0],[1657.0,293.0],[1655.0,293.0],[1655.0,286.0],[1653.0,286.0],[1653.0,285.0],[1649.0,285.0],[1649.0,287.0],[1648.0,287.0],[1648.0,290.0],[1647.0,290.0],[1647.0,294.0],[1645.0,294.0],[1645.0,298.0],[1644.0,298.0],[1644.0,299.0],[1638.0,299.0],[1638.0,301.0],[1636.0,301.0],[1636.0,303.0],[1634.0,303.0],[1634.0,306.0],[1635.0,306.0],[1635.0,307.0],[1633.0,307.0],[1633.0,312.0],[1634.0,312.0],[1634.0,315.0],[1636.0,315.0],[1636.0,316.0],[1640.0,316.0],[1640.0,315.0],[1642.0,315.0],[1642.0,319.0],[1641.0,319.5],[1641.0,320.0],[1640.0,320.0],[1640.0,323.0],[1641.0,323.0],[1641.0,324.0],[1640.0,324.0],[1640.0,325.0],[1638.0,325.0],[1638.0,329.0],[1637.0,329.0],[1637.0,330.0],[1635.0,330.0],[1635.0,331.0],[1634.0,331.0],[1634.0,329.0],[1631.0,329.0],[1631.0,330.0],[1629.0,330.0],[1629.0,331.0],[1628.5,331.0],[1628.0,332.0],[1626.0,332.0],[1626.0,333.0],[1625.0,333.0],[1625.0,334.0],[1624.5,334.0],[1624.0,335.0],[1623.0,335.0],[1623.0,332.0],[1621.0,332.0],[1621.0,331.0],[1620.0,331.0],[1619.5,329.0],[1619.0,329.0],[1619.0,327.0],[1615.0,327.0],[1615.0,329.0],[1613.0,329.0],[1613.0,332.0],[1615.0,332.0],[1615.0,334.0],[1616.0,334.0],[1616.0,341.0],[1618.0,341.0],[1618.0,343.0],[1619.0,343.0],[1619.0,348.0],[1621.0,348.0],[1621.0,350.0],[1618.0,350.0],[1618.0,349.0],[1616.0,349.0],[1615.5,348.0],[1615.0,348.0],[1615.0,347.0],[1612.0,347.0],[1612.0,350.0],[1611.0,350.0],[1611.0,353.0],[1612.0,353.0],[1612.0,358.0],[1614.0,358.0],[1614.0,359.0],[1616.0,359.0],[1616.0,360.0],[1619.0,360.0],[1619.0,362.0],[1620.0,362.0],[1620.0,367.0],[1623.0,367.0],[1623.0,368.0],[1625.0,368.0],[1625.0,372.0],[1626.0,372.0],[1626.0,375.0],[1628.0,375.0],[1628.0,376.0],[1630.0,376.0],[1630.0,377.0],[1632.0,377.0],[1632.0,378.0],[1633.0,378.0],[1633.0,378.5],[1634.0,379.0],[1634.0,384.0],[1640.0,384.0],[1640.0,381.0],[1639.0,381.0],[1639.0,379.0],[1640.0,379.0],[1640.0,372.0],[1643.0,372.0],[1643.0,371.0],[1646.0,371.0],[1646.0,371.5],[1649.0,372.0],[1649.0,370.0],[1653.0,370.0],[1653.0,366.0],[1654.0,366.0],[1654.0,367.0],[1655.0,367.0],[1655.0,369.0],[1656.0,369.0],[1656.0,370.0],[1654.0,370.0],[1654.5,378.0],[1655.0,378.0],[1655.0,386.0],[1653.0,386.0],[1653.0,389.0],[1651.0,389.0],[1651.0,392.0],[1652.0,392.0],[1652.0,394.0],[1651.0,394.0],[1651.0,396.0],[1650.0,396.0],[1650.0,397.0],[1649.0,397.0],[1649.0,398.0],[1648.5,398.0],[1648.0,399.0],[1646.0,399.0],[1646.0,403.0],[1645.0,403.0],[1645.0,404.0],[1644.5,404.0],[1644.0,405.0],[1642.0,405.0],[1642.0,411.0],[1640.0,411.0],[1640.0,415.0],[1638.0,415.0],[1638.0,416.0],[1636.0,416.0],[1636.0,417.0],[1635.5,417.0],[1635.0,418.0],[1633.0,418.0],[1633.0,424.0],[1635.0,424.0],[1635.0,425.0],[1637.0,425.0],[1637.0,425.5],[1639.0,426.0],[1639.0,431.0],[1640.0,431.0],[1640.0,434.0],[1641.0,434.0],[1641.0,436.0],[1643.0,436.0],[1643.0,437.0],[1644.0,437.0],[1644.0,437.5],[1645.0,438.0],[1645.0,440.0],[1646.0,440.0],[1646.0,442.0],[1647.0,442.0],[1647.0,442.5],[1648.0,443.0],[1648.0,445.0],[1652.0,445.0],[1652.0,447.0],[1653.0,447.0],[1653.0,448.0],[1655.0,448.0],[1655.0,448.5],[1657.0,449.0],[1657.0,450.0],[1658.0,450.0],[1658.0,451.0],[1660.0,451.0],[1660.5,452.0],[1661.0,452.0],[1661.0,453.0],[1666.0,453.0],[1666.0,454.0],[1669.0,454.0],[1669.0,455.0],[1670.0,455.0],[1670.0,461.0],[1668.0,461.0],[1668.0,462.0],[1663.0,462.0],[1663.0,463.0],[1662.0,463.0],[1662.0,465.0],[1661.0,465.0],[1661.0,467.0],[1659.0,467.0],[1659.0,470.0],[1661.0,470.0],[1661.0,471.0],[1662.0,471.0],[1662.0,471.5],[1663.0,472.0],[1663.0,476.0],[1662.5,476.0],[1662.0,480.0],[1664.0,480.0],[1664.0,482.0],[1665.0,482.0],[1665.0,484.0],[1666.0,484.0],[1666.0,486.0],[1665.0,486.0],[1665.0,494.0],[1667.0,494.0],[1667.0,498.0],[1669.0,498.0],[1669.0,500.0],[1670.0,500.0],[1670.0,504.0],[1672.0,504.0],[1672.0,506.0],[1673.0,506.0],[1673.0,513.0],[1672.5333333333333,513.0],[1672.0,521.0],[1674.0,521.0],[1674.0,522.0],[1675.0,522.0],[1675.5,523.0],[1676.0,523.0],[1676.0,524.0],[1679.0,524.0],[1679.0,522.0],[1679.5,522.0],[1680.0,520.0],[1681.0,519.5],[1681.0,519.0],[1682.0,519.0],[1682.0,514.0],[1680.0,514.0],[1680.0,513.0],[1679.0,513.0],[1679.0,508.0],[1681.0,508.0],[1681.0,503.0],[1679.0,503.0],[1679.0,502.0],[1678.0,502.0],[1678.0,501.5],[1677.0,501.0],[1677.0,499.0],[1676.0,499.0],[1676.0,496.0],[1675.0,496.0],[1675.0,494.0],[1677.0,494.0],[1677.0,491.0],[1676.0,491.0],[1676.0,487.0],[1677.0,487.0],[1677.0,486.0],[1679.0,486.0],[1679.0,488.0],[1680.0,488.0],[1680.0,489.0],[1684.0,489.0],[1684.0,487.0],[1686.0,487.0],[1686.0,484.0],[1689.0,484.0],[1689.0,482.0],[1690.0,482.0],[1690.0,480.0],[1691.0,480.0],[1691.0,479.0],[1693.0,479.0],[1693.0,478.0],[1700.0,478.0],[1700.0,477.0],[1705.0,477.0],[1705.0,478.0],[1706.0,478.0],[1706.0,479.0],[1708.0,479.0],[1708.5,480.0],[1709.0,480.0],[1709.0,481.0],[1711.0,481.0],[1711.0,481.5],[1713.0,482.0],[1713.0,486.0],[1717.0,486.0],[1717.0,483.0],[1718.0,483.0],[1718.0,475.0],[1716.0,475.0],[1716.0,473.0],[1714.0,473.0],[1714.0,466.0],[1715.0,466.0],[1715.0,457.0],[1716.0,457.0],[1716.0,452.0],[1718.0,452.0],[1718.0,451.0],[1720.0,450.5],[1720.0,450.0],[1722.0,450.0],[1722.0,447.0],[1720.0,447.0],[1719.5,446.0],[1719.0,446.0],[1719.0,445.0],[1717.0,445.0],[1717.0,435.0],[1719.0,435.0],[1719.0,432.0],[1722.0,432.0],[1722.0,434.0],[1723.0,434.0],[1723.0,434.5],[1724.0,435.0],[1724.0,437.0],[1726.0,437.0],[1726.0,438.0],[1730.0,438.0],[1730.0,436.0],[1731.0,436.0],[1731.0,430.0],[1732.0,430.0],[1732.0,431.0],[1735.0,431.0],[1735.0,433.0],[1737.0,433.0],[1737.0,435.0],[1738.0,435.0],[1738.0,435.5],[1739.0,436.0],[1739.0,439.0],[1740.0,439.0],[1740.0,441.0],[1741.0,441.0],[1741.0,442.0],[1743.0,442.0],[1743.0,443.0],[1751.0,443.0],[1751.0,442.0],[1754.0,442.0],[1754.0,440.0],[1755.0,440.0],[1755.0,439.0],[1755.5,439.0],[1756.0,438.0],[1759.0,438.0],[1759.0,434.0],[1757.0,434.0],[1757.0,433.0],[1756.0,433.0],[1756.0,431.0],[1758.0,431.0],[1758.0,428.0],[1759.0,428.0],[1759.0,424.0],[1760.0,424.0],[1760.0,420.0],[1761.0,420.0],[1761.0,417.0],[1762.0,417.0],[1762.0,416.0],[1763.0,416.0],[1763.0,418.0],[1767.0,418.0],[1767.0,416.0],[1768.0,416.0],[1768.0,415.0],[1769.0,415.0],[1769.0,416.0],[1773.0,416.0],[1773.0,417.0],[1774.0,417.0],[1774.5,418.0],[1775.0,418.0],[1775.0,419.0],[1777.0,419.0],[1777.0,420.0],[1778.0,420.0],[1778.0,422.0],[1779.0,422.0],[1779.5,423.0],[1780.0,423.0],[1780.0,424.0],[1785.0,424.0],[1785.0,423.0],[1786.0,423.0],[1786.0,422.0],[1787.0,421.5],[1787.0,421.0],[1788.0,421.0],[1788.0,419.0],[1790.0,419.0],[1790.0,412.0],[1792.0,411.5],[1792.0,411.0],[1794.0,411.0],[1794.0,404.0],[1800.0,404.0],[1800.0,400.0],[1799.0,400.0],[1799.0,397.0],[1797.0,397.0],[1797.0,396.0],[1796.0,396.0],[1796.0,395.0],[1795.0,395.0],[1795.0,394.0],[1794.0,394.0],[1794.0,393.0],[1793.0,393.0],[1792.5,392.0],[1792.0,392.0],[1792.0,391.0],[1790.0,391.0],[1790.0,390.0],[1789.0,390.0],[1789.0,389.0],[1788.0,389.0],[1788.0,388.0],[1787.0,388.0],[1787.0,387.0],[1786.0,387.0],[1786.0,386.5],[1785.0,386.0],[1785.0,382.0],[1786.0,382.0],[1786.0,377.0],[1785.0,377.0],[1785.0,375.0],[1783.0,375.0],[1783.0,374.0],[1782.0,374.0],[1782.0,370.0],[1783.0,370.0],[1783.0,367.0],[1782.0,367.0],[1782.0,366.0],[1784.0,366.0],[1784.0,361.0],[1785.0,361.0],[1785.0,359.0],[1785.5,359.0],[1786.0,357.0],[1787.0,357.0],[1787.0,356.0],[1789.0,356.0],[1789.0,355.0],[1790.0,354.5],[1790.0,354.0],[1791.0,354.0],[1791.0,352.0],[1793.0,352.0],[1793.0,351.0],[1795.0,350.5],[1795.0,350.0],[1797.0,350.0],[1797.0,349.0],[1798.0,349.0],[1798.0,348.0],[1799.0,347.5],[1799.0,347.0],[1800.0,347.0],[1800.0,345.0],[1800.5,345.0],[1801.0,343.0],[1803.0,343.0],[1803.0,340.0],[1804.0,339.5],[1804.0,339.0],[1805.0,339.0],[1805.0,335.0],[1806.0,334.5],[1806.0,334.0],[1807.0,334.0],[1807.0,332.0],[1808.0,332.0],[1808.0,331.0],[1809.0,331.0],[1809.0,330.0],[1809.5,330.0],[1810.0,329.0],[1812.0,329.0],[1812.0,324.0],[1811.0,324.0],[1811.0,323.0],[1810.0,323.0],[1809.0,323.0],[1809.0,321.0],[1810.0,321.0],[1811.0,321.0],[1811.0,320.0],[1811.5,320.0],[1812.0,319.0],[1815.0,319.0],[1815.0,318.0],[1816.0,318.0],[1816.0,316.0],[1816.0,315.0],[1814.0,314.0],[1814.0,313.0],[1812.0,312.0],[1811.0,308.0],[1809.0,307.0],[1809.0,306.0],[1805.0,305.0],[1804.0,305.0],[1804.0,304.0],[1801.0,304.0],[1801.0,303.0],[1799.0,303.0],[1799.0,302.0],[1797.0,302.0],[1796.0,300.0],[1794.0,300.0],[1794.0,298.0],[1793.0,296.0],[1792.0,296.0],[1788.0,296.0],[1788.0,295.0],[1785.0,295.0],[1785.0,296.0],[1781.0,296.0],[1781.0,297.0],[1778.0,297.0],[1778.0,298.0],[1775.0,298.0],[1774.0,298.0],[1774.0,299.0],[1770.0,299.0],[1770.0,298.0],[1765.0,298.0],[1764.0,298.0],[1764.0,297.0],[1761.0,297.0],[1761.0,295.0],[1760.0,295.0],[1760.0,294.0],[1761.0,294.0],[1761.0,292.0],[1761.0,290.0],[1759.0,289.0],[1759.0,288.0],[1758.0,288.0],[1757.0,288.0],[1757.0,287.0],[1755.0,286.0],[1755.0,285.0],[1753.0,285.0],[1753.0,284.0],[1751.0,284.0],[1751.0,283.0],[1749.0,283.0],[1748.0,283.0],[1748.0,282.0],[1747.0,282.0],[1746.0,282.0],[1746.0,281.0],[1744.0,281.0],[1739.0,281.0],[1739.0,280.0],[1735.0,280.0],[1735.0,281.0],[1734.0,281.0],[1734.0,282.0],[1733.0,282.0],[1733.0,284.0],[1733.0,285.0],[1732.0,285.0],[1732.0,287.0],[1731.0,287.0],[1731.0,288.0],[1727.0,288.0],[1727.0,287.0],[1726.0,287.0],[1726.0,285.0],[1725.0,285.0],[1725.0,282.0],[1727.0,281.0],[1727.0,280.0],[1728.0,280.0],[1728.0,276.0],[1726.0,276.0],[1726.0,275.0],[1723.0,275.0],[1723.0,274.0],[1720.0,274.0],[1716.0,274.0],[1716.0,275.0],[1715.0,275.0],[1712.0,275.0],[1712.0,276.0],[1711.0,276.0],[1711.0,275.0],[1707.0,275.0],[1706.0,273.0],[1704.0,273.0],[1704.0,272.0],[1703.0,272.0],[1698.0,272.0],[1697.0,272.0],[1697.0,274.0],[1696.0,274.0],[1696.0,275.0],[1695.0,275.0],[1695.0,277.0],[1693.0,277.0],[1693.0,280.0],[1693.0,288.0],[1694.0,288.0],[1694.0,290.0],[1695.0,290.0],[1695.0,290.5],[1696.0,291.0],[1696.0,292.0]]],[[[1831.0,412.0],[1830.0,412.0],[1830.0,411.0],[1829.0,411.0],[1829.0,412.0],[1828.0,412.0],[1825.0,412.0],[1825.0,413.0],[1824.0,413.0],[1823.0,413.0],[1822.0,413.0],[1822.0,412.0],[1821.0,412.0],[1821.0,411.0],[1820.0,411.0],[1820.0,410.0],[1819.0,410.0],[1819.0,409.0],[1819.0,408.0],[1819.0,407.0],[1814.0,407.0],[1814.0,408.0],[1813.0,408.0],[1813.0,409.0],[1812.0,409.0],[1812.0,411.0],[1812.0,412.0],[1811.0,412.0],[1811.0,413.0],[1810.0,413.0],[1810.0,412.0],[1807.0,412.0],[1807.0,413.0],[1806.0,413.0],[1805.0,413.0],[1805.0,414.0],[1804.0,414.0],[1803.0,414.0],[1803.0,415.0],[1803.0,416.0],[1802.0,416.0],[1802.0,417.0],[1802.0,420.0],[1802.0,421.0],[1804.0,421.0],[1804.0,422.0],[1804.0,423.0],[1803.0,423.0],[1803.0,424.0],[1803.0,425.0],[1803.0,426.0],[1804.0,426.0],[1805.0,426.0],[1805.0,427.0],[1807.0,427.0],[1808.0,427.0],[1808.0,428.0],[1809.0,428.0],[1809.0,429.0],[1809.0,431.0],[1809.0,432.0],[1810.0,432.0],[1810.0,433.0],[1810.0,435.0],[1810.0,437.0],[1811.0,437.0],[1811.0,438.0],[1812.0,438.0],[1812.0,439.0],[1813.0,439.0],[1813.0,440.0],[1814.0,440.0],[1815.0,440.0],[1815.0,441.0],[1818.0,441.0],[1819.0,441.0],[1819.0,442.0],[1819.0,443.0],[1819.0,444.0],[1819.0,445.0],[1820.0,445.0],[1821.0,445.0],[1821.0,446.0],[1821.0,447.0],[1822.0,447.0],[1822.0,448.0],[1822.0,449.0],[1822.0,451.0],[1822.0,452.0],[1822.0,453.0],[1821.0,453.0],[1821.0,454.0],[1820.0,454.0],[1820.0,455.0],[1820.0,457.0],[1820.0,459.0],[1821.0,459.0],[1821.0,460.0],[1821.0,461.0],[1822.0,461.0],[1823.0,461.0],[1824.0,461.0],[1824.0,460.0],[1825.0,460.0],[1825.0,459.0],[1826.0,459.0],[1826.0,458.0],[1827.0,458.0],[1827.0,457.0],[1828.0,457.0],[1828.0,456.0],[1830.0,456.0],[1830.0,457.0],[1831.0,457.0],[1832.0,457.0],[1832.0,458.0],[1833.0,458.0],[1833.0,459.0],[1834.0,459.0],[1834.0,460.0],[1835.0,460.0],[1835.0,461.0],[1836.0,461.0],[1837.0,461.0],[1837.0,462.0],[1838.0,462.0],[1838.0,463.0],[1843.0,463.0],[1843.0,465.0],[1842.0,465.0],[1842.0,466.0],[1842.0,468.0],[1842.0,473.0],[1843.0,473.0],[1843.0,474.0],[1844.0,474.0],[1844.0,473.0],[1845.0,473.0],[1845.0,472.0],[1846.0,472.0],[1846.0,471.0],[1847.0,471.0],[1847.0,470.0],[1848.0,470.0],[1849.0,470.0],[1849.0,469.0],[1850.0,469.0],[1850.0,468.0],[1851.0,468.0],[1854.0,468.0],[1854.0,467.0],[1855.0,467.0],[1855.0,466.0],[1856.0,466.0],[1856.0,465.0],[1857.0,465.0],[1857.0,464.0],[1857.0,463.0],[1858.0,463.0],[1858.0,461.0],[1857.0,461.0],[1857.0,459.0],[1858.0,459.0],[1858.0,458.0],[1858.0,457.0],[1859.0,457.0],[1859.0,456.0],[1860.0,456.0],[1860.0,455.0],[1860.0,453.0],[1860.0,450.0],[1862.0,450.0],[1862.0,449.0],[1863.0,449.0],[1864.0,449.0],[1864.0,450.0],[1865.0,450.0],[1865.0,451.0],[1866.0,451.0],[1866.0,450.0],[1867.0,450.0],[1867.0,446.0],[1868.0,446.0],[1868.0,445.0],[1868.0,444.0],[1868.0,443.0],[1869.0,443.0],[1869.0,442.0],[1869.0,440.0],[1869.0,439.0],[1870.0,439.0],[1870.0,438.0],[1870.25,438.0],[1871.0,435.0],[1871.0,434.0],[1872.0,434.0],[1872.0,433.0],[1873.0,433.0],[1873.0,432.0],[1873.0,431.0],[1874.0,431.0],[1874.0,430.0],[1875.0,430.0],[1875.0,429.0],[1875.0,428.0],[1874.0,428.0],[1874.0,427.0],[1872.0,427.0],[1870.0,426.0],[1870.0,425.0],[1868.0,424.0],[1868.0,423.0],[1867.0,423.0],[1867.0,421.0],[1865.0,420.0],[1865.0,419.0],[1864.0,419.0],[1864.0,418.0],[1863.0,418.0],[1863.0,417.0],[1860.0,417.0],[1855.0,417.0],[1855.0,416.0],[1848.0,416.0],[1847.0,416.0],[1847.0,415.0],[1845.0,415.0],[1844.0,415.0],[1844.0,414.0],[1842.0,414.0],[1841.0,412.0],[1839.0,412.0],[1839.0,411.0],[1838.0,411.0],[1836.0,411.0],[1836.0,412.0],[1836.0,413.0],[1834.0,413.0],[1833.0,413.0],[1832.0,413.0],[1832.0,412.0],[1831.0,412.0]]],[[[1780.0,450.0],[1780.0,449.0],[1780.0,447.0],[1780.0,446.0],[1779.0,446.0],[1779.0,444.0],[1780.0,444.0],[1780.0,443.0],[1780.0,442.0],[1780.0,441.0],[1781.0,441.0],[1781.0,440.0],[1782.0,440.0],[1783.0,440.0],[1783.0,439.0],[1783.0,437.0],[1783.0,435.0],[1782.0,435.0],[1782.0,434.0],[1781.0,434.0],[1781.0,433.0],[1780.0,433.0],[1779.0,433.0],[1778.0,433.0],[1778.0,435.0],[1777.0,435.0],[1776.0,435.0],[1775.0,435.0],[1775.0,436.0],[1774.0,436.0],[1774.0,437.0],[1773.0,437.0],[1772.0,437.0],[1772.0,438.0],[1771.0,438.0],[1770.0,438.0],[1770.0,439.0],[1770.0,440.0],[1770.0,445.0],[1771.0,445.0],[1771.0,446.0],[1771.0,447.0],[1772.0,447.0],[1772.0,448.0],[1774.0,448.0],[1775.0,448.0],[1775.0,449.0],[1776.0,449.0],[1776.0,450.0],[1780.0,450.0]]],[[[1731.0,471.0],[1731.0,472.0],[1732.0,472.0],[1732.0,473.0],[1733.0,473.0],[1733.0,474.0],[1735.0,474.0],[1735.0,473.0],[1736.0,473.0],[1736.0,470.0],[1736.0,469.0],[1736.0,468.0],[1734.0,468.0],[1734.0,467.0],[1734.0,466.0],[1733.0,466.0],[1733.0,465.0],[1732.0,465.0],[1732.0,464.0],[1732.0,463.0],[1732.0,462.0],[1733.0,462.0],[1733.0,458.0],[1732.0,458.0],[1732.0,457.0],[1732.0,456.0],[1731.0,456.0],[1731.0,455.0],[1731.0,454.0],[1730.0,454.0],[1730.0,453.0],[1729.0,453.0],[1729.0,452.0],[1728.0,452.0],[1728.0,453.0],[1727.0,453.0],[1727.0,456.0],[1727.0,457.0],[1727.0,458.0],[1727.0,459.0],[1726.0,459.0],[1726.0,460.0],[1726.0,461.0],[1725.0,461.0],[1725.0,464.0],[1726.0,464.0],[1726.0,465.0],[1727.0,465.0],[1727.0,466.0],[1727.25,467.0],[1728.0,467.0],[1728.0,469.0],[1729.0,469.0],[1729.0,470.0],[1730.0,470.0],[1730.0,471.0],[1731.0,471.0]]],[[[1699.0,498.0],[1699.0,497.0],[1700.0,497.0],[1700.0,494.0],[1699.0,494.0],[1699.0,493.0],[1699.0,492.0],[1698.0,492.0],[1698.0,491.0],[1697.0,491.0],[1697.0,490.0],[1696.0,490.0],[1696.0,491.0],[1695.0,491.0],[1694.0,491.0],[1694.0,492.0],[1693.0,492.0],[1693.0,500.0],[1694.0,500.0],[1694.0,501.0],[1695.0,501.0],[1695.0,502.0],[1697.0,502.0],[1697.0,501.0],[1698.0,501.0],[1698.0,499.0],[1698.75,499.0],[1699.0,498.0]]],[[[1682.0,502.0],[1683.0,502.0],[1683.0,503.0],[1684.0,503.0],[1684.0,504.0],[1685.0,504.0],[1685.0,505.0],[1686.0,505.0],[1686.0,504.0],[1687.0,504.0],[1687.0,501.0],[1687.6666666666667,501.0],[1687.8333333333333,500.0],[1687.0,500.0],[1687.0,499.0],[1687.0,498.0],[1686.0,498.0],[1686.0,497.0],[1686.0,496.0],[1685.0,496.0],[1685.0,495.0],[1684.0,495.0],[1684.0,494.0],[1681.0,494.0],[1681.0,495.0],[1680.0,495.0],[1680.0,497.0],[1681.0,497.0],[1681.0,498.0],[1681.0,500.0],[1682.0,500.0],[1682.0,501.0],[1682.0,502.0]]],[[[1698.0,520.0],[1698.0,521.0],[1699.0,521.0],[1699.0,522.0],[1699.0,525.0],[1699.0,526.0],[1698.0,526.0],[1698.0,527.0],[1698.0,528.0],[1697.0,528.0],[1697.0,534.0],[1698.0,534.0],[1698.0,536.0],[1697.0,536.0],[1697.0,540.0],[1697.0,541.0],[1696.0,541.0],[1696.0,542.0],[1695.0,542.0],[1695.0,549.0],[1695.0,550.0],[1694.125,550.0],[1694.375,552.0],[1695.0,552.0],[1695.0,556.0],[1696.0,556.0],[1696.0,557.0],[1696.0,558.0],[1697.0,558.0],[1697.0,559.0],[1697.0,563.0],[1697.0,564.0],[1696.0,564.0],[1696.0,565.0],[1696.0,566.0],[1695.0,566.0],[1695.0,568.0],[1696.0,568.0],[1696.0,569.0],[1697.0,569.0],[1697.0,568.0],[1698.0,568.0],[1699.0,568.0],[1699.0,567.0],[1700.0,567.0],[1700.0,566.0],[1701.0,566.0],[1701.0,565.0],[1702.0,565.0],[1702.0,564.0],[1702.0,563.0],[1703.0,563.0],[1703.0,555.0],[1702.0,555.0],[1702.0,553.0],[1703.0,553.0],[1703.0,551.0],[1703.0,550.0],[1704.0,550.0],[1704.0,549.0],[1704.0,548.0],[1705.0,548.0],[1705.0,547.0],[1706.0,547.0],[1706.0,546.0],[1707.0,546.0],[1708.0,546.0],[1708.0,545.0],[1709.0,545.0],[1709.0,544.0],[1710.0,544.0],[1710.0,540.0],[1709.0,540.0],[1709.0,539.0],[1707.0,539.0],[1707.0,538.25],[1706.0,538.0],[1705.0,538.0],[1705.0,537.0],[1704.0,537.0],[1704.0,536.0],[1704.0,535.0],[1705.0,535.0],[1705.0,531.0],[1704.0,531.0],[1704.0,530.0],[1704.0,525.0],[1704.0,524.0],[1705.0,524.0],[1705.0,522.0],[1705.0,521.0],[1706.0,521.0],[1706.0,520.0],[1707.0,520.0],[1707.0,519.0],[1708.0,519.0],[1708.0,518.0],[1709.0,518.0],[1709.0,517.0],[1710.0,517.0],[1710.0,515.0],[1710.75,515.0],[1711.0,514.0],[1711.0,513.0],[1712.0,513.0],[1712.0,511.0],[1711.0,511.0],[1711.0,510.0],[1703.0,510.0],[1702.0,510.0],[1702.0,509.0],[1701.0,509.0],[1700.0,509.0],[1700.0,508.0],[1699.0,508.0],[1698.0,508.0],[1698.0,507.0],[1694.0,507.0],[1694.0,508.0],[1693.0,508.0],[1693.0,515.0],[1694.0,515.0],[1694.0,516.0],[1694.0,517.0],[1695.0,517.0],[1695.0,518.0],[1696.0,518.0],[1696.0,519.0],[1697.0,519.0],[1697.0,520.0],[1698.0,520.0]]]]}},{"type":"Feature","id":"country-009","properties":{"id":"country-009","name":"Unassigned","type":"country","status":"mask-defined","source":"countries-mask-shared-topology","extractionConfidence":"authoritative-mask","rgb":[0,255,144],"color":"#00ff90","polygonCount":3,"holeCount":3,"styleIndex":2,"displayClip":"authoritative-land-mask"},"geometry":{"type":"MultiPolygon","coordinates":[[[[824.0,333.0],[825.0,333.0],[825.0,334.0],[826.0,334.0],[827.0,334.0],[827.0,335.0],[829.0,335.0],[829.0,334.0],[830.0,334.0],[830.0,330.0],[829.0,330.0],[829.0,329.0],[826.0,329.0],[826.0,330.0],[825.0,330.0],[825.0,331.0],[824.0,331.0],[824.0,333.0]]],[[[982.0,418.0],[982.0,417.0],[984.0,417.0],[984.0,418.0],[986.0,418.0],[986.0,419.0],[987.0,419.0],[987.0,420.0],[991.0,420.0],[991.0,419.0],[992.0,419.0],[992.0,418.0],[995.0,418.0],[995.0,417.0],[996.0,417.0],[996.0,416.0],[997.0,416.0],[997.0,414.0],[998.0,414.0],[998.0,412.0],[999.0,412.0],[999.0,411.0],[1003.0,411.0],[1003.0,410.0],[1005.0,410.0],[1005.0,409.0],[1006.0,409.0],[1006.0,407.0],[1007.0,407.0],[1007.0,405.0],[1008.0,405.0],[1008.0,404.0],[1009.0,404.0],[1009.0,403.0],[1010.0,403.0],[1010.0,402.0],[1009.0,402.0],[1009.0,401.0],[1003.0,401.0],[1003.0,400.0],[1004.0,400.0],[1004.0,399.0],[1005.0,399.0],[1005.0,398.0],[1009.0,398.0],[1010.0,398.0],[1010.0,397.0],[1013.0,397.0],[1013.0,400.0],[1014.0,400.0],[1014.0,401.0],[1015.0,401.0],[1015.0,402.0],[1017.0,402.0],[1017.0,401.0],[1021.0,401.0],[1021.0,402.0],[1025.0,402.0],[1025.0,401.0],[1029.0,401.0],[1029.0,400.0],[1030.0,400.0],[1030.0,396.0],[1029.0,396.0],[1029.0,395.0],[1030.0,395.0],[1030.0,393.0],[1031.0,393.0],[1031.0,392.0],[1032.0,392.0],[1032.0,391.0],[1033.0,391.0],[1033.0,390.0],[1036.0,390.0],[1036.0,389.0],[1037.0,389.0],[1037.0,386.0],[1038.0,386.0],[1038.0,385.0],[1041.0,385.0],[1041.0,384.0],[1041.8461538461538,384.0],[1041.7692307692307,383.0],[1041.0,383.0],[1041.0,382.0],[1040.0,382.0],[1040.0,381.0],[1039.0,381.0],[1039.0,378.0],[1040.0,378.0],[1040.0,375.0],[1039.0,375.0],[1039.0,374.0],[1038.0,374.0],[1038.0,373.0],[1037.0,373.0],[1037.0,369.0],[1036.0,369.0],[1036.0,368.0],[1034.0,368.0],[1034.0,369.0],[1033.0,369.0],[1033.0,370.0],[1032.0,370.0],[1032.0,371.0],[1031.0,371.0],[1031.0,372.0],[1030.0,372.0],[1030.0,371.0],[1029.0,371.0],[1029.0,369.0],[1030.0,369.0],[1030.0,366.0],[1035.0,366.0],[1035.0,365.0],[1037.0,365.0],[1037.0,364.0],[1038.0,364.0],[1038.0,363.0],[1039.0,363.0],[1039.0,361.0],[1038.0,361.0],[1038.0,357.0],[1039.0,357.0],[1039.0,356.0],[1041.0,356.0],[1041.0,355.0],[1042.0,355.0],[1042.0,354.0],[1043.0,354.0],[1043.0,353.0],[1042.0,353.0],[1042.0,352.0],[1041.0,352.0],[1041.0,351.0],[1040.0,351.0],[1040.0,350.0],[1039.0,350.0],[1039.0,348.0],[1038.0,348.0],[1038.0,347.0],[1037.0,347.0],[1037.0,346.0],[1036.0,346.0],[1036.0,344.0],[1035.0,344.0],[1035.0,343.0],[1033.0,343.0],[1033.0,344.0],[1032.0,344.0],[1032.0,345.0],[1031.0,345.0],[1031.0,346.0],[1030.0,346.0],[1030.0,347.0],[1029.0,347.0],[1029.0,343.0],[1030.0,343.0],[1030.0,342.0],[1031.0,342.0],[1031.0,341.0],[1034.0,341.0],[1034.0,340.0],[1035.0,340.0],[1035.0,339.0],[1036.0,339.0],[1036.0,337.0],[1037.0,337.0],[1037.0,336.0],[1038.0,336.0],[1038.0,335.0],[1037.0,335.0],[1037.0,334.0],[1038.0,334.0],[1038.0,331.0],[1039.0,331.0],[1039.0,330.0],[1040.0,330.0],[1040.0,328.0],[1039.0,328.0],[1039.0,325.0],[1038.0,325.0],[1038.0,324.0],[1037.0,324.0],[1037.0,325.0],[1036.0,325.0],[1036.0,326.0],[1035.0,326.0],[1035.0,327.0],[1030.0,327.0],[1030.0,326.0],[1026.0,326.0],[1026.0,325.0],[1024.0,325.0],[1024.0,324.0],[1025.0,324.0],[1025.0,322.0],[1024.0,322.0],[1024.0,321.0],[1023.0,321.0],[1023.0,319.0],[1025.0,319.0],[1025.0,318.0],[1026.0,318.0],[1026.0,317.0],[1027.0,317.0],[1027.0,314.0],[1026.0,314.0],[1026.0,313.0],[1025.0,313.0],[1025.0,312.0],[1023.0,312.0],[1023.0,313.0],[1022.0,313.0],[1022.0,311.0],[1023.0,311.0],[1023.0,310.0],[1025.0,310.0],[1025.0,309.0],[1026.0,309.0],[1026.0,308.0],[1027.0,308.0],[1027.0,306.0],[1028.0,306.0],[1028.0,305.0],[1029.0,305.0],[1029.0,304.0],[1028.0,304.0],[1028.0,303.0],[1029.0,303.0],[1029.0,301.0],[1028.0,301.0],[1028.0,299.0],[1027.0,299.0],[1027.0,298.0],[1026.0,298.0],[1026.0,299.0],[1025.0,299.0],[1025.0,300.0],[1024.0,300.0],[1024.0,302.0],[1023.0,302.0],[1023.0,303.0],[1022.0,303.0],[1022.0,304.0],[1019.0,304.0],[1019.0,305.0],[1015.0,305.0],[1015.0,304.0],[1011.0,304.0],[1011.0,303.0],[1010.0,303.0],[1010.0,302.0],[1009.0,302.0],[1009.0,301.0],[1005.0,301.0],[1005.0,300.0],[1002.0,300.0],[1002.0,301.0],[1001.0,301.0],[1001.0,302.0],[998.0,302.0],[998.0,299.0],[999.0,299.0],[999.0,297.0],[1000.0,297.0],[1000.0,295.0],[1001.0,295.0],[1001.0,294.0],[1004.0,294.0],[1004.0,293.0],[1005.0,293.0],[1005.0,290.0],[1004.0,290.0],[1004.0,289.0],[1001.0,289.0],[1001.0,290.0],[1000.0,290.0],[1000.0,289.0],[999.0,289.0],[999.0,288.0],[998.0,288.0],[998.0,284.0],[999.0,284.0],[999.0,283.0],[998.0,283.0],[998.0,282.0],[997.0,282.0],[997.0,281.0],[996.0,281.0],[996.0,280.0],[995.0,280.0],[995.0,278.0],[994.0,278.0],[994.0,277.0],[993.0,277.0],[993.0,276.0],[992.0,276.0],[992.0,275.0],[990.0,275.0],[990.0,276.0],[989.0,276.0],[989.0,279.0],[990.0,279.0],[990.0,281.0],[989.0,281.0],[989.0,282.0],[984.0,282.0],[984.0,283.0],[983.0,283.0],[983.0,285.0],[981.0,285.0],[981.0,286.0],[980.0,286.0],[980.0,287.0],[979.0,287.0],[979.0,288.0],[978.0,288.0],[978.0,289.0],[977.0,289.0],[977.0,290.0],[976.0,290.0],[976.0,292.0],[975.0,292.0],[975.0,294.0],[974.0,294.0],[974.0,298.0],[973.0,298.0],[973.0,301.0],[972.0,301.0],[972.0,303.0],[971.0,303.0],[971.0,295.0],[972.0,295.0],[972.0,293.0],[973.0,293.0],[973.0,292.0],[974.0,292.0],[974.0,288.0],[973.0,288.0],[973.0,287.0],[971.0,287.0],[971.0,288.0],[968.0,288.0],[968.0,287.0],[969.0,287.0],[969.0,284.0],[973.0,284.0],[973.0,285.0],[976.0,285.0],[976.0,284.0],[977.0,284.0],[977.0,282.0],[978.0,282.0],[978.0,281.0],[977.0,281.0],[977.0,279.0],[978.0,279.0],[978.0,278.0],[979.0,278.0],[979.0,277.0],[978.0,277.0],[978.0,275.0],[979.0,275.0],[979.0,274.0],[981.0,274.0],[981.0,273.0],[988.0,273.0],[988.0,272.0],[990.0,272.0],[990.0,271.0],[991.0,271.0],[991.0,270.0],[992.0,270.0],[992.0,268.0],[991.0,268.0],[991.0,267.0],[986.0,267.0],[986.0,268.0],[985.0,268.0],[985.0,260.0],[986.0,260.0],[986.0,257.0],[987.0,257.0],[987.0,256.0],[988.0,256.0],[988.0,253.0],[989.0,253.0],[989.0,252.0],[990.0,252.0],[990.0,251.0],[989.0,251.0],[989.0,250.0],[987.0,250.0],[987.0,249.0],[986.0,249.0],[986.0,248.0],[985.0,248.0],[985.0,247.0],[979.0,247.0],[979.0,246.0],[977.0,246.0],[977.0,245.0],[976.0,245.0],[976.0,246.0],[975.0,246.0],[975.0,247.0],[974.0,247.0],[974.0,248.0],[973.0,248.0],[973.0,249.0],[974.0,249.0],[974.0,250.0],[973.0,250.0],[973.0,251.0],[974.0,251.0],[974.0,253.0],[971.0,253.0],[971.0,252.0],[970.0,252.0],[970.0,251.0],[969.0,251.0],[969.0,249.0],[968.0,249.0],[968.0,248.0],[967.0,248.0],[967.0,247.0],[966.0,247.0],[966.0,246.0],[965.0,246.0],[965.0,245.0],[961.0,245.0],[961.0,244.0],[957.0,244.0],[957.0,245.0],[956.0,245.0],[956.0,247.0],[954.0,247.0],[954.0,246.0],[953.0,246.0],[953.0,245.0],[952.0,245.0],[952.0,244.0],[951.0,244.0],[951.0,243.0],[950.0,243.0],[950.0,242.0],[947.0,242.0],[947.0,241.0],[946.0,241.0],[946.0,239.0],[945.0,239.0],[945.0,238.0],[944.0,238.0],[944.0,237.0],[942.0,237.0],[942.0,238.0],[941.0,238.0],[941.0,239.0],[940.0,239.0],[940.0,242.0],[937.0,242.0],[937.0,243.0],[936.0,243.0],[936.0,244.0],[934.0,244.0],[934.0,245.0],[932.0,245.0],[932.0,246.0],[931.0,246.0],[931.0,247.0],[932.0,247.0],[932.0,248.0],[930.0,248.0],[930.0,249.0],[928.0,249.0],[928.0,250.0],[927.0,250.0],[927.0,251.0],[928.0,251.0],[928.0,252.0],[927.0,252.0],[927.0,254.0],[925.0,254.0],[925.0,255.0],[923.0,255.0],[923.0,254.0],[920.0,254.0],[920.0,253.0],[916.0,253.0],[916.0,254.0],[915.0,254.0],[915.0,255.0],[914.0,255.0],[914.0,254.0],[913.0,254.0],[913.0,255.0],[912.0,255.0],[912.0,257.0],[911.0,257.0],[911.0,260.0],[912.0,260.0],[912.0,261.0],[911.0,261.0],[911.0,262.0],[910.0,262.0],[910.0,264.0],[909.0,264.0],[909.0,265.0],[908.0,265.0],[908.0,266.0],[907.0,266.0],[907.0,271.0],[908.0,271.0],[908.0,272.0],[911.0,272.0],[911.0,273.0],[911.0,274.0],[912.0,274.0],[912.0,275.0],[911.0,275.0],[911.0,276.0],[910.0,276.0],[910.0,275.0],[909.0,275.0],[909.0,276.0],[908.0,276.0],[908.0,277.0],[907.0,277.0],[907.0,279.0],[906.0,279.0],[906.0,280.0],[905.0,280.0],[905.0,283.0],[904.0,283.0],[904.0,287.0],[905.0,287.0],[905.0,290.0],[904.0,290.0],[904.0,291.0],[902.0,291.0],[902.0,290.0],[900.0,290.0],[900.0,289.0],[899.0,289.0],[899.0,288.0],[898.0,288.0],[898.0,286.0],[897.0,286.0],[897.0,285.0],[896.0,285.0],[896.0,286.0],[895.0,286.0],[895.0,287.0],[894.0,287.0],[894.0,288.0],[893.0,288.0],[893.0,289.0],[892.0,289.0],[892.0,290.0],[893.0,290.0],[893.0,292.0],[892.0,292.0],[892.0,293.0],[891.0,293.0],[891.0,295.0],[890.0,295.0],[890.0,297.0],[889.0,297.0],[889.0,299.0],[887.0,299.0],[887.0,298.0],[884.0,298.0],[884.0,299.0],[883.0,299.0],[883.0,304.0],[881.0,304.0],[881.0,303.0],[879.0,303.0],[879.0,304.0],[878.0,304.0],[878.0,306.0],[876.0,306.0],[876.0,305.0],[875.0,305.0],[875.0,304.0],[874.0,304.0],[874.0,305.0],[873.0,305.0],[873.0,306.0],[872.0,306.0],[872.0,307.0],[868.0,307.0],[868.0,308.0],[863.0,308.0],[863.0,307.0],[862.0,307.0],[862.0,306.0],[857.0,306.0],[857.0,305.0],[855.0,305.0],[855.0,304.0],[853.0,304.0],[853.0,303.0],[848.0,303.0],[848.0,302.0],[847.0,302.0],[847.0,301.0],[844.0,301.0],[844.0,302.0],[843.0,302.0],[843.0,304.0],[844.0,304.0],[844.0,305.0],[845.0,305.0],[845.0,307.0],[844.0,307.0],[844.0,309.0],[845.0,309.0],[845.0,310.0],[846.0,310.0],[846.0,312.0],[845.0,312.0],[845.0,313.0],[844.0,313.0],[844.0,314.0],[841.0,314.0],[841.0,312.0],[840.0,312.0],[840.0,311.0],[839.0,311.0],[839.0,312.0],[837.0,312.0],[837.0,313.0],[836.0,313.0],[836.0,314.0],[835.0,314.0],[835.0,315.0],[832.0,315.0],[832.0,316.0],[831.0,316.0],[831.0,319.0],[828.0,319.0],[828.0,320.0],[826.0,320.0],[826.0,321.0],[825.0,321.0],[825.0,322.0],[826.0,322.0],[826.0,323.0],[827.0,323.0],[827.0,324.0],[828.0,324.0],[828.0,325.0],[832.0,325.0],[832.0,324.0],[833.0,324.0],[833.0,325.0],[834.0,325.0],[834.0,326.0],[837.0,326.0],[837.0,325.0],[838.0,325.0],[838.0,326.0],[840.0,326.0],[840.0,328.0],[839.0,328.0],[839.0,329.0],[840.0,329.0],[840.0,330.0],[839.0,330.0],[839.0,331.0],[840.0,331.0],[840.0,333.0],[839.0,333.0],[839.0,334.0],[838.0,334.0],[838.0,335.0],[837.0,335.0],[837.0,337.0],[836.0,337.0],[836.0,339.0],[837.0,339.0],[837.0,340.0],[838.0,340.0],[838.0,341.0],[839.0,341.0],[839.0,342.0],[838.0,342.0],[838.0,343.0],[837.0,343.0],[837.0,344.0],[838.0,344.0],[838.0,345.0],[837.0,345.0],[837.0,346.0],[833.0,346.0],[833.0,347.0],[832.0,347.0],[832.0,348.0],[831.0,348.0],[831.0,349.0],[832.0,349.0],[832.0,351.0],[830.0,351.0],[830.0,352.0],[829.0,352.0],[829.0,353.0],[828.0,353.0],[828.0,356.0],[827.0,356.0],[827.0,357.0],[828.0,357.0],[828.0,361.0],[829.0,361.0],[829.0,362.0],[830.0,362.0],[830.0,363.0],[829.0,363.0],[829.0,364.0],[828.0,364.0],[828.0,365.0],[829.0,365.0],[829.0,366.0],[828.0,366.0],[828.0,367.0],[827.0,367.0],[827.0,368.0],[826.0,368.0],[826.0,371.0],[825.0,371.0],[825.0,372.0],[826.0,372.0],[826.0,373.0],[827.0,373.0],[827.0,374.0],[828.0,374.0],[828.0,375.0],[831.0,375.0],[831.0,376.0],[830.0,376.0],[830.0,377.0],[830.0,378.0],[832.0,379.0],[832.0,382.0],[833.0,382.0],[833.0,383.0],[834.0,383.0],[834.0,384.0],[835.0,384.0],[835.0,385.0],[836.0,385.0],[836.0,386.0],[838.0,387.0],[838.0,394.0],[842.0,396.0],[842.0,403.0],[843.0,403.0],[843.0,409.0],[844.0,409.0],[844.0,410.0],[848.0,410.0],[849.0,408.0],[855.0,408.0],[855.0,410.0],[861.0,410.0],[861.0,411.0],[865.0,412.0],[865.0,413.0],[866.0,413.0],[866.0,415.0],[870.0,415.0],[870.0,416.0],[877.0,416.0],[877.0,415.0],[879.0,415.0],[879.0,414.0],[885.0,414.0],[885.0,415.0],[886.0,415.0],[886.0,416.0],[887.0,416.0],[887.0,417.0],[888.0,417.0],[888.0,418.0],[889.0,418.0],[890.0,420.0],[892.0,420.0],[892.0,422.0],[893.0,422.0],[893.0,423.0],[894.0,423.0],[894.0,424.0],[896.0,425.0],[896.0,427.0],[898.0,428.0],[898.0,432.0],[899.0,432.0],[899.0,435.0],[900.0,435.0],[901.0,439.0],[903.0,440.0],[903.0,442.0],[904.0,442.0],[904.0,443.0],[906.0,444.0],[906.0,446.0],[907.0,448.0],[911.0,448.0],[911.0,447.0],[914.0,447.0],[914.0,446.0],[920.0,446.0],[920.0,445.0],[925.0,445.0],[925.0,444.0],[928.0,444.0],[928.0,445.0],[929.0,445.0],[929.0,444.0],[932.0,444.0],[932.0,445.0],[934.0,446.0],[934.0,449.0],[936.0,450.0],[936.0,449.0],[937.0,449.0],[937.0,448.0],[938.0,448.0],[938.0,447.0],[939.0,447.0],[939.0,446.0],[940.0,446.0],[940.0,445.0],[941.0,445.0],[941.0,444.0],[942.0,444.0],[943.0,442.0],[953.0,442.0],[955.0,446.0],[961.0,446.0],[962.0,448.0],[965.0,448.0],[965.0,449.0],[971.0,449.0],[971.0,448.0],[972.0,448.0],[972.0,440.0],[973.0,440.0],[973.0,423.0],[973.0,422.0],[972.0,422.0],[972.0,420.0],[974.0,420.0],[974.0,419.0],[978.0,419.0],[978.0,418.0],[979.0,418.0],[979.0,419.0],[980.5,419.0],[981.0,418.0],[982.0,418.0]]],[[[818.0,356.0],[819.0,356.0],[819.0,357.0],[820.0,357.0],[820.0,358.0],[822.0,358.0],[822.0,357.0],[823.0,357.0],[824.0,357.0],[824.0,356.0],[824.0,355.0],[824.0,351.0],[823.0,351.0],[823.0,350.0],[820.0,350.0],[820.0,351.0],[819.0,351.0],[819.0,353.0],[819.0,354.0],[818.0,354.0],[818.0,356.0]]]]}},{"type":"Feature","id":"country-010","properties":{"id":"country-010","name":"Unassigned","type":"country","status":"mask-defined","source":"countries-mask-shared-topology","extractionConfidence":"authoritative-mask","rgb":[0,255,255],"color":"#00ffff","polygonCount":4,"holeCount":0,"styleIndex":3,"displayClip":"authoritative-land-mask"},"geometry":{"type":"MultiPolygon","coordinates":[[[[782.0,343.0],[782.0,344.0],[783.0,344.0],[783.0,345.0],[784.0,345.0],[785.0,345.0],[785.0,346.0],[785.25,347.0],[786.0,347.0],[786.0,349.0],[787.0,349.0],[787.0,350.0],[788.0,350.0],[788.0,349.0],[789.0,349.0],[790.0,349.0],[790.0,348.0],[790.0,347.0],[790.0,346.0],[790.0,345.0],[790.0,344.0],[788.0,344.0],[788.0,343.0],[787.0,343.0],[787.0,342.0],[786.0,342.0],[785.0,342.0],[785.0,341.0],[784.0,341.0],[784.0,340.0],[781.0,340.0],[781.0,341.0],[780.0,341.0],[780.0,342.0],[781.0,342.0],[781.0,343.0],[782.0,343.0]]],[[[808.0,356.0],[809.0,356.0],[809.0,357.0],[810.0,357.0],[810.0,358.0],[811.0,358.0],[811.0,357.0],[812.0,357.0],[812.0,356.0],[813.0,356.0],[813.0,354.0],[812.0,354.0],[812.0,353.0],[811.0,353.0],[811.0,352.0],[811.0,349.0],[810.0,349.0],[810.0,348.0],[809.0,348.0],[809.0,347.0],[807.0,347.0],[807.0,348.0],[806.0,348.0],[806.0,351.0],[807.0,351.0],[807.0,352.0],[807.0,353.0],[807.0,355.0],[807.0,356.0],[808.0,356.0]]],[[[758.0,383.0],[758.0,382.0],[759.0,382.0],[759.0,381.0],[759.0,380.0],[760.0,380.0],[760.0,379.0],[762.0,379.0],[762.0,380.0],[763.0,380.0],[763.0,381.0],[764.0,381.0],[764.0,382.0],[764.0,385.0],[765.0,385.0],[765.0,386.0],[768.0,386.0],[768.0,385.0],[769.0,385.0],[770.0,385.0],[770.0,384.0],[770.0,383.0],[770.0,382.0],[770.0,381.0],[771.0,381.0],[771.0,379.0],[771.0,378.0],[771.0,377.0],[770.0,377.0],[770.0,376.0],[769.0,376.0],[769.0,375.0],[766.0,375.0],[766.0,374.0],[765.0,374.0],[765.0,373.0],[765.0,370.0],[766.0,370.0],[766.0,369.0],[766.0,367.0],[766.0,366.0],[762.0,366.0],[762.0,367.0],[762.0,368.0],[762.0,369.0],[762.0,370.0],[761.0,370.0],[761.0,371.0],[760.0,371.0],[760.0,372.0],[760.0,373.0],[759.0,373.0],[757.0,373.0],[757.0,374.0],[756.0,374.0],[756.0,376.0],[756.0,377.0],[755.0,377.0],[755.0,378.0],[755.0,379.0],[754.0,379.0],[754.0,380.0],[753.0,380.0],[753.0,382.0],[754.0,382.0],[754.0,383.0],[758.0,383.0]]],[[[807.0,358.0],[806.0,358.0],[806.0,357.0],[805.0,357.0],[805.0,355.0],[804.0,355.0],[804.0,354.0],[803.0,354.0],[803.0,353.0],[802.0,353.0],[802.0,352.0],[799.0,352.0],[799.0,353.0],[797.0,353.0],[797.0,352.0],[796.0,352.0],[796.0,351.0],[795.0,351.0],[793.0,351.0],[793.0,352.0],[792.0,352.0],[792.0,355.0],[793.0,355.0],[793.0,357.0],[794.0,357.0],[794.0,362.0],[790.0,362.0],[790.0,361.0],[789.0,361.0],[789.0,362.0],[788.0,362.0],[788.0,364.0],[787.0,364.0],[787.0,365.0],[786.0,365.0],[786.0,366.0],[784.0,366.0],[782.0,366.0],[782.0,367.0],[781.0,367.0],[781.0,368.0],[778.0,368.0],[777.0,368.0],[777.0,369.0],[776.0,369.0],[776.0,374.0],[777.0,374.0],[777.0,376.0],[776.0,376.0],[776.0,378.0],[775.0,378.0],[775.0,380.0],[776.0,380.0],[776.0,382.0],[775.0,382.0],[775.0,384.0],[774.0,384.0],[774.0,385.0],[774.0,387.0],[773.0,387.0],[773.0,389.0],[772.0,389.0],[772.0,390.0],[771.0,390.0],[771.0,392.0],[770.0,392.0],[770.0,393.0],[769.0,393.0],[769.0,395.0],[768.0,395.0],[768.0,396.0],[767.0,396.0],[767.0,395.0],[766.0,395.0],[766.0,394.0],[765.0,394.0],[765.0,392.0],[766.0,392.0],[766.0,391.0],[765.0,391.0],[765.0,389.0],[764.0,389.0],[764.0,388.0],[763.0,388.0],[763.0,389.0],[761.0,389.0],[758.0,389.0],[758.0,390.0],[757.0,390.0],[757.0,391.0],[756.0,391.0],[756.0,392.0],[755.0,392.0],[755.0,393.0],[756.0,393.0],[756.0,394.0],[755.0,394.0],[755.0,396.0],[754.0,396.0],[754.0,397.0],[752.0,397.0],[752.0,396.0],[749.0,396.0],[749.0,397.0],[748.0,397.0],[748.0,398.0],[746.0,398.0],[746.0,399.0],[742.0,399.0],[742.0,398.0],[740.0,398.0],[739.0,398.0],[739.0,397.0],[738.0,397.0],[738.0,396.0],[737.0,396.0],[735.0,397.0],[734.0,401.0],[732.0,402.0],[732.0,408.0],[733.0,408.0],[733.0,409.0],[732.0,409.0],[732.0,412.0],[731.0,412.0],[731.0,414.0],[730.0,414.0],[730.0,416.0],[729.0,416.0],[729.0,419.0],[728.0,419.0],[728.0,421.0],[727.0,421.0],[727.0,422.0],[725.0,422.0],[725.0,423.0],[724.0,423.0],[724.0,425.0],[722.0,426.0],[722.0,428.0],[720.0,429.0],[720.0,442.0],[719.0,442.0],[719.0,444.0],[717.0,445.0],[717.0,447.0],[716.0,447.0],[716.0,449.0],[715.0,449.0],[715.0,451.0],[714.0,451.0],[714.0,454.0],[712.0,455.0],[712.0,458.0],[711.0,458.0],[711.0,461.0],[713.0,462.0],[713.0,463.0],[712.0,463.0],[712.0,464.0],[713.0,464.0],[713.0,468.0],[712.0,468.0],[712.0,470.0],[711.0,470.0],[711.0,471.0],[710.0,471.0],[710.0,472.0],[709.0,472.0],[709.0,473.0],[708.0,473.0],[708.0,474.0],[707.0,474.0],[707.0,475.0],[706.0,475.0],[705.0,477.0],[705.0,479.0],[706.0,479.0],[706.0,481.0],[707.0,481.0],[707.0,484.0],[709.0,485.0],[709.0,487.0],[710.0,487.0],[710.0,488.0],[711.0,488.0],[712.0,490.0],[716.0,491.0],[716.0,492.0],[718.0,493.0],[718.0,495.0],[719.0,495.0],[720.0,497.0],[722.0,497.0],[722.0,498.0],[726.0,498.0],[726.0,499.0],[732.0,499.0],[732.0,500.0],[733.0,500.0],[733.0,499.0],[739.0,500.0],[739.0,501.0],[743.0,502.0],[743.0,503.0],[744.0,503.0],[745.0,505.0],[747.0,505.0],[747.0,506.0],[748.0,506.0],[749.0,508.0],[751.0,508.0],[751.0,509.0],[755.0,510.0],[755.0,511.0],[756.0,511.0],[756.0,512.0],[758.0,513.0],[759.0,513.0],[759.0,512.0],[760.0,512.0],[760.0,511.0],[761.0,511.0],[761.0,510.0],[762.0,510.0],[762.0,509.0],[764.0,508.0],[764.0,505.0],[763.0,505.0],[763.0,503.0],[762.0,503.0],[762.0,498.0],[763.0,498.0],[763.0,494.0],[764.0,494.0],[764.0,490.0],[763.0,490.0],[763.0,486.0],[764.0,486.0],[764.0,484.0],[776.0,484.0],[776.0,485.0],[782.0,486.0],[782.0,487.0],[784.0,487.0],[784.0,488.0],[787.0,488.0],[787.0,489.0],[789.0,489.0],[789.0,490.0],[796.0,490.0],[796.0,489.0],[797.0,489.0],[797.0,488.0],[798.0,488.0],[798.0,487.0],[799.0,487.0],[800.0,485.0],[802.0,485.0],[802.0,484.0],[803.0,484.0],[803.0,482.0],[804.0,482.0],[804.0,483.0],[806.0,483.0],[806.0,484.0],[812.0,485.0],[812.0,486.0],[814.0,486.0],[815.0,488.0],[817.0,488.0],[817.0,490.0],[818.0,490.0],[818.0,491.0],[821.0,491.0],[821.0,492.0],[823.0,492.0],[825.0,492.0],[825.0,493.0],[827.0,493.0],[827.0,494.0],[827.0,495.0],[829.0,495.0],[829.0,496.0],[841.0,496.0],[841.0,495.0],[843.0,495.0],[843.0,494.0],[844.0,494.0],[844.0,493.0],[846.0,492.0],[846.0,490.0],[847.0,490.0],[848.0,488.0],[848.0,487.0],[848.0,483.0],[846.0,482.0],[846.0,480.0],[847.0,480.0],[847.0,479.0],[855.0,479.0],[856.0,477.0],[857.0,477.0],[857.0,476.0],[858.0,476.0],[858.0,472.0],[858.0,471.0],[859.0,471.0],[859.0,470.0],[860.0,470.0],[861.0,468.0],[865.0,467.0],[865.0,466.0],[866.0,466.0],[866.0,465.0],[867.0,465.0],[867.0,464.0],[868.0,464.0],[869.0,462.0],[871.0,462.0],[871.0,461.0],[872.0,461.0],[873.0,459.0],[876.0,459.0],[877.0,457.0],[879.0,457.0],[879.0,458.0],[880.0,458.0],[880.0,457.0],[887.0,457.0],[887.0,456.0],[890.0,456.0],[890.0,455.0],[892.0,455.0],[893.0,453.0],[897.0,452.0],[897.0,451.0],[898.0,451.0],[898.0,450.0],[899.0,450.0],[900.0,448.0],[903.0,448.0],[903.0,447.0],[905.0,447.0],[905.0,446.0],[906.0,446.0],[906.0,444.0],[904.0,443.0],[904.0,442.0],[903.0,442.0],[903.0,440.0],[901.0,439.0],[900.0,435.0],[899.0,435.0],[899.0,432.0],[898.0,432.0],[898.0,428.0],[896.0,427.0],[896.0,425.0],[894.0,424.0],[894.0,423.0],[893.0,423.0],[893.0,422.0],[892.0,422.0],[892.0,420.0],[890.0,420.0],[889.0,418.0],[888.0,418.0],[888.0,417.0],[887.0,417.0],[887.0,416.0],[886.0,416.0],[886.0,415.0],[885.0,415.0],[885.0,414.0],[879.0,414.0],[879.0,415.0],[877.0,415.0],[877.0,416.0],[870.0,416.0],[870.0,415.0],[866.0,415.0],[866.0,413.0],[865.0,413.0],[865.0,412.0],[861.0,411.0],[861.0,410.0],[855.0,410.0],[855.0,408.0],[849.0,408.0],[848.0,410.0],[844.0,410.0],[844.0,409.0],[843.0,409.0],[843.0,403.0],[842.0,403.0],[842.0,396.0],[838.0,394.0],[838.0,387.0],[836.0,386.0],[836.0,385.0],[835.0,385.0],[835.0,384.0],[834.0,384.0],[834.0,383.0],[833.0,383.0],[833.0,382.0],[832.0,382.0],[832.0,379.0],[830.0,378.0],[829.0,378.0],[829.0,377.0],[826.0,377.0],[826.0,376.0],[825.0,376.0],[825.0,375.0],[824.0,375.0],[824.0,374.0],[823.0,374.0],[823.0,372.0],[824.0,372.0],[824.0,371.0],[823.0,371.0],[823.0,370.0],[822.0,370.0],[822.0,368.0],[821.0,368.0],[821.0,367.0],[820.0,367.0],[820.0,366.0],[818.0,366.0],[818.0,365.0],[816.0,365.0],[816.0,366.0],[810.0,366.0],[810.0,365.0],[809.0,365.0],[809.0,364.0],[808.0,364.0],[808.0,363.0],[807.0,363.0],[807.0,362.0],[806.0,362.0],[806.0,359.0],[807.0,359.0],[807.0,358.0]],[[831.0,379.0],[831.0,380.0],[830.0,380.0],[830.0,379.0],[831.0,379.0]]]]}},{"type":"Feature","id":"country-011","properties":{"id":"country-011","name":"Unassigned","type":"country","status":"mask-defined","source":"countries-mask-shared-topology","extractionConfidence":"authoritative-mask","rgb":[38,127,0],"color":"#267f00","polygonCount":1,"holeCount":0,"styleIndex":4,"displayClip":"authoritative-land-mask"},"geometry":{"type":"Polygon","coordinates":[[[595.0,627.0],[595.0,628.0],[596.0,628.0],[597.0,630.0],[599.0,630.0],[599.0,631.0],[601.0,631.0],[601.0,632.0],[607.0,632.0],[607.0,631.0],[609.0,630.0],[609.0,628.0],[611.0,628.0],[611.0,629.0],[613.0,630.0],[613.0,635.0],[614.0,635.0],[614.0,636.0],[620.0,636.0],[620.0,635.0],[623.0,635.0],[623.0,634.0],[624.0,634.0],[624.0,632.0],[626.0,631.0],[626.0,630.0],[627.0,630.0],[627.0,629.0],[633.0,629.0],[634.0,631.0],[635.0,631.0],[635.0,633.0],[640.0,633.0],[641.0,631.0],[642.0,631.0],[642.0,628.0],[643.0,628.0],[643.0,626.0],[644.0,626.0],[644.0,624.0],[645.0,624.0],[645.0,622.0],[647.0,622.0],[647.0,621.0],[649.0,621.0],[649.0,620.0],[650.0,620.0],[650.0,613.0],[652.0,613.0],[652.0,612.0],[653.0,612.0],[653.0,607.0],[646.0,607.0],[645.0,605.0],[644.0,605.0],[644.0,606.0],[643.0,606.0],[643.0,605.0],[633.0,605.0],[633.0,606.0],[628.0,606.0],[628.0,605.0],[610.0,605.0],[610.0,606.0],[607.0,606.0],[607.0,607.0],[605.0,607.0],[605.0,608.0],[599.0,609.0],[599.0,610.0],[596.0,610.0],[596.0,611.0],[593.0,611.0],[593.0,613.0],[591.0,614.0],[591.0,625.0],[592.0,625.0],[592.0,627.0],[595.0,627.0]]]}},{"type":"Feature","id":"country-012","properties":{"id":"country-012","name":"Unassigned","type":"country","status":"mask-defined","source":"countries-mask-shared-topology","extractionConfidence":"authoritative-mask","rgb":[72,0,255],"color":"#4800ff","polygonCount":7,"holeCount":3,"styleIndex":5,"displayClip":"authoritative-land-mask"},"geometry":{"type":"MultiPolygon","coordinates":[[[[733.0,343.0],[733.0,344.0],[734.0,344.0],[734.0,345.0],[735.0,345.0],[735.0,344.0],[736.0,344.0],[736.0,343.0],[737.0,343.0],[738.0,342.75],[738.0,342.0],[740.0,342.0],[740.0,341.0],[741.0,341.0],[741.0,340.0],[742.0,340.0],[742.0,337.0],[741.0,337.0],[741.0,336.0],[741.0,333.0],[740.0,333.0],[740.0,332.0],[738.0,332.0],[738.0,333.0],[737.0,333.0],[735.0,333.0],[735.0,334.0],[734.0,334.0],[734.0,336.0],[734.0,337.0],[733.0,337.0],[733.0,338.0],[733.0,339.0],[732.0,339.0],[732.0,340.0],[732.0,341.0],[731.0,341.0],[731.0,342.0],[732.0,342.0],[732.0,343.0],[733.0,343.0]]],[[[686.0,359.0],[687.0,359.0],[687.0,360.0],[688.0,360.0],[688.0,361.0],[690.0,361.0],[690.0,360.0],[691.0,360.0],[692.0,360.0],[692.0,359.0],[693.0,359.0],[693.0,358.0],[694.0,358.0],[694.0,356.0],[693.0,356.0],[693.0,354.0],[694.0,354.0],[694.0,352.0],[693.0,352.0],[693.0,351.0],[691.0,351.0],[691.0,352.0],[690.0,352.0],[689.0,352.0],[689.0,353.0],[688.0,353.0],[688.0,355.0],[687.25,355.0],[687.0,356.0],[687.0,357.0],[686.0,357.0],[686.0,359.0]]],[[[675.0,385.0],[676.0,385.0],[676.0,386.0],[677.0,386.0],[677.0,387.0],[678.0,387.0],[678.0,386.0],[679.0,386.0],[679.0,384.0],[681.0,384.0],[681.0,385.0],[682.0,385.0],[682.0,386.0],[683.0,386.0],[684.0,386.0],[685.0,386.0],[685.0,385.0],[686.0,385.0],[686.0,381.0],[685.0,381.0],[685.0,379.0],[684.0,379.0],[684.0,378.5],[683.0,378.0],[682.0,378.0],[682.0,377.0],[681.0,377.0],[681.0,374.0],[681.0,373.0],[682.0,373.0],[682.0,371.0],[681.0,371.0],[681.0,370.0],[681.0,369.0],[680.0,369.0],[680.0,368.0],[678.0,368.0],[677.0,368.0],[676.0,368.0],[676.0,369.0],[675.0,369.0],[675.0,370.0],[676.0,370.0],[676.0,371.0],[676.0,376.0],[675.0,376.5],[675.0,378.0],[674.0,378.0],[674.0,380.0],[674.0,381.0],[673.0,381.0],[673.0,383.0],[674.0,383.0],[674.0,383.5],[675.0,384.0],[675.0,385.0]]],[[[659.0,395.0],[660.0,395.0],[660.0,396.0],[661.0,396.0],[661.0,397.0],[662.0,397.0],[662.0,398.0],[664.0,398.0],[664.0,397.0],[665.0,397.0],[665.0,392.0],[664.0,392.0],[664.0,391.0],[664.0,389.0],[663.0,389.0],[663.0,387.5],[662.0,387.0],[662.0,386.0],[660.0,386.0],[660.0,387.0],[659.0,387.0],[659.0,395.0]]],[[[637.0,413.0],[638.0,413.0],[638.0,414.0],[639.0,414.0],[639.0,415.0],[639.0,419.0],[640.0,419.0],[642.0,419.0],[643.0,419.0],[643.0,418.0],[644.0,418.0],[644.0,417.0],[645.0,417.0],[645.0,414.0],[644.0,414.0],[644.0,413.0],[643.0,413.0],[643.0,412.0],[643.0,411.0],[643.0,410.0],[644.0,410.0],[644.0,409.0],[644.0,408.0],[645.0,408.0],[645.0,406.0],[644.0,406.0],[644.0,405.0],[644.0,403.0],[643.0,403.0],[643.0,402.0],[642.0,402.0],[642.0,401.0],[641.0,401.0],[641.0,400.0],[640.0,400.0],[640.0,401.0],[639.0,401.0],[639.0,405.0],[639.0,406.0],[638.0,406.0],[638.0,407.0],[637.0,407.0],[637.0,408.0],[636.0,408.0],[636.0,409.0],[635.0,409.0],[635.0,410.0],[636.0,410.0],[636.0,411.5],[637.0,412.0],[637.0,413.0]]],[[[686.0,394.0],[685.0,394.0],[685.0,393.0],[681.0,393.0],[680.0,393.0],[680.0,392.0],[679.0,392.0],[677.0,392.0],[675.0,392.0],[675.0,393.0],[674.0,393.0],[673.0,393.0],[673.0,394.0],[672.0,394.0],[672.0,395.0],[671.0,395.0],[671.0,396.0],[670.0,396.0],[670.0,398.0],[670.0,400.0],[670.0,401.0],[672.0,401.0],[672.0,403.0],[673.0,403.0],[673.0,404.0],[674.0,404.0],[674.0,405.0],[674.0,407.0],[673.0,407.0],[670.0,407.0],[670.0,408.0],[669.0,408.0],[669.0,407.0],[668.0,407.0],[668.0,406.0],[668.0,405.0],[667.0,405.0],[667.0,404.0],[666.0,404.0],[664.0,404.0],[664.0,403.0],[659.0,403.0],[659.0,404.0],[658.0,404.0],[658.0,405.0],[657.0,405.0],[657.0,406.0],[658.0,406.0],[658.0,407.0],[659.0,407.0],[659.0,408.0],[660.0,408.0],[660.0,409.0],[661.0,409.0],[661.0,411.0],[661.0,412.0],[660.0,412.0],[660.0,413.0],[659.0,413.0],[659.0,414.0],[658.0,414.0],[658.0,415.0],[657.0,415.0],[657.0,416.0],[656.0,416.0],[656.0,417.0],[655.0,417.0],[655.0,419.0],[656.0,419.0],[656.0,420.0],[657.0,420.0],[657.0,421.0],[658.0,421.0],[658.0,422.0],[657.0,422.0],[657.0,424.0],[657.0,425.0],[656.0,425.0],[656.0,426.0],[655.0,426.0],[652.0,426.0],[652.0,427.0],[651.0,427.0],[651.0,429.0],[651.0,430.0],[651.0,431.0],[652.0,431.0],[652.0,432.0],[653.0,432.0],[653.0,433.0],[654.0,433.0],[655.0,433.0],[655.0,434.5],[656.0,435.0],[656.0,436.0],[657.0,436.0],[657.0,437.0],[657.0,439.0],[658.0,439.0],[658.0,440.0],[659.0,440.0],[659.0,440.5],[661.0,441.0],[662.0,441.0],[662.0,442.5],[663.0,443.0],[663.0,444.0],[663.0,445.0],[662.0,445.0],[662.0,446.0],[662.0,447.0],[660.0,447.0],[660.0,446.0],[660.0,445.0],[660.0,444.0],[660.0,443.0],[659.0,443.0],[659.0,442.0],[657.0,442.0],[657.0,443.0],[656.0,443.0],[655.0,443.0],[655.0,445.0],[654.0,445.0],[654.0,446.0],[653.0,446.0],[653.0,447.0],[652.0,447.0],[651.0,447.0],[651.0,446.0],[646.0,446.0],[646.0,447.0],[646.0,448.0],[646.0,450.0],[647.0,450.0],[647.0,451.0],[648.0,451.0],[648.0,453.0],[649.0,453.0],[649.0,454.0],[650.0,454.0],[650.0,455.0],[651.0,455.0],[651.0,456.0],[652.0,456.0],[652.0,457.0],[657.0,457.0],[657.0,456.0],[659.0,456.0],[659.0,457.0],[659.0,458.0],[658.0,458.0],[658.0,460.0],[657.0,460.0],[656.0,460.0],[656.0,461.0],[655.0,461.0],[654.0,461.0],[653.0,461.0],[653.0,460.0],[652.0,460.0],[652.0,459.0],[650.0,459.0],[650.0,460.0],[649.0,460.0],[649.0,461.0],[648.0,461.0],[648.0,462.0],[646.0,462.0],[644.0,462.0],[643.0,462.0],[643.0,463.0],[642.0,463.0],[642.0,464.0],[643.0,464.0],[643.0,465.0],[643.0,466.0],[642.0,466.0],[642.0,468.0],[642.0,469.0],[642.0,470.0],[641.0,470.0],[641.0,471.0],[639.0,471.0],[638.0,471.0],[638.0,472.0],[637.0,472.0],[637.0,474.0],[638.0,474.0],[638.0,475.0],[639.0,475.0],[640.0,475.0],[640.0,476.0],[639.0,476.0],[639.0,477.0],[639.0,479.0],[638.0,479.0],[638.0,480.0],[637.0,480.0],[637.0,478.0],[636.0,478.0],[636.0,475.0],[634.0,475.0],[633.0,475.0],[633.0,474.0],[633.0,470.0],[632.0,470.0],[632.0,469.0],[631.0,469.0],[631.0,468.0],[631.0,467.0],[630.0,467.0],[630.0,466.0],[629.0,466.0],[629.0,465.0],[628.0,465.0],[628.0,466.0],[627.0,466.0],[627.0,467.0],[626.0,467.0],[626.0,468.0],[626.0,470.0],[625.0,470.0],[625.0,473.0],[624.0,473.0],[624.0,474.0],[624.0,475.0],[623.0,475.0],[623.0,477.0],[625.0,477.0],[625.0,478.0],[627.0,479.0],[627.0,481.0],[631.0,482.0],[631.0,483.0],[632.0,483.0],[632.0,484.0],[633.0,484.0],[633.0,485.0],[634.0,485.0],[634.0,486.0],[636.0,487.0],[636.0,489.0],[637.0,489.0],[637.0,490.0],[643.0,490.0],[643.0,491.0],[644.0,491.0],[644.0,498.0],[647.0,498.0],[647.0,497.0],[654.0,497.0],[654.0,498.0],[656.0,499.0],[656.0,501.0],[658.0,501.0],[658.0,500.0],[659.0,500.0],[659.0,499.0],[660.0,499.0],[661.0,497.0],[667.0,497.0],[667.0,494.0],[666.0,494.0],[666.0,485.0],[665.0,485.0],[665.0,486.0],[663.0,486.0],[663.0,485.0],[661.0,485.0],[661.0,484.0],[656.0,484.0],[656.0,480.0],[657.0,480.0],[658.0,478.0],[665.0,478.0],[665.0,477.0],[666.0,477.0],[667.0,475.0],[671.0,475.0],[671.0,476.0],[675.0,476.0],[675.0,477.0],[680.0,477.0],[680.0,478.0],[681.0,478.0],[681.0,480.0],[682.0,480.0],[683.0,482.0],[686.0,482.0],[686.0,481.0],[688.0,481.0],[688.0,480.0],[690.0,479.0],[690.0,477.0],[691.0,477.0],[691.0,476.0],[692.0,476.0],[693.0,474.0],[699.0,474.0],[699.0,475.0],[702.0,475.0],[702.0,476.0],[704.0,476.0],[704.0,477.0],[705.0,477.0],[706.0,475.0],[707.0,475.0],[707.0,474.0],[708.0,474.0],[708.0,473.0],[709.0,473.0],[709.0,472.0],[710.0,472.0],[710.0,471.0],[711.0,471.0],[711.0,470.0],[712.0,470.0],[712.0,468.0],[713.0,468.0],[713.0,464.0],[712.0,464.0],[712.0,463.0],[713.0,463.0],[713.0,462.0],[711.0,461.0],[711.0,458.0],[712.0,458.0],[712.0,455.0],[714.0,454.0],[714.0,451.0],[715.0,451.0],[715.0,449.0],[716.0,449.0],[716.0,447.0],[717.0,447.0],[717.0,445.0],[719.0,444.0],[719.0,442.0],[720.0,442.0],[720.0,429.0],[722.0,428.0],[722.0,426.0],[724.0,425.0],[724.0,423.0],[725.0,423.0],[725.0,422.0],[727.0,422.0],[727.0,421.0],[728.0,421.0],[728.0,419.0],[729.0,419.0],[729.0,416.0],[730.0,416.0],[730.0,414.0],[731.0,414.0],[731.0,412.0],[732.0,412.0],[732.0,409.0],[733.0,409.0],[733.0,408.0],[732.0,408.0],[732.0,402.0],[734.0,401.0],[735.0,397.0],[737.0,396.0],[737.0,395.0],[740.0,395.0],[740.0,394.0],[741.0,394.0],[741.0,393.0],[742.0,393.0],[742.0,392.0],[743.0,392.0],[743.0,391.0],[742.0,391.0],[742.0,389.0],[743.0,389.0],[743.0,388.0],[743.0,387.0],[744.0,387.0],[747.0,387.0],[747.0,386.0],[748.0,386.0],[748.0,385.0],[749.0,385.0],[749.0,384.0],[749.0,383.0],[749.0,382.0],[748.0,382.0],[747.0,382.0],[747.0,381.0],[743.0,381.0],[743.0,382.0],[741.0,382.0],[741.0,381.0],[740.0,381.0],[740.0,380.0],[739.0,380.0],[739.0,379.0],[740.0,379.0],[740.0,378.0],[739.0,378.0],[739.0,377.0],[740.0,377.0],[740.0,376.0],[741.0,376.0],[746.0,376.0],[746.0,375.0],[747.0,375.0],[749.0,375.0],[749.0,374.0],[750.0,374.0],[751.0,374.0],[751.0,373.0],[752.0,373.0],[752.0,372.0],[753.0,372.0],[753.0,371.0],[753.0,370.0],[753.0,369.0],[750.0,369.0],[749.0,369.0],[749.0,368.0],[751.0,367.0],[751.0,366.0],[751.0,365.0],[752.0,365.0],[753.0,365.0],[753.0,364.0],[753.0,363.0],[753.0,361.0],[752.0,361.0],[752.0,360.0],[749.0,360.0],[749.0,361.0],[748.0,361.0],[748.0,362.0],[747.0,362.0],[746.0,362.0],[746.0,363.0],[745.0,363.0],[745.0,364.0],[744.0,364.25],[744.0,365.0],[741.0,365.0],[740.0,365.0],[740.0,364.0],[739.0,364.0],[739.0,363.0],[738.0,363.0],[738.0,358.0],[738.0,357.0],[737.0,357.0],[737.0,356.0],[734.0,356.0],[734.0,357.0],[733.0,357.0],[733.0,358.0],[732.0,358.0],[732.0,359.0],[731.0,359.0],[731.0,360.0],[730.0,360.0],[728.0,360.5],[728.0,361.0],[727.0,361.0],[727.0,362.0],[726.0,362.0],[726.0,363.0],[725.0,363.0],[723.0,363.0],[722.0,363.0],[722.0,362.0],[721.0,362.0],[721.0,360.0],[722.0,360.0],[722.0,359.0],[722.0,358.0],[723.0,358.0],[723.0,357.0],[723.0,356.0],[724.0,356.0],[724.0,355.0],[724.0,354.0],[724.0,353.0],[723.0,353.0],[723.0,352.0],[723.0,350.0],[722.0,350.0],[722.0,349.0],[721.0,349.0],[721.0,348.0],[720.0,348.0],[720.0,347.0],[720.0,346.0],[719.0,346.0],[719.0,345.0],[717.0,345.0],[716.0,345.0],[715.0,345.0],[715.0,347.0],[715.0,348.0],[715.0,350.0],[712.0,350.0],[711.0,350.0],[709.0,350.0],[709.0,351.0],[708.0,351.0],[707.0,351.0],[703.0,351.0],[701.0,351.0],[701.0,352.0],[700.0,352.0],[698.0,352.0],[698.0,353.0],[698.0,354.0],[698.0,355.0],[699.0,355.0],[699.0,356.0],[701.0,356.0],[701.0,357.0],[703.0,357.0],[704.0,357.0],[704.0,358.0],[704.0,360.0],[703.0,360.0],[703.0,361.0],[702.0,361.0],[702.0,362.0],[702.0,363.0],[701.0,363.0],[701.0,364.0],[701.0,365.0],[700.0,365.0],[700.0,366.0],[699.0,366.0],[694.0,366.0],[694.0,367.0],[692.0,367.0],[691.0,367.0],[691.0,368.0],[690.0,368.0],[689.0,368.0],[689.0,369.0],[688.0,369.0],[688.0,370.0],[687.0,370.0],[687.0,371.0],[686.0,371.0],[686.0,372.0],[687.0,372.0],[687.0,373.0],[688.0,373.0],[688.0,374.0],[689.0,374.0],[689.0,376.0],[690.0,376.0],[690.0,377.0],[690.0,379.0],[691.0,379.0],[691.0,381.0],[692.0,381.0],[693.0,383.0],[691.0,384.0],[691.0,389.0],[691.0,392.0],[692.0,392.0],[692.0,393.0],[692.0,395.0],[692.0,396.0],[691.0,396.0],[691.0,397.0],[690.0,397.0],[690.0,398.0],[689.0,398.5],[689.0,400.0],[688.0,400.0],[688.0,401.0],[687.0,401.0],[686.0,401.0],[686.0,402.0],[685.0,402.0],[685.0,400.0],[685.0,399.0],[686.0,399.0],[686.0,398.0],[686.0,397.0],[686.0,394.0]],[[685.0,403.0],[685.0,404.0],[684.0,404.0],[684.0,406.0],[683.0,406.0],[683.0,407.0],[682.0,407.0],[682.0,406.0],[682.0,405.0],[683.0,405.0],[683.0,404.0],[683.0,403.0],[684.0,403.0],[684.0,402.0],[685.0,402.0],[685.0,403.0]]],[[[625.0,453.0],[626.0,453.0],[626.0,454.0],[627.0,454.0],[627.0,455.0],[628.0,455.0],[628.0,454.0],[629.0,454.0],[629.0,453.0],[630.0,453.0],[630.0,452.0],[631.0,452.0],[631.0,451.0],[632.0,451.0],[632.0,450.0],[633.0,450.0],[634.0,450.0],[634.0,449.0],[635.0,449.0],[635.0,448.0],[636.0,448.0],[636.0,447.0],[635.0,447.0],[635.0,446.0],[634.0,446.0],[634.0,445.0],[633.0,445.0],[633.0,444.0],[630.0,444.0],[630.0,445.0],[629.0,445.0],[629.0,446.0],[628.0,446.0],[628.0,447.0],[626.0,447.0],[626.0,448.0],[625.0,448.0],[625.0,451.0],[626.0,451.0],[626.0,452.0],[625.0,452.0],[625.0,453.0]]]]}},{"type":"Feature","id":"country-013","properties":{"id":"country-013","name":"Unassigned","type":"country","status":"mask-defined","source":"countries-mask-shared-topology","extractionConfidence":"authoritative-mask","rgb":[91,127,0],"color":"#5b7f00","polygonCount":2,"holeCount":0,"styleIndex":0,"displayClip":"authoritative-land-mask"},"geometry":{"type":"MultiPolygon","coordinates":[[[[571.0,690.0],[572.0,690.0],[572.0,689.0],[574.0,688.0],[575.0,686.0],[576.0,686.0],[576.0,685.0],[577.0,685.0],[577.0,684.0],[578.0,684.0],[578.0,683.0],[580.0,683.0],[581.0,681.0],[583.0,681.0],[584.0,679.0],[585.0,679.0],[585.0,678.0],[587.0,678.0],[587.0,677.0],[588.0,677.0],[588.0,675.0],[589.0,675.0],[589.0,672.0],[590.0,672.0],[590.0,670.0],[591.0,670.0],[591.0,667.0],[592.0,667.0],[592.0,665.0],[594.0,664.0],[594.0,663.0],[598.0,662.0],[598.0,661.0],[601.0,661.0],[601.0,660.0],[603.0,660.0],[603.0,659.0],[606.0,659.0],[606.0,658.0],[621.0,658.0],[622.0,656.0],[623.0,656.0],[623.0,654.0],[624.0,654.0],[624.0,650.0],[622.0,649.0],[622.0,645.0],[624.0,644.0],[624.0,643.0],[625.0,643.0],[625.0,638.0],[623.0,637.0],[623.0,635.0],[620.0,635.0],[620.0,636.0],[614.0,636.0],[614.0,635.0],[613.0,635.0],[613.0,630.0],[611.0,629.0],[611.0,628.0],[609.0,628.0],[609.0,630.0],[607.0,631.0],[607.0,632.0],[601.0,632.0],[601.0,631.0],[599.0,631.0],[599.0,630.0],[597.0,630.0],[596.0,628.0],[595.0,628.0],[595.0,627.0],[592.0,627.0],[590.0,628.0],[590.0,629.0],[589.0,629.0],[589.0,630.0],[588.0,630.0],[588.0,631.0],[586.0,631.0],[586.0,632.0],[583.0,632.0],[583.0,631.0],[576.0,631.0],[575.0,633.0],[574.0,633.0],[574.0,634.0],[570.0,634.0],[569.0,636.0],[568.0,636.0],[568.0,637.0],[567.0,637.0],[567.0,638.0],[565.0,638.0],[565.0,636.0],[564.0,636.0],[564.0,635.0],[558.0,635.0],[557.0,637.0],[554.0,637.0],[554.0,636.0],[553.0,636.0],[553.0,630.0],[551.0,629.0],[551.0,628.0],[550.0,628.0],[550.0,627.0],[549.0,627.0],[549.0,626.0],[548.0,626.0],[548.0,625.0],[547.0,625.0],[547.0,624.0],[545.0,624.0],[545.0,623.0],[538.0,623.0],[538.0,622.0],[525.0,622.0],[524.0,620.0],[523.0,620.0],[523.0,619.0],[521.0,619.0],[520.0,617.0],[518.0,617.0],[517.0,615.0],[516.0,615.0],[516.0,614.0],[515.0,614.0],[515.0,612.0],[513.0,611.0],[513.0,609.0],[512.0,609.0],[512.0,602.0],[510.0,601.0],[510.0,600.0],[509.0,600.0],[509.0,599.0],[507.0,600.0],[507.0,601.0],[506.0,601.0],[506.0,600.0],[504.0,600.0],[503.0,602.0],[502.0,602.0],[502.0,603.0],[501.0,603.0],[501.0,602.0],[500.0,602.0],[500.0,600.0],[497.0,600.0],[497.0,599.0],[496.0,599.0],[496.0,597.0],[494.0,597.0],[494.0,596.0],[489.0,596.0],[489.0,595.0],[488.0,595.0],[488.0,593.0],[482.0,593.0],[482.0,592.0],[472.0,592.0],[472.0,593.0],[473.0,593.0],[473.0,597.0],[471.0,598.0],[471.0,600.0],[470.0,600.0],[470.0,601.0],[469.0,601.0],[468.0,605.0],[466.0,606.0],[466.0,609.0],[464.0,610.0],[464.0,611.0],[464.0,612.0],[465.0,612.0],[465.0,613.0],[467.0,614.0],[467.0,620.0],[466.0,620.0],[465.0,624.0],[463.0,625.0],[463.0,627.0],[462.0,627.0],[462.0,628.0],[461.0,628.0],[460.0,630.0],[458.0,630.0],[457.0,632.0],[455.0,632.0],[455.0,634.0],[454.0,634.0],[454.0,635.0],[452.0,636.0],[452.0,639.0],[451.0,639.0],[451.0,646.0],[452.0,646.0],[452.0,647.0],[454.0,648.0],[454.0,663.0],[453.0,663.0],[453.0,665.0],[452.0,665.0],[452.0,666.0],[451.0,666.0],[451.0,667.0],[450.0,667.0],[449.0,669.0],[444.0,669.0],[443.0,671.0],[441.0,671.0],[441.0,672.0],[440.0,672.0],[440.0,673.0],[439.0,673.0],[439.0,674.0],[438.0,674.0],[438.0,675.0],[437.0,675.0],[436.0,677.0],[431.0,677.0],[431.0,678.0],[429.0,679.0],[429.0,681.0],[428.0,681.0],[428.0,683.0],[427.0,683.0],[427.0,686.0],[426.0,686.0],[425.0,690.0],[423.0,691.0],[423.0,693.0],[422.0,693.0],[422.0,694.0],[421.0,694.0],[421.0,695.0],[420.0,695.0],[420.0,696.0],[419.0,696.0],[419.0,697.0],[418.0,697.0],[417.0,699.0],[415.0,699.0],[415.0,700.0],[414.0,700.0],[414.0,702.0],[413.0,702.0],[413.0,713.0],[412.0,713.0],[412.0,716.0],[413.0,716.0],[413.0,718.0],[415.0,719.0],[415.0,721.0],[416.0,721.0],[416.0,722.0],[418.0,722.0],[418.0,723.0],[432.0,723.0],[432.0,724.0],[433.0,724.0],[434.0,726.0],[438.0,726.0],[438.0,727.0],[440.0,728.0],[440.0,732.0],[441.0,732.0],[441.0,733.0],[443.0,733.0],[443.0,734.0],[444.0,734.0],[445.0,734.0],[445.0,733.0],[446.0,733.0],[446.0,732.0],[445.0,732.0],[445.0,731.0],[446.0,731.0],[446.0,730.0],[446.0,729.0],[447.5,729.0],[448.0,728.0],[449.0,727.7142857142857],[449.0,727.0],[451.5,727.0],[452.0,726.8571428571429],[452.0,726.0],[453.0,726.0],[453.0,725.0],[454.0,725.0],[454.0,726.0],[455.0,726.0],[455.0,725.0],[456.0,725.0],[456.0,724.0],[457.0,724.0],[457.0,723.0],[458.0,723.0],[458.0,722.0],[459.0,722.0],[460.0,720.0],[469.0,718.0],[469.0,716.0],[470.0,716.0],[470.0,713.0],[471.0,713.0],[471.0,712.0],[473.0,712.0],[475.0,712.0],[475.0,711.0],[476.0,711.0],[477.0,709.0],[478.0,709.0],[478.0,710.0],[483.0,710.0],[483.0,711.0],[483.0,714.0],[484.0,714.0],[484.0,716.0],[485.0,716.0],[485.0,717.0],[487.0,718.0],[488.0,722.0],[488.0,723.0],[489.0,723.0],[489.0,724.0],[490.0,724.0],[490.0,725.0],[493.0,725.0],[493.0,726.0],[494.0,726.0],[494.0,727.0],[495.0,727.0],[495.0,728.0],[496.0,728.0],[496.0,727.0],[497.0,727.0],[497.0,728.0],[498.0,728.0],[498.0,729.0],[500.0,729.0],[500.0,728.0],[501.0,728.0],[501.0,727.0],[502.0,727.0],[502.0,726.0],[501.0,726.0],[501.0,723.0],[502.0,723.0],[502.0,722.0],[503.0,722.0],[503.0,721.0],[504.0,721.0],[504.0,720.0],[504.0,719.0],[505.0,719.0],[505.0,718.0],[504.0,718.0],[504.0,717.0],[505.0,717.0],[506.0,716.75],[506.0,716.0],[508.0,716.0],[508.0,715.0],[509.0,715.0],[509.0,713.0],[509.75,713.0],[510.0,712.0],[511.0,712.0],[511.0,713.0],[511.0,715.0],[512.0,715.0],[512.0,716.0],[513.0,716.0],[513.0,717.0],[514.0,717.0],[514.0,722.0],[515.0,722.0],[515.0,723.0],[519.0,723.0],[519.0,722.0],[520.0,722.0],[522.0,721.6666666666666],[522.0,721.0],[525.0,721.0],[525.0,720.0],[526.0,720.0],[526.0,719.0],[527.0,719.0],[527.0,717.0],[528.0,717.0],[528.0,718.0],[528.5,718.0],[529.0,717.0],[530.0,717.0],[530.0,716.0],[531.0,716.0],[531.0,715.0],[532.0,715.0],[532.0,713.0],[535.0,713.0],[535.0,712.0],[536.0,712.0],[536.0,711.0],[537.0,711.0],[540.0,711.0],[540.0,710.0],[541.0,710.0],[541.0,711.0],[542.0,711.0],[542.0,712.0],[543.0,712.0],[543.0,713.0],[544.0,713.0],[544.0,712.0],[545.0,712.0],[546.0,712.0],[547.0,712.0],[547.0,713.0],[548.0,713.0],[548.0,714.0],[549.0,714.0],[550.0,714.0],[550.0,715.0],[551.0,715.0],[551.0,716.0],[552.0,716.0],[552.0,715.0],[553.0,715.0],[554.0,715.0],[554.0,714.0],[555.0,714.0],[555.0,713.0],[554.0,713.0],[554.0,711.0],[555.0,711.0],[556.0,711.0],[556.0,710.0],[556.0,709.0],[556.0,708.0],[555.0,708.0],[555.0,707.0],[554.0,707.0],[554.0,706.0],[553.0,706.0],[553.0,705.0],[552.0,705.0],[552.0,704.0],[553.0,704.0],[553.0,703.0],[554.0,703.0],[555.0,703.0],[555.0,702.0],[556.0,702.0],[557.0,702.0],[557.0,701.0],[558.0,701.0],[562.0,701.0],[562.0,700.0],[563.0,700.0],[564.0,700.0],[564.0,699.0],[565.0,699.0],[565.0,698.0],[567.0,698.0],[567.0,699.0],[569.0,699.0],[569.0,698.0],[570.0,698.0],[570.0,697.0],[570.0,695.0],[571.0,695.0],[571.0,692.0],[571.0,690.0]]],[[[566.4545454545455,712.0],[567.0,712.0],[567.0,713.0],[568.0,713.0],[568.0,715.0],[567.0,715.0],[567.0,716.0],[568.0,716.0],[568.0,717.0],[569.0,717.0],[569.0,718.0],[571.0,718.0],[571.0,717.0],[575.0,717.0],[575.0,718.0],[577.0,718.0],[577.0,717.0],[578.0,717.0],[578.0,716.0],[579.0,716.0],[579.0,715.0],[578.0,715.0],[578.0,714.0],[577.0,714.0],[577.0,713.0],[576.0,713.0],[576.0,712.0],[575.0,712.0],[575.0,711.0],[574.0,711.0],[574.0,710.0],[573.0,710.0],[573.0,709.0],[571.0,709.0],[571.0,708.0],[569.0,708.0],[567.0,708.0],[567.0,709.0],[566.1818181818181,709.0],[566.4545454545455,712.0]]]]}},{"type":"Feature","id":"country-014","properties":{"id":"country-014","name":"Unassigned","type":"country","status":"mask-defined","source":"countries-mask-shared-topology","extractionConfidence":"authoritative-mask","rgb":[127,0,0],"color":"#7f0000","polygonCount":2,"holeCount":2,"styleIndex":1,"displayClip":"authoritative-land-mask"},"geometry":{"type":"MultiPolygon","coordinates":[[[[186.0,605.0],[186.0,601.0],[185.0,601.0],[185.0,605.0],[186.0,605.0]]],[[[691.0,675.0],[696.0,675.0],[697.0,675.0],[697.0,676.0],[698.0,676.0],[699.0,676.0],[699.0,677.0],[700.0,677.0],[701.0,677.0],[701.0,678.0],[702.0,678.0],[702.0,679.0],[701.0,679.0],[700.0,679.0],[699.0,679.0],[699.0,678.0],[694.0,678.0],[694.0,679.0],[693.0,679.0],[692.0,679.0],[692.0,680.0],[691.0,680.0],[691.0,681.0],[690.0,681.0],[690.0,685.0],[689.0,685.0],[689.0,686.0],[688.0,686.0],[688.0,688.0],[688.0,689.0],[687.0,689.0],[687.0,693.0],[686.0,693.0],[686.0,694.0],[687.0,694.0],[687.0,695.0],[687.0,696.0],[688.0,696.0],[688.0,697.0],[688.0,698.0],[689.0,698.0],[689.0,700.0],[690.0,700.0],[690.0,702.0],[689.0,702.0],[689.0,705.0],[690.0,705.0],[690.0,706.0],[692.0,706.0],[692.0,707.0],[693.0,707.0],[693.0,708.0],[692.0,708.0],[692.0,709.0],[691.0,709.0],[688.0,709.0],[688.0,710.0],[687.0,710.0],[687.0,711.0],[686.0,711.0],[686.0,713.0],[687.0,713.0],[687.0,717.0],[688.0,717.0],[688.0,721.0],[687.0,721.0],[687.0,723.0],[687.0,725.0],[686.0,725.0],[686.0,727.0],[687.0,727.0],[687.0,728.0],[688.0,728.0],[688.0,729.0],[689.0,729.0],[689.0,728.0],[690.0,728.0],[690.0,726.0],[690.0,725.0],[692.0,725.0],[693.0,725.0],[693.0,727.0],[692.0,727.0],[692.0,728.0],[693.0,728.0],[693.0,729.0],[694.0,729.0],[695.0,729.0],[695.0,730.0],[697.0,730.0],[697.0,731.0],[698.0,731.0],[698.0,730.0],[699.0,730.0],[699.0,729.0],[700.0,729.0],[701.0,729.0],[701.0,728.0],[702.0,728.0],[703.0,728.0],[705.0,728.0],[705.0,730.0],[706.0,730.0],[706.0,731.0],[708.0,731.0],[708.0,732.0],[710.0,732.0],[710.0,733.0],[711.0,733.0],[711.0,734.0],[714.0,734.0],[715.0,734.0],[715.0,735.0],[717.0,735.0],[717.0,736.0],[718.0,736.0],[718.0,737.0],[722.0,737.0],[722.0,736.0],[723.0,736.0],[727.0,736.0],[728.0,736.0],[728.0,737.0],[733.0,737.0],[734.0,737.0],[734.0,738.0],[735.0,738.0],[735.0,739.0],[739.0,739.0],[739.0,738.0],[741.0,738.0],[741.0,739.0],[742.0,739.0],[743.0,739.0],[743.0,740.0],[743.0,741.0],[742.5,741.0],[742.0,742.0],[742.0,743.0],[740.0,743.0],[740.0,742.0],[739.0,742.0],[739.0,741.1666666666666],[738.0,741.3333333333334],[738.0,742.0],[736.0,742.0],[736.0,743.0],[734.0,743.0],[734.0,742.0],[733.0,742.0],[733.0,741.0],[730.0,741.0],[730.0,740.3333333333334],[728.0,740.0],[726.0,740.0],[726.0,739.0],[725.0,739.0],[725.0,738.0],[724.0,738.0],[722.0,738.0],[722.0,739.0],[721.0,739.0],[721.0,741.0],[720.0,741.0],[720.0,748.0],[720.0,750.0],[721.0,750.0],[721.0,751.0],[719.0,751.0],[719.0,752.0],[718.0,752.0],[718.0,755.0],[719.0,755.0],[719.0,756.0],[718.0,756.0],[718.0,757.0],[719.0,757.0],[719.0,758.0],[719.0,759.0],[720.0,759.0],[720.0,761.0],[722.0,762.0],[722.0,765.0],[723.0,765.0],[723.0,766.0],[724.0,766.0],[724.0,767.0],[725.0,767.0],[725.0,768.0],[726.0,768.0],[727.0,768.0],[727.0,769.0],[728.0,769.0],[728.0,770.0],[730.0,770.0],[730.0,771.0],[731.0,771.0],[731.0,772.0],[733.0,772.0],[736.0,772.0],[736.0,771.0],[737.0,771.0],[738.0,769.0],[739.0,769.0],[739.0,768.0],[740.0,768.0],[740.0,769.0],[741.0,769.0],[741.0,770.0],[742.0,770.0],[743.0,770.0],[743.0,771.0],[744.0,771.0],[744.0,772.0],[746.0,772.0],[747.0,772.0],[747.0,773.0],[748.0,773.0],[748.0,774.0],[749.0,774.0],[749.0,775.0],[750.0,775.0],[751.0,775.0],[751.0,776.0],[752.0,776.0],[752.0,777.0],[753.0,777.0],[753.0,778.0],[754.0,778.0],[754.0,779.0],[756.0,779.0],[757.0,779.0],[757.0,780.0],[759.0,780.0],[759.0,779.0],[760.0,779.0],[760.0,780.0],[762.0,780.0],[764.0,780.0],[766.0,780.0],[766.0,779.0],[768.0,779.0],[768.0,778.0],[775.0,778.0],[775.0,777.0],[776.0,777.0],[776.0,778.0],[779.0,778.0],[779.0,777.0],[786.0,777.0],[787.0,775.0],[787.0,774.0],[788.0,774.0],[788.0,773.0],[789.0,773.0],[789.0,760.0],[788.0,760.0],[788.0,758.0],[787.0,758.0],[787.0,756.0],[785.0,755.0],[785.0,754.0],[784.0,754.0],[784.0,752.0],[782.0,751.0],[782.0,750.0],[781.0,750.0],[781.0,749.0],[779.0,749.0],[778.0,747.0],[775.0,747.0],[774.0,745.0],[772.0,745.0],[772.0,744.0],[771.0,744.0],[771.0,737.0],[778.0,737.0],[779.0,735.0],[780.0,735.0],[780.0,733.0],[781.0,733.0],[781.0,730.0],[783.0,729.0],[783.0,728.0],[784.0,728.0],[785.0,720.0],[784.0,720.0],[784.0,719.0],[780.0,719.0],[779.0,719.0],[779.0,717.0],[778.0,717.0],[778.0,715.0],[778.0,714.0],[777.0,714.0],[777.0,713.0],[776.0,713.0],[776.0,712.0],[773.0,712.0],[773.0,713.0],[772.0,713.0],[772.0,715.0],[771.0,715.0],[771.0,716.0],[770.0,716.0],[770.0,715.0],[769.0,715.0],[767.0,715.0],[767.0,714.0],[766.0,714.0],[766.0,715.0],[765.0,715.0],[765.0,714.0],[765.0,713.0],[764.0,713.0],[764.0,712.0],[763.0,712.0],[763.0,711.0],[760.0,711.0],[760.0,712.0],[759.0,712.0],[759.0,713.0],[758.0,713.0],[758.0,711.0],[759.0,711.0],[759.0,710.0],[758.0,710.0],[758.0,709.0],[759.0,709.0],[759.0,708.0],[760.0,708.0],[760.0,706.0],[759.0,706.0],[759.0,705.0],[758.0,705.0],[758.0,702.0],[758.0,699.0],[757.0,699.0],[757.0,698.0],[756.0,698.0],[756.0,697.0],[755.0,697.0],[755.0,695.0],[754.0,695.0],[754.0,693.0],[754.0,692.0],[753.0,692.0],[753.0,691.0],[751.0,691.0],[751.0,690.0],[749.0,690.0],[749.0,689.0],[748.0,689.0],[748.0,688.0],[747.0,688.0],[747.0,687.0],[746.0,687.0],[745.0,687.0],[744.0,687.0],[744.0,686.0],[744.0,684.0],[743.0,684.0],[743.0,683.0],[743.0,681.0],[740.0,681.0],[740.0,679.0],[738.0,678.0],[738.0,677.0],[737.0,677.0],[737.0,675.0],[736.0,675.0],[736.0,672.0],[735.0,672.0],[735.0,669.0],[733.0,668.0],[733.0,667.0],[728.0,667.0],[728.0,668.0],[720.0,668.0],[720.0,667.0],[716.0,667.0],[716.0,666.0],[711.0,666.0],[711.0,665.0],[702.0,665.0],[702.0,666.0],[698.0,666.0],[698.0,667.0],[695.0,667.0],[694.0,669.0],[693.0,669.0],[693.0,670.0],[692.0,670.0],[692.0,671.0],[691.0,671.0],[691.0,674.0],[691.0,675.0]],[[706.0,684.0],[705.0,684.0],[704.0,682.0],[706.0,682.0],[706.0,684.0]]]]}},{"type":"Feature","id":"country-015","properties":{"id":"country-015","name":"Unassigned","type":"country","status":"mask-defined","source":"countries-mask-shared-topology","extractionConfidence":"authoritative-mask","rgb":[127,51,0],"color":"#7f3300","polygonCount":8,"holeCount":0,"styleIndex":2,"displayClip":"authoritative-land-mask"},"geometry":{"type":"MultiPolygon","coordinates":[[[[767.0,698.0],[768.0,698.0],[768.0,699.0],[769.0,699.0],[769.0,700.0],[770.0,700.0],[770.0,701.0],[772.0,701.0],[772.0,700.0],[773.0,700.0],[773.0,697.0],[773.0,696.0],[774.0,696.0],[774.0,694.0],[775.0,693.5],[775.0,692.0],[776.0,692.0],[776.0,691.0],[776.0,690.0],[778.0,690.0],[779.0,689.5],[779.0,689.0],[780.0,689.0],[780.0,688.0],[781.0,688.0],[781.0,687.0],[782.0,687.0],[782.0,685.0],[781.0,685.0],[781.0,684.0],[782.0,684.0],[782.0,683.0],[782.0,682.0],[783.0,682.0],[783.0,681.0],[783.0,680.0],[784.0,680.0],[784.0,678.0],[784.0,677.0],[784.0,676.0],[780.0,676.0],[780.0,675.0],[779.0,675.0],[778.0,675.0],[777.0,675.0],[777.0,677.0],[776.0,677.0],[775.0,677.0],[775.0,678.0],[774.0,678.0],[774.0,679.0],[773.0,679.0],[773.0,680.0],[772.0,680.0],[772.0,681.0],[771.0,681.0],[771.0,682.0],[771.0,683.0],[770.0,683.0],[770.0,692.0],[770.0,693.0],[769.0,693.0],[769.0,694.0],[768.0,694.0],[768.0,695.0],[767.0,695.0],[767.0,698.0]]],[[[869.0,714.0],[870.0,714.0],[870.0,715.0],[871.0,715.0],[871.0,716.0],[872.0,716.0],[872.0,717.0],[873.0,717.0],[873.0,717.5714285714286],[874.5,718.0],[876.0,718.0],[876.0,718.4285714285714],[878.0,719.0],[879.0,719.0],[879.0,720.0],[880.0,720.0],[880.0,721.0],[882.0,721.0],[882.0,722.0],[889.0,722.0],[889.0,721.0],[891.0,721.0],[892.0,721.0],[892.0,720.0],[893.0,720.0],[893.0,718.0],[892.0,718.0],[892.0,717.0],[891.0,717.0],[891.0,716.0],[887.0,716.0],[887.0,715.0],[885.0,715.0],[884.0,715.0],[884.0,714.0],[881.0,714.0],[881.0,713.0],[879.0,713.0],[879.0,712.0],[877.0,712.0],[876.0,712.0],[876.0,711.0],[875.0,711.0],[874.0,711.0],[874.0,710.0],[873.0,710.0],[872.0,710.0],[872.0,709.0],[869.0,709.0],[869.0,710.0],[868.0,710.0],[868.0,713.0],[869.0,713.0],[869.0,714.0]]],[[[856.0,720.0],[855.0,720.0],[855.0,719.125],[852.0,719.5],[852.0,720.0],[851.0,720.0],[851.0,719.625],[850.0,719.75],[850.0,720.0],[849.0,720.0],[849.0,721.0],[848.0,721.0],[848.0,724.0],[848.0,727.0],[850.0,728.0],[850.0,729.0],[851.0,731.0],[854.0,731.0],[855.0,729.0],[856.0,729.0],[856.0,727.0],[857.0,727.0],[857.0,724.0],[857.0,723.0],[856.0,723.0],[856.0,722.0],[856.0,720.0]]],[[[883.0,741.0],[884.0,741.0],[884.0,742.0],[885.0,742.0],[885.0,743.0],[886.0,743.0],[886.0,744.0],[889.0,744.0],[889.0,745.0],[894.0,745.0],[896.0,745.0],[897.0,745.0],[897.0,744.0],[897.0,743.0],[897.0,741.0],[896.0,741.0],[896.0,740.5],[895.0,740.0],[895.0,739.0],[886.0,739.0],[885.0,739.0],[884.0,739.0],[884.0,740.0],[883.0,740.0],[883.0,741.0]]],[[[862.0,741.0],[860.0,741.0],[860.0,740.0],[858.0,739.0],[858.0,737.0],[856.0,736.0],[856.0,735.0],[855.0,735.0],[855.0,734.0],[854.0,734.0],[851.0,734.0],[851.0,735.0],[850.0,735.0],[848.0,736.0],[847.0,738.0],[846.0,738.0],[846.0,739.0],[844.0,739.0],[844.0,738.0],[842.0,738.0],[842.0,737.0],[840.0,737.0],[840.0,736.0],[837.0,736.0],[836.0,734.0],[835.0,734.0],[834.0,734.0],[834.0,735.0],[833.0,735.0],[833.0,736.0],[832.0,736.0],[832.0,737.0],[831.0,737.0],[831.0,738.0],[831.0,739.0],[830.0,739.0],[830.0,740.0],[829.0,740.0],[829.0,741.0],[828.0,741.0],[828.0,740.0],[828.0,739.0],[828.0,735.0],[828.0,734.0],[827.0,734.0],[827.0,733.0],[827.0,730.0],[827.0,727.0],[827.0,726.0],[826.0,726.0],[826.0,724.0],[828.0,724.0],[829.0,724.0],[829.0,723.0],[831.0,723.0],[831.0,722.0],[832.0,722.0],[832.0,721.0],[833.0,721.0],[833.0,720.0],[834.0,720.0],[834.0,719.0],[835.0,719.0],[835.0,717.0],[835.0,716.0],[836.0,716.0],[836.0,715.0],[835.0,715.0],[835.0,714.0],[834.0,714.0],[834.0,713.0],[834.0,712.0],[833.0,712.0],[833.0,711.0],[834.0,711.0],[834.0,710.0],[835.0,710.0],[835.0,708.0],[834.0,708.0],[834.0,707.0],[833.0,707.0],[832.0,707.0],[832.0,706.0],[827.0,706.0],[827.0,707.0],[824.0,707.0],[824.0,706.0],[823.0,706.0],[823.0,705.0],[822.0,705.0],[822.0,704.0],[821.0,704.0],[820.0,704.0],[820.0,703.0],[820.0,702.0],[819.0,702.0],[819.0,701.0],[818.0,701.0],[818.0,700.0],[817.0,700.0],[817.0,699.0],[816.0,699.0],[816.0,698.0],[815.0,698.0],[815.0,697.0],[813.0,697.0],[813.0,696.25],[812.0,696.0],[811.0,696.0],[811.0,695.0],[809.0,695.0],[809.0,696.0],[808.0,696.0],[808.0,697.0],[807.0,697.0],[807.0,698.0],[806.0,698.0],[806.0,699.0],[806.0,700.0],[805.0,700.0],[805.0,701.0],[804.0,701.0],[804.0,700.0],[804.0,698.0],[803.0,698.0],[803.0,697.0],[802.0,697.0],[802.0,696.0],[801.0,696.0],[801.0,695.0],[800.0,695.0],[798.0,695.0],[798.0,693.0],[798.0,692.0],[797.0,692.0],[797.0,691.0],[795.0,691.0],[795.0,692.0],[794.0,692.0],[794.0,693.0],[792.0,693.0],[790.0,693.0],[790.0,694.0],[789.0,694.0],[789.0,698.0],[790.0,698.0],[790.0,700.0],[789.0,700.0],[789.0,699.0],[788.0,699.0],[788.0,698.0],[787.0,698.0],[787.0,697.0],[785.0,697.0],[785.0,696.0],[783.0,696.0],[783.0,697.0],[781.0,697.0],[781.0,698.0],[779.0,698.0],[778.0,698.0],[778.0,699.0],[777.0,699.0],[777.0,701.0],[778.0,701.0],[778.0,702.0],[779.0,702.0],[779.0,703.0],[780.0,703.0],[780.0,704.0],[781.0,704.0],[781.0,705.0],[782.0,705.0],[782.0,706.0],[783.0,706.0],[783.0,707.0],[784.0,707.0],[784.0,708.0],[786.0,708.0],[786.0,709.0],[785.0,709.0],[785.0,710.0],[784.0,710.0],[784.0,711.0],[783.0,711.0],[783.0,715.0],[784.0,715.0],[784.0,716.0],[784.0,719.0],[784.0,720.0],[785.0,720.0],[784.0,728.0],[783.0,728.0],[783.0,729.0],[781.0,730.0],[781.0,733.0],[780.0,733.0],[780.0,735.0],[779.0,735.0],[778.0,737.0],[771.0,737.0],[771.0,744.0],[772.0,744.0],[772.0,745.0],[774.0,745.0],[775.0,747.0],[778.0,747.0],[779.0,749.0],[781.0,749.0],[781.0,750.0],[782.0,750.0],[782.0,751.0],[784.0,752.0],[784.0,754.0],[785.0,754.0],[785.0,755.0],[787.0,756.0],[787.0,758.0],[788.0,758.0],[788.0,760.0],[789.0,760.0],[789.0,773.0],[788.0,773.0],[788.0,774.0],[788.0,775.0],[788.0,776.0],[789.0,776.0],[789.0,782.0],[790.0,782.0],[790.0,793.0],[791.0,793.0],[791.0,792.0],[792.0,792.0],[792.0,793.0],[796.0,793.0],[797.0,793.0],[797.0,794.0],[799.0,794.0],[799.0,793.0],[800.0,793.0],[800.0,794.0],[805.0,794.0],[807.0,794.0],[807.0,795.0],[809.0,795.0],[810.0,795.0],[810.0,797.0],[809.0,797.0],[808.0,797.0],[807.0,797.0],[807.0,796.0],[800.0,796.0],[800.0,797.0],[799.0,797.0],[797.0,797.0],[797.0,798.0],[796.0,798.0],[795.0,798.0],[795.0,799.0],[794.0,799.0],[794.0,801.0],[793.0,801.0],[793.0,805.0],[794.0,805.0],[794.0,806.0],[795.0,806.0],[795.0,807.0],[796.0,807.0],[796.0,808.0],[798.0,808.0],[798.0,809.0],[799.0,809.0],[799.0,810.0],[800.0,810.0],[800.0,811.0],[800.0,813.0],[801.0,813.0],[801.0,814.0],[802.0,814.0],[802.0,815.0],[803.0,815.0],[803.0,816.0],[807.0,816.0],[807.0,815.0],[808.0,815.0],[808.0,816.0],[808.0,818.0],[809.0,818.0],[809.0,819.0],[811.0,819.0],[811.0,820.0],[814.0,820.0],[814.0,819.0],[815.0,819.0],[815.0,818.0],[816.0,818.0],[816.0,817.0],[817.0,817.0],[817.0,816.0],[817.0,815.0],[818.0,815.0],[818.0,814.0],[819.0,814.0],[819.0,813.0],[820.0,813.0],[820.0,812.0],[823.0,812.0],[823.0,812.75],[824.0,813.0],[825.0,813.0],[825.0,814.0],[826.0,814.0],[826.0,815.0],[827.0,815.0],[827.0,816.0],[828.0,816.0],[828.0,815.0],[829.0,815.0],[832.0,815.0],[832.0,814.0],[833.0,814.0],[837.0,814.0],[837.0,813.0],[838.0,813.0],[838.0,812.0],[839.0,812.0],[839.0,811.0],[840.0,811.0],[840.0,810.0],[841.0,810.0],[841.0,809.0],[842.0,809.0],[842.0,808.0],[841.0,808.0],[841.0,807.0],[840.0,807.0],[840.0,806.0],[839.0,806.0],[839.0,807.0],[838.0,807.0],[836.0,807.0],[836.0,806.0],[835.0,806.0],[835.0,805.0],[835.0,804.0],[835.5,804.0],[836.0,803.0],[838.0,803.0],[838.0,802.0],[839.0,802.0],[839.0,801.0],[840.0,801.0],[841.0,801.0],[841.0,800.0],[842.0,800.0],[842.0,801.0],[843.0,801.0],[843.0,802.0],[844.0,802.0],[844.0,803.0],[846.0,803.0],[847.0,803.0],[847.0,804.0],[850.0,804.0],[850.0,803.0],[851.0,803.0],[852.0,803.0],[852.0,802.0],[853.0,802.0],[853.0,801.0],[853.0,800.0],[855.0,800.0],[855.0,799.0],[856.0,799.0],[856.0,798.0],[857.0,798.0],[859.0,798.0],[860.0,798.0],[860.0,799.0],[862.0,799.0],[862.0,798.0],[864.0,798.0],[868.0,798.0],[868.0,798.6666666666666],[869.0,798.8333333333334],[869.0,798.0],[870.0,798.0],[870.0,797.0],[871.0,797.0],[871.0,795.0],[870.0,795.0],[870.0,793.0],[871.0,793.0],[873.0,793.0],[873.0,794.0],[874.0,794.0],[874.0,795.0],[875.0,795.0],[875.0,796.0],[875.0,798.0],[876.0,798.0],[876.0,799.0],[877.0,799.0],[878.0,799.0],[878.0,800.0],[880.0,800.0],[880.0,801.0],[883.0,801.0],[885.0,801.0],[886.0,801.0],[886.0,803.0],[886.0,804.0],[885.0,804.0],[885.0,805.0],[884.0,805.0],[884.0,806.0],[885.0,806.0],[885.0,807.0],[886.0,807.0],[887.0,807.0],[887.0,808.0],[891.0,808.0],[892.0,808.0],[892.0,809.0],[893.0,809.0],[897.0,809.0],[897.0,810.0],[900.0,810.0],[900.0,809.0],[901.0,809.0],[901.0,810.0],[904.0,810.0],[904.0,810.6111111111111],[909.0,810.8888888888889],[909.0,810.0],[911.0,810.0],[911.0,809.0],[912.0,809.0],[912.0,808.0],[913.0,808.0],[913.0,806.0],[912.0,806.0],[912.0,805.0],[909.0,805.0],[907.0,805.0],[906.0,805.0],[906.0,803.0],[907.0,803.0],[907.0,801.0],[908.0,801.0],[908.0,798.0],[907.0,798.0],[907.0,797.0],[906.0,797.0],[906.0,795.0],[906.0,794.0],[906.0,793.0],[906.0,792.0],[906.0,791.0],[907.0,791.0],[907.0,792.0],[909.0,792.0],[909.0,793.0],[910.0,793.0],[912.0,793.0],[912.0,794.0],[914.0,794.0],[914.0,793.0],[916.0,793.0],[916.0,794.0],[918.0,794.0],[918.0,793.0],[919.0,793.0],[919.0,791.0],[920.0,791.0],[920.0,790.0],[921.0,790.0],[921.0,788.0],[921.0,787.0],[922.0,787.0],[922.0,786.0],[923.0,786.0],[924.0,786.0],[924.0,785.0],[925.0,785.0],[928.0,785.0],[928.0,784.0],[929.0,784.0],[929.0,783.0],[930.0,783.0],[930.0,782.0],[931.0,782.0],[931.0,781.0],[930.0,781.0],[930.0,780.0],[930.0,777.0],[929.0,777.0],[929.0,776.0],[929.0,775.0],[928.0,775.0],[928.0,773.0],[927.0,773.0],[927.0,772.0],[925.0,772.0],[925.0,771.0],[924.0,771.0],[924.0,770.0],[925.0,770.0],[925.0,769.0],[926.0,769.0],[926.0,768.0],[925.0,768.0],[925.0,767.0],[924.0,767.0],[924.0,765.0],[924.0,763.0],[927.0,763.0],[927.0,764.0],[933.0,764.0],[933.0,763.0],[934.0,763.0],[935.0,763.0],[936.0,763.0],[936.0,764.0],[937.0,764.0],[937.0,763.0],[938.0,763.0],[938.0,762.0],[939.0,762.0],[939.0,760.0],[938.0,760.0],[938.0,759.0],[937.0,759.0],[937.0,758.0],[936.0,758.0],[936.0,757.0],[935.0,757.0],[935.0,756.0],[934.0,756.0],[934.0,755.0],[932.0,755.0],[931.0,755.0],[931.0,754.0],[930.0,754.0],[929.0,754.0],[929.0,753.0],[928.0,753.0],[927.0,753.0],[927.0,752.0],[926.0,752.0],[925.0,752.0],[925.0,751.0],[923.0,751.0],[923.0,750.25],[922.0,750.0],[921.0,750.0],[921.0,749.0],[917.0,749.0],[917.0,750.0],[916.0,750.0],[914.0,750.3333333333334],[914.0,751.0],[911.0,751.0],[911.0,752.0],[910.0,752.0],[909.0,752.25],[909.0,753.0],[907.0,753.0],[907.0,754.0],[906.0,754.0],[906.0,755.0],[905.0,755.0],[904.0,755.25],[904.0,756.0],[902.0,756.0],[902.0,757.0],[901.0,757.0],[901.0,761.0],[902.0,761.0],[902.0,762.0],[903.0,762.0],[903.0,764.0],[902.0,764.0],[900.0,764.0],[900.0,763.0],[899.0,763.0],[899.0,762.0],[898.0,762.0],[898.0,761.0],[894.0,761.0],[893.0,761.0],[893.0,760.0],[891.0,760.0],[891.0,758.0],[891.0,756.0],[890.0,756.0],[890.0,755.0],[890.0,754.0],[889.0,754.0],[889.0,753.0],[888.0,753.0],[887.0,753.0],[887.0,752.0],[886.0,752.0],[885.0,752.0],[885.0,751.0],[883.0,751.0],[882.0,751.0],[882.0,750.0],[878.0,750.0],[878.0,751.0],[877.0,751.0],[875.0,751.0],[875.0,752.0],[874.0,752.0],[873.0,752.0],[873.0,753.0],[872.0,753.0],[871.0,753.0],[871.0,754.0],[870.0,754.0],[865.0,754.0],[864.0,754.0],[864.0,753.0],[863.0,753.0],[863.0,752.0],[863.0,747.0],[864.0,746.5],[864.0,746.0],[865.0,746.0],[866.0,745.5],[866.0,745.0],[867.0,745.0],[867.0,740.0],[866.0,740.0],[864.0,740.0],[862.0,740.0],[862.0,741.0]],[[806.0,702.0],[806.0,703.0],[805.0,703.0],[805.0,702.0],[806.0,702.0]]],[[[935.0,779.0],[937.0,779.0],[937.0,780.0],[941.0,780.0],[941.0,779.0],[942.0,779.0],[943.0,779.0],[943.0,778.0],[943.0,777.0],[943.0,775.0],[942.0,775.0],[942.0,774.5],[941.0,774.0],[940.0,774.0],[940.0,773.0],[939.0,773.0],[938.0,773.0],[935.0,773.0],[935.0,774.0],[934.0,774.0],[934.0,778.0],[935.0,778.0],[935.0,779.0]]],[[[918.0,803.0],[919.0,803.0],[919.0,804.0],[920.0,804.0],[920.0,805.0],[922.0,805.0],[923.0,805.0],[923.0,806.0],[924.0,806.0],[924.0,807.0],[925.0,807.0],[925.0,808.0],[926.0,808.0],[927.0,808.0],[927.0,809.0],[929.0,809.0],[929.0,808.0],[930.0,808.0],[930.0,807.0],[930.0,806.0],[931.0,806.0],[931.0,805.0],[932.0,805.0],[934.0,805.0],[934.0,804.0],[935.0,804.0],[936.0,804.0],[936.0,803.0],[936.0,802.0],[936.0,801.0],[932.0,801.0],[931.0,801.0],[931.0,800.0],[930.0,800.0],[930.0,799.0],[929.0,799.0],[929.0,798.0],[927.0,798.0],[927.0,799.0],[926.0,799.0],[921.0,799.0],[921.0,800.0],[920.0,800.0],[919.0,800.0],[919.0,801.0],[918.0,801.0],[918.0,803.0]]],[[[764.0,809.0],[765.0,809.0],[765.0,810.0],[766.0,810.0],[766.0,811.0],[767.0,811.0],[767.0,812.0],[768.0,812.0],[768.0,813.0],[771.0,813.0],[775.0,813.0],[775.0,812.0],[776.0,812.0],[776.0,811.0],[777.0,811.0],[777.0,810.0],[776.0,810.0],[776.0,809.0],[774.0,809.0],[774.0,808.25],[773.0,808.0],[771.0,808.0],[771.0,807.0],[770.0,807.0],[769.0,807.0],[769.0,806.0],[765.0,806.0],[765.0,807.0],[764.0,807.0],[764.0,809.0]]]]}},{"type":"Feature","id":"country-016","properties":{"id":"country-016","name":"Unassigned","type":"country","status":"mask-defined","source":"countries-mask-shared-topology","extractionConfidence":"authoritative-mask","rgb":[127,106,0],"color":"#7f6a00","polygonCount":21,"holeCount":3,"styleIndex":3,"displayClip":"authoritative-land-mask"},"geometry":{"type":"MultiPolygon","coordinates":[[[[117.0,738.0],[119.0,738.0],[119.0,739.0],[122.0,739.0],[122.0,736.0],[121.0,736.0],[121.0,735.0],[122.0,735.0],[122.0,733.0],[123.0,733.0],[123.0,731.0],[124.0,731.0],[124.0,730.0],[123.0,730.0],[123.0,729.0],[119.0,729.0],[119.0,730.0],[118.0,730.0],[118.0,731.0],[116.0,731.0],[116.0,732.0],[114.0,732.0],[114.0,733.0],[112.0,733.0],[112.0,735.0],[111.0,735.0],[111.0,736.0],[112.0,736.0],[112.0,737.0],[115.0,737.0],[115.0,738.0],[117.0,738.0]]],[[[54.0,741.0],[54.0,744.0],[55.0,744.0],[55.0,745.0],[56.0,745.0],[56.0,747.0],[58.0,747.0],[58.0,748.0],[61.0,748.0],[62.0,748.0],[62.0,749.0],[64.0,749.0],[64.0,750.0],[65.0,750.0],[65.0,749.0],[66.0,749.0],[66.0,748.0],[67.0,748.0],[67.0,747.0],[68.0,747.0],[68.0,746.0],[67.0,746.0],[67.0,744.0],[66.0,744.0],[66.0,743.0],[65.0,743.0],[65.0,742.0],[63.0,742.0],[63.0,743.0],[60.0,743.0],[59.0,743.0],[58.0,743.0],[58.0,742.0],[56.0,742.0],[56.0,741.0],[54.0,741.0]]],[[[70.0,737.0],[70.0,736.0],[73.0,736.0],[73.0,737.0],[74.0,737.0],[74.0,738.0],[75.0,738.0],[75.0,737.0],[77.0,737.0],[78.0,737.0],[79.0,737.0],[79.0,738.0],[80.0,738.0],[80.0,739.0],[81.0,739.0],[81.0,741.0],[80.0,741.0],[80.0,743.0],[79.0,743.0],[79.0,744.0],[78.0,744.0],[78.0,745.0],[77.0,745.0],[77.0,746.0],[75.0,746.0],[75.0,747.0],[76.0,747.0],[76.0,748.0],[75.0,748.0],[75.0,749.0],[74.0,749.0],[74.0,750.0],[73.0,750.0],[73.0,751.0],[72.0,751.0],[72.0,752.0],[71.0,752.0],[71.0,753.0],[72.0,753.0],[72.0,754.0],[73.0,754.0],[73.0,755.0],[74.0,755.0],[74.0,757.0],[74.0,759.0],[75.0,759.0],[75.0,760.0],[76.0,760.0],[76.0,762.0],[77.0,762.0],[77.0,763.0],[78.0,763.0],[78.0,764.0],[79.0,764.0],[79.0,768.0],[80.0,768.0],[80.0,769.0],[81.0,769.0],[81.0,770.0],[82.0,770.0],[82.0,771.0],[83.0,771.0],[83.0,772.0],[85.0,772.0],[85.0,773.0],[87.0,773.0],[87.0,774.0],[88.0,774.0],[88.0,775.0],[90.0,775.0],[90.0,776.0],[91.0,776.0],[92.0,776.0],[92.0,777.0],[93.0,777.0],[93.0,776.0],[94.0,776.0],[95.0,776.0],[95.0,775.0],[96.0,775.0],[96.0,774.0],[95.0,774.0],[95.0,771.0],[94.0,771.0],[94.0,770.0],[93.0,770.0],[93.0,769.0],[91.0,769.0],[90.0,769.0],[90.0,768.0],[89.0,768.0],[89.0,767.0],[88.0,767.0],[88.0,765.0],[91.0,765.0],[91.0,764.0],[93.0,764.0],[93.0,763.0],[98.0,763.0],[98.0,764.0],[99.0,764.0],[99.0,765.0],[100.0,765.0],[100.0,766.0],[103.0,766.0],[103.0,767.0],[107.0,767.0],[107.0,766.0],[108.0,766.0],[108.0,767.0],[109.0,767.0],[109.0,766.0],[110.0,766.0],[112.0,766.0],[112.0,765.0],[113.0,765.0],[113.0,762.0],[113.0,761.0],[114.0,761.0],[114.0,760.0],[115.0,760.0],[115.0,759.0],[116.0,759.0],[116.0,758.0],[123.0,758.0],[125.0,758.0],[125.0,756.0],[126.0,756.0],[126.0,755.0],[127.0,755.0],[127.0,754.0],[128.0,754.0],[128.0,753.0],[129.0,753.0],[129.0,752.0],[132.0,752.0],[132.0,753.0],[135.0,753.0],[135.0,754.0],[136.0,754.0],[136.0,753.0],[138.0,753.0],[138.0,751.0],[139.0,751.0],[139.0,749.0],[139.0,748.0],[140.0,748.0],[140.0,746.0],[141.0,746.0],[141.0,743.0],[140.0,743.0],[140.0,742.0],[140.0,741.0],[140.0,738.0],[139.0,738.0],[139.0,737.0],[137.0,737.0],[137.0,736.0],[135.0,736.0],[135.0,735.0],[134.0,735.0],[134.0,734.0],[133.0,734.0],[133.0,735.0],[131.0,735.0],[131.0,734.0],[130.0,734.0],[130.0,735.0],[129.0,735.0],[129.0,737.0],[129.0,738.0],[130.0,738.0],[130.0,739.0],[131.0,739.0],[131.0,740.0],[130.0,740.0],[130.0,741.0],[129.0,741.0],[129.0,742.0],[127.0,742.0],[125.0,742.0],[125.0,743.0],[124.0,743.0],[124.0,745.0],[125.0,745.0],[125.0,747.0],[122.0,747.0],[122.0,746.0],[120.0,746.0],[120.0,745.0],[119.0,745.0],[119.0,746.0],[114.0,746.0],[114.0,745.0],[112.0,745.0],[112.0,744.0],[111.0,744.0],[106.0,744.0],[106.0,743.0],[105.0,743.0],[105.0,742.0],[104.0,742.0],[104.0,740.0],[105.0,740.0],[105.0,739.0],[104.0,739.0],[104.0,738.0],[103.0,738.0],[103.0,737.0],[102.0,737.0],[102.0,736.0],[101.0,736.0],[101.0,735.0],[100.0,735.0],[100.0,734.0],[98.0,734.0],[98.0,733.0],[97.0,733.0],[97.0,732.0],[98.0,732.0],[98.0,731.0],[100.0,731.0],[105.0,731.0],[105.0,730.0],[107.0,730.0],[107.0,729.0],[108.0,729.0],[108.0,724.0],[109.0,724.0],[109.0,721.0],[108.0,721.0],[108.0,720.0],[106.0,720.0],[106.0,721.0],[105.0,721.0],[105.0,722.0],[104.0,722.0],[104.0,721.0],[103.0,721.0],[103.0,720.0],[101.0,720.0],[101.0,719.0],[100.0,719.0],[100.0,718.0],[96.0,718.0],[96.0,719.0],[95.0,719.0],[95.0,720.0],[93.0,720.0],[92.0,720.0],[92.0,721.0],[88.0,721.0],[87.0,721.0],[84.0,721.0],[84.0,720.0],[82.0,720.0],[82.0,719.0],[80.0,719.0],[80.0,718.0],[79.0,718.0],[79.0,717.0],[77.0,717.0],[77.0,718.0],[76.0,718.0],[76.0,719.0],[75.0,719.0],[75.0,720.0],[76.0,720.0],[76.0,721.0],[77.0,721.0],[77.0,723.0],[76.0,723.0],[76.0,724.0],[74.0,724.0],[74.0,727.0],[75.0,727.0],[75.0,728.0],[76.0,728.0],[76.0,729.0],[77.0,729.0],[77.0,730.0],[76.0,730.0],[75.0,730.0],[75.0,731.0],[73.0,731.0],[70.0,731.0],[70.0,732.0],[67.0,732.0],[66.0,732.0],[65.0,732.0],[65.0,731.0],[64.0,731.0],[64.0,732.0],[62.0,732.0],[62.0,731.0],[61.0,731.0],[61.0,732.0],[60.0,732.0],[60.0,733.0],[59.0,733.0],[59.0,736.0],[63.0,736.0],[66.0,736.0],[66.0,737.0],[70.0,737.0]]],[[[287.25,860.0],[288.0,860.0],[288.0,862.0],[289.0,862.0],[289.0,863.0],[290.0,863.0],[292.0,863.0],[292.0,864.0],[294.0,864.0],[294.0,863.0],[295.0,863.0],[295.0,862.0],[296.0,862.0],[296.0,860.0],[295.0,860.0],[295.0,858.0],[294.0,858.0],[294.0,857.0],[293.0,857.0],[293.0,856.0],[292.0,856.0],[292.0,854.0],[293.0,854.0],[293.0,853.0],[294.0,853.0],[294.0,852.0],[295.0,852.0],[295.0,851.0],[296.0,851.0],[296.0,848.0],[295.0,848.0],[295.0,847.0],[294.0,847.0],[294.0,846.0],[291.0,846.0],[291.0,847.0],[289.0,847.0],[289.0,846.0],[287.0,846.0],[287.0,847.0],[286.0,847.0],[286.0,848.0],[285.0,848.0],[285.0,849.0],[284.0,849.0],[284.0,850.0],[285.0,850.0],[285.0,853.0],[284.0,853.0],[284.0,854.0],[284.0,855.0],[283.0,855.0],[283.0,856.0],[284.0,856.0],[284.0,858.0],[285.0,858.0],[285.0,859.0],[286.0,859.0],[286.0,858.0],[287.0,858.0],[287.0,859.0],[287.25,860.0]]],[[[266.0,904.0],[267.0,904.0],[267.0,905.0],[268.0,905.0],[268.0,906.0],[270.0,906.0],[270.0,905.0],[272.0,905.0],[273.0,905.0],[273.0,904.0],[274.0,904.0],[274.0,901.0],[273.0,901.0],[273.0,900.0],[272.0,900.0],[272.0,897.0],[273.0,897.0],[273.0,896.0],[272.0,896.0],[272.0,895.0],[272.0,893.0],[271.0,893.0],[271.0,892.0],[267.0,892.0],[267.0,893.0],[266.0,893.0],[266.0,894.0],[264.0,894.0],[264.0,893.0],[261.0,893.0],[261.0,894.0],[260.0,894.0],[260.0,895.0],[259.0,895.0],[259.0,896.0],[259.0,899.0],[260.0,899.0],[260.0,900.0],[262.0,900.0],[262.0,899.0],[264.0,899.0],[264.0,900.0],[265.0,900.0],[265.0,901.0],[266.0,901.0],[266.0,902.0],[266.0,904.0]]],[[[270.0,953.0],[271.0,953.0],[271.0,954.0],[273.0,954.0],[273.0,953.0],[274.0,953.0],[274.0,951.0],[275.0,951.0],[275.0,949.0],[275.0,947.0],[276.0,947.0],[276.0,946.0],[276.0,944.0],[277.0,944.0],[277.0,943.0],[276.0,943.0],[276.0,942.0],[275.0,942.0],[275.0,941.0],[272.0,941.0],[272.0,942.0],[271.0,942.0],[271.0,943.0],[271.0,944.0],[270.0,944.0],[270.0,947.0],[270.0,952.0],[270.0,953.0]]],[[[263.0,985.0],[264.0,985.0],[264.0,986.0],[264.0,987.0],[265.0,987.0],[265.0,988.0],[266.0,988.0],[266.0,989.0],[267.0,989.0],[267.0,990.0],[270.0,990.0],[270.0,989.0],[271.0,989.0],[271.0,988.0],[272.0,988.0],[272.0,986.0],[273.0,986.0],[273.0,985.0],[274.0,985.0],[274.0,982.0],[273.0,982.0],[273.0,980.0],[272.0,980.0],[272.0,979.0],[271.0,979.0],[271.0,980.0],[268.0,980.0],[268.0,978.0],[267.0,978.0],[267.0,977.0],[266.0,977.0],[266.0,976.0],[265.0,976.0],[265.0,975.0],[264.0,975.0],[264.0,976.0],[263.0,976.0],[263.0,977.0],[262.0,977.0],[262.0,981.0],[263.0,981.0],[263.0,982.0],[263.0,985.0]]],[[[252.0,1022.0],[253.0,1022.0],[253.0,1023.0],[254.0,1023.0],[254.0,1024.0],[255.0,1024.0],[255.0,1025.0],[257.0,1025.0],[258.0,1025.0],[258.0,1026.0],[259.0,1026.0],[259.0,1027.0],[259.0,1029.0],[260.0,1029.0],[260.0,1031.0],[260.0,1032.0],[261.0,1032.0],[261.0,1033.0],[263.0,1033.0],[263.0,1032.0],[264.0,1032.0],[264.0,1031.0],[265.0,1031.0],[265.0,1029.0],[266.0,1029.0],[266.0,1025.0],[265.0,1025.0],[265.0,1024.0],[264.0,1024.0],[264.0,1022.0],[264.0,1020.0],[264.0,1019.0],[265.0,1019.0],[265.0,1017.0],[264.0,1017.0],[264.0,1016.0],[261.0,1016.0],[261.0,1017.0],[259.0,1017.0],[259.0,1018.0],[258.0,1018.0],[257.0,1018.0],[255.0,1018.0],[255.0,1017.0],[254.0,1017.0],[254.0,1016.0],[252.0,1016.0],[252.0,1017.0],[250.0,1017.0],[250.0,1018.0],[249.0,1018.0],[249.0,1019.0],[250.0,1019.0],[250.0,1021.0],[251.0,1021.0],[251.0,1022.0],[252.0,1022.0]]],[[[294.0,1043.0],[294.0,1042.0],[296.0,1042.0],[296.0,1041.0],[297.0,1041.0],[297.0,1039.0],[296.0,1039.0],[296.0,1038.0],[295.0,1038.0],[295.0,1037.0],[291.0,1037.0],[291.0,1038.0],[289.0,1038.0],[289.0,1039.0],[288.0,1039.0],[288.0,1041.0],[289.0,1041.0],[289.0,1042.0],[290.0,1042.0],[290.0,1043.0],[294.0,1043.0]]],[[[356.0,1048.0],[356.0,1047.0],[357.0,1047.0],[357.0,1046.0],[358.0,1046.0],[358.0,1045.0],[359.0,1045.0],[359.0,1044.0],[360.0,1044.0],[360.0,1039.0],[359.0,1039.0],[359.0,1038.0],[358.0,1038.0],[358.0,1037.0],[357.0,1037.0],[357.0,1036.0],[356.0,1036.0],[356.0,1035.0],[355.0,1035.0],[355.0,1034.0],[354.0,1034.0],[354.0,1033.0],[353.0,1033.0],[353.0,1032.0],[352.0,1032.0],[352.0,1033.0],[351.0,1033.0],[351.0,1035.0],[350.0,1035.0],[350.0,1036.0],[350.0,1038.0],[349.0,1038.0],[349.0,1040.0],[349.0,1043.0],[348.0,1043.0],[348.0,1044.0],[349.0,1044.0],[349.0,1045.0],[350.0,1045.0],[350.0,1046.0],[351.0,1046.0],[351.0,1047.0],[353.0,1047.0],[353.0,1048.0],[356.0,1048.0]]],[[[324.0,1038.0],[325.0,1038.0],[325.0,1039.0],[326.0,1039.0],[326.0,1040.0],[327.0,1040.0],[327.0,1042.0],[328.0,1042.0],[328.0,1043.0],[329.0,1043.0],[329.0,1044.0],[330.0,1044.0],[330.0,1045.0],[331.0,1045.0],[331.0,1046.0],[334.0,1046.0],[334.0,1045.0],[335.0,1045.0],[335.0,1043.0],[334.0,1043.0],[334.0,1042.0],[333.0,1042.0],[333.0,1040.0],[332.0,1040.0],[332.0,1039.0],[331.0,1039.0],[331.0,1038.0],[330.0,1038.0],[330.0,1037.0],[330.0,1036.0],[329.0,1036.0],[329.0,1035.0],[328.0,1035.0],[328.0,1034.0],[326.0,1034.0],[326.0,1035.0],[325.0,1035.0],[325.0,1036.0],[324.0,1036.0],[324.0,1038.0]]],[[[406.0,786.0],[406.0,785.0],[407.0,785.0],[407.0,784.0],[408.0,784.0],[409.0,784.0],[409.0,783.0],[410.0,783.0],[410.0,782.0],[411.0,782.0],[411.0,780.0],[410.0,780.0],[410.0,779.0],[408.0,779.0],[407.0,779.0],[407.0,778.0],[406.0,778.0],[402.0,778.0],[401.0,778.0],[401.0,779.0],[400.0,779.0],[400.0,781.0],[399.0,781.0],[399.0,784.0],[400.0,784.0],[401.0,784.0],[401.5,785.0],[403.0,785.0],[403.0,786.0],[406.0,786.0]]],[[[639.0,919.0],[639.0,918.0],[640.0,918.0],[640.0,917.0],[641.0,917.0],[641.0,916.0],[642.0,916.0],[642.0,914.0],[644.0,914.0],[645.0,913.9090909090909],[645.0,913.0],[646.0,913.0],[646.0,913.8181818181819],[648.0,913.6363636363636],[648.0,913.0],[651.0,913.0],[651.0,912.0],[654.0,912.0],[654.0,911.0],[655.0,911.0],[655.0,909.0],[655.0,908.0],[656.0,908.0],[656.0,905.0],[655.0,905.0],[655.0,904.0],[654.0,904.0],[654.0,903.0],[653.0,903.0],[653.0,902.0],[651.0,902.0],[651.0,903.0],[650.0,903.0],[650.0,904.0],[649.0,904.0],[649.0,905.0],[649.0,906.0],[644.0,906.0],[644.0,905.0],[641.0,905.0],[641.0,906.0],[640.0,906.0],[640.0,907.0],[639.0,907.0],[639.0,908.0],[638.0,908.0],[638.0,909.0],[637.0,909.0],[637.0,910.0],[636.0,910.0],[636.0,918.0],[637.0,918.0],[637.0,919.0],[639.0,919.0]]],[[[376.0,1009.0],[376.0,1010.0],[375.0,1010.0],[375.0,1011.0],[374.0,1011.0],[374.0,1012.0],[373.0,1012.0],[373.0,1013.0],[372.0,1013.0],[372.0,1014.0],[371.0,1014.0],[371.0,1016.0],[370.0,1016.0],[370.0,1017.0],[369.0,1017.0],[369.0,1018.0],[368.0,1018.0],[368.0,1019.0],[367.0,1019.0],[367.0,1020.0],[367.0,1021.0],[366.0,1021.0],[366.0,1027.0],[365.0,1027.5],[365.0,1028.0],[364.0,1028.0],[364.0,1029.0],[364.0,1030.0],[363.0,1030.0],[363.0,1031.0],[362.0,1031.0],[362.0,1035.0],[363.0,1035.0],[363.0,1036.0],[365.0,1036.0],[365.0,1037.0],[369.0,1037.0],[369.0,1036.0],[370.0,1036.0],[370.0,1035.0],[371.0,1035.0],[371.0,1034.0],[371.0,1033.0],[372.0,1033.0],[372.0,1032.0],[373.0,1032.0],[373.0,1033.0],[374.0,1033.0],[374.0,1035.0],[373.0,1035.0],[372.0,1035.0],[372.0,1036.0],[371.0,1036.0],[371.0,1040.0],[372.0,1040.0],[372.0,1041.0],[375.0,1041.0],[375.0,1040.0],[376.0,1040.0],[378.0,1040.0],[378.0,1039.0],[379.0,1039.0],[379.0,1038.0],[380.0,1038.0],[380.0,1037.0],[381.0,1037.0],[382.0,1037.0],[382.0,1038.0],[383.0,1038.0],[383.0,1039.0],[384.0,1039.0],[385.0,1039.0],[385.0,1040.0],[386.0,1040.0],[386.0,1041.0],[387.0,1041.0],[388.0,1041.0],[388.0,1042.0],[390.0,1042.0],[390.0,1041.0],[391.0,1041.0],[391.0,1040.0],[392.0,1040.0],[396.0,1040.0],[396.0,1041.0],[397.0,1041.0],[397.0,1042.0],[398.0,1042.0],[398.0,1045.0],[399.0,1045.0],[399.0,1046.0],[400.0,1046.0],[400.0,1047.0],[403.0,1047.0],[404.0,1047.0],[404.0,1048.0],[405.0,1048.0],[405.0,1049.0],[406.0,1049.0],[406.0,1050.0],[407.0,1050.0],[408.0,1050.0],[408.0,1051.0],[412.0,1051.0],[412.0,1050.0],[413.0,1050.0],[413.0,1049.0],[414.0,1049.0],[414.0,1050.0],[415.0,1050.0],[415.0,1051.0],[416.0,1051.0],[416.0,1055.0],[416.0,1056.0],[415.0,1056.0],[415.0,1057.0],[414.0,1057.0],[414.0,1060.0],[415.0,1060.0],[415.0,1061.0],[415.0,1062.0],[416.0,1062.0],[416.0,1063.0],[418.0,1063.0],[418.0,1062.0],[419.0,1062.0],[419.0,1063.0],[420.0,1063.0],[420.0,1064.0],[424.0,1064.0],[424.0,1063.0],[425.0,1063.0],[425.0,1064.0],[426.0,1064.0],[426.0,1065.0],[427.0,1065.0],[427.0,1066.0],[430.0,1066.0],[431.0,1066.0],[431.0,1067.0],[434.0,1067.0],[434.0,1066.0],[436.0,1066.0],[436.0,1067.0],[438.0,1067.0],[438.0,1066.0],[439.0,1066.0],[440.0,1066.0],[440.0,1065.0],[441.0,1065.0],[441.0,1064.0],[441.0,1063.0],[442.0,1063.0],[442.0,1060.0],[442.0,1059.0],[443.0,1059.0],[444.0,1059.0],[444.0,1058.0],[445.0,1058.0],[445.0,1057.0],[446.0,1057.0],[451.0,1057.0],[451.0,1056.0],[452.0,1056.0],[452.0,1055.0],[452.0,1054.0],[453.0,1054.0],[453.0,1053.0],[453.0,1052.0],[454.0,1052.0],[455.0,1052.0],[455.0,1051.0],[456.0,1051.0],[456.0,1052.0],[461.0,1052.0],[461.0,1051.0],[462.0,1051.0],[463.0,1051.0],[463.0,1052.0],[466.0,1052.0],[466.0,1053.0],[467.0,1053.0],[467.0,1054.0],[466.0,1054.0],[466.0,1056.0],[467.0,1056.0],[467.0,1057.0],[468.0,1057.0],[469.0,1057.0],[469.0,1058.0],[473.0,1058.0],[473.0,1057.0],[474.0,1057.0],[474.0,1055.0],[474.75,1055.0],[475.0,1054.0],[476.0,1054.0],[476.0,1053.0],[477.0,1053.0],[480.0,1053.0],[480.0,1052.0],[481.0,1052.0],[482.0,1052.0],[482.0,1051.0],[483.0,1051.0],[483.0,1050.0],[484.0,1049.75],[484.0,1049.0],[487.0,1049.0],[488.0,1049.0],[488.0,1050.0],[492.0,1050.0],[493.0,1050.0],[493.0,1051.0],[500.0,1051.0],[500.0,1052.0],[501.0,1052.0],[501.0,1053.0],[502.0,1053.0],[502.0,1054.0],[503.0,1054.0],[503.0,1055.0],[507.0,1055.0],[508.0,1055.0],[508.0,1056.0],[510.0,1056.0],[510.0,1055.0],[510.0,1054.0],[510.0,1053.0],[509.0,1053.0],[509.0,1051.5],[508.0,1051.0],[508.0,1050.0],[507.0,1050.0],[507.0,1049.0],[506.0,1049.0],[506.0,1048.0],[505.0,1048.0],[505.0,1047.0],[503.0,1047.0],[503.0,1048.0],[502.0,1048.0],[502.0,1047.0],[501.0,1047.0],[500.0,1047.0],[500.0,1046.0],[500.0,1042.0],[500.0,1041.0],[501.0,1041.0],[501.0,1040.0],[502.0,1040.0],[502.0,1041.0],[504.0,1041.0],[504.0,1040.0],[505.0,1040.0],[506.0,1040.0],[506.0,1039.0],[507.0,1039.0],[507.0,1038.0],[508.0,1038.0],[508.0,1037.0],[509.0,1037.0],[509.0,1036.0],[511.0,1036.0],[511.0,1037.0],[513.0,1037.0],[513.0,1036.0],[514.0,1036.0],[514.0,1035.0],[514.0,1034.0],[516.0,1034.0],[516.0,1035.0],[519.0,1035.0],[519.0,1034.0],[522.0,1034.0],[522.0,1033.0],[523.0,1033.0],[523.0,1032.0],[524.0,1032.0],[524.0,1031.0],[525.0,1031.0],[525.0,1030.0],[524.0,1030.0],[524.0,1029.0],[525.0,1029.0],[525.0,1028.0],[525.0,1027.0],[527.0,1027.0],[527.0,1028.0],[528.0,1028.0],[528.0,1030.0],[527.0,1030.0],[527.0,1031.0],[528.0,1031.0],[528.0,1033.0],[527.0,1033.0],[527.0,1037.0],[528.0,1037.0],[528.0,1037.5],[529.0,1038.0],[529.0,1040.0],[529.0,1041.0],[528.0,1041.0],[528.0,1042.0],[527.0,1042.0],[527.0,1043.0],[528.0,1043.0],[528.0,1044.0],[528.0,1046.0],[529.0,1046.0],[529.0,1047.0],[530.0,1047.0],[530.0,1048.0],[530.0,1049.0],[530.0,1050.0],[529.0,1050.0],[529.0,1052.0],[529.0,1053.0],[528.0,1053.0],[528.0,1054.0],[527.0,1054.0],[527.0,1056.0],[527.0,1057.0],[526.0,1057.0],[526.0,1060.0],[527.0,1060.0],[527.0,1061.0],[527.0,1062.0],[528.0,1062.0],[528.0,1063.0],[529.0,1063.0],[529.0,1064.0],[529.0,1066.0],[528.0,1066.0],[528.0,1067.0],[527.0,1067.0],[527.0,1069.0],[528.0,1069.0],[528.0,1070.0],[531.0,1070.0],[531.0,1069.0],[532.0,1069.0],[532.0,1068.0],[533.0,1068.0],[533.0,1067.0],[534.0,1067.0],[534.0,1066.0],[535.0,1066.0],[535.0,1064.0],[536.0,1064.0],[536.0,1063.0],[537.0,1063.0],[537.0,1062.0],[538.0,1062.0],[539.0,1062.0],[539.0,1061.0],[540.0,1061.0],[540.0,1060.0],[541.0,1060.0],[541.0,1057.0],[541.0,1056.0],[541.0,1055.0],[541.0,1054.0],[542.0,1054.0],[546.0,1054.0],[546.0,1053.0],[547.0,1053.0],[547.0,1052.0],[548.0,1052.0],[548.0,1050.0],[549.0,1049.5],[549.0,1048.0],[550.0,1048.0],[550.0,1047.0],[551.0,1047.0],[551.0,1045.0],[551.75,1045.0],[552.0,1044.0],[552.0,1043.0],[553.0,1043.0],[553.0,1042.0],[554.0,1042.0],[554.0,1041.0],[555.0,1041.0],[555.0,1040.0],[556.0,1040.0],[556.0,1039.0],[557.0,1039.0],[557.0,1038.0],[556.0,1038.0],[556.0,1036.0],[557.0,1036.0],[558.0,1035.75],[558.0,1035.0],[560.0,1035.0],[560.0,1034.0],[561.0,1034.0],[562.0,1034.0],[562.0,1033.0],[563.0,1033.0],[563.0,1028.0],[564.0,1028.0],[564.0,1028.5],[565.0,1029.0],[565.0,1030.0],[566.0,1030.0],[566.0,1031.0],[567.0,1031.0],[568.0,1031.0],[569.0,1031.0],[569.0,1030.0],[570.0,1030.0],[570.0,1029.0],[571.0,1029.0],[572.0,1028.75],[572.0,1028.0],[574.0,1028.0],[574.0,1027.0],[575.0,1027.0],[575.0,1025.0],[575.0,1024.0],[576.0,1024.0],[576.0,1023.0],[577.0,1023.0],[579.0,1023.0],[579.0,1022.0],[580.0,1022.0],[580.0,1021.0],[581.0,1021.0],[582.0,1021.0],[582.0,1020.0],[585.0,1020.0],[586.0,1020.0],[586.0,1021.0],[586.0,1022.0],[587.0,1022.0],[587.0,1023.0],[587.0,1025.0],[588.0,1025.0],[588.0,1026.0],[589.0,1026.0],[589.0,1027.0],[590.0,1027.0],[590.0,1026.0],[591.0,1026.0],[591.0,1024.0],[591.0,1023.0],[592.0,1023.0],[592.0,1016.0],[591.0,1016.0],[591.0,1015.0],[591.0,1013.0],[590.0,1013.0],[590.0,1012.0],[589.0,1012.0],[589.0,1011.5],[587.0,1011.0],[586.0,1011.0],[586.0,1010.0],[585.0,1010.0],[585.0,1009.0],[585.0,1008.0],[584.0,1008.0],[584.0,1007.0],[584.0,1005.0],[585.0,1005.0],[585.0,1004.0],[586.0,1004.0],[586.0,1003.0],[587.0,1003.0],[587.0,1002.0],[586.0,1002.0],[586.0,1001.0],[585.0,1001.0],[585.0,1000.0],[585.0,999.0],[584.0,999.0],[584.0,998.0],[582.0,998.0],[582.0,997.0],[581.0,997.0],[581.0,996.0],[579.0,996.0],[578.0,996.0],[578.0,995.0],[577.0,995.0],[577.0,994.0],[577.0,992.0],[576.0,992.0],[576.0,991.0],[573.0,991.0],[573.0,992.0],[572.0,992.0],[572.0,991.0],[570.0,991.0],[570.0,990.0],[567.0,990.0],[566.0,990.0],[566.0,989.0],[566.0,988.0],[565.0,988.0],[565.0,987.0],[564.0,987.0],[564.0,986.0],[563.0,986.0],[563.0,985.0],[562.0,985.0],[562.0,983.0],[563.0,983.0],[563.0,982.0],[563.0,981.0],[564.0,981.0],[564.0,982.0],[565.0,982.0],[566.0,982.0],[572.0,982.0],[572.0,981.0],[573.0,981.0],[573.0,980.0],[574.0,980.0],[574.0,977.0],[573.0,977.0],[573.0,976.0],[573.0,975.0],[572.0,975.0],[572.0,974.0],[572.0,971.0],[572.75,971.0],[573.0,970.0],[575.0,970.0],[576.0,970.0],[576.0,971.0],[581.0,971.0],[581.0,970.0],[582.0,970.0],[582.0,971.0],[583.0,971.0],[583.0,970.0],[584.0,970.0],[584.0,969.0],[586.0,969.0],[586.0,968.0],[587.0,968.0],[587.0,967.0],[588.0,967.0],[588.0,966.0],[589.0,966.0],[589.0,965.0],[590.0,965.0],[593.0,965.0],[593.25,966.0],[594.0,966.0],[594.0,968.0],[595.0,968.0],[595.0,969.0],[596.0,969.0],[597.0,969.0],[597.0,970.0],[598.0,970.0],[598.0,971.0],[598.5714285714286,973.0],[599.0,973.0],[599.0,974.5],[599.1428571428571,975.0],[600.0,975.0],[600.0,977.0],[601.0,977.0],[601.0,978.0],[602.0,978.0],[602.0,979.0],[602.0,981.0],[603.0,981.0],[603.0,982.0],[603.0,983.0],[604.0,983.0],[605.0,983.0],[606.0,983.0],[606.0,982.0],[607.0,982.0],[607.0,981.0],[607.0,980.0],[608.0,980.0],[608.0,979.0],[609.0,979.0],[609.0,977.0],[608.0,977.0],[608.0,976.0],[608.0,974.0],[608.0,973.0],[609.0,973.0],[611.0,973.0],[611.0,972.0],[612.0,972.0],[615.0,972.0],[615.0,971.0],[616.0,971.0],[616.0,970.0],[618.0,970.0],[618.0,971.0],[620.0,971.0],[620.0,970.0],[621.0,970.0],[622.0,970.0],[622.0,976.0],[623.0,976.0],[623.0,977.0],[624.0,977.0],[624.0,978.0],[624.0,980.0],[625.0,980.0],[625.0,981.0],[626.0,981.0],[626.0,982.0],[627.0,982.0],[627.3333333333334,984.0],[628.0,984.0],[628.0,987.0],[629.0,987.0],[629.0,988.0],[631.0,988.0],[631.0,987.0],[632.0,987.0],[632.0,986.0],[633.0,986.0],[633.0,985.0],[633.0,984.0],[634.0,984.0],[634.0,983.0],[633.0,983.0],[633.0,982.0],[633.0,980.0],[632.0,980.0],[632.0,979.0],[632.0,977.0],[631.0,977.0],[631.0,975.0],[632.0,975.0],[634.0,975.0],[634.0,976.0],[635.0,976.0],[635.0,977.0],[636.0,977.0],[636.5,978.0],[638.0,978.0],[638.0,979.0],[639.0,979.0],[641.0,979.0],[642.0,979.0],[642.0,978.0],[643.0,978.0],[643.0,976.0],[642.0,976.0],[642.0,975.0],[641.0,975.0],[641.0,974.5],[639.0,974.0],[638.0,974.0],[638.0,973.0],[637.0,973.0],[637.0,972.0],[636.75,971.0],[636.0,971.0],[636.0,969.0],[635.0,969.0],[635.0,968.0],[631.0,968.0],[631.0,969.0],[630.0,969.0],[630.0,968.0],[630.0,964.0],[632.0,964.0],[632.0,963.0],[633.0,963.0],[633.0,960.0],[633.0,959.0],[635.0,959.0],[635.0,958.0],[636.0,958.0],[636.0,957.0],[639.0,957.0],[640.0,957.0],[640.0,958.0],[642.0,958.0],[642.0,957.0],[643.0,957.0],[644.0,957.0],[644.0,956.0],[645.0,956.0],[645.0,957.0],[646.0,957.0],[646.0,958.0],[647.0,958.0],[647.0,959.0],[648.0,959.0],[648.0,960.0],[648.0,961.0],[649.0,961.0],[649.0,962.0],[650.0,962.0],[650.0,965.0],[651.0,965.0],[651.0,966.5],[652.0,967.0],[652.0,968.0],[655.0,968.0],[655.0,967.0],[656.0,967.0],[656.0,966.0],[657.0,966.0],[657.0,965.0],[658.0,965.0],[658.0,964.0],[660.0,964.0],[661.0,964.0],[661.0,965.0],[664.0,965.0],[664.0,964.0],[665.0,964.0],[665.0,963.0],[665.0,962.0],[666.0,962.0],[666.0,960.0],[665.0,960.0],[665.0,959.0],[664.0,959.0],[664.0,958.0],[661.0,958.0],[661.0,959.0],[660.0,959.0],[658.0,959.0],[657.5,958.0],[656.0,958.0],[656.0,957.0],[655.0,957.0],[655.0,956.0],[655.0,954.0],[655.0,953.0],[656.0,953.0],[656.0,950.0],[656.0,949.0],[657.0,949.0],[657.0,943.0],[658.0,942.5],[658.0,941.0],[659.0,941.0],[659.0,939.0],[658.0,939.0],[658.0,938.0],[658.0,937.0],[657.0,937.0],[657.0,936.0],[656.0,936.0],[656.0,935.0],[655.0,935.0],[654.0,935.0],[654.0,934.0],[654.0,933.0],[655.0,933.0],[655.0,928.0],[654.0,928.0],[654.0,927.0],[653.0,927.0],[653.0,926.0],[652.0,926.0],[651.0,926.0],[651.0,924.0],[650.0,924.0],[650.0,921.0],[649.0,921.0],[649.0,920.0],[647.0,920.0],[647.0,921.0],[646.0,921.0],[646.0,922.0],[645.0,922.0],[645.0,924.0],[646.0,924.0],[646.0,925.0],[646.0,926.0],[647.0,926.0],[647.0,927.0],[646.0,927.0],[646.0,928.0],[645.0,928.0],[645.0,929.0],[644.0,929.0],[642.0,929.0],[642.0,930.0],[641.0,930.0],[641.0,931.0],[639.0,932.0],[639.0,931.0],[637.0,931.0],[637.0,930.0],[636.0,930.0],[636.0,929.0],[635.0,929.0],[635.0,928.0],[635.0,924.0],[634.0,924.0],[634.0,923.0],[633.0,923.0],[633.0,922.0],[631.0,922.0],[631.0,921.0],[631.0,919.0],[631.0,918.0],[632.0,918.0],[632.0,917.0],[631.0,917.0],[631.0,916.0],[631.0,915.0],[630.0,915.0],[630.0,914.0],[629.0,914.0],[629.0,912.0],[630.0,912.0],[630.0,911.0],[630.0,910.0],[631.0,910.0],[631.0,909.0],[632.0,909.0],[632.0,908.0],[633.0,908.0],[633.0,902.0],[632.0,902.0],[632.0,901.0],[632.0,900.0],[631.0,900.0],[631.0,898.0],[632.0,898.0],[632.0,897.0],[633.0,897.0],[633.0,896.0],[634.0,896.0],[634.0,895.0],[635.0,895.0],[635.0,893.0],[634.0,893.0],[634.0,892.0],[634.0,891.0],[633.0,891.0],[633.0,890.0],[631.0,890.0],[631.0,891.0],[630.0,891.0],[630.0,892.0],[629.5,892.0],[629.0,894.0],[627.0,894.0],[626.0,894.0],[626.0,893.0],[626.0,892.0],[625.0,892.0],[625.0,891.0],[625.0,890.0],[624.0,890.0],[624.0,889.0],[621.0,889.0],[621.0,890.0],[620.0,890.0],[620.0,891.0],[619.0,891.0],[619.0,892.0],[618.0,892.0],[618.0,895.0],[619.0,895.0],[619.0,899.0],[619.0,900.0],[618.0,900.0],[618.0,901.0],[617.0,901.0],[613.0,901.0],[613.0,902.0],[610.0,902.0],[610.0,903.0],[609.0,903.0],[609.0,902.0],[605.0,902.0],[604.0,902.0],[604.0,901.0],[603.0,901.0],[603.0,900.0],[602.0,900.0],[602.0,899.0],[600.0,899.0],[600.0,900.0],[599.0,900.0],[599.0,903.0],[596.0,903.0],[596.0,904.0],[595.0,904.0],[595.0,905.0],[594.0,905.0],[594.0,904.0],[590.0,904.0],[590.0,905.0],[589.0,905.0],[589.0,906.0],[588.0,906.0],[584.0,906.0],[584.0,904.0],[583.0,904.0],[583.0,903.0],[584.0,903.0],[584.0,902.0],[585.0,902.0],[586.0,902.0],[586.0,901.0],[587.0,901.0],[587.0,900.0],[586.0,900.0],[586.0,899.0],[585.0,899.0],[585.0,898.0],[584.0,898.0],[583.5,897.0],[582.0,897.0],[582.0,896.0],[581.0,896.0],[581.0,895.0],[581.0,888.0],[580.0,888.0],[580.0,887.0],[579.0,887.0],[579.0,886.0],[576.0,886.0],[575.0,886.0],[575.0,884.0],[574.0,884.0],[574.0,883.0],[573.0,883.0],[573.0,882.0],[570.0,882.0],[570.0,883.0],[569.0,883.0],[568.0,883.0],[568.0,884.0],[566.0,884.0],[566.0,883.0],[565.0,883.0],[565.0,882.0],[565.0,879.0],[564.0,879.0],[564.0,878.0],[563.0,878.0],[563.0,877.0],[562.0,877.0],[562.0,876.0],[559.0,876.0],[559.0,877.0],[558.0,877.0],[558.0,878.0],[557.0,878.0],[557.0,881.0],[557.0,882.0],[556.0,882.0],[556.0,883.0],[555.0,883.0],[554.0,883.0],[554.0,884.0],[553.0,884.0],[553.0,883.0],[551.0,883.0],[551.0,884.0],[550.0,884.0],[550.0,885.0],[549.0,885.0],[549.0,886.0],[548.0,886.0],[547.0,886.0],[547.0,887.0],[546.0,887.0],[546.0,890.0],[546.0,891.0],[545.0,891.0],[545.0,892.0],[545.0,893.0],[544.0,893.0],[542.0,893.0],[542.0,892.0],[541.0,892.0],[541.0,891.0],[540.0,891.0],[540.0,890.0],[537.0,890.0],[536.0,890.0],[536.0,889.0],[535.0,889.0],[535.0,888.0],[533.0,888.0],[532.0,888.0],[532.0,887.0],[529.0,887.0],[529.0,888.0],[528.0,888.0],[528.0,889.0],[527.0,889.0],[525.0,889.0],[525.0,890.0],[524.0,890.0],[524.0,894.0],[525.0,894.0],[525.0,895.0],[526.0,895.0],[526.0,896.0],[527.0,896.0],[527.0,897.0],[527.0,899.0],[528.0,899.0],[528.0,900.0],[527.0,900.0],[524.0,900.0],[524.0,901.0],[523.0,901.0],[523.0,902.0],[522.0,902.0],[521.0,902.0],[521.0,903.0],[520.0,903.0],[520.0,904.0],[520.0,905.0],[520.0,906.0],[521.0,906.0],[521.0,907.5],[522.0,908.0],[522.0,913.0],[521.375,913.0],[521.125,915.0],[522.0,915.0],[522.0,916.0],[523.0,916.0],[523.0,917.0],[523.25,918.0],[524.0,918.0],[524.0,920.0],[525.0,920.0],[525.0,921.0],[525.0,922.0],[526.0,922.0],[526.0,923.0],[526.0,924.0],[527.0,924.0],[527.0,925.0],[528.0,925.0],[528.0,926.0],[531.0,926.0],[531.0,927.0],[537.0,927.0],[537.0,926.0],[538.0,926.0],[538.0,925.0],[539.0,925.0],[539.0,924.0],[540.0,924.0],[540.0,921.0],[540.0,920.0],[541.0,920.0],[541.0,918.0],[541.0,917.0],[542.0,917.0],[542.0,916.0],[544.0,916.0],[544.0,917.0],[545.0,917.0],[545.0,918.0],[545.0,923.0],[545.0,924.0],[544.0,924.0],[544.0,926.0],[544.0,927.0],[543.0,927.0],[543.0,928.0],[543.0,929.0],[542.0,929.0],[542.0,930.0],[541.0,930.0],[540.0,930.0],[540.0,931.0],[539.0,931.0],[523.0,931.0],[523.0,932.0],[522.0,932.0],[522.0,934.0],[523.0,934.0],[523.0,935.5],[524.0,936.0],[524.0,937.0],[527.0,937.0],[528.0,937.0],[528.0,938.0],[529.0,938.0],[530.0,938.0],[530.0,939.0],[529.0,939.0],[529.0,940.0],[528.0,940.0],[528.0,941.0],[527.0,941.0],[526.0,941.0],[525.0,941.0],[525.0,940.0],[521.0,940.0],[521.0,941.0],[520.0,941.0],[517.0,941.0],[517.0,940.0],[516.0,940.0],[516.0,939.0],[515.0,939.0],[515.0,938.0],[515.0,936.0],[514.0,936.0],[514.0,935.0],[514.0,930.0],[513.0,930.0],[513.0,929.0],[511.0,929.0],[510.0,929.0],[510.0,928.0],[508.0,928.0],[508.0,929.0],[507.0,929.0],[507.0,930.0],[506.0,930.0],[503.0,930.0],[501.0,930.0],[501.0,929.0],[500.0,929.0],[500.0,927.0],[498.0,927.0],[498.0,926.0],[497.0,926.0],[497.0,925.0],[497.0,924.0],[496.0,924.0],[496.0,923.0],[495.0,923.0],[495.0,922.0],[492.0,922.0],[491.0,922.0],[491.0,921.0],[488.0,921.0],[488.0,922.0],[486.5,922.0],[486.0,923.0],[485.0,923.0],[485.0,926.0],[482.0,926.0],[482.0,927.0],[481.0,927.0],[480.0,927.0],[479.0,927.0],[479.0,926.0],[478.0,926.0],[478.0,925.0],[477.0,925.0],[477.0,926.0],[476.0,926.0],[474.0,926.0],[474.0,925.0],[473.0,925.0],[473.0,924.0],[472.0,924.0],[471.5,923.0],[470.0,923.0],[470.0,922.0],[466.0,922.0],[466.0,921.0],[465.0,921.0],[465.0,920.0],[466.0,920.0],[466.0,918.0],[467.0,917.5],[467.0,917.0],[468.0,917.0],[468.0,915.0],[468.0,914.0],[468.0,913.0],[467.0,913.0],[467.0,912.0],[466.0,912.0],[466.0,911.0],[465.0,911.0],[465.0,910.0],[465.0,906.0],[466.0,905.5],[466.0,904.0],[467.0,904.0],[467.0,902.0],[467.0,901.0],[468.0,901.0],[468.0,899.0],[467.0,899.0],[467.0,898.0],[463.0,898.0],[462.5,897.0],[462.0,897.0],[462.0,896.0],[461.0,896.0],[461.0,895.0],[459.0,895.0],[459.0,893.0],[459.0,892.0],[460.0,892.0],[460.0,891.0],[461.0,891.0],[461.0,890.0],[462.0,890.0],[462.0,885.0],[461.0,885.0],[461.0,884.0],[458.0,884.0],[458.0,885.0],[457.0,885.0],[456.0,885.0],[456.0,884.0],[455.0,884.0],[455.0,883.0],[455.0,881.0],[454.0,881.0],[454.0,880.0],[454.0,879.0],[453.0,879.0],[453.0,878.0],[453.0,876.0],[452.0,876.0],[452.0,875.0],[451.0,875.0],[451.0,874.0],[448.0,874.0],[447.0,874.0],[447.0,873.0],[446.0,873.0],[446.0,872.0],[445.0,872.0],[445.0,871.0],[445.0,865.0],[444.0,865.0],[444.0,864.0],[444.0,862.0],[443.0,862.0],[443.0,861.0],[443.0,860.0],[443.0,859.0],[444.0,859.0],[444.0,858.0],[445.0,858.0],[445.0,857.0],[446.0,857.0],[446.0,856.0],[447.0,856.0],[447.0,851.0],[446.0,851.0],[446.0,850.0],[445.0,850.0],[445.0,849.0],[444.0,849.0],[444.0,848.0],[443.0,848.0],[443.0,847.0],[443.0,845.0],[442.0,845.0],[442.0,844.0],[442.0,838.0],[441.0,838.0],[441.0,836.0],[442.0,836.0],[442.0,833.0],[443.0,832.5],[443.0,831.0],[444.0,831.0],[444.0,824.0],[443.0,824.0],[443.0,823.0],[441.0,823.0],[441.0,824.0],[440.0,824.0],[440.0,825.0],[439.0,825.0],[439.0,826.0],[437.0,826.0],[435.0,826.0],[435.0,825.0],[434.0,825.0],[434.0,824.0],[433.0,824.0],[433.0,823.0],[433.0,822.0],[433.0,820.0],[432.0,820.0],[432.0,818.0],[432.0,816.0],[431.0,816.0],[431.0,815.0],[431.0,814.0],[430.0,814.0],[430.0,813.0],[430.0,812.0],[429.0,812.0],[429.0,811.0],[428.0,811.0],[427.5,810.0],[427.0,810.0],[427.0,809.0],[426.0,809.0],[426.0,808.0],[425.0,808.0],[425.0,807.0],[424.0,807.0],[424.0,806.0],[423.0,806.0],[422.5,804.0],[422.0,804.0],[422.0,803.0],[421.0,803.0],[421.0,802.0],[421.0,798.0],[420.0,798.0],[420.0,797.0],[421.0,797.0],[421.0,796.0],[421.0,795.0],[422.0,795.0],[422.0,793.0],[421.0,793.0],[421.0,792.0],[421.0,791.0],[421.0,790.0],[422.0,790.0],[422.0,784.0],[421.0,784.0],[421.0,783.0],[420.0,783.0],[420.0,782.0],[419.0,782.0],[419.0,783.0],[418.0,783.0],[418.0,786.0],[418.0,787.0],[417.0,787.0],[417.0,788.0],[416.0,788.0],[416.0,790.0],[415.25,790.0],[415.0,791.0],[415.0,792.0],[414.0,792.0],[414.0,793.0],[411.0,793.0],[411.0,792.0],[405.0,792.0],[405.0,793.0],[404.0,793.0],[404.0,794.0],[403.0,794.0],[403.0,799.0],[403.0,800.0],[402.0,800.0],[401.0,800.0],[401.0,801.0],[400.0,801.0],[400.0,802.0],[399.5,802.0],[399.0,804.0],[399.0,805.0],[398.0,805.0],[398.0,807.0],[398.0,808.0],[398.0,809.0],[397.0,809.0],[397.0,816.0],[398.0,816.0],[398.0,817.5],[399.0,818.0],[399.0,819.0],[400.0,819.0],[400.0,822.0],[400.0,823.0],[399.0,823.0],[398.0,823.0],[398.0,822.0],[397.0,822.0],[397.0,821.0],[396.0,821.0],[396.0,820.0],[396.0,817.0],[395.0,817.0],[395.0,815.0],[394.0,815.0],[394.0,814.0],[394.0,809.0],[393.0,809.0],[393.0,808.0],[392.0,808.0],[392.0,807.0],[391.0,807.0],[391.0,806.0],[389.0,806.0],[388.0,806.0],[387.0,806.0],[387.0,808.0],[387.0,809.0],[386.0,809.0],[386.0,810.0],[385.0,810.0],[385.0,811.0],[384.0,811.0],[384.0,810.0],[383.0,810.0],[383.0,809.0],[383.0,806.0],[382.0,806.0],[382.0,805.0],[381.0,805.0],[381.0,804.0],[381.0,800.0],[380.0,800.0],[380.0,799.0],[378.0,799.0],[377.0,799.0],[377.0,798.0],[374.0,798.0],[373.0,798.0],[373.0,797.0],[372.0,797.0],[371.0,797.0],[371.0,795.0],[370.0,795.0],[370.0,794.0],[369.0,794.0],[369.0,793.0],[368.0,793.0],[367.0,793.0],[367.0,791.0],[367.0,790.0],[366.0,790.0],[366.0,789.0],[365.0,789.0],[365.0,788.0],[364.0,788.0],[364.0,787.0],[363.0,787.0],[363.0,786.0],[362.0,786.0],[362.0,787.0],[361.0,787.0],[361.0,788.0],[361.0,789.0],[360.0,789.0],[360.0,790.0],[359.0,790.0],[359.0,791.0],[358.0,791.0],[358.0,792.0],[357.0,792.0],[357.0,793.0],[357.0,794.0],[356.0,794.0],[354.0,794.0],[354.0,793.0],[350.0,793.0],[350.0,794.0],[349.0,794.0],[349.0,795.0],[348.0,795.0],[348.0,796.0],[347.0,796.0],[347.0,798.0],[347.0,799.0],[346.0,799.0],[346.0,806.0],[347.0,806.0],[347.0,807.0],[349.0,807.0],[350.0,807.0],[350.0,808.0],[351.0,808.0],[352.0,808.0],[352.0,809.0],[352.0,810.0],[353.0,810.0],[353.0,811.0],[354.0,811.0],[355.0,811.0],[355.0,812.0],[354.0,812.0],[354.0,813.0],[352.0,813.0],[352.0,812.5],[350.0,812.0],[349.5,811.0],[348.0,811.0],[348.0,810.0],[347.0,810.0],[346.0,810.0],[346.0,809.0],[341.0,809.0],[340.0,809.0],[340.0,808.0],[339.0,808.0],[339.0,807.0],[338.0,807.0],[338.0,806.0],[337.0,806.0],[336.0,806.0],[336.0,805.0],[334.0,805.0],[334.0,804.0],[332.0,804.0],[332.0,803.0],[331.0,803.0],[330.0,803.0],[330.0,802.0],[329.0,802.0],[328.0,802.0],[328.0,801.0],[327.0,801.0],[327.0,800.0],[326.0,800.0],[326.0,799.0],[322.0,799.0],[322.0,800.0],[321.0,800.0],[321.0,799.0],[321.0,798.0],[320.0,798.0],[320.0,797.0],[319.0,797.0],[318.0,797.0],[318.0,796.0],[318.0,795.0],[318.0,793.0],[318.0,791.0],[317.0,791.0],[317.0,790.0],[314.0,790.0],[314.0,791.0],[313.0,791.0],[313.0,795.0],[312.0,795.0],[312.0,796.0],[311.0,796.0],[311.0,797.0],[310.0,797.0],[310.0,798.0],[309.0,798.0],[309.0,799.0],[308.0,799.0],[308.0,800.0],[307.0,800.0],[307.0,801.0],[306.0,801.0],[306.0,802.0],[305.0,802.0],[305.0,804.0],[305.0,805.0],[304.0,805.0],[304.0,806.0],[303.0,806.0],[303.0,807.0],[302.0,807.0],[302.0,808.0],[302.0,809.0],[301.0,809.0],[301.0,811.0],[302.0,811.0],[302.0,812.0],[302.0,814.0],[302.0,815.0],[301.0,815.0],[301.0,817.0],[301.0,818.0],[299.0,818.0],[299.0,819.0],[298.0,819.0],[297.0,819.0],[296.0,819.0],[296.0,820.0],[295.0,820.0],[295.0,821.0],[295.0,822.0],[294.0,822.0],[292.0,822.5],[292.0,823.0],[291.0,823.0],[291.0,824.0],[290.0,824.0],[290.0,825.0],[289.0,825.0],[289.0,826.0],[288.0,826.0],[288.0,827.0],[287.0,827.0],[286.0,827.0],[286.0,828.0],[285.0,828.0],[285.0,829.0],[284.0,829.0],[284.0,830.0],[284.0,831.0],[283.0,831.0],[283.0,833.0],[284.0,833.0],[284.0,834.0],[287.0,834.0],[288.0,834.0],[291.0,834.0],[291.0,835.0],[292.0,835.0],[292.0,836.0],[293.0,836.0],[293.0,837.0],[297.0,837.0],[297.0,838.0],[298.0,838.0],[298.0,840.0],[299.0,840.0],[299.0,841.0],[300.0,841.0],[300.0,842.0],[301.0,842.0],[301.0,841.0],[302.0,841.0],[302.0,840.0],[303.0,840.0],[303.0,839.0],[304.0,839.0],[305.0,839.0],[305.0,838.0],[306.0,838.0],[306.0,839.0],[308.0,839.0],[308.0,838.0],[308.5,838.0],[309.0,837.0],[310.0,837.0],[310.0,836.0],[311.0,836.0],[311.0,837.0],[311.0,840.0],[312.0,840.0],[312.0,841.0],[312.0,842.0],[313.0,842.0],[313.0,843.0],[314.0,843.0],[314.0,844.0],[315.0,844.0],[315.0,845.0],[316.0,845.0],[316.0,844.0],[317.0,844.0],[317.0,843.0],[317.0,842.0],[318.0,842.0],[318.0,841.0],[319.0,841.0],[319.0,840.0],[320.0,840.0],[320.0,841.0],[320.0,845.0],[320.0,846.0],[319.0,846.0],[319.0,847.0],[318.0,847.0],[317.0,847.0],[317.0,848.0],[315.0,848.0],[315.0,849.0],[313.5,849.0],[313.0,850.0],[308.0,850.0],[308.0,851.0],[307.0,851.0],[307.0,852.0],[306.0,852.0],[306.0,853.0],[305.5,853.0],[305.0,854.0],[303.0,854.0],[303.0,855.0],[302.0,855.0],[302.0,856.0],[301.0,856.0],[301.0,857.0],[300.0,857.0],[300.0,865.0],[301.0,865.0],[301.0,871.0],[302.0,871.0],[302.0,872.5],[303.0,873.0],[303.0,875.0],[302.0,875.0],[302.0,876.0],[301.0,876.0],[301.0,875.0],[301.0,874.0],[300.0,874.0],[300.0,872.5],[299.0,872.0],[299.0,871.0],[292.0,871.0],[292.0,872.0],[291.5,872.0],[291.0,873.0],[291.0,874.0],[290.0,874.0],[290.0,875.0],[289.0,875.0],[289.0,877.0],[289.0,878.0],[289.0,881.0],[288.0,881.0],[288.0,882.0],[287.0,882.0],[286.0,882.0],[285.5,881.0],[284.0,881.0],[284.0,880.0],[283.0,880.0],[282.0,880.0],[282.0,879.0],[280.0,879.0],[280.0,880.0],[279.0,880.0],[279.0,881.0],[278.0,881.0],[278.0,885.0],[279.0,885.0],[279.0,888.0],[280.0,888.0],[280.0,889.0],[281.0,889.0],[281.0,890.0],[281.0,891.0],[282.0,891.0],[282.0,892.0],[282.0,900.0],[282.0,901.0],[281.0,901.0],[281.0,902.0],[280.0,902.0],[280.0,904.0],[281.0,904.0],[281.0,905.0],[282.0,905.0],[282.0,906.0],[282.0,907.0],[282.0,908.0],[281.0,908.0],[273.0,908.0],[273.0,909.0],[272.0,909.0],[272.0,910.0],[272.0,911.0],[271.0,911.0],[271.0,912.0],[270.0,912.0],[270.0,913.0],[270.0,914.0],[269.0,914.0],[269.0,915.0],[268.0,915.0],[268.0,916.0],[267.0,916.0],[267.0,919.0],[267.0,920.0],[266.0,920.0],[266.0,922.0],[267.0,922.0],[267.0,923.0],[266.0,923.0],[266.0,926.0],[266.0,927.0],[265.0,927.0],[265.0,928.0],[265.0,929.0],[264.0,929.0],[264.0,930.0],[263.0,930.0],[263.0,934.0],[264.0,934.0],[264.0,935.0],[266.0,935.0],[266.0,934.0],[267.0,934.0],[268.0,934.0],[268.0,933.0],[269.0,933.0],[269.0,932.0],[270.0,932.0],[270.0,931.0],[271.0,931.0],[271.0,930.0],[272.0,930.0],[272.0,928.0],[272.0,927.0],[273.0,927.0],[276.0,927.0],[276.0,926.0],[281.0,926.0],[281.5,927.0],[282.0,927.0],[282.0,928.0],[283.0,928.0],[284.0,928.0],[286.0,928.0],[286.0,927.0],[287.0,927.0],[287.0,926.0],[288.0,926.0],[288.0,925.0],[289.0,925.0],[289.0,926.0],[289.0,929.0],[289.0,931.0],[289.0,932.0],[289.0,933.0],[288.0,933.0],[288.0,934.0],[287.0,934.0],[287.0,935.0],[287.0,936.0],[286.0,936.0],[286.0,947.0],[287.0,947.0],[287.0,948.0],[288.0,948.0],[288.0,949.0],[288.0,952.0],[286.0,952.0],[286.0,953.0],[285.0,953.0],[281.0,953.0],[281.0,954.0],[280.0,954.0],[278.0,954.5],[278.0,955.0],[277.0,955.0],[277.0,956.0],[276.0,956.0],[276.0,957.0],[275.0,957.0],[275.0,958.0],[274.0,958.0],[274.0,960.0],[275.0,960.0],[275.0,961.0],[276.0,961.0],[276.0,962.0],[276.0,964.0],[275.0,964.0],[275.0,968.0],[276.0,968.0],[276.0,969.0],[279.0,969.0],[279.0,968.0],[280.0,968.0],[280.0,967.0],[281.0,967.0],[281.0,966.0],[282.0,966.0],[282.0,965.0],[283.0,965.0],[284.0,965.0],[284.0,964.0],[285.0,964.0],[286.0,964.0],[286.0,966.0],[285.0,966.0],[285.0,969.0],[284.0,969.0],[284.0,971.0],[285.0,971.0],[285.0,972.0],[286.0,972.0],[287.0,972.0],[287.0,974.0],[286.0,974.0],[286.0,976.0],[286.0,977.0],[285.0,977.0],[285.0,978.0],[285.0,979.0],[284.0,979.0],[284.0,980.0],[284.0,981.0],[283.0,981.0],[283.0,982.0],[282.0,982.0],[282.0,983.0],[281.0,983.0],[281.0,984.0],[280.0,984.0],[280.0,986.0],[279.0,986.5],[279.0,987.0],[278.0,987.0],[278.0,988.0],[276.0,988.0],[276.0,989.0],[275.0,989.0],[275.0,990.0],[274.0,990.0],[274.0,991.0],[273.0,991.0],[273.0,992.0],[272.0,992.0],[272.0,993.0],[271.0,993.0],[271.0,994.0],[270.0,994.0],[270.0,997.0],[269.0,997.0],[269.0,1000.0],[267.0,1000.0],[266.5,999.0],[265.0,999.0],[265.0,998.0],[265.0,997.0],[264.0,997.0],[264.0,996.0],[262.0,996.0],[261.0,996.0],[261.0,995.0],[260.0,995.0],[260.0,991.0],[260.6666666666667,991.0],[260.8333333333333,990.0],[260.0,990.0],[260.0,989.0],[256.0,989.0],[256.0,990.0],[255.0,990.0],[255.0,988.0],[254.0,988.0],[254.0,987.0],[249.0,987.0],[248.0,987.0],[248.0,986.0],[245.0,986.0],[244.5,985.0],[243.0,985.0],[243.0,984.0],[241.0,984.0],[241.0,985.0],[240.0,985.0],[240.0,988.0],[241.0,988.0],[241.0,989.0],[242.0,989.0],[242.0,990.0],[244.0,990.0],[244.0,991.0],[244.0,997.0],[245.0,997.0],[245.0,998.0],[246.0,998.0],[246.0,999.0],[248.0,999.0],[248.0,999.75],[249.0,1000.0],[252.0,1000.0],[252.0,1000.75],[253.0,1001.0],[254.0,1001.0],[254.0,1002.0],[254.0,1003.0],[255.0,1003.0],[255.0,1004.0],[257.0,1004.0],[259.0,1004.0],[259.0,1005.0],[263.0,1005.0],[263.0,1006.0],[264.0,1006.0],[264.0,1010.0],[265.0,1010.0],[265.0,1012.0],[266.0,1012.0],[266.0,1013.0],[267.0,1013.0],[268.0,1013.0],[268.0,1014.0],[269.0,1014.0],[269.0,1015.0],[269.0,1020.0],[270.0,1020.0],[270.0,1021.0],[270.0,1023.0],[271.0,1023.0],[271.0,1024.0],[271.0,1025.0],[272.0,1025.0],[272.0,1026.5],[273.0,1027.0],[273.0,1028.0],[274.0,1028.0],[274.0,1029.0],[275.0,1029.0],[276.0,1029.0],[276.0,1030.0],[276.0,1031.0],[277.0,1031.0],[277.0,1035.0],[278.0,1035.0],[278.0,1036.0],[279.0,1036.0],[281.0,1036.0],[285.0,1036.0],[285.0,1035.0],[285.5,1035.0],[286.0,1034.0],[286.0,1033.0],[287.0,1033.0],[287.0,1032.0],[287.0,1031.0],[288.0,1031.0],[288.0,1030.0],[290.0,1030.0],[290.0,1031.0],[293.0,1031.0],[294.0,1031.0],[294.0,1032.0],[296.0,1032.0],[296.0,1031.0],[297.0,1031.0],[300.0,1031.0],[300.0,1030.0],[302.0,1030.0],[302.0,1031.0],[302.0,1032.0],[303.0,1032.0],[303.0,1033.0],[304.0,1033.0],[304.0,1034.0],[304.0,1035.0],[305.0,1035.0],[305.0,1037.0],[305.0,1038.0],[304.0,1038.0],[304.0,1039.0],[303.0,1039.0],[302.0,1039.0],[302.0,1040.0],[301.0,1040.0],[301.0,1041.0],[300.0,1041.0],[300.0,1042.0],[299.0,1042.0],[299.0,1045.0],[300.0,1045.0],[300.0,1046.0],[301.0,1046.0],[301.0,1045.0],[302.0,1045.0],[303.0,1045.0],[303.0,1044.0],[304.0,1044.0],[305.0,1044.0],[305.0,1043.0],[306.0,1043.0],[308.0,1043.0],[308.0,1042.0],[310.0,1042.0],[311.0,1042.0],[311.0,1041.0],[312.0,1041.0],[312.0,1040.0],[313.0,1040.0],[313.0,1039.0],[314.0,1039.0],[314.0,1038.0],[315.0,1038.0],[315.0,1037.0],[316.0,1037.0],[316.0,1036.0],[317.0,1036.0],[317.0,1035.0],[318.0,1035.0],[318.0,1034.0],[318.5,1034.0],[319.0,1032.0],[319.0,1031.0],[320.0,1031.0],[320.0,1030.0],[322.0,1030.0],[323.0,1030.0],[323.0,1031.0],[326.0,1031.0],[326.0,1030.0],[327.0,1030.0],[329.0,1030.0],[329.25,1031.0],[330.0,1031.0],[330.0,1033.0],[331.0,1033.0],[331.0,1034.0],[331.0,1035.0],[332.0,1035.0],[332.0,1036.0],[333.0,1036.0],[333.0,1037.0],[334.0,1037.0],[334.0,1038.0],[335.0,1038.0],[335.0,1039.0],[337.0,1039.0],[337.0,1038.0],[338.0,1038.0],[339.0,1038.0],[339.0,1037.0],[340.0,1037.0],[340.0,1036.0],[341.0,1036.0],[343.0,1035.6666666666667],[343.0,1035.0],[346.0,1035.0],[346.0,1034.0],[347.0,1034.0],[347.0,1032.0],[347.0,1031.0],[347.0,1029.0],[347.0,1028.0],[348.0,1028.0],[348.0,1027.0],[349.0,1027.0],[349.0,1025.0],[350.0,1025.0],[350.0,1021.0],[349.0,1021.0],[349.0,1020.0],[348.0,1020.0],[348.0,1019.0],[347.0,1019.0],[347.0,1018.0],[346.0,1018.0],[346.0,1017.0],[346.0,1015.0],[346.0,1014.0],[347.0,1014.0],[347.0,1012.0],[346.0,1012.0],[346.0,1010.5],[345.0,1010.0],[345.0,1009.0],[344.0,1009.0],[344.0,1008.0],[342.0,1008.0],[342.0,1007.0],[341.0,1007.0],[341.0,1005.0],[340.0,1005.0],[340.0,1004.0],[340.0,1002.0],[340.0,1001.0],[341.0,1001.0],[341.0,1002.0],[342.0,1002.0],[342.5,1003.0],[344.0,1003.0],[344.0,1004.0],[345.0,1004.0],[345.0,1005.0],[345.0,1006.0],[346.0,1006.0],[346.0,1007.0],[347.0,1007.0],[347.0,1008.0],[355.0,1008.0],[355.0,1007.0],[356.0,1007.0],[356.0,1005.0],[355.0,1005.0],[355.0,1004.0],[355.0,1003.0],[356.0,1003.0],[356.0,999.0],[357.0,998.5],[357.0,997.0],[358.0,997.0],[358.0,996.0],[359.0,996.0],[359.0,995.0],[358.0,995.0],[358.0,994.0],[357.0,994.0],[357.0,993.0],[354.0,993.0],[353.0,993.0],[353.0,992.0],[352.0,992.0],[351.0,992.0],[351.0,991.0],[350.0,991.0],[350.0,990.0],[349.0,990.0],[347.0,990.0],[347.0,989.0],[346.0,989.0],[346.0,988.0],[345.0,988.0],[345.0,986.5],[344.0,986.0],[344.0,985.0],[343.0,985.0],[342.0,985.0],[342.0,984.0],[341.5,982.0],[341.0,982.0],[341.0,981.0],[340.0,981.0],[340.0,980.0],[340.0,979.0],[339.0,979.0],[339.0,978.0],[339.0,977.0],[338.0,977.0],[338.0,976.0],[338.0,974.0],[339.0,974.0],[339.0,973.0],[341.0,973.0],[341.0,974.0],[342.0,974.0],[342.0,975.0],[341.0,975.0],[341.0,977.0],[342.0,977.0],[342.0,978.0],[342.0,979.0],[343.0,979.0],[343.0,980.0],[344.0,980.0],[344.0,981.0],[345.0,981.0],[346.0,981.0],[346.0,982.0],[349.0,982.0],[349.0,981.0],[350.0,981.0],[351.0,981.0],[351.0,980.0],[352.0,980.0],[353.0,980.0],[353.0,979.0],[355.0,979.0],[355.0,978.0],[356.0,978.0],[356.0,979.0],[357.0,977.0],[358.0,977.0],[358.0,979.0],[358.0,987.0],[359.0,987.0],[359.0,988.0],[360.0,988.0],[361.0,988.0],[361.0,989.0],[364.0,989.0],[364.0,988.0],[365.0,988.0],[365.0,987.0],[366.0,987.0],[366.0,986.0],[367.0,986.0],[367.0,985.0],[367.0,984.0],[368.0,984.0],[368.0,985.0],[372.0,985.0],[373.0,985.0],[373.0,986.0],[375.0,986.0],[376.0,986.0],[376.0,987.0],[377.0,987.0],[377.0,988.0],[376.0,988.0],[371.0,988.0],[371.0,989.0],[370.0,989.0],[370.0,990.0],[369.0,990.0],[367.0,990.0],[367.0,991.0],[366.0,991.0],[366.0,992.0],[367.0,992.0],[367.0,993.0],[366.0,993.0],[366.0,995.0],[366.0,996.0],[365.0,996.0],[365.0,1000.0],[366.0,1000.0],[366.0,1001.0],[367.0,1001.0],[367.0,1002.0],[368.0,1002.0],[369.0,1002.0],[369.0,1003.0],[371.0,1003.0],[372.0,1003.0],[372.0,1004.0],[373.0,1004.0],[374.0,1004.0],[374.0,1005.0],[375.0,1005.0],[375.0,1004.0],[376.0,1004.0],[376.0,1005.0],[380.0,1005.0],[381.0,1005.0],[381.0,1006.0],[380.0,1006.0],[380.0,1007.0],[379.0,1007.0],[379.0,1008.0],[378.0,1008.0],[378.0,1009.0],[376.0,1009.0]],[[379.0,988.0],[379.0,989.0],[377.0,989.0],[377.0,988.0],[379.0,988.0]],[[380.0,989.0],[380.0,990.0],[379.0,990.0],[379.0,989.0],[380.0,989.0]]],[[[370.0,1013.0],[370.0,1012.0],[372.0,1012.0],[372.0,1011.0],[373.0,1011.0],[373.0,1010.0],[373.0,1008.0],[372.0,1008.0],[372.0,1007.0],[371.0,1007.0],[371.0,1006.0],[370.0,1006.0],[370.0,1005.0],[367.0,1005.0],[367.0,1006.0],[366.0,1006.0],[366.0,1007.0],[365.0,1007.0],[363.0,1007.0],[363.0,1008.0],[362.0,1008.0],[362.0,1010.0],[361.0,1010.0],[361.0,1013.0],[362.0,1013.0],[362.0,1014.0],[363.0,1014.0],[363.0,1015.0],[364.0,1015.0],[364.0,1014.0],[367.0,1014.0],[367.0,1013.0],[369.0,1013.0],[370.0,1013.0]]],[[[640.0,968.0],[641.0,968.0],[641.0,969.0],[642.0,969.0],[642.0,970.0],[644.0,970.0],[644.0,969.0],[645.0,969.0],[645.0,968.0],[646.0,968.0],[646.0,966.0],[645.0,966.0],[645.0,965.0],[645.0,964.0],[644.0,964.0],[644.0,963.0],[643.0,963.0],[642.0,963.0],[642.0,962.0],[639.0,962.0],[639.0,963.0],[638.0,963.0],[638.0,967.0],[639.0,967.0],[639.0,967.5],[640.0,968.0]]],[[[580.0,991.0],[581.0,991.0],[581.0,992.0],[582.0,992.0],[582.0,993.0],[583.0,993.0],[583.0,994.0],[584.0,994.0],[584.0,995.0],[585.0,995.0],[585.0,996.0],[587.0,996.0],[587.0,996.75],[588.0,997.0],[589.0,997.0],[589.0,998.0],[592.0,998.0],[592.0,997.0],[593.0,997.0],[593.0,996.0],[594.0,996.0],[594.0,995.0],[595.0,995.0],[596.0,995.0],[596.0,994.0],[597.0,994.0],[601.0,994.0],[601.0,994.6666666666666],[603.0,995.0],[603.0,994.0],[604.0,994.0],[604.0,993.0],[605.0,993.0],[605.0,991.0],[604.0,991.0],[604.0,990.0],[603.0,990.0],[603.0,989.0],[602.0,989.0],[602.0,988.0],[601.0,988.0],[601.0,987.0],[596.0,987.0],[596.0,988.0],[595.0,988.0],[594.0,988.0],[594.0,989.0],[593.0,989.0],[591.0,989.0],[590.0,989.0],[590.0,988.0],[589.0,988.0],[588.0,988.0],[588.0,987.0],[588.0,985.0],[589.0,985.0],[589.0,984.0],[590.0,984.0],[590.0,980.0],[589.0,980.0],[589.0,979.0],[585.0,979.0],[585.0,980.0],[584.0,980.0],[583.0,980.0],[583.0,981.0],[582.0,981.0],[582.0,983.0],[581.0,983.0],[581.0,988.0],[581.0,989.0],[580.0,989.0],[580.0,991.0]]],[[[615.0,994.0],[616.0,994.0],[616.0,995.0],[619.0,995.0],[619.0,994.0],[621.0,994.0],[621.0,993.0],[622.0,993.0],[622.0,992.0],[623.0,992.0],[623.0,991.0],[622.0,991.0],[622.0,990.0],[621.0,990.0],[621.0,989.0],[620.0,989.0],[620.0,988.0],[619.0,988.0],[619.0,987.0],[618.0,987.0],[618.0,986.5],[616.0,986.0],[616.0,984.0],[615.0,984.0],[615.0,983.0],[614.0,983.0],[614.0,984.0],[613.0,984.0],[613.0,987.0],[613.0,988.0],[612.0,988.0],[612.0,989.0],[613.0,989.0],[613.0,990.0],[613.0,993.0],[614.0,993.0],[614.0,994.0],[615.0,994.0]]],[[[638.0,992.0],[639.0,992.0],[639.0,993.0],[640.0,993.0],[640.0,994.0],[642.0,994.0],[642.0,993.0],[643.0,993.0],[643.0,992.0],[643.5,992.0],[644.0,990.0],[644.0,989.0],[645.0,989.0],[645.0,988.0],[646.0,988.0],[646.0,987.0],[645.0,987.0],[645.0,986.0],[644.0,986.0],[644.0,985.0],[641.0,985.0],[640.0,985.0],[640.0,984.0],[639.0,984.0],[639.0,985.0],[638.0,985.0],[638.0,987.0],[638.0,988.0],[637.0,988.0],[637.0,990.0],[638.0,990.0],[638.0,991.0],[638.0,992.0]]],[[[598.0,1011.0],[598.0,1010.0],[599.0,1010.0],[599.0,1009.0],[600.0,1009.0],[600.0,1008.0],[601.0,1008.0],[601.0,1007.0],[604.0,1007.0],[604.0,1006.0],[605.0,1006.0],[606.0,1006.0],[606.0,1005.0],[607.0,1005.0],[607.0,1001.0],[606.0,1001.0],[606.0,1000.0],[605.0,1000.0],[605.0,999.0],[604.0,999.0],[604.0,1000.0],[603.0,1000.0],[602.0,1000.0],[602.0,1001.0],[601.0,1001.0],[600.0,1001.0],[600.0,1002.0],[599.0,1002.0],[599.0,1003.0],[598.0,1003.0],[598.0,1004.0],[597.0,1004.0],[597.0,1005.0],[596.0,1005.0],[596.0,1006.0],[595.0,1006.0],[595.0,1007.0],[594.0,1007.0],[594.0,1010.0],[595.0,1010.0],[595.0,1011.0],[598.0,1011.0]]],[[[514.0,1049.0],[516.0,1049.0],[516.0,1050.0],[516.0,1051.0],[517.0,1051.0],[517.0,1052.0],[518.0,1052.0],[522.0,1052.0],[522.0,1051.0],[523.0,1051.0],[523.0,1050.0],[523.0,1047.0],[522.0,1047.0],[522.0,1046.0],[521.0,1046.0],[521.0,1045.0],[520.0,1045.0],[520.0,1044.0],[519.0,1044.0],[519.0,1043.0],[515.0,1043.0],[513.0,1043.0],[513.0,1044.0],[512.0,1044.0],[512.0,1045.0],[511.0,1045.0],[511.0,1046.0],[510.0,1046.0],[510.0,1047.0],[511.0,1047.0],[511.0,1048.0],[513.0,1048.0],[513.0,1049.0],[514.0,1049.0]]],[[[458.0,1066.0],[458.0,1065.0],[459.0,1065.0],[459.0,1064.0],[461.0,1064.0],[461.0,1063.0],[462.0,1063.0],[462.0,1062.0],[463.0,1062.0],[463.0,1063.0],[465.0,1063.0],[465.0,1062.0],[466.0,1062.0],[466.0,1061.0],[467.0,1061.0],[467.0,1060.0],[466.0,1060.0],[466.0,1059.0],[464.0,1059.0],[458.0,1059.0],[457.0,1059.0],[457.0,1060.0],[456.0,1060.0],[456.0,1061.0],[455.0,1061.0],[455.0,1062.0],[454.0,1062.0],[454.0,1065.0],[455.0,1065.0],[455.0,1066.0],[458.0,1066.0]]]]}},{"type":"Feature","id":"country-017","properties":{"id":"country-017","name":"Unassigned","type":"country","status":"mask-defined","source":"countries-mask-shared-topology","extractionConfidence":"authoritative-mask","rgb":[178,0,255],"color":"#b200ff","polygonCount":5,"holeCount":1,"styleIndex":4,"displayClip":"authoritative-land-mask"},"geometry":{"type":"MultiPolygon","coordinates":[[[[557.0,445.0],[557.0,446.0],[557.0,447.0],[556.0,447.0],[556.0,450.0],[557.0,450.0],[557.0,451.0],[558.0,451.0],[559.0,451.0],[559.0,452.0],[560.0,452.0],[560.0,453.0],[561.0,453.0],[562.0,453.0],[562.0,454.0],[563.0,454.0],[563.0,453.0],[564.0,453.0],[564.0,454.0],[565.0,454.0],[566.0,454.0],[566.0,455.0],[567.0,455.0],[568.0,455.0],[568.0,456.0],[568.0,458.0],[569.0,458.0],[569.0,459.0],[573.0,459.0],[573.0,458.0],[574.0,458.0],[574.0,455.0],[574.0,454.0],[575.0,454.0],[575.0,453.0],[574.0,453.0],[574.0,452.0],[575.0,452.0],[575.0,450.0],[574.0,450.0],[574.0,449.0],[574.0,448.0],[574.0,447.0],[576.0,447.0],[576.0,448.0],[577.0,448.0],[578.0,448.0],[578.0,449.0],[579.0,449.0],[579.0,450.0],[583.0,450.0],[583.0,449.0],[584.0,449.0],[584.0,448.0],[583.0,448.0],[583.0,447.0],[582.0,447.0],[582.0,446.0],[581.0,446.0],[581.0,445.0],[580.0,445.0],[580.0,444.0],[579.0,444.0],[579.0,443.0],[578.0,443.0],[578.0,442.0],[577.0,442.0],[577.0,441.0],[577.0,440.0],[576.0,440.0],[576.0,439.0],[573.0,439.0],[573.0,440.0],[572.0,440.0],[572.0,441.0],[571.0,441.0],[570.0,441.0],[569.0,441.0],[569.0,440.0],[567.0,440.0],[566.0,440.0],[566.0,439.0],[566.0,438.0],[567.0,438.0],[567.0,437.0],[567.8333333333334,437.0],[567.6666666666666,436.0],[567.0,436.0],[567.0,433.0],[566.0,433.0],[566.0,432.0],[562.0,432.0],[562.0,433.0],[561.0,433.0],[560.0,433.0],[560.0,434.0],[559.0,434.0],[555.0,434.0],[555.0,435.0],[554.0,435.0],[554.0,439.0],[554.0,440.0],[553.0,440.0],[553.0,441.0],[552.0,441.0],[552.0,442.0],[551.0,442.0],[551.0,444.0],[552.0,444.0],[552.0,445.0],[557.0,445.0]]],[[[606.0,463.0],[606.0,462.0],[606.0,461.0],[607.0,461.0],[607.0,460.0],[608.0,460.0],[608.0,459.0],[610.0,458.5],[610.0,458.0],[611.0,458.0],[611.0,457.0],[612.5,457.0],[613.0,456.0],[614.0,456.0],[614.0,455.0],[615.0,455.0],[615.0,454.0],[616.0,454.0],[616.0,453.0],[617.0,453.0],[617.0,452.0],[618.0,452.0],[618.0,449.0],[617.0,449.0],[617.0,448.0],[616.0,448.0],[616.0,447.0],[612.0,447.0],[612.0,448.0],[611.5,448.0],[611.0,449.0],[603.0,449.0],[603.0,450.0],[601.0,450.0],[601.0,451.0],[600.5,451.0],[600.0,452.0],[599.0,452.0],[599.0,455.0],[598.5,455.0],[598.0,458.0],[593.0,458.0],[593.0,459.0],[593.0,460.0],[592.0,460.0],[592.0,463.0],[593.0,463.0],[593.0,464.0],[595.0,464.0],[595.0,464.5],[597.0,465.0],[597.0,466.0],[600.0,466.0],[600.0,465.0],[601.0,465.0],[603.0,465.0],[603.0,464.0],[604.5,464.0],[605.0,463.0],[606.0,463.0]]],[[[540.0,463.0],[541.0,463.0],[541.0,464.0],[542.0,464.0],[542.0,465.0],[544.0,465.0],[544.0,464.0],[545.0,464.0],[545.0,463.0],[546.0,463.0],[546.0,462.0],[547.0,462.0],[547.0,461.0],[546.0,461.0],[546.0,460.0],[547.0,460.0],[547.0,459.0],[548.0,459.0],[548.0,458.0],[547.0,458.0],[547.0,456.0],[548.0,456.0],[548.0,455.0],[548.625,455.0],[548.875,453.0],[548.0,453.0],[548.0,452.1666666666667],[547.0,452.3333333333333],[547.0,453.0],[544.0,453.0],[544.0,454.0],[543.0,454.0],[543.0,455.0],[542.0,455.0],[541.0,455.0],[541.0,456.0],[540.0,456.0],[540.0,463.0]]],[[[587.0,482.0],[586.0,482.0],[586.0,481.0],[583.0,481.0],[583.0,482.0],[582.0,482.0],[582.0,485.0],[583.0,485.0],[583.0,486.0],[587.0,486.0],[587.0,485.0],[587.0,483.0],[587.0,482.0]]],[[[553.0,493.0],[551.0,493.0],[551.0,491.0],[550.0,491.0],[550.0,490.0],[546.0,490.0],[546.0,491.0],[545.0,491.0],[545.0,490.0],[544.0,490.0],[544.0,489.0],[542.0,489.0],[542.0,488.0],[540.0,488.0],[540.0,489.0],[538.0,489.0],[538.0,490.0],[537.0,490.0],[537.0,493.0],[537.0,494.0],[536.0,494.0],[533.0,494.0],[533.0,495.0],[532.0,495.0],[532.0,496.0],[530.0,496.0],[530.0,495.0],[530.0,493.0],[530.0,492.0],[532.0,492.0],[532.0,491.0],[533.0,491.0],[533.0,489.0],[534.0,489.0],[534.0,488.0],[535.0,488.0],[535.0,487.0],[536.0,487.0],[536.0,486.0],[536.0,485.0],[536.0,484.0],[532.0,484.0],[532.0,485.0],[530.0,485.0],[530.0,481.0],[531.0,481.0],[531.0,480.0],[532.0,480.0],[532.0,478.0],[533.0,478.0],[535.0,478.0],[535.0,477.0],[536.0,477.0],[536.0,476.0],[537.0,476.0],[537.0,474.0],[536.0,474.0],[536.0,473.0],[535.0,473.0],[534.0,473.0],[534.0,472.0],[534.0,470.0],[533.0,470.0],[533.0,469.0],[531.0,469.0],[531.0,470.0],[530.0,470.0],[530.0,472.0],[529.0,472.0],[529.0,473.0],[528.0,473.0],[524.0,473.0],[524.0,474.0],[521.0,474.0],[521.0,473.0],[518.0,473.0],[518.0,474.0],[517.0,474.0],[517.0,477.0],[516.0,477.0],[516.0,478.0],[513.0,478.0],[513.0,477.0],[512.0,477.0],[512.0,478.0],[511.0,478.0],[511.0,480.0],[509.0,480.0],[509.0,481.0],[508.0,481.0],[508.0,482.0],[507.0,482.0],[507.0,487.0],[506.0,487.0],[506.0,488.0],[504.0,488.0],[504.0,486.0],[503.0,486.0],[503.0,485.0],[501.0,485.0],[501.0,486.0],[500.0,486.0],[500.0,488.0],[500.0,489.0],[499.0,489.0],[499.0,490.0],[498.0,490.0],[498.0,491.0],[497.0,491.0],[497.0,492.0],[496.0,492.0],[496.0,493.0],[495.0,493.0],[495.0,494.0],[494.0,494.0],[494.0,495.0],[494.0,497.0],[493.0,497.0],[493.0,498.0],[491.0,498.0],[490.0,498.0],[490.0,499.0],[489.0,499.0],[489.0,500.0],[488.0,500.0],[486.0,500.0],[486.0,501.0],[485.0,501.0],[485.0,503.0],[485.0,504.0],[485.0,505.0],[486.0,505.0],[486.0,508.0],[487.0,508.0],[487.0,512.0],[488.0,512.0],[487.0,520.0],[486.0,520.0],[486.0,522.0],[484.0,523.0],[484.0,526.0],[483.0,526.0],[483.0,527.0],[482.0,527.0],[481.0,529.0],[479.0,529.0],[478.0,533.0],[476.0,534.0],[476.0,536.0],[475.0,536.0],[475.0,538.0],[474.0,538.0],[474.0,540.0],[473.0,540.0],[473.0,546.0],[474.0,546.0],[474.0,549.0],[476.0,549.0],[476.0,550.0],[479.0,550.0],[479.0,551.0],[482.0,551.0],[482.0,552.0],[483.0,552.0],[483.0,553.0],[484.0,553.0],[484.0,554.0],[485.0,554.0],[485.0,555.0],[486.0,555.0],[486.0,556.0],[487.0,556.0],[487.0,557.0],[488.0,557.0],[489.0,559.0],[491.0,559.0],[491.0,560.0],[493.0,560.0],[493.0,561.0],[497.0,561.0],[497.0,562.0],[498.0,562.0],[498.0,563.0],[499.0,563.0],[500.0,565.0],[502.0,565.0],[502.0,566.0],[504.0,567.0],[504.0,571.0],[505.0,571.0],[505.0,573.0],[506.0,573.0],[506.0,574.0],[509.0,574.0],[509.0,575.0],[512.0,575.0],[512.0,576.0],[514.0,576.0],[514.0,577.0],[512.0,578.0],[512.0,580.0],[511.0,580.0],[511.0,581.0],[512.0,581.0],[512.0,583.0],[511.0,583.0],[511.0,584.0],[509.0,585.0],[509.0,588.0],[510.0,588.0],[510.0,589.0],[511.0,589.0],[511.0,591.0],[512.0,591.0],[512.0,593.0],[511.0,593.0],[511.0,594.0],[509.0,595.0],[509.0,599.0],[509.0,600.0],[510.0,600.0],[510.0,601.0],[512.0,602.0],[512.0,609.0],[513.0,609.0],[513.0,611.0],[515.0,612.0],[515.0,614.0],[516.0,614.0],[516.0,615.0],[517.0,615.0],[518.0,617.0],[520.0,617.0],[521.0,619.0],[523.0,619.0],[523.0,620.0],[524.0,620.0],[525.0,622.0],[538.0,622.0],[538.0,623.0],[545.0,623.0],[545.0,624.0],[547.0,624.0],[547.0,625.0],[548.0,625.0],[548.0,626.0],[549.0,626.0],[549.0,627.0],[550.0,627.0],[550.0,628.0],[551.0,628.0],[551.0,629.0],[553.0,630.0],[553.0,636.0],[554.0,636.0],[554.0,637.0],[557.0,637.0],[558.0,635.0],[564.0,635.0],[564.0,636.0],[565.0,636.0],[565.0,638.0],[567.0,638.0],[567.0,637.0],[568.0,637.0],[568.0,636.0],[569.0,636.0],[570.0,634.0],[574.0,634.0],[574.0,633.0],[575.0,633.0],[576.0,631.0],[583.0,631.0],[583.0,632.0],[586.0,632.0],[586.0,631.0],[588.0,631.0],[588.0,630.0],[589.0,630.0],[589.0,629.0],[590.0,629.0],[590.0,628.0],[592.0,627.0],[592.0,625.0],[591.0,625.0],[591.0,614.0],[593.0,613.0],[593.0,611.0],[596.0,611.0],[596.0,610.0],[599.0,610.0],[599.0,609.0],[605.0,608.0],[605.0,607.0],[607.0,607.0],[607.0,606.0],[610.0,606.0],[610.0,605.0],[628.0,605.0],[628.0,606.0],[633.0,606.0],[633.0,605.0],[643.0,605.0],[643.0,606.0],[644.0,606.0],[644.0,605.0],[645.0,605.0],[652.0,605.0],[652.0,604.0],[654.0,604.0],[654.0,603.0],[656.0,603.0],[656.0,602.0],[658.0,602.0],[658.0,601.0],[660.0,601.0],[660.0,600.0],[663.0,600.0],[663.0,599.0],[670.0,599.0],[671.0,597.0],[673.0,597.0],[673.0,596.0],[676.0,596.0],[676.0,595.0],[678.0,595.0],[679.0,593.0],[681.0,593.0],[682.0,591.0],[684.0,591.0],[684.0,590.0],[685.0,590.0],[686.0,588.0],[688.0,588.0],[688.0,587.0],[689.0,587.0],[689.0,586.0],[690.0,586.0],[691.0,584.0],[699.0,584.0],[699.0,583.0],[700.0,583.0],[700.0,582.0],[702.0,582.0],[702.0,581.0],[703.0,581.0],[705.0,581.0],[706.0,579.0],[709.0,579.0],[709.0,578.0],[711.0,577.0],[711.0,572.0],[713.0,572.0],[713.0,571.0],[716.0,571.0],[716.0,570.0],[718.0,570.0],[718.0,569.0],[722.0,568.0],[723.0,566.0],[725.0,566.0],[725.0,565.0],[727.0,565.0],[727.0,564.0],[731.0,563.0],[732.0,561.0],[734.0,561.0],[734.0,560.0],[735.0,560.0],[735.0,559.0],[737.0,558.0],[737.0,555.0],[738.0,555.0],[738.0,553.0],[740.0,552.0],[741.0,548.0],[743.0,548.0],[744.0,546.0],[746.0,546.0],[747.0,544.0],[749.0,544.0],[750.0,542.0],[752.0,542.0],[753.0,540.0],[755.0,540.0],[755.0,539.0],[756.0,539.0],[756.0,537.0],[757.0,537.0],[757.0,535.0],[758.0,535.0],[758.0,534.0],[759.0,534.0],[759.0,533.0],[760.0,533.0],[761.0,531.0],[764.0,531.0],[764.0,527.0],[763.0,527.0],[763.0,525.0],[762.0,525.0],[762.0,523.0],[761.0,523.0],[761.0,521.0],[760.0,521.0],[760.0,519.0],[759.0,519.0],[758.0,513.0],[756.0,512.0],[756.0,511.0],[755.0,511.0],[755.0,510.0],[751.0,509.0],[751.0,508.0],[749.0,508.0],[748.0,506.0],[747.0,506.0],[747.0,505.0],[745.0,505.0],[744.0,503.0],[743.0,503.0],[743.0,502.0],[739.0,501.0],[739.0,500.0],[733.0,499.0],[733.0,500.0],[732.0,500.0],[732.0,499.0],[726.0,499.0],[726.0,498.0],[722.0,498.0],[722.0,497.0],[720.0,497.0],[719.0,495.0],[718.0,495.0],[718.0,493.0],[716.0,492.0],[716.0,491.0],[712.0,490.0],[711.0,488.0],[710.0,488.0],[710.0,487.0],[709.0,487.0],[709.0,485.0],[707.0,484.0],[707.0,481.0],[706.0,481.0],[706.0,479.0],[705.0,479.0],[705.0,477.0],[704.0,477.0],[704.0,476.0],[702.0,476.0],[702.0,475.0],[699.0,475.0],[699.0,474.0],[693.0,474.0],[692.0,476.0],[691.0,476.0],[691.0,477.0],[690.0,477.0],[690.0,479.0],[688.0,480.0],[688.0,481.0],[686.0,481.0],[686.0,482.0],[683.0,482.0],[682.0,480.0],[681.0,480.0],[681.0,478.0],[680.0,478.0],[680.0,477.0],[675.0,477.0],[675.0,476.0],[671.0,476.0],[671.0,475.0],[667.0,475.0],[666.0,477.0],[665.0,477.0],[665.0,478.0],[658.0,478.0],[657.0,480.0],[656.0,480.0],[656.0,484.0],[661.0,484.0],[661.0,485.0],[663.0,485.0],[663.0,486.0],[665.0,486.0],[665.0,485.0],[666.0,485.0],[666.0,494.0],[667.0,494.0],[667.0,497.0],[661.0,497.0],[660.0,499.0],[659.0,499.0],[659.0,500.0],[658.0,500.0],[658.0,501.0],[656.0,501.0],[656.0,499.0],[654.0,498.0],[654.0,497.0],[647.0,497.0],[647.0,498.0],[644.0,498.0],[644.0,491.0],[643.0,491.0],[643.0,490.0],[637.0,490.0],[637.0,489.0],[636.0,489.0],[636.0,487.0],[634.0,486.0],[634.0,485.0],[633.0,485.0],[633.0,484.0],[632.0,484.0],[632.0,483.0],[631.0,483.0],[631.0,482.0],[627.0,481.0],[627.0,479.0],[625.0,478.0],[625.0,477.0],[623.0,477.0],[623.0,475.0],[619.0,475.0],[618.0,475.0],[617.0,475.0],[617.0,474.0],[617.0,473.0],[616.0,473.0],[616.0,472.0],[617.0,472.0],[617.0,471.0],[616.0,471.0],[616.0,469.0],[617.0,469.0],[617.0,466.0],[616.0,466.0],[616.0,465.0],[613.0,465.0],[613.0,466.0],[612.0,466.0],[612.0,467.0],[609.0,467.0],[609.0,466.0],[607.0,466.0],[607.0,465.0],[605.0,465.0],[605.0,466.0],[604.0,466.0],[604.0,468.0],[603.0,468.0],[603.0,469.0],[601.0,469.0],[601.0,468.0],[600.0,468.0],[600.0,469.0],[599.0,469.0],[599.0,470.0],[598.0,470.0],[598.0,471.0],[597.0,471.0],[597.0,472.0],[596.0,472.0],[596.0,473.0],[594.0,473.0],[593.0,473.0],[592.0,473.0],[592.0,471.0],[593.0,471.0],[593.0,468.0],[592.0,468.0],[592.0,467.0],[591.0,467.0],[589.0,467.0],[589.0,466.0],[586.0,466.0],[586.0,467.0],[584.0,467.0],[582.0,467.0],[582.0,468.0],[581.0,468.0],[581.0,470.0],[582.0,470.0],[582.0,471.0],[583.0,471.0],[583.0,474.0],[582.0,474.0],[578.0,474.0],[578.0,475.0],[577.0,475.0],[577.0,476.0],[577.0,477.0],[577.0,478.0],[580.0,478.0],[580.0,478.5],[582.0,478.8333333333333],[582.0,478.0],[583.0,478.0],[588.0,478.0],[588.0,477.0],[589.0,477.0],[589.0,478.0],[590.0,478.0],[590.0,479.0],[591.0,479.0],[591.0,480.0],[592.0,480.0],[592.0,481.0],[592.0,483.0],[593.0,483.0],[593.0,484.0],[592.0,484.0],[592.0,486.0],[591.0,486.0],[591.0,490.0],[591.0,491.0],[590.0,491.0],[590.0,492.0],[589.0,492.0],[589.0,493.0],[590.0,493.0],[590.0,494.0],[589.0,494.0],[589.0,495.0],[588.0,495.0],[588.0,497.0],[587.0,497.0],[587.0,501.0],[588.0,501.0],[588.0,503.0],[589.0,503.0],[589.0,505.0],[586.0,505.0],[586.0,504.0],[585.0,504.0],[584.0,504.0],[584.0,503.0],[584.0,498.0],[583.0,498.0],[583.0,497.0],[581.0,497.0],[581.0,498.0],[580.0,498.0],[580.0,497.0],[579.0,497.0],[579.0,496.0],[578.0,496.0],[578.0,493.0],[579.0,493.0],[579.0,492.0],[580.0,492.0],[582.0,492.0],[582.0,491.0],[583.0,491.0],[583.0,489.0],[582.0,489.0],[582.0,488.0],[580.0,488.0],[580.0,486.0],[579.0,486.0],[579.0,485.0],[578.0,485.0],[578.0,486.0],[576.0,486.0],[576.0,487.0],[575.0,487.0],[575.0,486.0],[574.0,486.0],[572.0,486.0],[572.0,484.0],[571.0,484.0],[571.0,483.0],[570.0,483.0],[570.0,481.0],[570.0,475.0],[569.0,475.0],[569.0,474.0],[568.0,474.0],[568.0,472.0],[567.0,472.0],[567.0,469.0],[568.0,469.0],[568.0,466.0],[567.0,466.0],[567.0,465.0],[566.0,465.0],[566.0,464.0],[565.0,464.0],[565.0,462.0],[564.0,462.0],[564.0,460.0],[565.0,460.0],[565.0,459.0],[564.0,459.0],[564.0,458.0],[561.0,458.0],[561.0,459.0],[560.0,459.0],[560.0,462.0],[560.0,464.0],[559.0,464.0],[559.0,463.0],[556.0,463.0],[556.0,464.0],[555.0,464.0],[555.0,465.0],[553.0,465.0],[553.0,466.0],[552.0,466.0],[552.0,470.0],[552.0,471.0],[551.0,471.0],[551.0,472.0],[550.0,472.0],[546.0,472.0],[546.0,473.0],[545.0,473.0],[545.0,478.0],[546.0,478.0],[546.0,479.0],[547.0,479.0],[547.0,481.0],[547.0,483.0],[548.0,483.0],[548.0,484.0],[551.0,484.0],[551.0,483.0],[552.0,483.0],[552.0,482.0],[555.0,482.0],[555.0,484.0],[556.0,484.0],[556.0,486.0],[556.0,487.0],[557.0,487.0],[557.0,489.0],[557.0,491.0],[558.0,491.0],[558.0,492.0],[560.0,492.0],[560.0,493.0],[561.0,493.0],[563.0,493.0],[563.0,494.0],[565.0,494.0],[565.0,495.0],[564.0,495.0],[564.0,496.0],[562.0,496.0],[560.0,496.0],[560.0,495.0],[559.0,495.0],[557.0,495.0],[557.0,494.0],[556.0,494.0],[556.0,493.0],[553.0,493.0]]]]}},{"type":"Feature","id":"country-018","properties":{"id":"country-018","name":"Unassigned","type":"country","status":"mask-defined","source":"countries-mask-shared-topology","extractionConfidence":"authoritative-mask","rgb":[182,255,0],"color":"#b6ff00","polygonCount":2,"holeCount":0,"styleIndex":5,"displayClip":"authoritative-land-mask"},"geometry":{"type":"MultiPolygon","coordinates":[[[[1013.0,778.0],[1010.0,778.0],[1009.0,780.0],[1007.0,780.0],[1007.0,781.0],[1004.0,781.0],[1004.0,782.0],[1003.0,782.0],[994.0,782.0],[994.0,783.0],[993.0,783.0],[993.0,782.0],[991.0,782.0],[990.0,780.0],[989.0,780.0],[989.0,779.0],[988.0,779.0],[988.0,778.0],[987.0,778.0],[987.0,777.0],[985.0,777.0],[984.0,777.0],[984.0,776.0],[983.0,776.0],[983.0,775.0],[982.0,775.0],[979.0,775.0],[978.0,775.0],[978.0,774.0],[976.0,774.0],[975.0,774.0],[975.0,773.0],[973.0,773.0],[972.0,773.0],[972.0,772.0],[971.0,772.0],[970.0,772.0],[968.0,772.0],[968.0,773.0],[967.0,773.0],[967.0,774.0],[966.0,774.0],[966.0,775.0],[965.0,775.0],[964.0,775.0],[964.0,776.0],[963.5,776.0],[963.0,777.0],[961.0,777.0],[960.0,775.0],[959.0,775.0],[953.0,775.0],[953.0,778.0],[956.0,778.0],[956.0,779.0],[958.0,779.0],[958.0,780.0],[960.0,781.0],[960.0,782.0],[960.0,784.0],[961.0,784.0],[961.0,785.0],[961.0,789.0],[961.0,790.0],[960.0,790.0],[960.0,791.0],[960.0,792.0],[959.0,792.0],[959.0,793.0],[958.0,793.0],[957.0,793.0],[956.0,793.0],[956.0,794.0],[954.0,794.0],[954.0,795.0],[953.0,795.0],[953.0,796.0],[951.0,797.0],[951.0,802.0],[951.0,803.0],[953.0,804.0],[953.0,806.0],[954.0,806.0],[954.0,808.0],[954.0,809.0],[955.0,809.0],[955.0,810.0],[956.0,810.0],[956.0,811.0],[958.0,812.0],[958.0,814.0],[959.0,814.0],[959.0,819.0],[959.0,821.0],[960.0,821.0],[960.5,822.0],[961.0,822.0],[961.0,823.0],[962.0,823.0],[963.0,823.0],[963.0,824.0],[963.0,825.0],[964.0,825.0],[964.0,826.0],[965.0,826.0],[965.0,827.0],[966.0,827.0],[966.0,827.5],[967.0,828.0],[967.0,831.0],[964.0,831.0],[964.0,830.0],[962.0,830.0],[961.5,829.0],[961.0,829.0],[961.0,828.0],[960.0,828.0],[959.0,828.0],[959.0,827.0],[956.0,827.0],[956.0,828.0],[954.0,829.0],[954.0,831.0],[954.0,833.0],[955.0,833.0],[955.0,835.0],[956.0,835.0],[956.0,837.0],[956.0,839.0],[957.0,839.0],[957.0,840.0],[958.0,840.0],[961.0,840.0],[961.0,841.0],[963.0,841.0],[971.0,841.0],[972.0,841.0],[972.0,842.0],[975.0,842.0],[976.0,842.0],[976.0,843.0],[976.0,844.0],[977.0,844.0],[977.0,845.0],[979.0,846.0],[979.0,848.0],[980.0,848.0],[980.5,850.0],[981.0,850.0],[981.0,851.0],[982.0,851.0],[982.0,852.0],[983.0,852.0],[984.0,852.0],[984.0,853.5],[985.0,854.0],[985.0,855.0],[986.0,855.0],[986.0,856.0],[987.0,856.0],[987.0,857.0],[989.0,857.0],[989.0,858.0],[989.0,860.0],[990.0,860.0],[990.0,863.0],[991.0,863.0],[991.0,864.0],[992.0,864.0],[993.0,864.0],[993.0,865.0],[994.0,865.0],[996.0,865.0],[996.0,866.0],[1000.0,866.0],[1000.0,862.0],[999.0,862.0],[999.0,861.0],[998.0,861.0],[998.0,859.0],[997.0,859.0],[997.0,858.0],[999.0,857.0],[999.0,855.0],[1001.0,855.0],[1001.0,854.0],[1007.0,855.0],[1007.0,849.0],[1006.0,849.0],[1006.0,848.0],[1006.0,846.0],[1006.0,845.0],[1007.0,845.0],[1007.0,844.0],[1008.0,844.0],[1008.0,843.0],[1009.0,843.0],[1009.0,842.0],[1009.0,841.0],[1010.0,841.0],[1010.0,840.0],[1011.0,840.0],[1012.0,840.0],[1012.0,839.0],[1013.5,839.0],[1014.0,838.0],[1015.0,838.0],[1015.0,837.0],[1016.0,837.0],[1017.0,837.0],[1017.0,836.0],[1017.5,836.0],[1018.0,835.0],[1019.0,835.0],[1020.0,835.0],[1020.0,834.0],[1023.0,834.0],[1023.0,835.0],[1023.0,837.0],[1022.0,837.0],[1022.0,838.0],[1020.0,838.0],[1020.0,839.0],[1019.0,839.5],[1019.0,841.0],[1018.0,841.0],[1018.0,842.0],[1018.0,846.0],[1022.0,845.6363636363636],[1022.0,845.0],[1023.0,845.0],[1023.0,844.0],[1024.0,844.0],[1024.0,845.0],[1028.0,845.0],[1028.0,845.0909090909091],[1029.0,845.0],[1029.0,846.0],[1030.0,846.0],[1030.0,847.0],[1032.0,847.0],[1032.0,848.0],[1036.0,848.0],[1036.0,847.0],[1037.0,847.0],[1038.0,847.0],[1038.0,846.0],[1039.0,846.0],[1039.0,845.0],[1039.0,844.0],[1040.0,844.0],[1041.0,844.0],[1041.0,842.0],[1042.0,842.0],[1042.0,840.0],[1043.0,840.0],[1047.0,840.0],[1047.0,837.0],[1048.0,837.0],[1048.0,834.0],[1049.0,834.0],[1049.0,833.0],[1052.0,833.0],[1052.0,834.0],[1053.0,834.0],[1054.0,836.0],[1058.0,836.0],[1058.0,835.0],[1060.0,834.5],[1060.0,834.0],[1061.0,834.0],[1061.0,833.0],[1062.0,833.0],[1062.0,832.0],[1063.5,832.0],[1064.0,831.0],[1066.0,831.0],[1066.0,830.0],[1067.0,830.0],[1067.0,829.0],[1067.0,824.0],[1067.0,820.0],[1068.0,820.0],[1068.0,818.0],[1068.0,817.0],[1069.0,816.5],[1069.0,816.0],[1070.0,816.0],[1070.0,809.0],[1069.0,809.0],[1069.0,808.0],[1068.0,808.0],[1068.0,806.0],[1067.0,806.0],[1066.0,804.0],[1064.0,804.0],[1064.0,803.0],[1063.0,803.0],[1062.0,801.0],[1059.0,801.0],[1059.0,803.0],[1059.0,805.0],[1058.0,805.0],[1058.0,806.0],[1058.0,807.0],[1057.0,807.0],[1057.0,808.0],[1055.0,808.0],[1054.0,808.0],[1054.0,809.0],[1053.0,809.0],[1052.0,809.0],[1052.0,811.0],[1050.0,812.0],[1050.0,818.0],[1048.0,818.0],[1044.0,818.0],[1044.0,817.0],[1043.0,817.0],[1043.0,816.0],[1042.0,816.0],[1042.0,815.5],[1041.0,815.0],[1041.0,814.0],[1041.0,813.0],[1040.0,813.0],[1034.0,813.0],[1034.0,812.0],[1033.0,812.0],[1033.0,811.0],[1033.0,810.0],[1032.0,810.0],[1032.0,809.0],[1030.0,808.0],[1030.0,804.0],[1029.0,804.0],[1028.0,802.0],[1027.0,802.0],[1023.0,802.0],[1023.0,801.0],[1021.0,801.0],[1019.0,801.0],[1019.0,800.0],[1018.0,800.0],[1017.0,800.0],[1017.0,799.0],[1016.0,799.0],[1016.0,798.0],[1016.0,797.0],[1015.0,797.0],[1015.0,796.0],[1013.0,795.0],[1013.0,793.0],[1014.0,793.0],[1014.0,792.0],[1018.0,792.0],[1018.0,793.0],[1021.0,793.0],[1021.0,794.0],[1022.0,794.0],[1024.0,794.0],[1024.0,795.0],[1027.0,795.0],[1029.0,795.0],[1029.0,792.0],[1028.0,792.0],[1028.0,791.0],[1027.0,791.0],[1027.0,790.0],[1027.0,789.0],[1026.0,789.0],[1026.0,787.0],[1028.0,787.0],[1028.0,786.0],[1029.0,786.0],[1029.0,784.0],[1029.0,779.0],[1029.0,776.0],[1029.0,771.0],[1026.0,771.0],[1026.0,773.0],[1025.0,773.0],[1025.0,774.0],[1023.0,775.0],[1023.0,776.0],[1023.0,777.0],[1022.0,777.0],[1022.0,778.0],[1021.0,778.0],[1020.0,778.0],[1020.0,777.0],[1019.0,777.0],[1013.0,777.0],[1013.0,778.0]]],[[[1019.0,863.0],[1020.0,863.0],[1020.0,865.0],[1022.0,866.0],[1022.0,867.0],[1023.0,867.0],[1025.0,867.0],[1026.0,867.0],[1026.0,866.0],[1026.5,866.0],[1027.0,865.0],[1028.0,865.0],[1028.0,864.0],[1034.0,864.0],[1034.0,864.4],[1043.0,865.0],[1043.0,864.0],[1044.0,864.0],[1044.0,861.0],[1043.0,861.0],[1043.0,860.0],[1038.0,860.0],[1036.0,860.0],[1036.0,859.0],[1034.0,859.0],[1034.0,858.0],[1032.0,858.0],[1031.0,858.0],[1031.0,856.0],[1024.0,856.0],[1024.0,857.0],[1022.0,857.0],[1021.0,859.0],[1020.0,859.0],[1020.0,860.0],[1019.0,860.0],[1019.0,861.0],[1019.0,863.0]]]]}},{"type":"Feature","id":"country-019","properties":{"id":"country-019","name":"Unassigned","type":"country","status":"mask-defined","source":"countries-mask-shared-topology","extractionConfidence":"authoritative-mask","rgb":[255,0,0],"color":"#ff0000","polygonCount":43,"holeCount":0,"styleIndex":0,"displayClip":"authoritative-land-mask"},"geometry":{"type":"MultiPolygon","coordinates":[[[[969.0,591.0],[970.0,591.0],[970.0,593.0],[971.0,593.0],[971.0,593.5],[972.0,594.0],[972.0,595.0],[973.0,595.0],[973.0,596.0],[975.0,596.0],[975.0,597.0],[976.0,597.0],[978.0,597.0],[978.0,600.0],[976.0,601.0],[976.0,606.0],[974.0,607.0],[974.0,608.0],[973.0,608.0],[973.0,609.0],[972.0,609.0],[972.0,610.0],[970.0,610.0],[970.0,613.0],[972.0,613.0],[972.5,614.0],[973.0,614.0],[973.0,615.0],[974.0,615.0],[974.0,616.0],[975.0,616.0],[976.0,616.0],[976.0,617.0],[977.0,617.0],[977.0,618.0],[977.0,620.0],[978.0,620.0],[978.0,621.0],[977.0,621.0],[977.0,624.0],[977.0,625.0],[978.0,625.0],[978.0,626.0],[980.0,626.0],[980.0,626.5],[983.0,627.0],[984.0,627.0],[984.0,629.0],[985.0,629.0],[985.0,630.0],[986.0,630.0],[986.0,631.5],[987.0,632.0],[987.0,633.0],[990.0,633.0],[990.0,632.0],[990.0,631.0],[990.0,630.0],[990.0,628.0],[990.0,627.0],[989.0,627.0],[989.0,625.0],[988.0,625.0],[988.0,623.0],[988.0,620.0],[988.0,618.0],[989.0,618.0],[989.0,616.0],[990.0,616.0],[990.0,615.0],[993.0,615.0],[994.0,615.0],[994.0,614.0],[996.0,614.0],[996.0,615.0],[997.0,615.0],[997.0,616.0],[997.0,617.0],[997.0,618.0],[995.0,619.0],[995.0,620.0],[995.0,623.0],[996.0,623.0],[996.0,624.0],[997.0,624.0],[997.0,624.125],[1004.0,625.0],[1004.0,626.0],[1007.0,626.0],[1008.0,626.0],[1010.0,626.0],[1010.0,625.0],[1011.0,625.0],[1011.0,623.0],[1009.0,623.0],[1008.0,621.0],[1007.0,621.0],[1007.0,620.0],[1006.0,620.0],[1006.0,619.0],[1006.0,618.0],[1006.0,617.0],[1006.0,616.0],[1007.0,616.0],[1007.0,615.0],[1008.0,615.0],[1009.0,615.0],[1009.0,614.0],[1010.5,614.0],[1011.0,613.0],[1012.0,613.0],[1012.0,612.0],[1013.0,612.0],[1013.0,611.0],[1014.0,611.0],[1014.0,610.0],[1016.0,610.0],[1017.0,608.0],[1017.0,607.0],[1018.0,607.0],[1018.0,606.0],[1018.0,605.0],[1018.0,604.0],[1016.0,604.0],[1016.0,603.6666666666666],[1012.0,603.0],[1012.0,602.0],[1011.0,602.0],[1011.0,601.0],[1011.0,599.0],[1010.0,599.0],[1010.0,598.0],[1009.0,598.0],[1009.0,597.0],[1009.0,596.0],[1007.0,596.0],[1007.0,595.0],[1004.0,595.0],[1003.0,597.0],[1000.0,597.0],[1000.0,598.0],[997.0,598.0],[996.0,600.0],[995.0,600.0],[994.0,600.0],[994.0,601.0],[990.0,600.0],[990.0,599.0],[989.0,599.0],[989.0,597.0],[989.0,596.0],[991.0,596.0],[992.0,595.5],[992.0,595.0],[993.0,595.0],[993.0,593.0],[995.0,593.0],[995.0,592.0],[997.0,592.0],[997.0,591.0],[998.0,591.0],[998.0,590.0],[999.5,590.0],[1000.0,589.0],[1001.0,589.0],[1002.0,589.0],[1002.0,588.0],[1003.0,588.0],[1004.0,588.0],[1004.0,587.0],[1004.0,586.0],[1004.0,585.0],[1003.0,585.0],[1003.0,584.0],[1004.0,584.0],[1004.0,583.0],[1004.0,582.0],[1004.0,579.0],[1004.0,578.0],[1006.0,578.0],[1006.0,577.0],[1007.0,577.0],[1007.0,576.0],[1011.0,575.0],[1011.0,572.0],[1011.0,571.0],[1010.0,571.0],[1010.0,570.75],[1007.0,570.0],[1006.0,570.0],[1006.0,568.0],[1005.0,568.0],[1005.0,566.0],[1004.0,566.0],[1004.0,565.0],[1005.0,565.0],[1005.0,564.0],[1005.0,563.0],[1006.0,562.5],[1006.0,561.0],[1007.0,561.0],[1007.0,560.0],[1008.0,560.0],[1009.0,560.0],[1009.0,559.0],[1010.0,559.0],[1010.0,558.0],[1011.0,558.0],[1012.0,558.0],[1012.0,557.0],[1014.0,557.0],[1014.0,556.0],[1015.0,556.0],[1016.0,550.0],[1018.0,549.0],[1017.0,549.0],[1017.0,548.0],[1018.0,548.0],[1019.0,548.0],[1019.0,547.0],[1019.0,545.0],[1019.0,544.0],[1018.0,544.0],[1018.0,543.0],[1019.0,543.0],[1019.0,539.0],[1018.0,539.0],[1018.0,538.0],[1019.0,538.0],[1019.0,530.0],[1018.0,530.0],[1016.0,530.0],[1016.0,531.0],[1015.0,531.0],[1014.0,531.0],[1014.0,530.0],[1013.0,530.0],[1013.0,529.0],[1014.0,529.0],[1014.0,527.0],[1013.0,527.0],[1013.0,526.0],[1012.0,526.0],[1010.0,526.0],[1009.0,530.0],[1008.0,530.5],[1008.0,531.0],[1007.0,531.0],[1007.0,532.0],[1007.0,533.0],[1006.0,533.0],[1006.0,534.0],[1006.0,537.0],[1005.0,537.0],[1005.0,538.0],[1003.0,537.0],[1003.0,536.0],[1001.0,536.0],[1001.0,535.0],[998.0,535.0],[998.0,536.0],[997.0,536.0],[997.0,538.0],[996.0,538.0],[996.0,539.0],[994.0,539.0],[994.0,540.0],[990.0,540.0],[989.5,539.0],[988.0,539.0],[988.0,538.0],[986.0,538.0],[984.0,538.0],[983.0,538.0],[983.0,539.0],[982.5,539.0],[982.0,540.0],[980.0,540.5],[980.0,541.0],[979.0,541.0],[979.0,542.0],[978.0,542.0],[977.0,542.0],[977.0,545.0],[981.0,545.0],[981.0,547.0],[982.0,547.0],[982.0,548.0],[981.0,548.0],[981.0,550.0],[981.0,551.0],[980.0,551.0],[980.0,553.0],[979.0,553.0],[979.0,555.0],[978.0,555.0],[978.0,557.0],[976.0,558.0],[976.0,559.0],[975.0,559.0],[975.0,560.0],[975.0,561.0],[975.0,562.0],[974.0,562.0],[974.0,563.0],[973.0,563.0],[973.0,564.0],[973.0,571.0],[973.0,573.0],[973.0,575.0],[972.0,575.0],[972.0,576.0],[971.0,576.0],[971.0,577.0],[970.0,577.0],[970.0,576.0],[969.0,576.0],[969.0,575.0],[968.0,575.0],[966.0,575.0],[966.0,577.0],[966.0,579.0],[966.0,580.0],[966.0,585.0],[966.0,586.0],[966.0,587.0],[967.0,587.0],[967.0,589.0],[968.0,589.0],[968.0,589.5],[969.0,590.0],[969.0,591.0]]],[[[918.0,544.0],[918.0,545.0],[907.0,545.0],[907.0,544.0],[905.0,543.0],[905.0,542.0],[903.0,542.0],[902.0,540.0],[901.0,540.0],[901.0,539.0],[897.0,538.0],[896.0,536.0],[895.0,536.0],[895.0,534.0],[894.0,534.0],[894.0,533.0],[892.0,533.0],[891.0,531.0],[890.0,531.0],[890.0,530.0],[888.0,530.0],[888.0,529.0],[886.0,529.0],[885.0,531.0],[884.0,531.0],[884.0,532.0],[883.0,532.0],[883.0,533.0],[882.0,533.0],[882.0,534.0],[881.0,534.0],[881.0,535.0],[880.0,535.0],[880.0,536.0],[876.0,536.0],[876.0,537.0],[875.0,537.0],[875.0,536.0],[871.0,536.0],[871.0,537.0],[866.0,537.0],[866.0,538.0],[864.0,538.0],[859.0,538.0],[859.0,537.0],[856.0,537.0],[855.0,537.0],[855.0,536.0],[852.0,536.0],[839.0,536.0],[835.0,537.0],[835.0,538.0],[833.0,538.0],[832.0,540.0],[831.0,540.0],[831.0,542.0],[830.0,542.0],[830.0,543.0],[830.0,544.0],[829.0,544.0],[829.0,546.0],[828.0,546.0],[828.0,548.0],[827.0,548.0],[827.0,550.0],[826.0,550.0],[826.0,551.0],[824.0,552.0],[824.0,554.0],[823.0,554.0],[823.0,555.0],[821.0,556.0],[821.0,558.0],[820.0,558.0],[820.0,559.0],[820.0,560.0],[819.0,560.0],[819.0,561.0],[819.0,562.0],[818.0,562.0],[818.0,563.0],[817.0,563.0],[817.0,565.0],[816.0,565.0],[816.0,566.0],[815.0,566.0],[815.0,567.0],[814.0,567.0],[814.0,568.0],[813.0,568.0],[812.0,570.0],[810.0,570.0],[809.0,572.0],[805.0,573.0],[805.0,574.0],[804.0,574.0],[804.0,575.0],[802.0,576.0],[802.0,579.0],[802.0,580.0],[802.0,583.0],[803.0,583.0],[803.0,584.0],[804.0,584.0],[804.0,585.0],[805.0,585.0],[805.0,586.0],[806.0,586.0],[806.0,587.0],[808.0,588.0],[808.0,590.0],[809.0,590.0],[809.0,600.0],[810.0,600.0],[810.0,602.0],[811.0,602.0],[811.0,603.0],[812.0,603.0],[812.0,605.0],[813.0,605.0],[813.0,609.0],[812.0,609.0],[812.0,611.0],[811.0,611.0],[810.0,613.0],[808.0,613.0],[806.0,617.0],[807.0,617.0],[808.0,619.0],[812.0,620.0],[812.0,621.0],[813.0,621.0],[813.0,622.0],[812.0,622.0],[812.0,623.0],[810.0,623.0],[810.0,624.0],[807.0,624.0],[807.0,625.0],[802.0,625.0],[802.0,626.0],[801.0,626.0],[801.0,628.0],[800.0,628.0],[800.0,630.0],[799.0,630.0],[799.0,636.0],[800.0,636.0],[800.0,637.0],[801.0,637.0],[801.0,638.0],[803.0,639.0],[803.0,643.0],[802.0,643.0],[802.0,645.0],[802.0,646.0],[802.0,647.0],[803.0,647.0],[803.0,648.0],[804.0,648.0],[804.0,649.0],[805.0,653.0],[806.0,653.0],[808.0,653.0],[810.0,653.0],[810.0,655.0],[812.0,655.0],[812.0,656.0],[816.0,656.0],[816.0,655.0],[817.0,655.0],[818.0,655.0],[818.0,654.0],[819.0,654.0],[819.0,655.0],[820.0,655.0],[826.0,655.0],[827.0,655.0],[827.0,654.0],[828.0,654.0],[828.0,653.0],[828.0,652.0],[829.5,652.0],[830.0,651.0],[836.0,651.0],[836.0,647.0],[836.0,646.0],[835.0,646.0],[835.0,645.0],[835.0,643.0],[834.0,643.0],[834.0,642.0],[832.0,642.0],[832.0,641.0],[831.0,641.0],[831.0,640.0],[830.0,640.0],[830.0,639.0],[829.0,639.0],[828.0,637.0],[827.0,637.0],[826.0,637.0],[826.0,636.0],[824.0,636.0],[823.0,634.0],[821.0,634.0],[821.0,633.5],[819.0,633.0],[819.0,631.0],[819.0,630.0],[819.0,629.0],[820.0,629.0],[822.0,629.0],[822.0,628.0],[823.0,628.0],[823.0,622.0],[824.0,622.0],[824.0,621.0],[826.0,621.0],[826.0,620.0],[827.0,620.0],[828.0,620.0],[828.0,619.0],[829.0,619.0],[829.0,618.0],[830.0,618.0],[831.0,616.0],[832.0,616.0],[832.0,615.0],[833.5,615.0],[834.0,614.0],[835.0,614.0],[835.0,615.0],[837.0,615.0],[837.0,614.0],[838.0,614.0],[838.0,615.0],[840.0,615.0],[840.0,616.0],[839.0,616.0],[839.0,617.0],[837.0,618.0],[837.0,622.0],[838.0,622.0],[838.0,624.0],[839.0,624.0],[839.0,625.0],[840.0,625.0],[840.0,626.0],[841.0,626.0],[841.0,627.0],[842.0,627.0],[842.0,628.0],[844.0,629.0],[844.0,630.0],[844.0,631.0],[845.0,631.0],[845.0,632.0],[846.0,632.0],[846.0,633.0],[846.0,634.0],[846.0,635.0],[847.0,635.0],[847.0,640.0],[847.0,642.0],[848.0,642.0],[848.0,643.0],[849.0,643.0],[849.0,644.0],[850.0,644.0],[850.5,645.0],[851.0,645.0],[851.0,646.0],[852.0,646.0],[855.0,646.0],[855.0,647.0],[857.0,647.0],[858.0,647.0],[858.0,646.0],[859.0,646.0],[859.0,645.0],[860.0,645.0],[860.0,644.0],[860.5,644.0],[861.0,643.0],[862.0,643.0],[862.0,642.0],[863.0,642.0],[863.0,641.0],[864.0,641.0],[866.0,641.0],[866.0,640.0],[868.0,640.0],[869.0,640.0],[869.0,639.0],[871.0,639.1333333333333],[871.0,639.0],[874.0,639.0],[874.0,639.3333333333334],[884.0,640.0],[884.0,639.0],[886.0,638.0],[886.0,634.0],[887.0,634.0],[887.0,633.0],[889.0,633.0],[889.0,632.0],[890.0,632.0],[892.0,632.0],[892.0,631.0],[893.0,631.0],[893.0,630.0],[894.0,630.0],[894.0,629.0],[895.0,629.0],[895.0,628.0],[896.0,628.0],[896.0,627.0],[897.0,627.0],[897.0,626.0],[898.0,626.0],[898.0,625.0],[899.0,625.0],[899.0,624.0],[900.0,624.0],[900.0,622.0],[901.0,622.0],[902.0,622.0],[905.0,622.0],[905.0,620.0],[905.0,619.0],[904.0,619.0],[904.0,618.0],[903.0,618.0],[902.0,618.0],[902.0,617.0],[901.0,617.0],[897.0,617.0],[897.0,616.0],[894.0,616.0],[894.0,615.0],[891.0,615.0],[891.0,614.0],[886.0,614.0],[886.0,615.0],[884.0,615.0],[884.0,616.0],[882.0,616.0],[881.0,616.0],[881.0,617.0],[877.0,617.0],[877.0,618.0],[876.0,618.0],[875.0,618.0],[875.0,617.0],[874.0,617.0],[874.0,616.0],[873.0,616.0],[872.0,616.0],[872.0,615.0],[873.0,615.0],[873.0,614.0],[872.0,614.0],[872.0,613.0],[872.0,612.0],[872.0,611.0],[871.0,611.0],[871.0,609.0],[869.0,609.0],[869.0,608.0],[867.0,608.0],[867.0,607.0],[857.0,606.0],[857.0,605.0],[855.0,605.0],[855.0,604.0],[853.0,604.0],[853.0,603.0],[852.0,603.0],[852.0,602.0],[852.0,600.0],[854.0,600.0],[854.0,599.0],[855.0,599.0],[855.0,597.0],[855.0,596.0],[854.0,596.0],[852.0,596.0],[852.0,595.0],[850.0,595.0],[850.0,594.0],[849.0,594.0],[849.0,593.0],[848.0,593.0],[848.0,592.0],[847.0,592.0],[846.5,591.0],[845.0,591.0],[845.0,590.0],[844.0,590.0],[844.0,586.0],[846.0,586.0],[846.0,587.0],[848.0,587.0],[848.0,588.0],[851.0,588.0],[851.0,588.75],[852.0,589.0],[853.0,589.0],[853.0,590.0],[854.0,590.0],[854.0,591.0],[855.0,591.0],[855.0,592.0],[857.0,593.0],[857.0,595.0],[859.0,595.0],[859.0,596.0],[871.0,595.0769230769231],[871.0,595.0],[872.0,595.0],[872.0,592.0],[871.0,592.0],[871.0,591.0],[871.0,590.0],[871.0,589.0],[872.0,589.0],[873.0,589.0],[873.0,588.0],[874.0,588.0],[874.0,589.0],[876.0,589.0],[877.0,589.0],[877.0,590.0],[879.0,590.0],[879.0,591.0],[881.0,591.0],[882.0,591.0],[885.0,591.0],[886.0,591.0],[886.0,592.0],[888.0,592.0],[889.0,592.0],[889.0,593.0],[891.0,593.0],[894.0,593.0],[894.0,592.0],[895.0,592.0],[896.0,592.0],[896.0,591.0],[897.0,591.0],[897.0,590.0],[897.5,590.0],[898.0,589.0],[899.0,589.0],[900.0,589.0],[900.0,587.0],[900.0,584.0],[900.0,583.0],[903.0,583.0],[905.0,583.0],[905.0,582.0],[909.0,581.0],[909.0,580.0],[911.0,579.0],[911.0,577.0],[913.0,577.0],[913.0,576.0],[914.0,576.0],[914.0,575.0],[915.0,575.0],[915.0,574.0],[916.0,573.5],[916.0,573.0],[917.0,573.0],[917.0,572.0],[917.0,571.0],[918.0,571.0],[918.0,567.0],[917.0,567.0],[917.0,566.0],[918.0,566.0],[918.0,565.0],[918.0,564.0],[920.0,563.0],[920.0,562.0],[920.0,561.0],[921.0,561.0],[921.0,560.0],[923.0,560.0],[923.0,559.0],[924.0,558.5],[924.0,558.0],[925.0,558.0],[925.0,557.0],[925.0,556.0],[926.0,556.0],[926.0,553.0],[927.0,553.0],[927.0,551.0],[928.0,551.0],[928.0,550.0],[928.0,546.0],[926.0,546.0],[926.0,545.0],[924.0,545.0],[924.0,544.0],[923.0,544.0],[918.0,544.0]]],[[[193.0,601.0],[195.0,601.0],[196.0,599.0],[197.0,599.0],[198.0,599.0],[198.0,598.0],[199.0,598.0],[199.0,599.0],[200.0,599.0],[200.0,600.0],[200.0,602.0],[200.0,604.0],[200.0,605.0],[199.0,605.0],[199.0,608.0],[199.0,609.0],[200.0,609.0],[200.0,610.0],[203.0,610.0],[203.0,609.0],[204.0,609.0],[204.0,608.0],[205.0,608.0],[205.0,607.0],[207.0,607.0],[207.0,606.0],[207.0,603.0],[205.0,602.0],[204.0,602.0],[204.0,601.0],[204.0,600.0],[205.0,600.0],[205.0,599.0],[205.0,598.0],[205.0,597.0],[207.0,597.0],[210.0,597.0],[211.0,597.0],[211.0,595.0],[211.0,594.0],[210.0,594.0],[210.0,591.0],[209.0,591.0],[209.0,590.0],[208.0,590.0],[208.0,589.0],[207.0,589.0],[204.0,589.0],[204.0,590.0],[203.0,590.0],[203.0,591.0],[199.0,591.0],[199.0,592.0],[195.0,592.0],[194.0,592.0],[194.0,593.0],[193.5,593.0],[192.0,596.0],[190.0,596.0],[190.0,597.0],[187.0,597.0],[187.0,598.0],[186.0,598.0],[186.0,599.0],[186.0,600.0],[186.0,601.0],[186.0,605.0],[186.0,606.0],[190.0,606.0],[191.0,606.0],[191.0,605.0],[191.0,604.0],[192.0,603.5],[192.0,603.0],[193.0,603.0],[193.0,602.0],[193.0,601.0]]],[[[889.0,597.0],[889.0,598.0],[889.0,601.0],[890.0,601.0],[890.0,602.0],[893.0,602.0],[893.0,601.0],[894.0,601.0],[894.0,600.0],[894.0,599.0],[894.0,598.0],[893.0,598.0],[893.0,597.0],[892.0,597.0],[891.0,597.0],[889.0,597.0]]],[[[900.0,612.0],[900.0,611.0],[900.0,609.0],[898.0,609.0],[894.0,609.0],[894.0,610.0],[894.0,612.0],[895.0,612.0],[895.0,613.0],[898.0,613.0],[899.0,613.0],[899.0,612.0],[900.0,612.0]]],[[[259.0,613.0],[259.0,612.0],[260.0,612.0],[260.0,610.0],[258.0,610.0],[258.0,609.0],[254.0,609.0],[254.0,610.0],[252.0,610.0],[252.0,613.0],[253.0,613.0],[254.0,613.0],[254.0,614.0],[256.0,614.0],[258.0,614.0],[259.0,614.0],[259.0,613.0]]],[[[1071.0,652.0],[1072.0,652.0],[1075.0,652.0],[1075.0,649.0],[1072.0,649.0],[1071.0,649.0],[1071.0,650.0],[1071.0,651.0],[1071.0,652.0]]],[[[925.0,695.0],[925.0,694.0],[926.0,694.0],[928.0,693.0],[928.0,692.0],[929.0,692.0],[929.0,693.0],[933.0,694.0],[935.0,694.0],[936.0,694.0],[936.0,692.0],[937.0,692.0],[937.0,691.0],[938.0,691.0],[939.0,691.0],[939.0,690.0],[939.0,686.0],[940.0,686.0],[940.0,684.0],[940.0,678.0],[941.0,678.0],[941.0,676.0],[942.0,676.0],[942.0,674.0],[942.0,672.0],[944.0,671.0],[944.0,670.0],[945.0,670.0],[947.0,670.0],[947.0,669.0],[950.0,669.0],[953.0,669.0],[953.0,668.0],[958.0,668.0],[960.0,668.0],[960.0,667.0],[961.0,667.0],[962.0,667.0],[962.0,664.0],[961.0,664.0],[961.0,663.0],[961.0,662.0],[961.0,661.0],[962.0,661.0],[962.0,660.0],[963.0,659.5],[963.0,659.0],[964.0,659.0],[964.0,658.0],[965.0,658.0],[965.0,657.0],[966.0,657.0],[966.0,656.0],[967.0,656.0],[967.0,655.0],[968.0,655.0],[968.0,654.0],[969.0,654.0],[969.0,653.0],[969.0,652.0],[970.0,652.0],[970.0,646.0],[969.0,646.0],[969.0,645.5],[968.0,645.0],[968.0,644.0],[965.0,644.0],[964.5,643.0],[964.0,643.0],[964.0,642.0],[963.0,642.0],[963.0,640.0],[964.0,640.0],[964.0,639.0],[967.0,639.0],[967.0,638.0],[968.0,638.0],[968.0,637.0],[968.0,636.0],[968.0,635.0],[967.0,635.0],[967.0,633.0],[968.0,633.0],[968.0,631.0],[968.0,630.0],[969.0,630.0],[969.0,628.0],[969.0,626.0],[968.0,626.0],[968.0,625.5],[967.0,625.0],[967.0,621.0],[964.0,621.0],[963.0,621.0],[963.0,622.0],[962.0,622.0],[962.0,623.0],[961.0,623.0],[959.0,623.0],[959.0,621.0],[957.0,620.0],[957.0,619.0],[954.0,619.0],[954.0,618.0],[952.0,618.0],[952.0,616.0],[953.0,615.5],[953.0,614.0],[954.0,614.0],[955.0,614.0],[955.0,613.0],[956.5,613.0],[957.0,612.0],[958.0,612.0],[958.0,611.0],[958.0,608.0],[958.0,607.0],[957.0,607.0],[950.0,607.0],[950.0,608.0],[948.0,608.0],[948.0,609.0],[947.0,609.0],[947.0,610.0],[945.0,610.0],[945.0,611.0],[943.0,611.0],[942.0,611.0],[942.0,612.0],[941.0,612.0],[940.0,612.0],[940.0,613.0],[940.0,615.0],[940.0,616.0],[941.0,616.0],[941.0,617.0],[941.0,618.0],[942.0,618.0],[942.0,620.0],[943.0,620.0],[943.0,622.0],[943.0,624.0],[944.0,624.0],[944.0,627.0],[942.0,628.0],[942.0,629.0],[941.0,629.0],[941.0,630.0],[940.0,630.0],[940.0,631.0],[940.0,632.0],[940.0,633.0],[940.0,634.0],[940.0,636.0],[939.0,636.0],[939.0,639.0],[938.0,639.5],[938.0,640.0],[937.0,640.0],[937.0,641.0],[937.0,642.0],[936.0,642.0],[936.0,643.0],[935.0,643.0],[934.0,643.0],[934.0,641.0],[933.0,641.0],[933.0,640.0],[933.0,636.0],[932.0,636.0],[932.0,632.0],[932.0,630.0],[932.0,629.0],[931.0,629.0],[931.0,628.0],[931.0,626.0],[931.0,623.0],[926.0,623.0],[926.0,626.0],[925.0,626.0],[925.0,627.0],[925.0,628.0],[924.0,628.0],[923.0,628.0],[923.0,629.0],[922.0,629.0],[922.0,631.0],[921.0,631.0],[921.0,632.0],[919.0,632.0],[919.0,633.0],[919.0,634.0],[917.0,635.0],[917.0,636.0],[916.0,636.0],[916.0,637.0],[913.0,637.0],[913.0,639.0],[912.0,639.0],[912.0,640.0],[911.0,640.0],[911.0,641.0],[910.0,641.0],[910.0,642.0],[909.0,642.0],[908.0,642.0],[907.0,642.0],[907.0,641.0],[904.0,641.0],[904.0,642.0],[904.0,643.0],[904.0,644.0],[906.0,644.0],[906.0,645.0],[906.0,648.0],[905.0,648.0],[905.0,649.0],[903.0,649.0],[902.0,651.0],[900.0,651.0],[899.0,651.0],[899.0,652.0],[898.0,652.0],[898.0,656.0],[898.0,658.0],[897.0,658.0],[897.0,660.0],[897.0,661.0],[898.0,661.0],[898.0,662.0],[904.0,662.0],[904.0,663.0],[904.0,664.0],[905.0,664.0],[905.0,667.0],[906.0,667.0],[906.0,668.0],[907.0,668.0],[907.0,669.0],[907.0,671.0],[908.0,671.0],[908.0,674.0],[910.0,674.0],[910.0,675.0],[911.0,675.0],[911.0,676.0],[912.0,676.0],[912.0,677.0],[912.0,678.0],[913.0,678.0],[912.0,680.0],[911.0,680.0],[911.0,681.0],[910.0,681.0],[910.0,682.0],[907.0,682.0],[907.0,683.0],[906.0,683.0],[906.0,685.0],[906.0,687.0],[907.0,687.0],[907.0,688.0],[908.0,688.0],[909.0,688.0],[909.0,689.0],[911.0,689.0],[915.0,689.0],[916.0,689.0],[916.0,691.0],[917.0,691.0],[917.0,693.0],[918.0,693.0],[918.0,694.0],[920.0,694.0],[920.0,695.0],[924.0,695.0],[925.0,695.0]]],[[[1059.0,658.0],[1059.0,654.0],[1057.0,653.0],[1057.0,652.0],[1056.0,652.0],[1056.0,651.0],[1055.0,651.0],[1055.0,650.0],[1053.0,650.0],[1053.0,649.0],[1048.0,649.0],[1048.0,650.0],[1047.0,650.0],[1047.0,653.0],[1048.0,653.0],[1048.0,654.0],[1049.0,654.0],[1049.0,654.5],[1051.0,655.0],[1051.0,656.0],[1053.0,656.0],[1054.0,658.0],[1059.0,658.0]]],[[[1076.0,665.0],[1076.0,662.0],[1073.0,662.0],[1073.0,665.0],[1076.0,665.0]]],[[[1064.0,663.0],[1061.0,663.0],[1059.0,663.0],[1059.0,664.0],[1058.0,664.0],[1058.0,667.0],[1062.0,667.0],[1062.0,666.0],[1064.0,666.0],[1064.0,663.0]]],[[[1030.0,682.0],[1030.0,683.0],[1031.0,683.0],[1031.0,684.0],[1031.0,685.0],[1033.0,685.0],[1036.0,685.0],[1036.0,683.0],[1036.0,682.0],[1035.0,682.0],[1035.0,681.5],[1034.0,681.0],[1034.0,680.0],[1033.0,680.0],[1033.0,679.0],[1032.0,679.0],[1032.0,678.0],[1031.0,678.0],[1030.0,678.0],[1030.0,677.0],[1029.0,677.0],[1029.0,678.0],[1028.0,678.0],[1028.0,679.0],[1027.0,679.0],[1027.0,680.0],[1028.0,680.0],[1028.0,682.0],[1029.0,682.0],[1030.0,682.0]]],[[[857.0,727.0],[856.0,727.0],[856.0,729.0],[855.0,729.0],[854.0,731.0],[854.0,734.0],[855.0,734.0],[856.0,734.0],[856.0,735.0],[856.0,736.0],[858.0,737.0],[860.0,737.0],[860.0,735.0],[861.0,735.0],[861.0,733.0],[860.0,733.0],[860.0,730.0],[861.0,730.0],[861.0,727.0],[857.0,727.0]]],[[[839.0,733.0],[840.0,733.0],[840.0,734.0],[841.0,734.0],[842.0,736.0],[844.0,736.0],[844.0,737.0],[847.0,737.0],[847.0,736.0],[848.0,736.0],[850.0,735.0],[851.0,731.0],[850.0,729.0],[849.0,729.0],[849.0,728.0],[846.0,728.0],[845.0,728.0],[844.0,730.0],[841.0,730.0],[839.0,730.0],[839.0,733.0]]],[[[985.0,973.0],[985.0,974.0],[984.0,974.0],[984.0,978.0],[985.0,978.0],[985.0,979.0],[984.0,979.0],[984.0,983.0],[991.0,983.0],[991.0,984.0],[995.0,984.0],[995.0,985.0],[999.0,985.0],[1000.0,985.0],[1000.0,984.0],[1001.0,984.0],[1002.0,984.0],[1002.0,981.0],[1000.0,980.0],[998.0,979.0],[998.0,975.0],[999.0,974.5],[999.0,974.0],[1000.0,974.0],[1000.0,972.0],[999.0,972.0],[999.0,971.0],[998.0,971.0],[995.0,971.0],[994.0,971.0],[994.0,972.0],[993.0,972.0],[993.0,974.0],[989.0,974.0],[989.0,973.5],[985.0,973.0]]],[[[1261.0,65.0],[1261.0,66.0],[1259.0,66.0],[1258.0,66.0],[1258.0,65.0],[1257.0,65.0],[1256.0,65.0],[1256.0,64.0],[1255.0,64.0],[1255.0,63.0],[1253.0,63.0],[1252.0,61.0],[1249.0,61.0],[1249.0,60.0],[1247.0,60.0],[1247.0,59.0],[1246.0,59.0],[1246.0,58.0],[1245.0,58.0],[1245.0,57.0],[1241.0,57.0],[1241.0,56.0],[1239.0,56.0],[1238.0,56.0],[1238.0,55.0],[1237.0,55.0],[1237.0,54.75],[1234.0,54.0],[1234.0,53.0],[1234.0,52.0],[1233.0,52.0],[1233.0,51.0],[1232.0,51.0],[1232.0,50.5],[1231.0,50.0],[1231.0,48.0],[1232.0,47.5],[1232.0,47.0],[1233.0,47.0],[1233.0,46.0],[1233.0,45.0],[1234.0,45.0],[1234.0,43.0],[1235.0,43.0],[1235.0,41.0],[1235.0,40.0],[1235.0,37.0],[1233.0,37.0],[1233.0,36.0],[1230.0,36.0],[1229.0,36.0],[1229.0,35.0],[1228.0,35.0],[1226.0,35.0],[1226.0,34.0],[1225.0,34.0],[1224.0,32.0],[1222.0,32.0],[1222.0,31.0],[1221.0,31.0],[1220.5,30.0],[1220.0,30.0],[1220.0,29.0],[1219.0,29.0],[1216.0,29.0],[1216.0,30.0],[1216.0,31.0],[1212.0,31.0],[1212.0,32.0],[1211.0,32.0],[1211.0,35.0],[1212.0,35.0],[1212.0,36.0],[1212.0,37.0],[1212.0,38.0],[1211.0,38.0],[1210.0,38.0],[1210.0,39.0],[1210.0,40.0],[1209.0,40.0],[1208.0,40.0],[1208.0,41.0],[1207.0,41.0],[1207.0,42.0],[1206.0,42.0],[1205.0,42.0],[1205.0,43.0],[1204.0,43.0],[1203.0,43.0],[1203.0,44.0],[1202.0,44.0],[1199.0,44.75],[1199.0,45.0],[1198.0,45.0],[1198.0,46.0],[1197.0,46.0],[1197.0,47.0],[1196.0,47.5],[1196.0,48.0],[1195.0,48.0],[1195.0,51.0],[1195.0,53.0],[1195.0,56.0],[1196.0,56.0],[1196.0,57.0],[1196.0,58.0],[1196.0,60.0],[1195.0,60.0],[1195.0,61.0],[1195.0,62.0],[1193.0,62.0],[1193.0,63.0],[1191.0,64.0],[1191.0,66.0],[1190.0,66.0],[1190.0,68.0],[1189.0,68.0],[1189.0,70.0],[1189.0,74.0],[1190.0,74.0],[1190.0,75.0],[1190.0,76.0],[1191.0,76.0],[1191.0,77.0],[1193.0,77.0],[1193.0,79.0],[1194.0,79.0],[1194.0,80.0],[1194.0,81.0],[1195.0,81.0],[1195.0,82.0],[1196.0,82.0],[1196.0,83.0],[1197.0,83.0],[1197.0,84.0],[1196.0,84.0],[1196.0,85.0],[1196.0,86.0],[1195.0,86.0],[1195.0,87.0],[1194.0,87.0],[1194.0,90.0],[1195.0,90.0],[1196.0,90.0],[1197.0,90.0],[1197.0,89.0],[1198.0,89.0],[1198.0,87.0],[1199.0,87.0],[1201.0,87.0],[1202.0,87.0],[1202.0,88.0],[1205.0,88.0],[1213.0,88.0],[1213.0,89.0],[1216.0,89.0],[1216.0,90.0],[1217.0,90.0],[1217.0,90.5],[1218.0,91.0],[1218.0,92.0],[1217.0,92.0],[1217.0,93.0],[1217.0,97.0],[1218.0,97.0],[1218.5,98.0],[1219.0,98.0],[1219.0,99.0],[1220.0,99.0],[1223.0,99.0],[1223.0,96.0],[1223.75,96.0],[1224.0,95.0],[1225.0,91.0],[1226.0,91.0],[1226.0,92.0],[1228.0,92.0],[1228.0,91.0],[1229.0,91.0],[1230.0,91.0],[1230.0,90.0],[1231.0,90.0],[1232.0,90.0],[1237.0,90.0],[1239.0,90.0],[1240.0,90.0],[1240.0,91.0],[1241.0,91.0],[1241.0,92.0],[1241.0,93.0],[1242.0,93.0],[1242.0,94.0],[1244.0,94.0],[1245.0,96.0],[1248.0,96.0],[1248.0,95.0],[1252.0,94.0],[1253.0,92.0],[1255.0,92.0],[1255.0,93.0],[1258.0,93.0],[1258.0,94.0],[1259.0,94.0],[1261.0,94.0],[1261.0,93.0],[1264.0,93.0],[1264.0,92.0],[1265.0,92.0],[1266.0,92.0],[1266.0,90.0],[1267.0,90.0],[1267.0,89.0],[1268.0,89.0],[1268.0,69.0],[1269.0,69.0],[1269.0,68.0],[1268.0,68.0],[1268.0,67.0],[1267.0,67.0],[1267.0,66.0],[1264.0,66.0],[1264.0,65.0],[1263.0,65.0],[1262.0,65.0],[1261.0,65.0]]],[[[1682.0,235.0],[1682.0,232.0],[1681.0,232.0],[1678.0,232.0],[1674.0,232.0],[1674.0,234.0],[1674.0,235.0],[1675.0,235.0],[1682.0,235.0]]],[[[1344.0,357.0],[1346.0,358.0],[1346.0,359.0],[1347.0,359.0],[1347.0,360.0],[1348.0,360.0],[1348.0,362.0],[1357.0,362.0],[1358.0,362.0],[1358.0,361.0],[1359.5,361.0],[1360.0,360.0],[1361.0,360.0],[1362.0,360.0],[1362.5,361.0],[1363.0,361.0],[1363.0,362.0],[1364.0,362.0],[1364.0,363.0],[1365.0,363.0],[1365.0,364.0],[1369.0,364.0],[1369.0,361.0],[1369.0,360.0],[1368.0,360.0],[1368.0,359.0],[1369.0,359.0],[1372.0,359.0],[1372.0,356.0],[1371.0,356.0],[1371.0,355.0],[1369.0,355.0],[1369.0,354.0],[1367.0,354.0],[1367.0,353.0],[1366.0,353.0],[1365.0,353.0],[1359.0,353.0],[1359.0,354.0],[1357.0,354.0],[1356.0,354.0],[1356.0,355.0],[1353.0,355.0],[1352.0,355.0],[1351.0,351.0],[1350.0,351.0],[1350.0,348.0],[1347.0,348.0],[1346.0,348.0],[1346.0,349.0],[1345.0,349.0],[1345.0,352.0],[1345.0,353.0],[1344.0,353.0],[1344.0,355.0],[1344.0,357.0]]],[[[1332.0,364.0],[1333.0,364.0],[1334.0,364.0],[1334.0,365.0],[1335.0,365.0],[1335.0,367.0],[1338.0,367.0],[1338.0,369.0],[1340.0,369.0],[1341.0,371.0],[1346.0,371.0],[1347.0,371.0],[1347.0,370.0],[1347.0,368.0],[1347.0,367.0],[1343.0,367.0],[1342.0,367.0],[1342.0,366.0],[1341.0,366.0],[1341.0,365.0],[1340.0,365.0],[1340.0,364.0],[1339.0,364.0],[1339.0,363.0],[1338.0,363.0],[1338.0,362.0],[1337.0,362.0],[1337.0,361.0],[1336.0,361.0],[1335.75,360.0],[1335.0,360.0],[1335.0,358.0],[1334.0,358.0],[1334.0,357.0],[1334.0,352.0],[1334.0,351.0],[1333.0,351.0],[1333.0,350.0],[1330.0,350.0],[1330.0,352.0],[1331.0,352.0],[1331.0,353.0],[1330.0,353.0],[1330.0,354.0],[1330.0,355.0],[1329.0,355.0],[1327.0,355.0],[1327.0,356.0],[1324.0,356.0],[1324.0,357.0],[1320.0,357.0],[1319.0,357.0],[1319.0,358.0],[1318.0,358.0],[1318.0,360.0],[1318.0,364.0],[1329.0,364.0],[1330.0,364.0],[1330.0,363.0],[1332.0,363.0],[1332.0,364.0]]],[[[1377.0,375.0],[1377.0,374.0],[1377.0,373.0],[1378.0,373.0],[1378.0,372.0],[1378.0,371.0],[1379.0,371.0],[1379.0,370.0],[1380.0,370.0],[1380.0,369.0],[1380.0,368.0],[1381.0,368.0],[1381.0,367.0],[1382.0,367.0],[1382.0,366.0],[1382.0,365.0],[1383.0,365.0],[1383.0,364.0],[1384.0,364.0],[1385.0,364.0],[1385.0,363.0],[1386.0,363.0],[1387.0,363.0],[1387.0,362.0],[1388.0,362.0],[1389.0,362.0],[1389.0,361.0],[1391.0,361.0],[1391.0,360.0],[1391.0,359.0],[1392.0,359.0],[1392.0,357.0],[1391.0,357.0],[1391.0,356.0],[1390.0,356.0],[1389.0,356.0],[1389.0,355.0],[1388.0,355.0],[1381.0,355.0],[1381.0,356.0],[1381.0,358.0],[1380.0,358.0],[1380.0,360.0],[1380.0,362.0],[1379.0,362.0],[1379.0,364.0],[1376.0,365.5],[1376.0,367.0],[1375.0,367.0],[1375.0,368.0],[1374.0,368.5],[1374.0,370.0],[1373.0,370.0],[1373.0,371.0],[1371.0,371.0],[1371.0,372.0],[1370.0,372.0],[1370.0,375.0],[1369.0,375.0],[1369.0,378.0],[1371.0,378.0],[1373.0,378.0],[1373.0,377.0],[1374.0,377.0],[1375.0,377.0],[1375.0,376.0],[1375.5,376.0],[1376.0,375.0],[1377.0,375.0]]],[[[1345.0,404.0],[1346.0,404.0],[1346.0,405.0],[1347.0,405.0],[1347.0,406.0],[1348.0,406.0],[1348.0,407.0],[1349.0,407.0],[1349.0,408.0],[1350.0,408.0],[1350.0,409.0],[1350.0,410.0],[1351.0,410.0],[1351.0,411.0],[1352.0,411.0],[1352.0,412.0],[1353.0,412.0],[1353.0,413.0],[1354.0,413.0],[1354.75,416.0],[1355.0,416.0],[1355.0,417.0],[1358.0,417.0],[1358.0,416.0],[1358.0,414.0],[1358.0,412.0],[1358.0,411.0],[1357.0,411.0],[1357.0,401.0],[1356.0,401.0],[1356.0,400.0],[1355.0,400.0],[1354.0,400.0],[1354.0,399.0],[1353.0,399.0],[1353.0,398.0],[1353.0,397.0],[1352.0,397.0],[1350.0,397.0],[1349.0,397.0],[1349.0,398.0],[1345.0,398.0],[1344.0,398.0],[1344.0,399.0],[1343.0,399.0],[1343.0,400.0],[1343.0,403.0],[1345.0,404.0]]],[[[1430.0,425.0],[1431.0,425.0],[1431.0,426.0],[1432.0,426.0],[1433.0,426.0],[1433.0,427.0],[1434.0,427.0],[1434.0,428.0],[1435.0,428.0],[1435.0,429.0],[1436.0,429.0],[1436.0,430.0],[1438.0,430.0],[1438.0,429.0],[1439.0,429.0],[1439.0,428.0],[1440.0,428.0],[1440.0,427.0],[1439.0,427.0],[1439.0,426.0],[1438.0,426.0],[1438.0,425.0],[1438.0,423.0],[1437.0,423.0],[1437.0,422.0],[1436.0,422.0],[1436.0,421.0],[1435.0,421.0],[1435.0,420.0],[1433.0,420.0],[1433.0,419.25],[1432.0,419.0],[1431.0,419.0],[1431.0,418.0],[1430.0,418.0],[1429.0,418.0],[1429.0,417.0],[1427.0,417.0],[1427.0,418.0],[1426.0,418.0],[1426.0,421.0],[1427.0,421.0],[1427.0,422.0],[1428.0,422.0],[1429.0,422.0],[1429.0,424.0],[1430.0,424.0],[1430.0,425.0]]],[[[1092.0,463.0],[1092.0,464.0],[1091.0,464.0],[1091.0,465.0],[1090.0,465.0],[1089.0,465.0],[1089.0,466.0],[1088.0,466.0],[1088.0,467.0],[1087.0,467.0],[1087.0,468.0],[1086.0,468.0],[1086.0,470.0],[1085.0,470.0],[1085.0,471.0],[1084.0,471.0],[1084.0,472.0],[1083.0,472.0],[1082.0,472.0],[1082.0,473.0],[1081.0,473.0],[1079.0,473.0],[1079.0,474.0],[1078.0,474.0],[1078.0,473.0],[1076.0,473.0],[1075.0,473.0],[1074.0,473.0],[1074.0,474.0],[1073.5,474.0],[1073.0,475.0],[1071.0,475.0],[1070.0,475.0],[1070.0,474.0],[1069.0,474.0],[1068.0,474.0],[1068.0,473.0],[1062.0,473.0],[1061.0,473.0],[1060.0,473.0],[1060.0,475.0],[1060.0,479.0],[1060.0,483.0],[1060.0,489.0],[1061.0,489.0],[1061.0,492.0],[1060.0,492.0],[1060.0,493.0],[1059.0,493.0],[1059.0,494.0],[1058.0,494.0],[1057.0,496.0],[1055.0,496.0],[1055.0,497.0],[1053.0,498.0],[1053.0,500.0],[1053.0,501.0],[1056.0,501.0],[1056.0,500.0],[1057.0,500.0],[1057.0,499.0],[1058.0,499.0],[1060.0,499.0],[1060.0,500.0],[1061.0,500.0],[1061.0,502.0],[1060.0,502.0],[1060.0,506.0],[1061.0,506.0],[1061.0,507.0],[1062.0,507.0],[1063.0,507.0],[1065.0,507.0],[1067.0,507.0],[1068.0,507.0],[1069.0,507.0],[1069.0,506.0],[1075.0,506.0],[1075.0,505.0],[1077.0,505.0],[1077.0,506.0],[1079.0,506.0],[1079.0,507.0],[1080.0,507.0],[1080.0,508.0],[1080.0,509.0],[1081.0,509.0],[1081.0,513.0],[1080.0,513.0],[1080.0,514.0],[1080.0,515.0],[1079.0,515.5],[1079.0,516.0],[1078.0,516.0],[1078.0,518.0],[1077.0,518.0],[1077.0,519.0],[1074.0,519.0],[1073.0,519.0],[1073.0,518.0],[1072.0,518.0],[1071.0,518.0],[1071.0,517.0],[1068.0,517.0],[1068.0,519.0],[1068.0,522.0],[1069.0,522.0],[1069.0,523.0],[1070.0,523.0],[1070.0,524.0],[1072.0,524.0],[1072.0,523.0],[1074.0,523.0],[1074.0,524.0],[1077.0,524.0],[1078.0,524.0],[1078.0,525.0],[1078.0,526.0],[1078.0,527.0],[1076.0,528.0],[1076.0,530.0],[1076.0,534.0],[1077.0,534.0],[1077.0,539.0],[1076.0,539.0],[1076.0,543.0],[1073.0,543.75],[1073.0,544.0],[1072.0,544.0],[1072.0,545.0],[1071.0,545.0],[1071.0,546.0],[1071.0,547.0],[1069.0,547.0],[1069.0,548.0],[1069.0,550.0],[1068.0,550.0],[1068.0,555.0],[1069.0,555.0],[1069.0,556.0],[1069.0,560.0],[1070.0,560.0],[1070.0,561.0],[1070.0,565.0],[1070.0,566.0],[1071.0,566.0],[1071.0,567.0],[1071.0,571.0],[1072.0,571.0],[1072.0,574.0],[1073.0,574.0],[1073.0,575.0],[1073.0,578.0],[1074.0,578.0],[1074.0,578.5],[1075.0,579.0],[1075.25,580.0],[1076.0,580.0],[1076.0,582.0],[1077.0,582.0],[1077.0,583.0],[1077.0,584.0],[1078.0,584.0],[1078.0,585.0],[1079.0,585.0],[1079.0,586.0],[1080.0,586.0],[1080.0,587.0],[1081.0,587.0],[1081.0,587.5],[1082.0,588.0],[1082.0,594.0],[1082.0,595.0],[1082.0,596.0],[1083.0,596.0],[1083.0,597.0],[1083.0,598.0],[1086.0,598.0],[1086.0,597.0],[1087.0,597.0],[1087.0,596.0],[1088.0,596.0],[1088.0,595.0],[1089.0,595.0],[1089.0,595.5],[1090.0,595.0],[1090.0,596.0],[1092.0,597.0],[1092.0,599.0],[1092.0,600.0],[1092.0,601.0],[1091.0,601.0],[1091.0,602.0],[1090.0,602.0],[1090.0,603.0],[1089.0,603.0],[1089.0,604.0],[1088.0,604.0],[1087.0,604.0],[1086.0,604.0],[1086.0,605.0],[1084.0,605.0],[1083.0,605.0],[1083.0,606.0],[1082.0,606.0],[1077.0,606.0],[1077.0,607.0],[1076.0,607.0],[1076.0,606.0],[1075.0,606.0],[1074.0,606.0],[1074.0,605.0],[1073.0,605.0],[1073.0,604.0],[1072.0,604.0],[1071.0,604.0],[1071.0,603.0],[1070.0,603.0],[1070.0,600.0],[1071.0,600.0],[1071.0,598.0],[1071.0,597.0],[1072.0,597.0],[1072.0,591.0],[1071.0,591.0],[1070.0,589.0],[1068.0,589.0],[1068.0,590.0],[1067.0,590.0],[1067.0,592.0],[1066.0,592.0],[1064.0,592.0],[1063.0,592.0],[1062.0,594.0],[1060.0,594.0],[1059.0,594.0],[1059.0,595.0],[1058.0,595.0],[1058.0,596.0],[1056.0,596.0],[1055.0,598.0],[1051.0,599.0],[1051.0,601.0],[1050.0,601.0],[1050.0,603.0],[1049.0,603.0],[1049.0,605.0],[1049.0,624.0],[1049.0,625.0],[1050.0,625.0],[1050.0,627.0],[1049.0,627.0],[1049.0,631.0],[1048.0,631.0],[1048.0,632.0],[1047.0,632.5],[1047.0,633.0],[1046.0,633.0],[1046.0,634.0],[1046.0,637.0],[1050.0,637.0],[1050.0,636.0],[1053.0,636.0],[1053.0,637.0],[1056.0,637.0],[1056.0,636.0],[1057.0,636.0],[1057.0,637.0],[1059.0,637.0],[1060.0,637.0],[1060.0,638.0],[1060.0,639.0],[1061.0,639.0],[1061.0,640.0],[1061.0,642.0],[1060.0,642.0],[1060.0,643.0],[1059.0,643.0],[1059.0,644.0],[1058.0,644.0],[1058.0,645.0],[1058.0,646.0],[1058.0,647.0],[1061.0,647.0],[1061.0,646.0],[1066.0,646.0],[1066.0,647.0],[1067.0,647.0],[1068.0,647.0],[1069.0,647.0],[1069.0,646.0],[1070.0,646.0],[1070.0,645.0],[1071.0,645.0],[1072.0,643.0],[1073.0,643.0],[1074.0,643.0],[1074.0,642.0],[1077.0,642.0],[1078.0,642.0],[1078.0,643.0],[1079.0,643.0],[1079.0,644.0],[1079.0,648.0],[1079.0,649.0],[1078.0,649.0],[1078.0,657.0],[1079.0,657.0],[1079.0,659.0],[1078.0,659.0],[1078.0,660.0],[1078.0,662.0],[1079.0,662.0],[1079.0,664.0],[1081.0,665.0],[1081.0,668.0],[1080.0,668.0],[1080.0,670.0],[1075.0,670.0],[1075.0,669.0],[1074.0,669.0],[1074.0,668.0],[1073.0,668.0],[1073.0,667.5],[1072.0,667.0],[1072.0,665.0],[1071.0,665.0],[1071.0,664.0],[1068.0,664.0],[1068.0,667.0],[1067.0,667.0],[1067.0,669.0],[1066.0,669.0],[1066.0,670.0],[1065.0,670.0],[1065.0,671.0],[1064.0,671.0],[1064.0,672.0],[1063.0,672.5],[1063.0,673.0],[1062.0,673.0],[1062.0,675.0],[1061.0,675.0],[1061.0,679.0],[1062.0,679.0],[1062.0,681.0],[1063.0,681.0],[1063.0,682.0],[1064.0,682.0],[1065.0,682.0],[1065.0,683.0],[1065.0,684.0],[1065.0,686.0],[1064.0,686.0],[1062.0,686.0],[1061.0,686.0],[1061.0,685.0],[1060.0,685.0],[1058.0,685.0],[1058.0,684.0],[1056.0,683.0],[1056.0,682.0],[1056.0,680.0],[1055.0,680.0],[1055.0,677.0],[1056.0,677.0],[1056.0,673.0],[1055.0,673.0],[1055.0,671.0],[1054.0,671.0],[1054.0,666.0],[1054.0,665.0],[1053.0,665.0],[1052.0,665.0],[1051.0,665.0],[1051.0,666.0],[1051.0,667.0],[1050.0,667.0],[1050.0,668.0],[1050.0,674.0],[1049.0,674.0],[1049.0,677.0],[1048.0,677.0],[1048.0,678.0],[1047.0,678.0],[1047.0,679.0],[1045.0,680.0],[1045.0,682.0],[1044.0,682.0],[1044.0,685.0],[1042.0,685.0],[1042.0,687.0],[1041.0,687.0],[1040.0,691.0],[1039.0,691.0],[1039.0,692.0],[1036.0,692.0],[1035.0,690.0],[1032.0,690.0],[1032.0,689.0],[1029.0,689.0],[1028.0,689.0],[1028.0,692.0],[1029.0,692.0],[1029.0,693.0],[1029.0,694.0],[1030.0,694.0],[1030.0,695.0],[1030.0,698.0],[1029.0,698.5],[1029.0,699.0],[1028.0,699.0],[1028.0,701.0],[1029.0,701.0],[1029.0,702.0],[1029.0,703.0],[1030.0,703.0],[1030.0,705.0],[1031.0,705.0],[1031.0,706.0],[1032.0,706.0],[1032.0,707.0],[1033.0,707.0],[1033.0,708.0],[1034.0,708.0],[1034.0,709.0],[1036.0,710.0],[1036.0,712.0],[1038.0,712.0],[1039.0,712.0],[1039.0,710.0],[1040.0,710.0],[1042.0,710.0],[1042.0,709.0],[1043.0,709.0],[1043.0,708.0],[1044.0,708.0],[1044.0,707.0],[1044.0,706.0],[1045.0,706.0],[1045.0,705.0],[1046.0,705.0],[1048.0,705.0],[1049.0,705.0],[1049.0,706.0],[1050.0,706.0],[1051.0,706.0],[1051.0,707.0],[1052.0,707.0],[1052.0,709.0],[1053.0,709.0],[1053.0,710.0],[1052.0,710.0],[1052.0,711.0],[1051.0,711.0],[1051.0,712.0],[1050.5,712.0],[1050.0,713.0],[1047.0,713.0],[1046.0,715.0],[1045.0,715.0],[1044.0,715.0],[1044.0,716.0],[1044.0,717.0],[1043.0,717.0],[1043.0,718.0],[1042.0,718.0],[1042.0,719.0],[1041.0,719.0],[1041.0,720.0],[1040.0,720.0],[1040.0,721.0],[1039.0,721.0],[1038.0,721.5],[1038.0,722.0],[1037.0,722.0],[1037.0,723.0],[1037.0,724.0],[1037.0,725.0],[1038.0,725.0],[1038.0,726.0],[1037.0,726.0],[1037.0,727.0],[1038.0,727.0],[1038.0,728.0],[1038.0,731.0],[1039.0,731.0],[1039.0,732.0],[1040.0,732.0],[1040.0,733.0],[1041.0,733.0],[1041.0,734.5],[1042.0,735.0],[1042.0,736.0],[1041.0,736.0],[1038.0,736.0],[1038.0,737.0],[1037.0,737.0],[1037.0,740.0],[1041.0,740.0],[1041.0,740.4],[1047.0,741.0],[1048.0,741.0],[1048.0,742.0],[1049.0,742.0],[1049.0,743.0],[1050.0,743.0],[1050.0,743.25],[1053.0,744.0],[1054.0,744.0],[1054.0,745.0],[1055.0,745.0],[1055.0,746.0],[1056.0,746.0],[1057.0,746.0],[1057.0,747.0],[1058.0,747.0],[1060.0,747.0],[1061.0,747.0],[1061.0,746.0],[1062.0,746.0],[1063.0,746.0],[1063.0,745.0],[1066.0,745.0],[1066.0,746.0],[1067.0,746.0],[1067.0,746.5],[1068.0,747.0],[1068.0,749.0],[1068.0,750.0],[1066.0,750.0],[1065.0,752.0],[1063.0,752.0],[1063.0,753.0],[1061.0,753.0],[1061.0,754.0],[1058.0,754.0],[1058.0,755.0],[1056.0,755.0],[1056.0,756.0],[1052.0,757.0],[1052.0,758.0],[1052.0,759.0],[1052.0,762.0],[1053.0,762.0],[1053.0,763.0],[1056.0,763.0],[1057.0,765.0],[1058.0,765.0],[1059.0,765.0],[1059.0,766.0],[1060.0,766.0],[1060.0,768.0],[1059.0,768.0],[1059.0,769.0],[1057.0,770.0],[1057.0,772.0],[1056.0,772.0],[1056.0,773.0],[1056.0,775.0],[1058.0,775.0],[1059.0,775.0],[1059.0,774.0],[1060.0,774.0],[1060.0,773.0],[1061.0,773.0],[1061.0,772.0],[1062.0,772.0],[1064.0,772.0],[1064.0,771.0],[1065.0,771.0],[1067.0,771.0],[1067.0,770.0],[1068.0,770.0],[1068.0,767.0],[1069.0,767.0],[1069.0,766.0],[1069.5,766.0],[1070.0,765.0],[1071.0,765.0],[1071.0,764.0],[1072.0,764.0],[1073.0,764.0],[1073.0,764.5],[1074.0,765.0],[1074.0,767.0],[1074.0,768.0],[1075.0,768.0],[1075.0,769.0],[1076.0,769.0],[1076.0,770.0],[1076.0,771.0],[1077.0,771.0],[1084.0,771.0],[1086.0,771.0],[1086.0,770.0],[1089.0,770.0],[1089.0,769.0],[1093.0,768.0],[1093.0,767.0],[1094.0,767.0],[1094.0,766.0],[1095.0,766.0],[1096.0,764.0],[1101.0,764.0],[1103.0,764.0],[1104.0,764.0],[1104.0,765.0],[1104.0,766.0],[1104.0,768.0],[1102.0,769.0],[1102.0,771.0],[1101.0,771.0],[1101.0,772.0],[1099.0,773.0],[1099.0,775.0],[1098.0,775.0],[1098.0,776.0],[1097.0,776.0],[1097.0,778.0],[1096.0,778.0],[1096.0,783.0],[1098.0,783.0],[1098.0,784.0],[1099.0,784.0],[1100.0,786.0],[1102.0,786.0],[1102.0,788.0],[1101.0,788.0],[1101.0,789.0],[1100.0,789.0],[1100.0,790.0],[1099.0,790.0],[1099.0,791.0],[1099.0,793.0],[1104.0,793.0],[1104.0,792.0],[1105.0,792.0],[1106.0,790.0],[1111.0,790.0],[1111.0,789.0],[1115.0,789.0],[1115.0,788.0],[1117.0,787.0],[1117.0,784.0],[1118.0,784.0],[1118.0,782.0],[1119.0,782.0],[1119.0,781.0],[1119.0,780.0],[1120.5,780.0],[1121.0,779.0],[1123.0,779.0],[1124.0,779.0],[1124.0,780.0],[1124.0,781.0],[1124.0,784.0],[1123.0,784.0],[1123.0,786.0],[1122.0,786.0],[1122.0,790.0],[1123.0,790.0],[1123.0,791.0],[1129.0,791.0],[1129.0,790.0],[1135.0,790.0],[1136.0,790.0],[1136.0,789.0],[1140.0,788.0],[1140.0,787.0],[1141.0,787.0],[1141.0,786.0],[1142.0,786.0],[1143.0,784.0],[1151.0,784.0],[1151.0,783.0],[1153.0,783.0],[1153.0,782.0],[1154.0,782.0],[1154.0,780.0],[1155.0,780.0],[1155.0,779.0],[1156.0,779.0],[1157.0,777.0],[1157.0,775.0],[1155.0,774.0],[1155.0,773.0],[1154.0,773.0],[1154.0,772.0],[1153.0,772.0],[1153.0,771.0],[1150.0,771.0],[1149.0,769.0],[1147.0,769.0],[1147.0,767.0],[1146.0,767.0],[1146.0,761.0],[1146.0,758.0],[1147.0,758.0],[1147.0,757.0],[1148.0,757.0],[1148.0,754.0],[1149.0,754.0],[1149.0,749.0],[1149.0,748.0],[1149.0,741.0],[1150.0,741.0],[1150.0,739.0],[1154.0,738.0],[1155.0,736.0],[1156.0,736.0],[1156.0,735.0],[1159.0,735.0],[1159.0,734.0],[1161.0,734.0],[1165.0,734.0],[1166.0,732.0],[1168.0,732.0],[1169.0,730.0],[1170.0,730.0],[1170.0,729.0],[1171.0,729.0],[1171.0,728.0],[1172.0,728.0],[1172.0,727.0],[1173.0,727.0],[1173.0,726.0],[1174.0,726.0],[1174.0,725.0],[1175.0,725.0],[1175.0,724.0],[1176.0,724.0],[1176.0,723.0],[1177.0,723.0],[1177.0,721.0],[1179.0,720.0],[1179.0,719.0],[1180.0,719.0],[1180.0,717.0],[1182.0,716.0],[1183.0,712.0],[1185.0,711.0],[1185.0,709.0],[1186.0,709.0],[1186.0,703.0],[1185.0,703.0],[1185.0,702.0],[1183.0,702.0],[1183.0,701.0],[1182.0,701.0],[1182.0,700.0],[1182.0,699.0],[1181.0,699.0],[1181.0,696.0],[1182.0,696.0],[1182.0,695.0],[1183.0,695.0],[1183.0,694.0],[1184.0,694.0],[1184.0,693.0],[1185.0,693.0],[1186.0,691.0],[1188.0,691.0],[1189.0,689.0],[1191.0,689.0],[1191.0,688.0],[1194.0,688.0],[1194.0,687.0],[1196.0,687.0],[1196.0,688.0],[1199.0,688.0],[1200.0,690.0],[1203.0,690.0],[1204.0,690.0],[1206.0,689.0],[1206.0,688.0],[1207.0,688.0],[1211.0,688.0],[1211.0,687.0],[1213.0,687.0],[1213.0,686.0],[1219.0,685.0],[1219.0,684.0],[1223.0,683.0],[1224.0,681.0],[1226.0,681.0],[1226.0,680.0],[1228.0,680.0],[1228.0,679.0],[1232.0,678.0],[1232.0,677.0],[1233.0,677.0],[1236.0,677.0],[1236.0,676.0],[1238.0,676.0],[1238.0,674.0],[1238.0,671.0],[1239.0,671.0],[1239.0,670.0],[1239.0,669.0],[1240.0,669.0],[1240.0,668.0],[1241.0,668.0],[1241.0,667.0],[1243.0,667.0],[1243.0,666.0],[1245.0,666.0],[1245.0,667.0],[1246.0,667.0],[1246.0,670.0],[1247.0,670.0],[1247.0,674.0],[1248.0,674.0],[1248.0,675.0],[1250.0,675.0],[1250.0,677.0],[1251.0,677.0],[1251.0,681.0],[1252.0,681.0],[1252.0,685.0],[1253.0,685.0],[1253.0,687.0],[1254.0,687.0],[1254.0,688.0],[1256.0,688.0],[1256.0,689.0],[1258.0,690.0],[1258.0,692.0],[1259.0,692.0],[1259.0,693.0],[1261.0,693.0],[1262.0,693.0],[1264.0,693.0],[1264.0,691.0],[1265.0,691.0],[1265.0,690.0],[1268.0,690.0],[1268.0,689.0],[1270.0,688.0],[1270.0,687.0],[1270.0,683.0],[1269.0,683.0],[1269.0,678.0],[1270.0,678.0],[1271.0,674.0],[1273.0,674.0],[1274.0,672.0],[1275.0,672.0],[1275.0,671.0],[1277.0,671.0],[1278.0,667.0],[1279.0,667.0],[1279.0,663.0],[1277.0,662.0],[1277.0,660.0],[1276.0,660.0],[1276.0,653.0],[1277.0,653.0],[1277.0,651.0],[1278.0,651.0],[1278.0,650.0],[1282.0,649.0],[1283.0,647.0],[1284.0,647.0],[1284.0,642.0],[1282.0,641.0],[1282.0,640.0],[1281.0,640.0],[1281.0,639.0],[1279.0,639.0],[1278.0,637.0],[1276.0,637.0],[1276.0,635.0],[1275.0,635.0],[1275.0,634.0],[1276.0,634.0],[1277.0,632.0],[1280.0,632.0],[1280.0,631.0],[1282.0,631.0],[1282.0,628.0],[1282.0,627.0],[1283.0,627.0],[1283.0,626.0],[1285.0,626.0],[1286.0,624.0],[1287.0,624.0],[1287.0,623.0],[1288.0,623.0],[1288.0,622.0],[1289.0,622.0],[1289.0,620.0],[1290.0,620.0],[1291.0,614.0],[1292.0,614.0],[1292.0,612.0],[1293.0,612.0],[1293.0,610.0],[1294.0,610.0],[1294.0,608.0],[1295.0,608.0],[1295.0,605.0],[1296.0,605.0],[1296.0,601.0],[1297.0,597.0],[1299.0,596.0],[1299.0,595.0],[1300.0,595.0],[1300.0,593.0],[1301.0,593.0],[1301.0,591.0],[1303.0,590.0],[1303.0,589.0],[1304.0,589.0],[1304.0,588.0],[1306.0,588.0],[1310.0,588.0],[1310.0,587.0],[1311.0,587.0],[1311.0,586.0],[1312.0,586.0],[1312.0,585.0],[1313.0,585.0],[1313.0,584.0],[1314.0,584.0],[1314.0,583.0],[1315.0,583.0],[1315.0,582.0],[1316.0,582.0],[1316.0,581.0],[1318.0,580.0],[1318.0,578.0],[1319.0,578.0],[1319.0,577.0],[1320.0,577.0],[1320.0,576.0],[1321.0,576.0],[1321.0,575.0],[1322.0,575.0],[1323.0,573.0],[1325.0,573.0],[1325.0,572.0],[1326.0,572.0],[1326.0,571.0],[1327.0,571.0],[1327.0,570.0],[1328.0,570.0],[1328.0,569.0],[1329.0,569.0],[1330.0,567.0],[1332.0,567.0],[1332.0,566.0],[1333.0,566.0],[1334.0,564.0],[1346.0,564.0],[1346.0,563.0],[1347.0,563.0],[1349.0,563.0],[1349.0,562.0],[1351.0,562.0],[1351.0,561.0],[1354.0,561.0],[1354.0,560.0],[1356.0,560.0],[1356.0,559.0],[1357.0,559.0],[1357.0,558.0],[1359.0,558.0],[1359.0,557.0],[1360.0,557.0],[1361.0,555.0],[1363.0,555.0],[1364.0,553.0],[1366.0,553.0],[1366.0,552.0],[1367.0,552.0],[1369.0,552.0],[1369.0,551.0],[1370.0,551.0],[1372.0,551.0],[1372.0,550.0],[1373.0,550.0],[1376.0,550.0],[1376.0,549.0],[1377.0,549.0],[1381.0,548.0],[1382.0,546.0],[1384.0,546.0],[1385.0,544.0],[1386.0,544.0],[1386.0,543.0],[1387.0,543.0],[1387.0,542.0],[1388.0,542.0],[1388.0,541.0],[1389.0,541.0],[1389.0,540.0],[1390.0,540.0],[1390.0,539.0],[1391.0,539.0],[1391.0,538.0],[1392.0,538.0],[1392.0,536.0],[1393.0,536.0],[1393.0,523.0],[1394.0,523.0],[1394.0,521.0],[1395.0,521.0],[1395.0,519.0],[1399.0,518.0],[1400.0,516.0],[1402.0,516.0],[1402.0,515.0],[1403.0,515.0],[1403.0,514.0],[1405.0,514.0],[1406.0,512.0],[1407.0,512.0],[1407.0,511.0],[1408.0,511.0],[1408.0,510.0],[1410.0,510.0],[1411.0,508.0],[1412.0,508.0],[1412.0,507.0],[1414.0,507.0],[1414.0,505.0],[1416.0,504.0],[1416.0,503.0],[1417.0,503.0],[1417.0,501.0],[1418.0,501.0],[1418.0,497.0],[1418.0,493.0],[1417.0,493.0],[1417.0,492.0],[1419.0,491.0],[1420.0,491.0],[1421.0,489.0],[1423.0,489.0],[1423.0,488.0],[1427.0,488.0],[1427.0,487.0],[1429.0,487.0],[1429.0,488.0],[1432.0,488.0],[1436.0,488.0],[1439.0,488.0],[1439.0,487.0],[1440.0,487.0],[1441.0,481.0],[1441.0,480.0],[1440.0,480.0],[1440.0,475.0],[1440.0,474.0],[1439.0,474.0],[1438.0,456.0],[1438.0,455.0],[1439.0,455.0],[1439.0,454.0],[1439.0,453.0],[1440.0,453.0],[1440.0,452.0],[1441.0,452.0],[1441.0,451.0],[1442.0,451.0],[1442.0,450.0],[1443.0,450.0],[1443.0,449.0],[1443.0,448.0],[1444.0,448.0],[1444.0,447.0],[1445.0,447.0],[1445.0,446.0],[1445.8333333333333,446.0],[1445.0,441.0],[1444.0,441.0],[1444.0,440.0],[1444.0,439.0],[1443.0,439.0],[1440.0,439.0],[1439.0,441.0],[1437.0,441.0],[1437.0,442.0],[1436.5,442.0],[1436.0,443.0],[1435.0,443.0],[1435.0,444.0],[1432.0,444.0],[1431.0,442.0],[1430.0,442.0],[1429.0,442.0],[1429.0,441.0],[1429.0,435.0],[1428.0,435.0],[1428.0,434.0],[1425.0,434.0],[1425.0,433.0],[1424.0,433.0],[1424.0,429.0],[1423.0,429.0],[1423.0,426.0],[1422.0,426.0],[1422.0,422.0],[1420.0,422.0],[1420.0,421.0],[1419.0,421.0],[1419.0,420.0],[1419.0,418.0],[1420.0,418.0],[1421.0,418.0],[1421.0,417.0],[1421.5,417.0],[1422.0,416.0],[1423.0,416.0],[1423.0,414.0],[1423.0,413.0],[1424.0,413.0],[1426.0,413.0],[1426.0,412.0],[1427.0,412.0],[1427.0,411.0],[1428.0,410.5],[1428.0,410.0],[1429.0,410.0],[1429.0,409.0],[1430.0,409.0],[1430.0,408.0],[1431.0,408.0],[1431.0,407.0],[1432.0,407.0],[1433.0,407.0],[1433.0,406.0],[1433.25,406.0],[1434.0,403.0],[1436.0,402.0],[1436.0,401.0],[1436.0,397.0],[1434.0,396.0],[1434.0,395.0],[1433.0,395.0],[1433.0,394.0],[1432.0,394.0],[1432.0,393.0],[1432.0,391.0],[1432.0,390.0],[1433.0,390.0],[1433.0,389.0],[1436.0,389.0],[1436.0,390.0],[1438.0,390.0],[1441.0,390.0],[1442.0,388.0],[1443.0,388.0],[1443.0,387.0],[1444.0,387.0],[1446.0,387.0],[1446.0,386.0],[1446.5,386.0],[1447.0,385.0],[1447.0,384.0],[1448.0,384.0],[1450.0,384.0],[1450.0,384.1666666666667],[1460.0,385.0],[1460.0,384.0],[1466.0,384.0],[1466.0,381.0],[1467.0,381.0],[1467.0,380.0],[1469.0,380.0],[1469.0,379.0],[1470.0,379.0],[1470.0,378.0],[1470.0,377.0],[1469.0,377.0],[1469.0,376.0],[1465.0,376.0],[1464.0,378.0],[1462.0,378.0],[1462.0,377.0],[1461.0,377.0],[1461.0,375.0],[1461.0,374.0],[1462.0,374.0],[1462.0,372.0],[1463.0,372.0],[1463.0,370.0],[1462.0,370.0],[1462.0,369.0],[1462.0,368.0],[1461.0,368.0],[1458.0,368.0],[1458.0,367.0],[1455.0,367.0],[1455.0,366.0],[1454.0,366.0],[1454.0,360.0],[1456.0,360.0],[1456.0,357.0],[1455.0,357.0],[1454.0,357.0],[1451.0,357.0],[1450.0,357.0],[1450.0,356.0],[1448.0,356.0],[1448.0,357.0],[1447.0,357.0],[1447.0,358.0],[1446.0,358.0],[1444.0,358.3333333333333],[1444.0,359.0],[1441.0,359.0],[1441.0,360.0],[1440.0,360.0],[1437.0,360.0],[1437.0,361.0],[1435.0,361.0],[1435.0,362.0],[1433.0,362.0],[1433.0,363.0],[1432.0,363.0],[1431.0,363.0],[1431.0,364.0],[1430.0,364.0],[1428.0,364.0],[1428.0,365.0],[1427.0,365.0],[1425.0,365.0],[1425.0,366.0],[1424.0,366.0],[1421.0,366.0],[1421.0,365.0],[1420.0,365.0],[1420.0,364.0],[1420.0,363.0],[1421.0,362.5],[1421.0,362.0],[1422.0,362.0],[1422.0,361.0],[1424.0,361.0],[1424.0,360.0],[1424.5,360.0],[1425.0,359.0],[1427.0,359.0],[1428.0,359.0],[1428.0,358.0],[1430.0,358.0],[1430.0,357.0],[1432.0,357.0],[1432.0,356.0],[1434.0,356.0],[1435.0,356.0],[1435.0,355.0],[1436.0,355.0],[1437.0,355.0],[1437.0,354.0],[1438.0,354.0],[1442.0,354.0],[1442.0,353.0],[1443.0,353.0],[1444.0,353.0],[1444.0,352.0],[1446.0,352.0],[1449.0,352.0],[1449.0,351.0],[1451.0,351.0],[1451.0,350.0],[1452.0,350.0],[1452.0,348.0],[1453.0,347.5],[1453.0,346.0],[1454.0,346.0],[1456.0,346.0],[1456.0,345.0],[1457.0,345.0],[1459.0,345.0],[1459.0,344.0],[1460.0,344.0],[1460.0,343.0],[1461.0,343.0],[1461.0,342.0],[1461.0,341.0],[1453.0,341.0],[1452.0,341.0],[1452.0,340.0],[1451.0,340.0],[1451.0,334.0],[1451.0,333.0],[1452.0,333.0],[1452.0,330.0],[1453.0,330.0],[1453.0,329.0],[1454.0,329.0],[1454.0,327.0],[1455.0,327.0],[1455.0,326.0],[1455.0,323.0],[1456.0,323.0],[1456.0,319.0],[1456.0,318.0],[1457.0,318.0],[1457.0,317.0],[1458.0,317.0],[1458.0,316.0],[1459.0,316.0],[1459.0,315.0],[1458.0,315.0],[1458.0,314.0],[1457.0,314.0],[1454.0,314.0],[1453.0,316.0],[1451.0,316.0],[1451.0,317.0],[1449.0,317.0],[1447.0,317.0],[1447.0,318.0],[1446.5,318.0],[1446.0,319.0],[1445.0,319.0],[1445.0,320.0],[1442.0,320.0],[1441.0,320.0],[1440.0,320.0],[1440.0,319.0],[1439.0,319.0],[1439.0,318.0],[1438.0,318.0],[1437.0,318.0],[1437.0,317.0],[1436.0,317.0],[1434.0,317.0],[1434.0,318.0],[1434.0,323.0],[1434.0,324.0],[1433.0,324.25],[1433.0,325.0],[1431.0,325.0],[1431.0,326.0],[1430.0,326.0],[1428.0,326.0],[1428.0,327.0],[1427.5,327.0],[1427.0,328.0],[1426.0,328.0],[1426.0,329.0],[1426.0,336.0],[1424.0,337.0],[1424.0,339.0],[1423.0,339.0],[1423.0,340.0],[1423.0,341.0],[1422.0,341.0],[1422.0,342.0],[1422.0,346.0],[1421.0,346.0],[1421.0,348.0],[1420.0,348.5],[1420.0,349.0],[1419.0,349.0],[1419.0,350.0],[1418.0,350.0],[1418.0,351.0],[1417.0,351.0],[1416.0,351.0],[1415.0,351.0],[1415.0,350.0],[1415.0,348.0],[1414.0,348.0],[1414.0,347.0],[1414.0,345.0],[1413.0,345.0],[1413.0,344.0],[1414.0,344.0],[1414.0,341.0],[1413.0,341.0],[1413.0,340.0],[1410.0,340.0],[1410.0,341.0],[1409.0,341.0],[1409.0,343.0],[1409.0,344.0],[1408.0,344.0],[1408.0,346.0],[1406.0,347.0],[1406.0,349.0],[1405.0,349.0],[1405.0,351.0],[1403.0,352.0],[1403.0,353.0],[1402.0,353.0],[1402.0,354.0],[1401.0,354.0],[1401.0,355.0],[1401.0,356.0],[1400.0,356.0],[1400.0,357.0],[1400.0,358.0],[1399.0,358.0],[1399.0,360.0],[1399.0,362.0],[1398.0,362.0],[1398.0,364.0],[1398.0,365.0],[1397.0,365.0],[1397.0,366.0],[1397.0,368.0],[1396.0,368.0],[1396.0,369.0],[1396.0,370.0],[1395.0,370.0],[1395.0,371.0],[1392.0,371.0],[1391.0,371.0],[1390.0,371.0],[1390.0,370.0],[1387.0,370.0],[1386.0,370.0],[1386.0,375.0],[1385.0,375.0],[1385.0,379.0],[1383.0,379.0],[1383.0,381.0],[1381.0,381.0],[1381.0,382.0],[1380.0,382.0],[1377.0,382.0],[1377.0,383.0],[1375.0,383.0],[1375.0,384.0],[1373.0,384.0],[1373.0,385.0],[1372.0,385.0],[1372.0,386.0],[1372.0,388.0],[1372.0,390.0],[1373.0,390.0],[1373.0,392.0],[1374.0,392.0],[1374.0,396.0],[1375.0,396.0],[1375.0,397.0],[1374.0,397.0],[1374.0,404.0],[1373.0,404.0],[1373.0,405.0],[1373.0,406.0],[1372.0,406.0],[1372.0,410.0],[1370.0,411.0],[1370.0,414.0],[1369.0,414.5],[1369.0,415.0],[1368.0,415.0],[1368.0,416.0],[1367.0,416.0],[1367.0,417.0],[1366.0,417.0],[1365.0,417.0],[1365.0,418.0],[1364.0,418.0],[1364.0,420.0],[1365.0,420.0],[1365.0,421.5],[1366.0,422.0],[1366.0,423.0],[1367.0,423.0],[1367.5,425.0],[1368.0,425.0],[1368.0,426.0],[1369.0,426.0],[1369.0,427.0],[1369.0,430.0],[1369.0,431.0],[1368.0,431.0],[1368.0,433.0],[1365.0,433.0],[1364.0,431.0],[1363.0,431.0],[1363.0,430.0],[1361.0,430.0],[1361.0,429.0],[1359.0,429.0],[1358.0,429.0],[1357.0,429.0],[1357.0,428.0],[1354.0,428.0],[1354.0,427.0],[1352.0,427.0],[1351.0,427.0],[1351.0,426.0],[1350.0,426.0],[1349.0,426.0],[1348.0,426.0],[1348.0,427.0],[1346.0,427.0],[1346.0,428.0],[1341.0,428.0],[1341.0,427.0],[1340.0,427.0],[1340.0,426.0],[1339.0,426.0],[1339.0,423.0],[1340.0,423.0],[1340.0,422.0],[1341.0,422.0],[1341.0,421.0],[1336.0,421.0],[1335.0,421.0],[1335.0,422.0],[1333.0,422.0],[1333.0,423.0],[1332.5,423.0],[1332.0,424.0],[1331.0,424.0],[1331.0,425.0],[1331.0,426.0],[1330.0,426.0],[1330.0,427.0],[1328.0,427.0],[1328.0,428.0],[1325.0,428.0],[1325.0,427.0],[1324.0,427.0],[1324.0,425.0],[1323.0,425.0],[1323.0,423.0],[1323.0,422.0],[1322.0,422.0],[1322.0,421.0],[1320.0,421.0],[1320.0,422.0],[1319.0,422.0],[1319.0,423.0],[1318.0,423.5],[1318.0,424.0],[1317.0,424.0],[1317.0,425.0],[1308.0,425.0],[1308.0,426.0],[1307.0,426.0],[1307.0,427.0],[1306.0,427.0],[1306.0,428.0],[1305.0,428.0],[1305.0,429.0],[1304.0,429.0],[1299.0,429.0],[1299.0,430.0],[1296.0,430.0],[1296.0,429.0],[1294.0,429.0],[1291.0,429.0],[1292.0,435.0],[1291.0,435.0],[1291.0,436.0],[1290.0,436.0],[1290.0,437.0],[1288.5,437.0],[1288.0,438.0],[1282.0,439.0],[1282.0,440.0],[1280.0,440.0],[1280.0,441.0],[1279.0,441.0],[1278.0,449.0],[1277.0,449.0],[1277.0,451.0],[1275.0,452.0],[1275.0,453.0],[1274.0,453.0],[1274.0,452.0],[1271.0,452.0],[1270.0,452.0],[1270.0,451.0],[1269.0,451.0],[1268.0,451.0],[1267.5,450.0],[1267.0,450.0],[1267.0,449.0],[1266.0,449.0],[1262.0,449.0],[1261.0,449.0],[1261.0,448.0],[1260.0,448.0],[1260.0,447.0],[1259.0,447.0],[1258.0,447.0],[1258.0,444.0],[1259.0,443.5],[1259.0,443.0],[1260.0,443.0],[1260.0,442.0],[1261.0,442.0],[1261.0,441.0],[1261.0,440.0],[1262.0,440.0],[1262.0,439.0],[1261.0,439.0],[1261.0,437.0],[1260.0,437.0],[1259.0,437.0],[1258.0,437.0],[1258.0,438.0],[1257.0,438.0],[1257.0,439.0],[1255.5,439.0],[1255.0,440.0],[1254.0,440.0],[1253.0,440.0],[1253.0,442.0],[1252.0,442.0],[1252.0,443.0],[1251.0,443.0],[1250.0,443.0],[1250.0,444.0],[1248.0,443.5],[1248.0,444.0],[1247.0,444.0],[1247.0,443.25],[1246.0,443.0],[1245.0,443.0],[1245.0,442.0],[1244.0,442.0],[1244.0,441.0],[1243.0,441.0],[1241.0,441.0],[1240.0,439.0],[1237.0,439.0],[1235.0,439.0],[1234.5,438.0],[1234.0,438.0],[1234.0,437.0],[1233.0,437.0],[1233.0,436.0],[1230.0,436.0],[1227.0,436.0],[1226.0,436.0],[1226.0,435.0],[1222.0,435.0],[1222.0,436.0],[1222.0,438.0],[1221.0,438.0],[1221.0,439.0],[1221.0,440.0],[1220.0,440.0],[1220.0,441.0],[1214.0,441.0],[1214.0,440.0],[1213.0,440.0],[1213.0,437.0],[1212.0,437.0],[1212.0,436.0],[1211.0,436.0],[1210.0,436.0],[1204.0,436.0],[1202.0,436.0],[1202.0,437.0],[1198.0,437.0],[1197.0,437.0],[1197.0,436.0],[1193.0,436.0],[1192.0,436.0],[1192.0,435.0],[1190.0,435.0],[1189.0,435.0],[1189.0,434.0],[1188.0,434.0],[1187.0,434.0],[1187.0,433.0],[1186.0,433.0],[1185.0,433.0],[1185.0,432.0],[1184.0,432.0],[1184.0,431.0],[1184.0,428.0],[1184.0,427.0],[1185.0,427.0],[1185.0,426.0],[1184.0,426.0],[1184.0,425.0],[1180.0,425.0],[1180.0,426.0],[1179.0,426.0],[1177.0,426.0],[1177.0,427.0],[1176.0,427.0],[1175.0,427.0],[1174.0,427.0],[1174.0,425.0],[1173.0,425.0],[1173.0,424.75],[1170.0,424.0],[1169.0,422.0],[1168.0,422.0],[1168.0,421.0],[1167.0,421.0],[1167.0,420.0],[1166.0,420.0],[1166.0,419.75],[1163.0,419.0],[1163.0,418.0],[1159.0,418.0],[1159.0,417.0],[1154.0,417.0],[1153.0,417.0],[1153.0,416.0],[1152.0,416.0],[1151.0,416.0],[1151.0,417.0],[1149.0,417.0],[1149.0,418.0],[1144.0,418.0],[1143.0,416.0],[1140.0,416.0],[1140.0,415.0],[1138.0,415.0],[1138.0,414.0],[1137.0,414.0],[1136.0,414.0],[1132.0,414.0],[1131.0,416.0],[1130.0,416.0],[1130.0,418.0],[1129.0,418.0],[1129.0,420.0],[1127.0,421.0],[1127.0,423.0],[1125.0,424.0],[1125.0,426.0],[1123.0,427.0],[1123.0,428.0],[1122.0,428.0],[1122.0,429.0],[1121.0,429.0],[1121.0,430.0],[1120.0,430.0],[1120.0,431.0],[1119.0,431.0],[1119.0,432.0],[1117.0,432.0],[1116.0,434.0],[1115.0,434.0],[1115.0,435.0],[1114.0,435.0],[1114.0,436.0],[1113.0,436.0],[1113.0,439.0],[1112.0,439.0],[1112.0,443.0],[1111.0,443.0],[1111.0,446.0],[1109.0,447.0],[1109.0,449.0],[1108.0,449.0],[1108.0,450.0],[1106.0,450.0],[1105.0,452.0],[1103.0,452.0],[1103.0,453.0],[1100.0,453.0],[1100.0,454.0],[1098.0,454.0],[1097.0,456.0],[1095.0,456.0],[1095.0,457.0],[1093.0,457.0],[1093.0,460.0],[1093.0,461.0],[1092.0,461.0],[1092.0,463.0]]],[[[1159.0,785.0],[1158.0,785.0],[1157.0,785.0],[1156.0,785.0],[1156.0,786.0],[1155.0,786.0],[1155.0,787.0],[1155.0,789.0],[1155.0,790.0],[1157.0,790.0],[1157.0,789.0],[1158.0,789.0],[1158.0,788.0],[1159.0,788.0],[1159.0,785.0]]],[[[1143.0,791.0],[1147.0,791.0],[1147.0,790.0],[1147.0,788.0],[1144.0,788.0],[1143.0,788.0],[1143.0,789.0],[1143.0,791.0]]],[[[1148.0,791.0],[1148.0,795.0],[1151.0,795.0],[1151.0,794.0],[1152.0,794.0],[1152.0,791.0],[1148.0,791.0]]],[[[1157.0,793.0],[1157.0,796.0],[1158.0,796.0],[1158.0,797.0],[1162.0,797.0],[1162.0,794.0],[1161.0,794.0],[1161.0,793.0],[1160.0,793.0],[1157.0,793.0]]],[[[1138.0,795.0],[1138.0,794.0],[1135.0,794.0],[1134.0,794.0],[1134.0,797.0],[1134.0,798.0],[1135.0,798.0],[1136.0,798.0],[1136.0,799.0],[1140.0,799.0],[1140.0,798.0],[1140.0,797.0],[1139.0,797.0],[1139.0,795.5],[1138.0,795.0]]],[[[1177.0,804.0],[1177.0,803.0],[1176.0,803.0],[1172.0,803.0],[1172.0,806.0],[1172.0,807.0],[1173.0,807.0],[1175.0,807.0],[1175.0,808.0],[1178.0,808.0],[1179.0,808.0],[1179.0,807.0],[1179.0,806.0],[1179.0,805.0],[1177.0,804.0]]],[[[1127.0,824.0],[1127.0,832.0],[1128.0,832.0],[1128.0,833.0],[1130.0,833.0],[1131.0,833.0],[1131.0,832.0],[1131.5,832.0],[1132.0,831.0],[1133.0,831.0],[1133.0,830.0],[1134.0,830.0],[1134.0,829.0],[1135.0,829.0],[1136.0,829.0],[1136.0,830.0],[1137.0,830.0],[1137.0,833.0],[1136.0,833.0],[1136.0,834.0],[1136.0,837.0],[1137.0,837.0],[1137.0,838.0],[1140.0,838.0],[1141.0,836.0],[1142.0,836.0],[1142.0,835.0],[1142.0,834.0],[1143.0,834.0],[1144.0,834.0],[1144.0,833.0],[1145.0,833.0],[1145.0,832.0],[1145.0,831.0],[1147.0,830.0],[1147.0,829.0],[1150.0,829.0],[1151.0,831.0],[1156.0,831.0],[1156.0,830.0],[1157.0,830.0],[1157.0,827.0],[1157.0,826.0],[1156.0,826.0],[1156.0,824.0],[1155.0,824.0],[1155.0,821.0],[1156.0,821.0],[1156.0,819.0],[1157.0,818.5],[1157.0,818.0],[1158.0,818.0],[1158.0,817.0],[1160.0,817.0],[1161.0,817.0],[1161.0,816.0],[1161.0,815.0],[1162.0,815.0],[1162.0,811.0],[1162.0,810.0],[1161.0,810.0],[1161.0,809.0],[1161.0,806.0],[1160.0,806.0],[1160.0,801.0],[1160.0,800.0],[1159.0,800.0],[1159.0,799.0],[1156.0,799.0],[1156.0,800.0],[1145.0,800.0],[1145.0,801.0],[1142.0,801.0],[1142.0,802.0],[1139.0,802.0],[1138.0,804.0],[1136.0,804.0],[1136.0,805.0],[1135.0,805.0],[1135.0,806.0],[1129.0,807.0],[1129.0,808.0],[1128.0,808.0],[1128.0,810.0],[1127.0,810.0],[1127.0,813.0],[1126.0,813.0],[1126.0,822.0],[1126.0,824.0],[1127.0,824.0]]],[[[1716.0,189.0],[1717.0,189.0],[1717.0,188.0],[1718.0,188.0],[1718.0,187.0],[1719.0,187.0],[1719.0,186.0],[1719.0,185.0],[1720.0,185.0],[1720.0,184.0],[1720.0,183.0],[1720.0,182.0],[1719.0,182.0],[1719.0,181.0],[1717.0,181.0],[1713.0,181.0],[1713.0,184.0],[1712.0,184.5],[1712.0,185.0],[1711.0,185.0],[1711.0,186.0],[1711.0,187.0],[1711.0,188.0],[1710.0,188.0],[1710.0,189.0],[1709.0,189.0],[1709.0,191.0],[1710.0,191.0],[1710.0,192.0],[1713.0,192.0],[1713.0,191.0],[1715.0,191.0],[1716.0,189.0]]],[[[1691.0,200.0],[1691.0,202.0],[1691.0,203.0],[1690.0,203.0],[1690.0,204.0],[1689.0,204.0],[1689.0,206.0],[1690.0,206.0],[1690.0,207.0],[1696.0,207.0],[1696.0,206.0],[1696.0,204.0],[1697.0,204.0],[1697.0,203.0],[1700.0,203.0],[1702.0,203.0],[1702.0,202.0],[1703.0,202.0],[1704.0,202.0],[1704.0,201.0],[1705.0,201.0],[1705.0,200.0],[1704.0,200.0],[1704.0,199.0],[1704.0,198.0],[1703.0,198.0],[1703.0,197.0],[1702.0,197.0],[1702.0,196.0],[1701.0,196.0],[1701.0,193.0],[1701.0,190.0],[1701.0,189.0],[1701.0,188.0],[1701.0,186.0],[1700.0,186.0],[1700.0,182.0],[1698.0,182.0],[1696.0,182.0],[1696.0,183.0],[1696.0,184.0],[1696.0,185.0],[1694.0,185.0],[1694.0,186.0],[1694.0,190.0],[1694.0,192.0],[1692.0,192.0],[1688.0,192.0],[1687.0,192.0],[1687.0,193.0],[1685.0,193.0],[1685.0,194.0],[1683.0,194.0],[1683.0,198.0],[1685.0,198.0],[1685.0,199.0],[1690.0,199.0],[1690.0,200.0],[1691.0,200.0]]],[[[1738.0,203.0],[1737.0,203.0],[1737.0,202.0],[1736.0,202.0],[1736.0,201.0],[1736.0,198.0],[1736.0,196.0],[1736.0,194.0],[1735.0,194.0],[1734.0,194.0],[1734.0,193.0],[1731.0,193.0],[1731.0,196.0],[1731.0,200.0],[1731.0,202.0],[1730.0,202.0],[1730.0,203.0],[1728.0,203.0],[1728.0,206.0],[1729.0,206.0],[1731.0,206.0],[1736.0,206.0],[1737.0,206.0],[1737.0,205.0],[1738.0,205.0],[1738.0,203.0]]],[[[1785.0,202.0],[1786.0,202.0],[1792.0,202.0],[1792.0,199.0],[1790.0,199.0],[1788.0,199.0],[1788.0,198.0],[1785.0,198.0],[1782.0,198.0],[1781.0,198.0],[1781.0,199.0],[1778.0,199.0],[1777.0,201.0],[1776.0,201.0],[1776.0,202.0],[1775.0,202.0],[1775.0,205.0],[1779.0,205.0],[1783.0,205.0],[1783.0,204.0],[1783.0,203.0],[1784.0,203.0],[1785.0,203.0],[1785.0,202.0]]],[[[1731.0,219.0],[1731.0,218.0],[1730.0,218.0],[1728.0,218.0],[1728.0,222.0],[1728.0,223.0],[1730.0,223.0],[1732.0,223.0],[1733.0,223.0],[1733.0,222.0],[1733.0,221.0],[1733.0,220.0],[1731.0,219.0]]],[[[1756.0,226.0],[1756.0,225.0],[1756.0,224.0],[1757.0,224.0],[1757.0,223.0],[1758.0,223.0],[1760.0,223.0],[1760.0,222.0],[1761.0,222.0],[1761.0,220.0],[1760.0,220.0],[1760.0,219.0],[1757.0,219.0],[1754.0,219.0],[1753.0,219.0],[1753.0,220.0],[1752.5,220.0],[1752.0,221.0],[1751.0,221.0],[1751.0,222.0],[1750.0,222.0],[1750.0,225.0],[1751.0,225.0],[1751.0,226.0],[1751.0,227.0],[1752.0,227.0],[1753.0,227.0],[1754.0,227.0],[1754.0,226.0],[1756.0,226.0]]],[[[1775.0,238.0],[1775.0,239.0],[1772.0,239.0],[1772.0,242.0],[1773.0,242.0],[1775.0,242.0],[1776.0,244.0],[1777.0,244.0],[1780.0,244.0],[1780.0,242.0],[1780.0,238.0],[1775.0,238.0]]],[[[1828.0,313.0],[1829.0,313.0],[1829.0,312.0],[1830.0,312.0],[1830.0,311.0],[1832.0,311.0],[1832.0,310.0],[1832.5,310.0],[1833.0,309.0],[1834.0,309.0],[1836.0,309.0],[1836.0,306.0],[1834.0,305.0],[1833.0,301.0],[1834.0,301.0],[1834.0,299.0],[1834.0,298.0],[1835.0,297.5],[1835.0,297.0],[1836.0,297.0],[1836.0,296.0],[1836.0,294.0],[1838.0,294.0],[1839.0,294.0],[1843.0,294.0],[1844.0,292.0],[1845.0,292.0],[1845.0,291.0],[1852.0,291.0],[1852.0,288.0],[1848.0,287.0],[1848.0,286.0],[1848.0,285.0],[1847.0,285.0],[1847.0,284.5],[1846.0,284.0],[1846.0,283.0],[1845.0,283.0],[1845.0,281.0],[1844.0,281.0],[1844.0,277.0],[1845.0,277.0],[1845.0,275.0],[1846.0,275.0],[1846.0,271.0],[1840.0,271.0],[1840.0,272.0],[1840.0,274.0],[1839.0,274.0],[1839.0,276.0],[1833.0,276.0],[1833.0,275.0],[1828.0,275.0],[1828.0,274.0],[1827.0,274.0],[1827.0,272.0],[1827.0,270.0],[1827.0,269.0],[1826.0,269.0],[1826.0,268.0],[1827.0,268.0],[1827.0,265.0],[1827.0,264.0],[1828.0,264.0],[1828.0,255.0],[1829.0,255.0],[1831.0,255.0],[1834.0,255.0],[1834.0,254.0],[1835.0,254.0],[1835.0,251.0],[1836.0,251.0],[1836.0,247.0],[1834.0,247.0],[1834.0,241.0],[1833.0,241.0],[1833.0,236.0],[1833.0,235.0],[1832.0,235.0],[1832.0,231.0],[1831.0,231.0],[1831.0,230.0],[1828.0,230.0],[1828.0,231.0],[1827.0,231.0],[1827.0,232.0],[1827.0,234.0],[1826.0,234.0],[1826.0,236.0],[1825.0,236.0],[1825.0,237.0],[1824.0,237.0],[1824.0,236.0],[1822.0,236.0],[1822.0,235.0],[1820.0,235.0],[1817.0,235.0],[1816.5,234.0],[1816.0,234.0],[1816.0,233.0],[1815.0,233.0],[1815.0,231.0],[1816.0,231.0],[1816.0,230.0],[1817.0,230.0],[1818.0,230.0],[1818.0,229.0],[1820.0,229.0],[1820.0,226.0],[1819.0,226.0],[1819.0,225.0],[1819.0,224.0],[1816.0,224.0],[1816.0,223.0],[1815.0,223.0],[1815.0,221.0],[1814.0,221.0],[1814.0,220.0],[1812.0,220.0],[1812.0,219.0],[1809.0,219.0],[1809.0,218.0],[1807.0,218.0],[1805.0,218.0],[1804.0,216.0],[1803.0,216.0],[1803.0,214.0],[1804.0,214.0],[1804.0,211.0],[1803.0,211.0],[1797.0,211.0],[1797.0,212.0],[1796.0,212.0],[1793.0,212.0],[1788.0,212.0],[1788.0,213.0],[1786.0,213.0],[1785.0,211.0],[1780.0,211.0],[1780.0,212.0],[1779.5,212.0],[1779.0,213.0],[1778.0,213.0],[1778.0,214.0],[1777.0,214.0],[1777.0,215.0],[1776.0,215.0],[1776.0,217.0],[1775.0,217.0],[1774.0,223.0],[1775.0,223.0],[1775.0,224.0],[1773.0,225.0],[1773.0,226.0],[1772.0,226.0],[1772.0,227.0],[1772.0,228.0],[1771.0,228.0],[1770.0,228.0],[1770.0,229.0],[1769.0,229.0],[1769.0,232.0],[1775.0,232.0],[1777.0,228.0],[1779.0,228.0],[1781.0,228.0],[1784.0,228.0],[1786.0,228.0],[1786.0,227.0],[1788.0,227.0],[1788.0,226.0],[1790.0,226.0],[1790.0,227.0],[1791.0,227.0],[1791.0,229.0],[1792.0,229.0],[1792.0,231.0],[1791.0,231.5],[1791.0,232.0],[1790.0,232.0],[1790.0,233.0],[1789.0,233.0],[1789.0,234.0],[1789.0,244.0],[1790.0,244.0],[1790.0,249.0],[1791.0,249.0],[1791.0,251.0],[1792.0,251.0],[1792.0,252.0],[1797.0,252.0],[1796.0,260.0],[1798.0,261.0],[1798.0,262.0],[1797.0,262.0],[1797.0,263.0],[1795.0,263.0],[1794.0,263.0],[1794.0,265.0],[1792.0,266.0],[1792.0,267.0],[1791.0,267.0],[1791.0,268.0],[1789.0,268.0],[1788.0,268.0],[1788.0,271.0],[1788.0,272.0],[1789.0,272.0],[1789.0,273.0],[1789.0,274.0],[1790.0,274.0],[1790.0,274.5],[1791.0,275.0],[1791.0,276.0],[1792.0,276.0],[1792.0,278.0],[1792.0,280.0],[1789.0,280.0],[1788.0,278.0],[1786.0,278.0],[1785.4285714285713,276.0],[1785.0,276.0],[1785.0,274.5],[1784.5714285714287,273.0],[1784.0,273.0],[1784.0,271.0],[1782.0,270.0],[1782.0,269.0],[1781.0,269.0],[1781.0,268.0],[1780.0,268.0],[1780.0,266.0],[1779.0,266.0],[1779.0,265.0],[1780.0,265.0],[1780.0,261.0],[1781.0,261.0],[1781.0,256.0],[1781.0,255.0],[1779.0,254.0],[1779.0,253.0],[1777.0,253.0],[1775.0,253.0],[1775.0,252.0],[1772.0,252.0],[1771.0,254.0],[1765.0,254.0],[1765.0,253.0],[1763.0,253.0],[1763.0,252.0],[1763.0,251.0],[1763.0,250.0],[1764.0,250.0],[1765.0,250.0],[1765.0,248.0],[1765.0,246.0],[1763.0,245.0],[1763.0,244.0],[1762.0,244.0],[1762.0,243.0],[1762.0,242.0],[1760.0,242.0],[1760.0,239.0],[1759.0,239.0],[1759.0,238.0],[1751.0,238.0],[1750.0,236.0],[1749.0,236.0],[1749.0,235.0],[1747.0,235.0],[1745.0,235.0],[1745.0,236.0],[1742.0,236.0],[1742.0,240.0],[1744.0,240.0],[1744.0,241.0],[1743.0,241.0],[1743.0,242.0],[1738.0,242.0],[1738.0,241.0],[1736.0,241.0],[1736.0,240.0],[1738.0,240.0],[1738.0,239.0],[1739.0,239.0],[1739.0,236.0],[1738.0,236.0],[1738.0,235.0],[1733.0,235.0],[1729.0,235.0],[1728.0,233.0],[1727.0,233.0],[1727.0,232.0],[1726.0,232.0],[1725.0,228.0],[1723.0,227.0],[1723.0,226.0],[1721.0,226.0],[1721.0,225.0],[1715.0,225.75],[1715.0,226.0],[1713.0,226.0],[1713.0,227.0],[1704.0,227.0],[1704.0,228.0],[1702.0,228.0],[1701.0,228.0],[1701.0,229.0],[1700.5,229.0],[1700.0,230.0],[1699.0,230.0],[1699.0,231.0],[1699.0,232.0],[1698.0,232.0],[1698.0,237.0],[1700.0,238.0],[1700.0,239.0],[1702.0,239.0],[1703.0,241.0],[1704.0,241.0],[1704.0,242.0],[1706.0,242.0],[1706.0,243.0],[1707.0,243.0],[1707.0,246.0],[1704.0,245.625],[1704.0,246.0],[1703.0,246.0],[1703.0,245.5],[1699.0,245.0],[1699.0,244.0],[1694.0,244.0],[1693.0,244.0],[1693.0,243.0],[1688.0,243.0],[1688.0,244.0],[1687.0,244.0],[1686.0,244.0],[1685.0,246.0],[1684.0,246.0],[1684.0,248.0],[1683.0,248.0],[1683.0,249.0],[1681.0,249.0],[1681.0,251.0],[1679.0,252.0],[1679.0,253.0],[1678.0,253.0],[1678.0,254.0],[1678.0,256.0],[1676.0,257.0],[1676.0,258.0],[1675.0,258.0],[1675.0,259.0],[1673.0,259.0],[1672.0,261.0],[1671.0,261.0],[1671.0,265.0],[1671.0,267.0],[1672.0,267.0],[1672.0,270.0],[1673.0,270.0],[1673.0,271.0],[1675.0,271.0],[1675.0,272.0],[1678.0,272.0],[1679.0,274.0],[1680.0,274.0],[1680.0,275.0],[1681.0,275.0],[1681.0,277.0],[1682.0,277.0],[1682.0,277.5],[1683.0,278.0],[1683.0,279.0],[1684.0,279.0],[1687.0,279.0],[1688.0,277.0],[1693.0,277.0],[1695.0,277.0],[1695.0,275.0],[1696.0,275.0],[1696.0,274.0],[1697.0,274.0],[1697.0,272.0],[1698.0,272.0],[1698.0,271.0],[1703.0,271.0],[1703.0,272.0],[1704.0,272.0],[1704.0,273.0],[1706.0,273.0],[1707.0,275.0],[1711.0,275.0],[1712.0,275.0],[1715.0,275.0],[1716.0,273.0],[1720.0,273.0],[1720.0,274.0],[1723.0,274.0],[1723.0,275.0],[1726.0,275.0],[1726.0,276.0],[1728.0,276.0],[1728.0,280.0],[1727.0,280.0],[1727.0,281.0],[1725.0,282.0],[1725.0,285.0],[1726.0,285.0],[1726.0,287.0],[1727.0,287.0],[1727.0,288.0],[1731.0,288.0],[1731.0,287.0],[1732.0,287.0],[1732.0,285.0],[1732.0,284.0],[1733.0,284.0],[1733.0,282.0],[1734.0,282.0],[1734.0,281.0],[1735.0,279.0],[1739.0,279.0],[1739.0,280.0],[1744.0,280.0],[1744.0,281.0],[1746.0,281.0],[1747.0,281.0],[1747.0,282.0],[1748.0,282.0],[1749.0,282.0],[1749.0,283.0],[1751.0,283.0],[1751.0,284.0],[1753.0,284.0],[1753.0,285.0],[1755.0,285.0],[1755.0,286.0],[1757.0,287.0],[1758.0,287.0],[1758.0,288.0],[1759.0,288.0],[1759.0,289.0],[1761.0,290.0],[1762.0,290.0],[1762.0,292.0],[1761.0,292.0],[1761.0,294.0],[1761.0,295.0],[1761.0,297.0],[1764.0,297.0],[1765.0,297.0],[1765.0,298.0],[1770.0,298.0],[1774.0,298.0],[1775.0,298.0],[1775.0,297.0],[1778.0,297.0],[1781.0,297.0],[1781.0,296.0],[1781.0,295.0],[1783.0,295.0],[1783.0,294.0],[1788.0,294.0],[1788.0,295.0],[1792.0,295.0],[1792.0,296.0],[1793.0,296.0],[1794.0,298.0],[1795.0,298.0],[1796.0,300.0],[1797.0,302.0],[1799.0,302.0],[1799.0,303.0],[1801.0,303.0],[1801.0,304.0],[1804.0,304.0],[1805.0,304.0],[1805.0,305.0],[1809.0,306.0],[1809.0,307.0],[1811.0,308.0],[1812.0,312.0],[1814.0,313.0],[1815.0,313.0],[1816.0,315.0],[1816.0,316.0],[1822.0,316.0],[1825.0,316.0],[1825.0,315.0],[1827.0,315.0],[1828.0,313.0]]],[[[1821.0,336.0],[1822.0,336.0],[1822.0,337.0],[1823.0,337.0],[1823.0,338.0],[1823.0,342.0],[1828.0,342.0],[1829.0,342.0],[1829.0,341.0],[1829.5,341.0],[1830.0,340.0],[1831.0,340.0],[1831.0,339.0],[1831.0,338.0],[1831.0,337.0],[1830.0,337.0],[1830.0,336.0],[1830.0,335.0],[1828.0,334.0],[1828.0,333.0],[1826.0,333.0],[1826.0,332.0],[1825.0,332.0],[1825.0,329.0],[1824.0,329.0],[1824.0,328.0],[1823.0,328.0],[1820.0,328.0],[1820.0,334.0],[1820.0,335.0],[1821.0,335.0],[1821.0,336.0]]],[[[1836.0,359.0],[1836.0,356.0],[1835.0,356.0],[1834.0,356.0],[1833.0,356.0],[1832.0,356.0],[1832.0,359.0],[1833.0,359.0],[1836.0,359.0]]],[[[1827.0,367.0],[1828.0,367.0],[1828.0,365.0],[1828.0,363.0],[1827.0,363.0],[1827.0,362.0],[1824.0,362.0],[1823.0,364.0],[1823.0,365.0],[1822.0,365.0],[1822.0,369.0],[1822.0,370.0],[1824.0,371.0],[1824.0,372.0],[1827.0,372.0],[1827.0,370.0],[1827.0,369.0],[1827.0,367.0]]],[[[1854.0,375.0],[1854.0,377.0],[1858.0,377.0],[1860.0,377.0],[1860.0,376.0],[1861.0,376.0],[1861.0,372.0],[1861.0,371.0],[1860.0,371.0],[1860.0,370.0],[1860.0,369.0],[1860.0,368.0],[1859.0,368.0],[1859.0,366.0],[1859.3333333333333,366.0],[1860.0,362.0],[1859.0,362.0],[1855.0,362.0],[1855.0,361.0],[1854.0,361.0],[1852.0,361.0],[1852.0,360.0],[1849.0,360.0],[1849.0,363.0],[1849.0,365.0],[1849.0,366.0],[1849.0,367.0],[1850.0,367.0],[1851.0,367.0],[1851.0,368.0],[1850.0,368.0],[1850.0,370.0],[1851.0,370.0],[1851.0,370.5],[1852.0,371.0],[1852.0,373.0],[1852.0,374.0],[1854.0,375.0]]],[[[1840.0,407.0],[1839.0,407.0],[1839.0,411.0],[1839.0,412.0],[1841.0,412.0],[1842.0,414.0],[1844.0,414.0],[1845.0,414.0],[1845.0,415.0],[1847.0,415.0],[1848.0,415.0],[1848.0,416.0],[1855.0,416.0],[1860.0,416.0],[1860.0,417.0],[1863.0,417.0],[1863.0,418.0],[1864.0,418.0],[1864.0,419.0],[1865.0,419.0],[1865.0,420.0],[1867.0,421.0],[1867.0,423.0],[1868.0,423.0],[1868.0,424.0],[1870.0,425.0],[1871.0,425.0],[1872.0,427.0],[1874.0,427.0],[1877.0,427.0],[1877.0,419.0],[1879.0,418.0],[1879.0,417.0],[1880.0,417.0],[1880.0,416.0],[1881.0,416.0],[1881.25,415.0],[1881.0,415.0],[1881.0,414.0],[1881.5,414.0],[1882.0,412.0],[1883.0,412.0],[1883.0,410.0],[1884.0,410.0],[1884.0,408.0],[1885.0,408.0],[1885.0,402.0],[1884.0,402.0],[1884.0,401.0],[1880.0,401.0],[1880.0,402.0],[1878.0,402.0],[1878.0,403.0],[1876.0,403.0],[1876.0,404.0],[1871.0,404.0],[1872.0,402.0],[1873.0,402.0],[1873.0,401.0],[1873.0,399.0],[1874.0,399.0],[1874.0,398.0],[1875.0,398.0],[1875.0,397.0],[1874.0,397.0],[1874.0,396.0],[1874.0,395.0],[1873.0,395.0],[1873.0,394.0],[1872.0,394.0],[1872.0,393.0],[1871.0,393.0],[1871.0,392.0],[1870.0,392.0],[1870.0,391.0],[1869.0,391.0],[1869.0,390.0],[1869.0,389.0],[1869.0,386.0],[1868.0,386.0],[1868.0,385.0],[1867.0,385.0],[1866.0,385.0],[1866.0,384.0],[1863.0,384.0],[1863.0,385.0],[1862.0,385.0],[1861.0,385.0],[1861.0,387.0],[1861.0,388.0],[1860.0,388.0],[1860.0,389.0],[1859.0,389.0],[1859.0,391.0],[1858.0,391.0],[1858.0,392.0],[1857.0,392.0],[1856.0,392.0],[1855.0,392.0],[1855.0,391.0],[1854.0,391.0],[1854.0,390.0],[1855.0,390.0],[1855.0,389.0],[1855.0,388.0],[1855.0,387.0],[1854.0,387.0],[1854.0,386.0],[1853.0,386.0],[1851.0,386.0],[1851.0,387.0],[1850.0,387.0],[1850.0,390.0],[1849.0,390.0],[1849.0,391.0],[1847.0,391.0],[1847.0,392.0],[1843.0,392.0],[1842.0,392.0],[1842.0,393.0],[1841.0,393.0],[1841.0,396.0],[1842.0,396.0],[1844.0,396.0],[1844.0,397.0],[1844.0,398.0],[1845.0,398.0],[1845.0,399.0],[1843.0,400.0],[1843.0,401.0],[1842.0,401.0],[1842.0,402.0],[1841.0,402.0],[1841.0,403.0],[1841.0,405.0],[1840.0,405.0],[1840.0,407.0]]]]}},{"type":"Feature","id":"country-020","properties":{"id":"country-020","name":"Unassigned","type":"country","status":"mask-defined","source":"countries-mask-shared-topology","extractionConfidence":"authoritative-mask","rgb":[255,0,110],"color":"#ff006e","polygonCount":1,"holeCount":0,"styleIndex":1,"displayClip":"authoritative-land-mask"},"geometry":{"type":"Polygon","coordinates":[[[673.0,668.0],[672.0,668.0],[672.0,669.0],[670.0,669.0],[669.0,671.0],[668.0,671.0],[668.0,672.0],[660.0,672.0],[660.0,673.0],[658.0,673.0],[658.0,674.0],[656.0,674.0],[656.0,675.0],[655.0,675.0],[655.0,677.0],[654.0,677.0],[654.0,678.0],[655.0,678.0],[655.0,679.0],[655.0,681.0],[656.0,681.0],[656.0,682.0],[660.0,682.0],[661.0,682.0],[661.0,683.0],[664.0,683.0],[664.0,683.6666666666666],[666.0,684.0],[667.0,684.0],[667.0,685.0],[668.0,685.0],[668.0,686.0],[670.0,686.0],[671.0,686.0],[671.0,687.0],[677.0,687.0],[677.0,686.0],[678.0,686.0],[679.0,686.0],[679.0,685.0],[680.0,685.0],[680.0,684.0],[681.0,684.0],[681.0,683.0],[682.0,683.0],[682.0,682.0],[683.0,682.0],[684.0,681.5],[684.0,681.0],[685.0,681.0],[685.0,678.0],[684.0,678.0],[684.0,677.0],[684.0,676.0],[682.0,676.0],[681.0,676.0],[680.0,676.0],[680.0,675.0],[679.0,675.0],[678.0,675.0],[678.0,674.0],[675.0,674.0],[675.0,672.0],[674.0,672.0],[674.0,671.0],[673.0,671.0],[673.0,669.0],[673.0,668.0]]]}},{"type":"Feature","id":"country-021","properties":{"id":"country-021","name":"Unassigned","type":"country","status":"mask-defined","source":"countries-mask-shared-topology","extractionConfidence":"authoritative-mask","rgb":[255,0,220],"color":"#ff00dc","polygonCount":3,"holeCount":0,"styleIndex":2,"displayClip":"authoritative-land-mask"},"geometry":{"type":"MultiPolygon","coordinates":[[[[802.0,645.0],[802.0,643.0],[803.0,643.0],[803.0,639.0],[801.0,638.0],[801.0,637.0],[800.0,637.0],[800.0,636.0],[799.0,636.0],[799.0,630.0],[800.0,630.0],[800.0,628.0],[801.0,628.0],[801.0,626.0],[802.0,626.0],[802.0,625.0],[807.0,625.0],[807.0,624.0],[810.0,624.0],[810.0,623.0],[812.0,623.0],[812.0,622.0],[812.0,621.0],[812.0,620.0],[808.0,619.0],[807.0,617.0],[806.0,617.0],[808.0,613.0],[810.0,613.0],[811.0,611.0],[812.0,611.0],[812.0,609.0],[813.0,609.0],[813.0,605.0],[812.0,605.0],[812.0,603.0],[811.0,603.0],[811.0,602.0],[810.0,602.0],[810.0,600.0],[809.0,600.0],[809.0,590.0],[808.0,590.0],[808.0,588.0],[806.0,587.0],[806.0,586.0],[805.0,586.0],[805.0,585.0],[804.0,585.0],[804.0,584.0],[803.0,584.0],[803.0,583.0],[802.0,583.0],[802.0,580.0],[801.0,580.0],[801.0,579.0],[799.0,579.0],[798.0,577.0],[796.0,577.0],[795.0,575.0],[793.0,575.0],[792.0,573.0],[788.0,572.0],[787.0,570.0],[785.0,570.0],[785.0,569.0],[784.0,569.0],[784.0,568.0],[782.0,568.0],[782.0,567.0],[779.0,567.0],[778.0,563.0],[777.0,563.0],[777.0,561.0],[776.0,561.0],[776.0,558.0],[775.0,558.0],[775.0,555.0],[774.0,555.0],[774.0,552.0],[773.0,552.0],[773.0,547.0],[772.0,547.0],[772.0,543.0],[771.0,543.0],[771.0,540.0],[770.0,540.0],[770.0,537.0],[769.0,537.0],[769.0,535.0],[768.0,535.0],[768.0,533.0],[767.0,533.0],[767.0,532.0],[765.0,532.0],[765.0,531.0],[764.0,531.0],[761.0,531.0],[760.0,533.0],[759.0,533.0],[759.0,534.0],[758.0,534.0],[758.0,535.0],[757.0,535.0],[757.0,537.0],[756.0,537.0],[756.0,539.0],[755.0,539.0],[755.0,540.0],[753.0,540.0],[752.0,542.0],[750.0,542.0],[749.0,544.0],[747.0,544.0],[746.0,546.0],[744.0,546.0],[743.0,548.0],[741.0,548.0],[740.0,552.0],[738.0,553.0],[738.0,555.0],[737.0,555.0],[737.0,558.0],[735.0,559.0],[735.0,560.0],[734.0,560.0],[734.0,561.0],[732.0,561.0],[731.0,563.0],[727.0,564.0],[727.0,565.0],[725.0,565.0],[725.0,566.0],[723.0,566.0],[722.0,568.0],[718.0,569.0],[718.0,570.0],[716.0,570.0],[716.0,571.0],[713.0,571.0],[713.0,572.0],[711.0,572.0],[711.0,577.0],[709.0,578.0],[709.0,579.0],[706.0,579.0],[705.0,581.0],[703.0,581.0],[702.0,583.0],[700.0,583.0],[699.0,583.0],[699.0,584.0],[691.0,584.0],[690.0,586.0],[689.0,586.0],[689.0,587.0],[688.0,587.0],[688.0,588.0],[686.0,588.0],[685.0,590.0],[684.0,590.0],[684.0,591.0],[682.0,591.0],[681.0,593.0],[679.0,593.0],[678.0,595.0],[676.0,595.0],[676.0,596.0],[673.0,596.0],[673.0,597.0],[671.0,597.0],[670.0,599.0],[663.0,599.0],[663.0,600.0],[660.0,600.0],[660.0,601.0],[658.0,601.0],[658.0,602.0],[656.0,602.0],[656.0,603.0],[654.0,603.0],[654.0,604.0],[652.0,604.0],[652.0,605.0],[645.0,605.0],[646.0,607.0],[653.0,607.0],[653.0,612.0],[652.0,612.0],[652.0,613.0],[650.0,613.0],[650.0,620.0],[649.0,620.0],[649.0,621.0],[647.0,621.0],[647.0,622.0],[645.0,622.0],[645.0,624.0],[644.0,624.0],[644.0,626.0],[643.0,626.0],[643.0,628.0],[642.0,628.0],[642.0,631.0],[641.0,631.0],[640.0,633.0],[635.0,633.0],[635.0,631.0],[634.0,631.0],[633.0,629.0],[627.0,629.0],[627.0,630.0],[626.0,630.0],[626.0,631.0],[624.0,632.0],[624.0,634.0],[623.0,634.0],[623.0,635.0],[623.0,637.0],[625.0,638.0],[625.0,643.0],[624.0,643.0],[624.0,644.0],[622.0,645.0],[622.0,649.0],[624.0,650.0],[624.0,654.0],[623.0,654.0],[623.0,656.0],[622.0,656.0],[621.0,658.0],[606.0,658.0],[606.0,659.0],[603.0,659.0],[603.0,660.0],[601.0,660.0],[601.0,661.0],[598.0,661.0],[598.0,662.0],[594.0,663.0],[594.0,664.0],[592.0,665.0],[592.0,667.0],[591.0,667.0],[591.0,670.0],[590.0,670.0],[590.0,672.0],[589.0,672.0],[589.0,675.0],[588.0,675.0],[588.0,677.0],[587.0,677.0],[587.0,678.0],[585.0,678.0],[585.0,679.0],[584.0,679.0],[583.0,681.0],[581.0,681.0],[580.0,683.0],[578.0,683.0],[578.0,684.0],[577.0,684.0],[577.0,685.0],[576.0,685.0],[576.0,686.0],[575.0,686.0],[574.0,688.0],[574.0,690.0],[576.0,690.0],[576.0,691.0],[576.0,701.0],[575.3333333333334,701.0],[575.1333333333333,704.0],[576.0,704.0],[576.0,705.0],[577.0,705.0],[577.0,706.0],[580.0,706.0],[580.0,707.0],[581.0,707.0],[583.0,707.0],[583.0,708.0],[583.0,710.0],[584.0,710.0],[584.0,711.0],[585.0,711.0],[585.0,712.0],[586.0,712.0],[586.0,711.0],[587.0,711.0],[587.0,710.0],[588.0,710.0],[588.0,709.0],[589.0,709.0],[589.0,710.0],[591.0,710.0],[593.0,710.0],[593.0,709.0],[594.0,709.0],[594.0,707.0],[595.0,707.0],[595.0,705.0],[596.0,705.0],[596.0,704.0],[598.0,704.0],[599.0,704.0],[599.0,703.0],[602.0,703.0],[602.0,704.0],[603.0,704.0],[603.0,703.0],[604.0,703.0],[604.0,702.0],[605.0,702.0],[606.0,702.0],[606.0,701.0],[607.0,701.0],[610.0,701.0],[610.0,700.0],[612.0,700.0],[612.0,699.0],[614.0,699.0],[614.0,698.0],[615.0,698.0],[615.0,697.0],[614.0,697.0],[614.0,695.0],[613.0,695.0],[613.0,694.0],[611.0,694.0],[611.0,693.0],[610.0,693.0],[610.0,690.0],[611.0,690.0],[614.0,690.0],[614.0,689.0],[615.0,689.0],[615.0,688.0],[617.0,688.0],[617.0,689.0],[620.0,689.0],[620.0,688.0],[621.0,688.0],[621.0,687.0],[622.0,687.0],[622.0,686.0],[623.0,686.0],[623.0,685.0],[624.0,685.0],[624.0,682.0],[623.0,682.0],[623.0,680.0],[622.0,680.0],[622.0,679.0],[621.0,679.0],[621.0,677.0],[622.0,677.0],[622.0,676.0],[624.0,676.0],[624.0,675.0],[625.0,675.0],[625.0,674.0],[625.0,673.0],[626.0,673.0],[626.0,672.0],[627.0,672.0],[627.0,673.0],[628.0,673.0],[628.0,674.0],[629.0,674.0],[629.0,675.0],[631.0,675.0],[632.0,675.0],[632.0,674.0],[633.0,674.0],[633.0,675.0],[634.0,675.0],[634.0,674.0],[635.0,674.0],[635.0,673.0],[639.0,673.0],[639.0,672.0],[641.0,672.0],[641.0,674.0],[640.0,674.0],[640.0,675.0],[639.0,675.0],[639.0,677.0],[640.0,677.0],[640.0,678.0],[643.0,678.0],[643.0,679.0],[645.0,679.0],[645.0,680.0],[647.0,680.0],[647.0,679.0],[648.0,679.0],[648.0,680.0],[650.0,680.0],[650.0,679.0],[651.0,679.0],[651.0,678.0],[652.0,678.0],[652.0,677.0],[653.0,677.0],[653.0,678.0],[654.0,678.0],[654.0,677.0],[655.0,677.0],[655.0,675.0],[656.0,675.0],[656.0,674.0],[658.0,674.0],[658.0,673.0],[660.0,673.0],[660.0,672.0],[668.0,672.0],[668.0,671.0],[669.0,671.0],[670.0,669.0],[672.0,669.0],[672.0,668.0],[673.0,668.0],[673.0,669.0],[674.0,669.0],[677.0,669.0],[677.0,670.0],[679.0,670.0],[679.0,671.0],[680.0,671.0],[680.0,672.0],[681.0,672.0],[682.0,674.0],[687.0,674.0],[687.0,675.0],[688.0,675.0],[688.0,674.0],[690.0,674.0],[691.0,674.0],[691.0,671.0],[692.0,671.0],[692.0,670.0],[693.0,670.0],[693.0,669.0],[694.0,669.0],[695.0,667.0],[698.0,667.0],[698.0,666.0],[702.0,666.0],[702.0,665.0],[711.0,665.0],[711.0,666.0],[716.0,666.0],[716.0,667.0],[720.0,667.0],[720.0,668.0],[728.0,668.0],[728.0,667.0],[733.0,667.0],[733.0,668.0],[735.0,669.0],[735.0,672.0],[736.0,672.0],[736.0,675.0],[737.0,675.0],[737.0,677.0],[738.0,677.0],[738.0,678.0],[740.0,679.0],[740.0,681.0],[743.0,681.0],[743.0,683.0],[744.0,683.0],[745.0,683.0],[745.0,682.0],[746.0,682.0],[746.0,683.0],[747.0,683.0],[747.0,684.0],[748.0,684.0],[748.0,683.0],[749.0,683.0],[749.0,682.0],[750.0,682.0],[750.0,681.0],[752.0,681.0],[753.0,681.0],[753.0,680.0],[754.0,680.0],[754.0,679.0],[756.0,679.0],[756.0,678.0],[763.0,678.0],[763.0,677.0],[764.0,677.0],[764.0,676.0],[765.0,676.0],[765.0,675.0],[766.0,675.0],[766.0,674.0],[767.0,674.0],[767.0,673.0],[768.0,673.0],[768.0,672.0],[769.0,672.0],[769.0,670.0],[770.0,670.0],[770.0,668.0],[771.0,668.0],[771.0,667.0],[773.0,667.0],[773.0,666.0],[774.0,666.0],[774.0,658.0],[775.0,658.0],[775.0,656.0],[777.0,656.0],[777.0,657.0],[778.0,657.0],[778.0,658.0],[781.0,658.0],[781.0,659.0],[782.0,659.0],[782.0,660.0],[783.0,660.0],[783.0,662.0],[784.0,662.0],[784.0,663.0],[785.0,663.0],[785.0,664.0],[788.0,664.0],[788.0,663.0],[789.0,663.0],[789.0,661.0],[790.0,661.0],[790.0,660.0],[791.0,660.0],[791.0,659.0],[792.0,659.0],[792.0,658.0],[793.0,658.0],[793.0,657.0],[794.0,657.0],[794.0,656.0],[795.0,656.0],[795.0,655.0],[797.0,655.0],[797.0,654.0],[798.0,654.0],[798.0,653.0],[797.0,653.0],[797.0,652.0],[796.0,652.0],[796.0,651.0],[797.0,651.0],[797.0,650.0],[798.0,650.0],[798.0,647.0],[797.0,647.0],[797.0,646.0],[798.0,646.0],[798.0,645.0],[801.0,645.0],[802.0,645.0]]],[[[628.0,681.0],[629.0,681.0],[629.0,682.0],[630.0,682.0],[630.0,683.0],[631.0,683.0],[631.0,684.0],[633.0,684.0],[633.0,683.0],[634.0,683.0],[634.0,679.0],[633.0,679.0],[633.0,678.0],[632.0,678.0],[631.0,678.0],[631.0,677.0],[629.0,677.0],[629.0,678.0],[628.0,678.0],[628.0,681.0]]],[[[649.0,707.0],[649.0,708.0],[653.0,707.6363636363636],[653.0,707.0],[660.0,707.0],[661.0,707.0],[661.0,708.0],[662.0,708.0],[662.0,709.0],[663.0,709.0],[663.0,710.0],[665.0,710.0],[665.0,711.0],[669.0,711.0],[670.0,711.0],[670.0,712.0],[673.0,712.0],[673.0,711.0],[674.0,711.0],[674.0,707.0],[673.0,707.0],[673.0,706.75],[670.0,706.0],[669.5,705.0],[668.0,705.0],[668.0,704.0],[667.0,704.0],[667.0,703.0],[663.0,703.0],[663.0,700.0],[662.0,700.0],[662.0,699.0],[661.0,699.0],[661.0,698.5],[659.0,698.0],[659.0,697.0],[655.0,697.0],[655.0,698.0],[654.0,698.0],[654.0,699.0],[653.0,699.0],[652.0,699.0],[652.0,700.0],[650.0,700.0],[650.0,701.0],[649.0,701.0],[649.0,702.0],[648.0,702.0],[648.0,703.0],[647.0,703.0],[647.0,705.0],[648.0,705.0],[648.0,706.5],[649.0,707.0]]]]}},{"type":"Feature","id":"country-022","properties":{"id":"country-022","name":"Unassigned","type":"country","status":"mask-defined","source":"countries-mask-shared-topology","extractionConfidence":"authoritative-mask","rgb":[255,106,0],"color":"#ff6a00","polygonCount":9,"holeCount":0,"styleIndex":3,"displayClip":"authoritative-land-mask"},"geometry":{"type":"MultiPolygon","coordinates":[[[[1471.0,481.0],[1472.0,483.0],[1475.0,483.0],[1476.0,485.0],[1480.0,485.0],[1480.0,484.0],[1480.0,481.0],[1480.0,480.0],[1479.0,480.0],[1479.0,479.0],[1477.0,479.0],[1477.0,478.0],[1475.0,478.0],[1473.0,478.0],[1473.0,477.0],[1471.0,477.0],[1470.0,477.0],[1470.0,478.0],[1469.0,478.0],[1469.0,479.0],[1469.0,481.0],[1471.0,481.0]]],[[[1533.0,659.0],[1535.0,659.0],[1536.0,657.0],[1537.0,657.0],[1537.0,656.0],[1538.0,656.0],[1538.0,655.0],[1541.0,655.0],[1541.0,656.0],[1544.0,656.0],[1544.0,655.0],[1545.0,655.0],[1545.0,654.0],[1546.0,654.0],[1546.0,652.0],[1546.0,650.0],[1546.0,648.0],[1545.0,648.0],[1545.0,647.5],[1544.0,647.0],[1544.0,643.0],[1543.0,643.0],[1543.0,642.0],[1544.0,642.0],[1544.0,640.0],[1546.0,640.0],[1546.0,641.0],[1547.0,641.0],[1547.0,643.0],[1548.0,643.0],[1548.0,644.0],[1552.0,644.0],[1552.0,643.0],[1553.0,643.0],[1553.0,641.0],[1555.0,640.0],[1555.0,636.0],[1553.0,635.0],[1553.0,634.0],[1551.0,634.0],[1551.0,633.0],[1550.0,633.0],[1549.0,633.0],[1543.0,633.0],[1543.0,634.0],[1541.0,634.0],[1541.0,635.0],[1540.0,635.0],[1539.0,635.0],[1539.0,636.0],[1538.5,636.0],[1538.0,637.0],[1538.0,638.0],[1537.0,638.0],[1537.0,639.0],[1536.0,639.5],[1536.0,640.0],[1535.0,640.0],[1535.0,641.0],[1534.0,641.0],[1534.0,642.0],[1533.75,642.0],[1533.0,645.0],[1532.0,645.0],[1532.0,647.0],[1531.0,647.0],[1531.0,649.0],[1531.0,650.0],[1530.0,650.5],[1530.0,652.0],[1529.0,652.0],[1529.0,653.0],[1529.0,654.0],[1528.0,654.0],[1528.0,656.0],[1527.0,656.0],[1527.0,659.0],[1527.0,660.0],[1532.0,660.0],[1533.0,660.0],[1533.0,659.0]]],[[[1444.0,480.0],[1442.0,480.0],[1442.0,481.0],[1441.0,481.0],[1440.0,487.0],[1439.0,487.0],[1439.0,488.0],[1436.0,488.0],[1436.0,489.0],[1432.0,489.0],[1432.0,488.0],[1429.0,488.0],[1427.0,488.0],[1423.0,488.0],[1423.0,489.0],[1421.0,489.0],[1420.0,491.0],[1419.0,491.0],[1419.0,497.0],[1418.0,497.0],[1418.0,501.0],[1417.0,501.0],[1417.0,503.0],[1416.0,503.0],[1416.0,504.0],[1414.0,505.0],[1414.0,507.0],[1412.0,507.0],[1412.0,508.0],[1411.0,508.0],[1410.0,510.0],[1408.0,510.0],[1408.0,511.0],[1407.0,511.0],[1407.0,512.0],[1406.0,512.0],[1405.0,514.0],[1403.0,514.0],[1403.0,515.0],[1402.0,515.0],[1402.0,516.0],[1400.0,516.0],[1399.0,518.0],[1395.0,519.0],[1395.0,521.0],[1394.0,521.0],[1394.0,523.0],[1393.0,523.0],[1393.0,536.0],[1392.0,536.0],[1392.0,538.0],[1391.0,538.0],[1391.0,539.0],[1390.0,539.0],[1390.0,540.0],[1389.0,540.0],[1389.0,541.0],[1388.0,541.0],[1388.0,542.0],[1387.0,542.0],[1387.0,543.0],[1386.0,543.0],[1386.0,544.0],[1385.0,544.0],[1384.0,546.0],[1382.0,546.0],[1381.0,548.0],[1377.0,549.0],[1377.0,550.0],[1376.0,550.0],[1373.0,550.0],[1373.0,551.0],[1372.0,551.0],[1370.0,551.0],[1370.0,552.0],[1369.0,552.0],[1367.0,552.0],[1367.0,553.0],[1366.0,553.0],[1364.0,553.0],[1363.0,555.0],[1361.0,555.0],[1360.0,557.0],[1359.0,557.0],[1359.0,558.0],[1357.0,558.0],[1357.0,559.0],[1356.0,559.0],[1356.0,560.0],[1354.0,560.0],[1354.0,561.0],[1351.0,561.0],[1351.0,562.0],[1349.0,562.0],[1349.0,563.0],[1347.0,563.0],[1347.0,564.0],[1346.0,564.0],[1334.0,564.0],[1333.0,566.0],[1332.0,566.0],[1332.0,567.0],[1330.0,567.0],[1329.0,569.0],[1328.0,569.0],[1328.0,570.0],[1327.0,570.0],[1327.0,571.0],[1326.0,571.0],[1326.0,572.0],[1325.0,572.0],[1325.0,573.0],[1323.0,573.0],[1322.0,575.0],[1321.0,575.0],[1321.0,576.0],[1320.0,576.0],[1320.0,577.0],[1319.0,577.0],[1319.0,578.0],[1318.0,578.0],[1318.0,580.0],[1316.0,581.0],[1316.0,582.0],[1315.0,582.0],[1315.0,583.0],[1314.0,583.0],[1314.0,584.0],[1313.0,584.0],[1313.0,585.0],[1312.0,585.0],[1312.0,586.0],[1311.0,586.0],[1311.0,587.0],[1310.0,587.0],[1310.0,588.0],[1306.0,588.0],[1306.0,589.0],[1304.0,589.0],[1303.0,589.0],[1303.0,590.0],[1301.0,591.0],[1301.0,593.0],[1300.0,593.0],[1300.0,595.0],[1299.0,595.0],[1299.0,596.0],[1299.0,597.0],[1298.0,597.0],[1298.0,599.0],[1297.0,599.0],[1297.0,601.0],[1296.0,601.0],[1296.0,605.0],[1295.0,605.0],[1295.0,608.0],[1294.0,608.0],[1294.0,610.0],[1293.0,610.0],[1293.0,612.0],[1292.0,612.0],[1292.0,614.0],[1291.0,614.0],[1290.0,620.0],[1289.0,620.0],[1289.0,622.0],[1288.0,622.0],[1288.0,623.0],[1287.0,623.0],[1287.0,624.0],[1286.0,624.0],[1285.0,626.0],[1283.0,626.0],[1283.0,627.0],[1283.0,628.0],[1282.0,628.0],[1282.0,631.0],[1280.0,631.0],[1280.0,632.0],[1277.0,632.0],[1276.0,634.0],[1276.0,635.0],[1276.0,637.0],[1278.0,637.0],[1279.0,639.0],[1281.0,639.0],[1281.0,640.0],[1282.0,640.0],[1282.0,641.0],[1284.0,642.0],[1284.0,647.0],[1283.0,647.0],[1282.0,649.0],[1278.0,650.0],[1278.0,651.0],[1277.0,651.0],[1277.0,653.0],[1276.0,653.0],[1276.0,660.0],[1277.0,660.0],[1277.0,662.0],[1279.0,663.0],[1279.0,667.0],[1278.0,667.0],[1277.0,671.0],[1275.0,671.0],[1275.0,672.0],[1274.0,672.0],[1273.0,674.0],[1271.0,674.0],[1270.0,678.0],[1270.0,683.0],[1271.0,683.0],[1271.0,687.0],[1270.0,687.0],[1270.0,688.0],[1269.0,690.0],[1268.0,690.0],[1265.0,690.0],[1265.0,691.0],[1264.0,691.0],[1264.0,693.0],[1262.0,693.0],[1262.0,694.0],[1261.0,694.0],[1261.0,693.0],[1259.0,693.0],[1259.0,692.0],[1258.0,692.0],[1258.0,690.0],[1256.0,689.0],[1256.0,688.0],[1254.0,688.0],[1254.0,687.0],[1253.0,687.0],[1253.0,685.0],[1252.0,685.0],[1252.0,681.0],[1251.0,681.0],[1251.0,677.0],[1250.0,677.0],[1250.0,675.0],[1248.0,675.0],[1248.0,674.0],[1247.0,674.0],[1247.0,670.0],[1246.0,670.0],[1246.0,667.0],[1245.0,667.0],[1245.0,666.0],[1243.0,666.0],[1243.0,667.0],[1241.0,667.0],[1241.0,668.0],[1240.0,668.0],[1240.0,669.0],[1240.0,670.0],[1239.0,670.0],[1239.0,671.0],[1239.0,674.0],[1238.0,674.0],[1238.0,676.0],[1236.0,676.0],[1236.0,677.0],[1233.0,677.0],[1233.0,678.0],[1232.0,678.0],[1228.0,679.0],[1228.0,680.0],[1226.0,680.0],[1226.0,681.0],[1224.0,681.0],[1223.0,683.0],[1219.0,684.0],[1219.0,685.0],[1213.0,686.0],[1213.0,687.0],[1211.0,687.0],[1211.0,688.0],[1207.0,688.0],[1207.0,689.0],[1206.0,689.0],[1204.0,690.0],[1204.0,691.0],[1203.0,691.0],[1203.0,690.0],[1200.0,690.0],[1199.0,688.0],[1196.0,688.0],[1194.0,688.0],[1191.0,688.0],[1191.0,689.0],[1189.0,689.0],[1188.0,691.0],[1186.0,691.0],[1185.0,693.0],[1184.0,693.0],[1184.0,694.0],[1183.0,694.0],[1183.0,695.0],[1182.0,695.0],[1182.0,696.0],[1181.0,696.0],[1181.0,699.0],[1182.0,699.0],[1182.0,700.0],[1183.0,700.0],[1183.0,701.0],[1183.0,702.0],[1185.0,702.0],[1185.0,703.0],[1186.0,703.0],[1186.0,709.0],[1185.0,709.0],[1185.0,711.0],[1183.0,712.0],[1182.0,716.0],[1180.0,717.0],[1180.0,719.0],[1179.0,719.0],[1179.0,720.0],[1177.0,721.0],[1177.0,723.0],[1176.0,723.0],[1176.0,724.0],[1175.0,724.0],[1175.0,725.0],[1174.0,725.0],[1174.0,726.0],[1173.0,726.0],[1173.0,727.0],[1172.0,727.0],[1172.0,728.0],[1171.0,728.0],[1171.0,729.0],[1170.0,729.0],[1170.0,730.0],[1169.0,730.0],[1168.0,732.0],[1166.0,732.0],[1165.0,734.0],[1161.0,734.0],[1161.0,735.0],[1159.0,735.0],[1156.0,735.0],[1156.0,736.0],[1155.0,736.0],[1154.0,738.0],[1150.0,739.0],[1150.0,741.0],[1149.0,741.0],[1149.0,748.0],[1150.0,748.0],[1150.0,749.0],[1149.0,749.0],[1149.0,754.0],[1148.0,754.0],[1148.0,757.0],[1147.0,757.0],[1147.0,758.0],[1147.0,761.0],[1146.0,761.0],[1146.0,767.0],[1147.0,767.0],[1147.0,769.0],[1149.0,769.0],[1150.0,771.0],[1153.0,771.0],[1153.0,772.0],[1154.0,772.0],[1154.0,773.0],[1155.0,773.0],[1155.0,774.0],[1157.0,775.0],[1157.0,777.0],[1159.0,777.0],[1160.0,779.0],[1161.0,779.0],[1161.0,780.0],[1162.0,780.0],[1162.0,783.0],[1163.0,783.0],[1163.0,784.0],[1167.0,784.0],[1167.0,785.0],[1169.0,785.0],[1169.0,786.0],[1171.0,786.0],[1171.0,787.0],[1174.0,787.0],[1174.0,788.0],[1175.0,788.0],[1175.0,790.0],[1173.0,791.0],[1173.0,792.0],[1173.0,795.0],[1178.0,795.0],[1178.0,794.0],[1181.0,794.0],[1181.0,793.0],[1183.0,793.0],[1183.0,792.0],[1185.0,792.0],[1187.0,792.0],[1187.0,791.0],[1188.0,791.0],[1188.0,790.0],[1189.0,790.0],[1190.0,790.0],[1191.0,788.0],[1195.0,788.0],[1195.0,789.0],[1197.0,789.0],[1197.0,790.0],[1198.0,790.0],[1201.0,790.0],[1204.0,790.0],[1205.0,788.0],[1207.0,787.5],[1207.0,787.0],[1209.0,787.0],[1209.0,786.0],[1210.0,786.0],[1211.0,786.0],[1211.0,787.0],[1212.0,787.0],[1212.0,790.0],[1210.0,791.0],[1210.0,792.0],[1208.0,792.0],[1208.0,793.0],[1206.0,793.0],[1205.0,793.0],[1205.0,796.0],[1205.0,803.0],[1204.0,803.0],[1204.0,804.0],[1200.0,804.0],[1200.0,803.0],[1199.0,803.0],[1199.0,798.0],[1194.0,798.0],[1193.0,800.0],[1192.0,800.0],[1192.0,801.0],[1191.0,801.0],[1191.0,802.0],[1190.0,802.0],[1189.0,802.0],[1189.0,803.0],[1188.0,803.0],[1188.0,805.0],[1187.0,805.0],[1187.0,811.0],[1190.0,811.0],[1190.0,812.0],[1192.0,812.0],[1194.0,812.0],[1195.0,812.0],[1195.0,811.0],[1197.0,811.0],[1199.0,811.0],[1203.0,811.0],[1203.0,812.0],[1204.0,812.0],[1206.0,812.0],[1206.0,813.0],[1206.0,814.0],[1208.0,815.0],[1208.0,816.0],[1212.0,816.0],[1214.0,816.0],[1216.0,816.0],[1216.0,815.0],[1218.0,815.0],[1218.0,814.0],[1220.0,814.0],[1220.0,813.0],[1222.0,813.0],[1223.0,811.0],[1224.0,811.0],[1224.0,810.0],[1225.0,810.0],[1226.0,810.0],[1226.0,809.0],[1227.0,809.0],[1227.0,810.0],[1228.0,810.0],[1229.0,810.0],[1229.0,816.0],[1228.0,816.0],[1228.0,818.0],[1227.0,818.0],[1227.0,819.0],[1227.0,820.0],[1228.0,820.0],[1228.0,821.5],[1229.0,822.0],[1229.0,823.0],[1230.0,823.0],[1230.0,824.0],[1231.0,824.0],[1231.0,825.0],[1232.0,825.0],[1232.0,826.0],[1233.0,826.0],[1234.0,826.0],[1234.0,827.0],[1234.75,830.0],[1235.0,830.0],[1235.0,831.0],[1236.0,831.0],[1236.0,834.0],[1235.0,834.0],[1235.0,838.0],[1236.0,838.0],[1236.0,839.0],[1243.0,839.0],[1243.0,840.0],[1244.0,840.0],[1245.0,840.0],[1245.0,841.0],[1246.0,841.0],[1246.0,842.0],[1246.0,843.0],[1245.0,843.0],[1245.0,844.0],[1245.0,845.0],[1244.0,845.0],[1244.0,846.0],[1240.0,846.0],[1240.0,850.0],[1241.0,850.0],[1245.0,850.0],[1246.0,850.0],[1246.0,851.0],[1247.0,851.0],[1249.0,851.0],[1249.0,850.0],[1250.0,850.0],[1251.0,852.0],[1254.0,852.0],[1259.0,852.0],[1259.0,853.0],[1260.0,853.0],[1260.0,856.0],[1261.0,856.0],[1261.0,858.0],[1264.0,858.0],[1264.0,857.0],[1266.0,857.0],[1267.0,851.0],[1268.0,851.0],[1268.0,848.0],[1268.0,847.0],[1270.0,847.0],[1270.0,846.0],[1271.0,846.0],[1272.0,846.0],[1272.0,845.0],[1273.0,845.0],[1273.0,846.0],[1274.0,846.0],[1274.0,847.0],[1275.0,847.0],[1276.0,847.0],[1276.0,848.0],[1277.0,848.0],[1278.0,848.0],[1279.0,848.0],[1279.0,842.0],[1278.0,842.0],[1278.0,840.0],[1278.0,839.0],[1276.0,839.0],[1275.0,839.0],[1275.0,838.0],[1274.0,838.0],[1274.0,836.0],[1275.0,835.5],[1275.0,835.0],[1276.0,835.0],[1276.0,832.0],[1276.0,830.0],[1276.0,829.0],[1277.0,829.0],[1277.0,828.0],[1279.0,827.0],[1279.0,826.0],[1286.0,826.0],[1287.0,826.0],[1287.0,822.0],[1287.6666666666667,822.0],[1288.0,820.0],[1288.0,819.0],[1289.0,819.0],[1290.0,819.0],[1290.0,818.0],[1291.0,818.0],[1291.0,817.0],[1293.0,816.5],[1293.0,816.0],[1294.0,816.0],[1294.0,815.0],[1295.0,815.0],[1295.0,814.0],[1296.0,814.0],[1297.0,814.0],[1297.0,813.0],[1299.0,813.0],[1299.0,812.0],[1301.0,812.0],[1301.0,813.0],[1301.5,814.0],[1302.0,814.0],[1302.0,815.0],[1303.0,815.0],[1305.0,815.0],[1306.0,815.0],[1306.0,812.0],[1307.0,812.0],[1307.0,805.0],[1307.0,804.0],[1309.0,804.0],[1309.0,803.0],[1309.0,801.0],[1309.0,800.0],[1308.0,800.0],[1307.0,800.0],[1307.0,799.0],[1306.0,799.0],[1302.0,799.0],[1302.0,798.0],[1302.0,796.0],[1302.0,795.0],[1303.0,795.0],[1303.0,794.0],[1304.0,794.0],[1304.0,793.0],[1305.0,793.0],[1308.0,792.25],[1308.0,792.0],[1309.0,792.0],[1309.0,791.0],[1311.0,791.0],[1312.0,791.0],[1312.0,790.0],[1313.0,790.0],[1313.0,789.0],[1314.0,789.0],[1315.0,789.0],[1315.0,788.0],[1316.0,788.0],[1316.0,787.0],[1317.0,787.0],[1318.0,787.0],[1318.0,786.0],[1319.0,786.0],[1319.0,785.0],[1321.0,785.0],[1321.0,784.0],[1322.0,784.0],[1322.0,782.0],[1322.0,781.0],[1323.0,781.0],[1323.0,778.0],[1323.0,777.0],[1324.0,777.0],[1324.0,774.0],[1323.0,774.0],[1323.0,772.0],[1322.0,772.0],[1322.0,771.0],[1318.0,771.0],[1317.0,771.0],[1317.0,772.0],[1316.0,772.0],[1316.0,773.0],[1315.0,773.0],[1314.0,773.0],[1314.0,772.0],[1313.0,772.0],[1313.0,771.0],[1312.0,771.0],[1312.0,770.0],[1312.0,769.0],[1313.0,769.0],[1313.0,768.0],[1314.0,768.0],[1314.0,767.0],[1315.0,767.0],[1315.0,766.0],[1316.0,766.0],[1317.0,766.0],[1317.0,765.0],[1318.0,765.0],[1318.0,764.0],[1319.0,764.0],[1320.0,764.0],[1320.0,763.0],[1322.0,763.0],[1322.0,762.0],[1323.0,762.0],[1325.0,762.0],[1325.5,764.0],[1326.0,764.0],[1326.0,766.0],[1327.0,766.0],[1327.0,771.0],[1329.0,772.0],[1329.0,773.0],[1330.0,773.0],[1330.0,774.0],[1333.0,774.0],[1334.0,776.0],[1335.0,776.0],[1335.0,777.0],[1336.0,777.0],[1336.0,778.0],[1339.0,778.0],[1339.0,777.0],[1340.0,777.0],[1340.0,775.0],[1341.0,775.0],[1341.0,773.0],[1342.0,773.0],[1342.0,771.0],[1343.0,771.0],[1344.0,771.0],[1345.0,769.0],[1346.0,769.0],[1346.0,768.0],[1347.0,768.0],[1347.0,767.0],[1348.0,767.0],[1348.0,766.0],[1349.0,766.0],[1349.0,765.0],[1350.0,765.0],[1350.0,764.0],[1351.0,764.0],[1351.0,763.0],[1351.0,762.0],[1352.0,762.0],[1355.0,762.0],[1355.0,761.0],[1357.0,760.5],[1357.0,760.0],[1359.0,760.0],[1360.0,758.0],[1361.0,758.0],[1361.0,757.0],[1361.0,751.0],[1363.0,750.0],[1363.0,749.0],[1363.0,748.0],[1364.0,748.0],[1364.0,747.0],[1367.0,747.0],[1368.0,749.0],[1370.0,749.0],[1372.0,749.0],[1372.0,748.0],[1373.0,748.0],[1373.0,744.0],[1373.0,743.0],[1371.0,742.0],[1371.0,741.0],[1370.0,741.0],[1370.0,740.0],[1369.0,740.0],[1369.0,738.0],[1368.0,738.0],[1368.0,737.0],[1367.0,737.0],[1366.1666666666667,732.0],[1366.0,732.0],[1366.0,731.0],[1367.0,730.5],[1367.0,730.0],[1368.0,730.0],[1368.0,729.0],[1369.0,729.0],[1369.0,728.0],[1370.0,728.0],[1371.0,728.0],[1371.0,727.0],[1371.5,727.0],[1372.0,726.0],[1373.0,726.0],[1373.0,725.0],[1374.0,725.0],[1374.0,724.0],[1374.0,718.0],[1374.0,713.0],[1373.0,713.0],[1373.0,712.0],[1372.0,712.0],[1368.0,712.0],[1366.0,712.0],[1366.0,711.0],[1364.0,711.0],[1363.0,711.0],[1363.0,710.0],[1362.0,710.0],[1362.0,708.0],[1361.0,708.0],[1361.0,706.0],[1360.0,706.0],[1362.0,702.0],[1364.0,702.0],[1364.0,703.0],[1365.0,703.0],[1365.0,704.0],[1365.0,705.0],[1366.0,705.0],[1366.0,706.0],[1372.0,706.0],[1373.0,706.0],[1373.0,704.0],[1373.0,703.0],[1374.0,703.0],[1374.0,702.0],[1374.0,701.0],[1375.0,701.0],[1378.0,700.5],[1378.0,700.0],[1381.0,700.0],[1381.0,699.0],[1384.0,699.0],[1384.5,700.0],[1385.0,700.0],[1385.0,701.0],[1387.0,701.0],[1387.0,702.0],[1384.0,702.0],[1383.0,702.0],[1383.0,703.0],[1382.0,703.0],[1382.0,704.0],[1381.0,704.0],[1381.0,705.0],[1380.0,705.0],[1380.0,706.0],[1380.0,707.0],[1379.0,707.0],[1379.0,708.0],[1379.0,715.0],[1380.0,715.0],[1380.0,717.0],[1381.0,717.0],[1381.0,718.0],[1385.0,718.0],[1385.0,719.0],[1388.0,718.5],[1388.0,718.0],[1390.0,718.0],[1390.0,718.1666666666666],[1391.0,718.0],[1391.0,719.0],[1393.0,719.0],[1393.0,720.0],[1394.0,720.0],[1394.0,721.0],[1394.0,722.0],[1395.0,722.0],[1395.0,722.5],[1396.0,723.0],[1396.0,724.0],[1397.0,724.0],[1397.0,725.0],[1399.0,725.0],[1399.0,726.0],[1400.0,726.0],[1400.5,728.0],[1401.0,728.0],[1401.0,730.0],[1402.0,730.0],[1402.0,734.0],[1404.0,735.0],[1404.0,736.0],[1405.0,736.0],[1405.0,737.0],[1407.0,737.0],[1407.0,738.0],[1409.0,738.0],[1416.0,738.0],[1420.0,738.0],[1420.0,737.0],[1423.0,737.0],[1423.0,736.0],[1425.0,736.0],[1425.0,735.0],[1427.0,735.0],[1427.0,731.0],[1426.0,731.0],[1426.0,729.0],[1426.0,728.0],[1425.0,728.0],[1425.0,727.0],[1424.0,727.0],[1424.0,726.0],[1424.0,725.0],[1423.0,725.0],[1423.0,723.5],[1422.0,723.0],[1422.0,722.0],[1421.0,722.0],[1420.0,722.0],[1420.0,721.0],[1420.0,720.0],[1419.0,720.0],[1419.0,719.5],[1418.0,719.0],[1418.0,718.0],[1418.0,717.0],[1419.0,717.0],[1419.0,716.0],[1420.0,716.0],[1423.0,716.0],[1423.0,717.0],[1425.0,717.0],[1425.0,718.0],[1428.0,718.0],[1428.0,719.0],[1434.0,719.0],[1434.0,720.0],[1440.0,719.0],[1440.0,718.0],[1441.0,718.0],[1441.0,713.0],[1439.0,713.0],[1438.0,711.0],[1437.0,711.0],[1437.0,710.0],[1436.0,710.0],[1436.0,709.0],[1437.0,708.5],[1437.0,708.0],[1438.0,708.0],[1438.0,707.0],[1440.0,707.0],[1440.0,706.0],[1441.0,706.0],[1441.0,707.0],[1443.0,707.0],[1443.0,708.0],[1446.0,708.0],[1446.0,709.0],[1449.0,709.0],[1449.0,710.0],[1451.0,710.0],[1452.0,710.0],[1452.0,711.0],[1453.0,711.0],[1454.0,711.0],[1457.0,711.0],[1457.0,710.0],[1458.0,710.0],[1459.0,710.0],[1464.0,710.0],[1464.0,709.0],[1464.5,709.0],[1465.0,708.0],[1466.0,708.0],[1466.0,709.0],[1473.0,709.0],[1473.0,708.0],[1474.0,708.0],[1474.0,706.0],[1473.0,706.0],[1473.0,705.5],[1472.0,705.0],[1472.0,704.0],[1471.0,704.0],[1471.0,702.0],[1471.0,701.0],[1472.0,701.0],[1472.0,700.0],[1473.0,700.0],[1474.0,700.0],[1475.0,700.0],[1475.0,701.0],[1476.0,701.0],[1476.0,704.0],[1477.0,704.0],[1477.0,707.0],[1477.0,708.0],[1480.0,708.0],[1481.0,708.0],[1481.0,709.0],[1482.0,709.0],[1482.0,710.0],[1483.0,710.0],[1483.0,711.5],[1484.0,712.0],[1484.0,714.0],[1487.0,714.0],[1488.0,714.0],[1488.0,713.0],[1489.0,713.0],[1490.0,713.0],[1490.0,712.0],[1491.0,712.0],[1491.0,711.0],[1492.0,711.0],[1492.0,709.0],[1493.0,709.0],[1495.0,709.0],[1495.0,708.0],[1497.0,708.0],[1498.0,708.0],[1498.0,707.0],[1499.0,707.0],[1505.0,707.0],[1506.0,707.0],[1506.0,708.0],[1509.0,708.0],[1510.0,708.0],[1510.0,707.0],[1511.0,707.0],[1511.0,706.0],[1511.0,703.0],[1509.0,702.0],[1509.0,701.0],[1508.0,701.0],[1508.0,700.0],[1507.0,700.0],[1507.0,699.0],[1506.0,699.0],[1506.0,698.0],[1504.0,698.0],[1503.0,698.0],[1503.0,697.0],[1503.0,696.0],[1503.5,696.0],[1504.0,695.0],[1504.0,694.0],[1505.0,694.0],[1505.0,693.0],[1505.0,692.0],[1507.0,692.0],[1507.0,691.0],[1507.0,689.0],[1498.0,689.0],[1497.0,689.0],[1494.0,689.0],[1494.0,690.0],[1492.0,690.0],[1491.0,690.0],[1490.0,690.0],[1490.0,688.0],[1491.0,687.5],[1491.0,687.0],[1492.0,687.0],[1492.0,686.0],[1493.0,686.0],[1493.0,685.0],[1493.0,684.0],[1494.0,684.0],[1495.0,684.0],[1495.0,683.0],[1497.0,683.0],[1497.0,682.0],[1498.5,682.0],[1499.0,681.0],[1500.0,681.0],[1500.0,680.0],[1501.0,680.0],[1501.0,677.0],[1500.0,677.0],[1500.0,675.0],[1499.0,675.0],[1499.0,674.5],[1498.0,674.0],[1498.0,672.0],[1498.0,671.0],[1501.0,671.0],[1501.0,670.0],[1503.0,670.0],[1505.0,670.0],[1505.0,669.0],[1509.0,669.0],[1512.0,669.0],[1513.0,669.0],[1513.0,668.0],[1513.5,668.0],[1514.0,667.0],[1515.0,667.0],[1516.0,667.0],[1516.0,664.0],[1516.0,663.0],[1517.0,663.0],[1517.0,662.0],[1518.0,662.0],[1518.0,661.0],[1518.0,659.0],[1520.0,658.0],[1520.0,655.0],[1520.0,654.0],[1521.0,654.0],[1521.0,653.0],[1522.0,653.0],[1522.0,652.0],[1522.0,651.0],[1523.0,651.0],[1523.0,650.0],[1523.0,649.0],[1525.0,648.0],[1525.0,647.0],[1526.0,647.0],[1526.0,646.0],[1527.0,646.0],[1527.0,644.0],[1527.0,641.0],[1526.0,641.0],[1526.0,640.5],[1525.0,640.0],[1526.0,636.0],[1527.0,636.0],[1528.0,636.0],[1528.0,635.0],[1530.0,635.0],[1532.0,635.0],[1532.0,634.0],[1533.0,634.0],[1533.0,633.0],[1533.0,632.0],[1534.0,632.0],[1535.0,632.0],[1535.0,631.0],[1536.0,631.0],[1536.0,628.0],[1534.0,627.0],[1534.0,625.0],[1533.0,625.0],[1533.0,624.0],[1532.0,624.0],[1532.1666666666667,623.0],[1532.0,623.0],[1532.0,620.0],[1532.6666666666667,620.0],[1533.0,618.0],[1534.0,618.0],[1534.0,615.0],[1532.0,614.0],[1532.0,613.0],[1530.0,613.0],[1530.0,611.0],[1529.0,611.0],[1529.0,607.0],[1530.0,607.0],[1530.0,606.0],[1531.0,606.0],[1533.0,606.0],[1534.0,606.0],[1535.0,608.0],[1536.0,608.0],[1537.0,608.0],[1537.0,609.0],[1538.0,609.0],[1538.0,610.0],[1538.0,612.0],[1540.0,613.0],[1540.0,615.0],[1539.0,615.0],[1539.0,618.0],[1540.0,618.0],[1540.0,622.0],[1542.0,622.0],[1543.0,624.0],[1544.0,624.0],[1544.0,625.0],[1545.0,625.0],[1549.0,625.0],[1549.0,624.0],[1549.5,624.0],[1550.0,623.0],[1551.0,623.0],[1551.0,622.0],[1556.0,622.0],[1558.0,622.0],[1558.0,621.0],[1559.0,621.0],[1559.0,620.0],[1560.0,620.0],[1560.0,615.0],[1559.0,615.0],[1559.0,614.0],[1559.0,613.0],[1559.0,610.0],[1558.0,610.0],[1558.0,609.0],[1559.0,609.0],[1559.0,607.0],[1559.0,605.0],[1558.0,605.0],[1558.0,604.0],[1559.0,604.0],[1559.0,603.0],[1559.0,602.0],[1560.0,601.5],[1560.0,601.0],[1561.0,601.0],[1561.0,600.0],[1562.0,600.0],[1562.0,599.0],[1562.0,595.0],[1562.0,592.0],[1563.0,592.0],[1563.0,591.0],[1565.0,591.0],[1565.0,590.0],[1568.0,590.0],[1568.0,589.0],[1570.0,589.0],[1570.0,588.0],[1570.0,580.0],[1570.0,579.0],[1571.0,579.0],[1571.0,577.0],[1571.0,575.0],[1570.0,575.0],[1570.0,574.0],[1562.0,574.0],[1562.0,572.0],[1560.0,571.0],[1559.0,571.0],[1559.0,570.0],[1559.0,568.0],[1558.0,568.0],[1558.0,567.0],[1558.0,566.0],[1559.0,566.0],[1559.0,564.0],[1559.0,563.0],[1561.0,563.0],[1561.0,562.0],[1564.0,562.0],[1564.0,563.0],[1565.0,563.0],[1568.0,563.0],[1568.0,564.0],[1571.0,564.0],[1571.0,563.0],[1573.0,563.0],[1573.0,562.0],[1574.0,562.0],[1574.0,558.0],[1572.0,557.0],[1571.0,553.0],[1570.0,553.0],[1570.0,552.0],[1570.0,551.0],[1569.0,551.0],[1569.0,549.0],[1568.0,549.0],[1568.0,547.0],[1568.0,546.0],[1569.0,546.0],[1569.0,544.0],[1569.0,539.0],[1568.0,539.0],[1568.0,538.0],[1568.0,537.0],[1567.0,537.0],[1567.0,536.0],[1567.0,533.0],[1566.0,533.0],[1566.0,531.0],[1565.0,531.0],[1565.0,529.0],[1563.0,528.0],[1563.0,527.0],[1557.0,527.0],[1556.0,527.0],[1555.0,527.0],[1555.0,526.0],[1554.0,526.0],[1554.0,525.0],[1553.0,525.0],[1553.0,524.0],[1552.0,524.0],[1552.0,523.0],[1552.0,522.0],[1551.0,522.0],[1551.0,520.0],[1551.0,519.0],[1551.0,518.0],[1550.0,518.0],[1550.0,517.0],[1551.0,517.0],[1551.0,516.0],[1552.0,515.5],[1552.0,514.0],[1553.0,514.0],[1553.0,513.0],[1554.0,513.0],[1554.0,512.0],[1555.0,512.0],[1555.0,510.0],[1552.0,510.0],[1550.0,510.0],[1549.0,512.0],[1547.0,512.5],[1547.0,513.0],[1546.0,513.0],[1546.0,514.0],[1544.5,514.0],[1544.0,515.0],[1543.0,515.0],[1543.0,516.0],[1543.0,517.0],[1538.0,517.0],[1538.0,518.0],[1536.0,518.0],[1536.0,517.0],[1533.0,517.0],[1531.0,517.0],[1531.0,518.0],[1529.0,518.0],[1529.0,519.0],[1525.0,519.0],[1524.5,518.0],[1523.0,518.0],[1523.0,517.0],[1523.0,516.0],[1522.0,516.0],[1522.0,515.0],[1521.0,515.0],[1521.0,514.0],[1520.0,514.0],[1520.0,513.0],[1517.0,513.0],[1517.0,512.5],[1514.0,512.0],[1514.0,509.0],[1513.0,509.0],[1513.0,508.5],[1512.0,508.0],[1512.0,506.0],[1511.0,506.0],[1511.0,505.5],[1510.0,505.0],[1509.25,502.0],[1509.0,502.0],[1509.0,501.0],[1508.0,501.0],[1508.0,499.0],[1508.0,497.0],[1507.0,497.0],[1507.0,495.5],[1506.0,495.0],[1506.0,493.0],[1501.0,493.0],[1501.0,494.0],[1497.0,494.0],[1497.0,495.0],[1496.0,495.0],[1495.0,495.0],[1494.0,497.0],[1493.0,497.0],[1493.0,498.0],[1489.0,498.0],[1487.0,498.0],[1487.0,499.0],[1485.0,499.0],[1485.0,500.0],[1477.0,501.0],[1477.0,500.0],[1475.0,500.0],[1476.0,498.0],[1477.0,498.0],[1477.0,495.0],[1476.0,495.0],[1476.0,494.0],[1474.0,494.0],[1474.0,493.0],[1472.0,493.0],[1471.0,493.0],[1471.0,492.0],[1461.0,491.09090909090907],[1461.0,492.0],[1459.5,492.0],[1459.0,493.0],[1458.0,493.0],[1458.0,496.0],[1456.0,496.0],[1456.0,505.0],[1455.0,505.0],[1455.0,506.0],[1452.0,506.0],[1452.0,505.0],[1451.0,505.0],[1450.0,505.0],[1450.0,504.0],[1449.0,504.0],[1449.0,503.0],[1448.0,503.0],[1448.0,501.5],[1447.0,501.0],[1447.0,500.0],[1446.0,500.0],[1446.0,498.0],[1447.0,498.0],[1447.0,494.0],[1449.0,493.0],[1449.0,492.0],[1450.0,492.0],[1450.0,491.0],[1451.0,491.0],[1451.0,490.0],[1452.0,490.0],[1452.0,489.0],[1453.0,489.0],[1453.0,488.0],[1454.0,488.0],[1454.0,486.0],[1454.0,485.0],[1455.0,485.0],[1455.0,483.0],[1454.0,483.0],[1454.0,479.0],[1454.0,477.0],[1453.0,477.0],[1453.0,475.0],[1452.0,475.0],[1452.0,474.0],[1453.0,474.0],[1453.0,473.0],[1459.0,473.0],[1460.0,473.0],[1460.0,472.0],[1462.0,472.0],[1463.0,472.0],[1463.0,471.0],[1463.0,470.0],[1464.0,470.0],[1464.0,469.0],[1464.0,466.0],[1464.0,465.0],[1461.0,465.0],[1460.0,465.0],[1460.0,464.0],[1459.0,464.0],[1459.0,463.0],[1458.0,463.0],[1458.0,462.0],[1457.0,462.0],[1457.0,461.0],[1456.0,461.0],[1456.0,460.0],[1455.0,460.0],[1455.0,459.0],[1454.0,459.0],[1454.0,458.0],[1453.0,458.0],[1453.0,457.0],[1453.0,456.0],[1452.0,456.0],[1452.0,455.0],[1452.0,452.0],[1451.0,452.0],[1451.0,450.0],[1448.0,450.0],[1448.0,451.0],[1447.0,451.0],[1447.0,455.0],[1446.6666666666667,455.0],[1446.0833333333333,462.0],[1447.0,462.0],[1447.0,463.0],[1447.0,464.0],[1448.0,464.0],[1448.0,465.0],[1448.0,468.0],[1448.0,470.0],[1447.0,470.0],[1447.0,472.0],[1446.0,472.0],[1446.0,474.0],[1446.0,476.0],[1446.0,477.0],[1445.0,477.0],[1445.0,478.0],[1445.0,479.0],[1444.0,479.0],[1444.0,480.0]]],[[[1450.0,729.0],[1451.0,729.0],[1451.0,730.0],[1452.0,730.0],[1453.0,730.0],[1453.0,730.9],[1457.0,730.5],[1457.0,730.0],[1461.0,730.0],[1461.0,730.1],[1462.0,730.0],[1462.0,731.0],[1467.0,731.0],[1467.0,730.0],[1468.0,730.0],[1468.0,729.0],[1469.0,729.0],[1469.0,726.0],[1468.0,726.0],[1468.0,725.0],[1467.0,725.0],[1467.0,724.0],[1466.0,724.0],[1465.0,724.0],[1465.0,723.0],[1462.0,723.0],[1461.0,723.0],[1461.0,722.0],[1460.0,722.0],[1460.0,721.0],[1456.0,721.0],[1454.0,721.0],[1454.0,720.0],[1451.0,720.0],[1450.0,720.0],[1450.0,719.0],[1449.0,719.0],[1449.0,720.0],[1448.0,720.0],[1448.0,721.0],[1447.0,721.0],[1446.0,721.0],[1446.0,722.0],[1445.0,722.0],[1445.0,723.0],[1444.0,723.0],[1444.0,724.0],[1443.0,724.0],[1443.0,726.0],[1443.0,727.0],[1443.0,728.0],[1444.0,728.0],[1444.0,729.0],[1450.0,729.0]]],[[[1380.0,740.0],[1380.5,742.0],[1381.0,742.0],[1381.0,744.0],[1382.0,744.0],[1382.0,744.5],[1383.0,745.0],[1383.0,746.0],[1385.0,746.0],[1385.0,747.0],[1386.0,747.0],[1387.0,751.0],[1388.0,751.0],[1388.0,753.0],[1392.0,753.0],[1392.0,751.0],[1392.0,749.0],[1391.0,749.0],[1391.0,748.0],[1390.0,748.0],[1390.0,747.0],[1390.0,746.0],[1396.0,745.0],[1396.0,746.0],[1399.0,746.0],[1399.0,747.0],[1403.0,747.0],[1403.0,744.0],[1402.0,744.0],[1402.0,743.5],[1401.0,743.0],[1401.0,742.0],[1398.0,742.0],[1398.0,741.5],[1395.0,741.0],[1394.0,737.0],[1393.0,737.0],[1393.0,735.0],[1392.0,735.0],[1392.0,734.5],[1391.0,734.0],[1391.0,733.0],[1390.0,733.0],[1389.0,733.0],[1389.0,732.0],[1388.0,732.0],[1384.0,732.0],[1384.0,733.0],[1384.0,735.0],[1384.0,736.0],[1385.0,736.0],[1385.0,738.0],[1384.0,738.0],[1384.0,737.0],[1382.0,737.0],[1382.0,736.0],[1378.0,736.0],[1378.0,738.0],[1378.0,739.0],[1380.0,740.0]]],[[[1351.0,775.0],[1351.0,776.0],[1359.0,776.0],[1359.0,775.0],[1361.0,775.0],[1362.0,773.0],[1363.0,773.0],[1363.0,772.0],[1364.0,772.0],[1364.0,771.0],[1367.0,771.0],[1368.0,769.0],[1369.0,769.0],[1369.0,768.0],[1369.0,766.0],[1368.0,766.0],[1368.0,765.0],[1363.0,765.0],[1363.0,766.0],[1361.0,766.0],[1361.0,767.0],[1354.0,767.0],[1353.0,769.0],[1352.0,769.0],[1352.0,770.0],[1351.0,770.0],[1351.0,771.0],[1351.0,772.0],[1350.0,772.0],[1350.0,774.0],[1350.0,775.0],[1351.0,775.0]]],[[[1200.0,835.0],[1201.0,835.0],[1201.0,834.0],[1203.0,834.0],[1203.0,835.0],[1204.0,835.0],[1205.0,835.0],[1205.0,836.0],[1206.0,836.0],[1206.0,837.0],[1208.0,837.0],[1211.0,837.0],[1212.0,837.0],[1212.0,836.0],[1213.0,836.0],[1213.0,835.0],[1214.0,834.5],[1214.0,834.0],[1215.0,834.0],[1215.0,833.0],[1215.0,832.0],[1216.0,832.0],[1216.0,828.0],[1216.0,827.0],[1215.0,827.0],[1214.0,827.0],[1214.0,826.0],[1213.0,826.0],[1208.0,826.0],[1208.0,825.0],[1205.0,825.0],[1203.0,825.0],[1203.0,824.0],[1196.0,824.0],[1196.0,831.0],[1194.0,832.0],[1194.0,837.0],[1198.0,837.0],[1199.0,837.0],[1199.0,836.0],[1200.0,836.0],[1200.0,835.0]]],[[[1224.0,848.0],[1224.0,849.0],[1230.0,849.0],[1231.0,849.0],[1231.0,847.0],[1231.0,845.0],[1231.0,844.0],[1230.0,844.0],[1230.0,843.5],[1229.0,843.0],[1229.0,842.0],[1228.0,842.0],[1222.0,842.0],[1221.0,842.0],[1221.0,843.0],[1221.0,846.0],[1223.0,846.0],[1223.0,848.0],[1224.0,848.0]]],[[[1248.0,864.0],[1248.0,865.0],[1250.0,865.0],[1250.0,865.5],[1252.0,866.0],[1252.0,868.0],[1252.0,870.0],[1252.0,871.0],[1253.0,871.0],[1253.0,872.0],[1256.0,872.0],[1256.0,871.0],[1257.0,871.0],[1257.0,870.0],[1258.5,870.0],[1259.0,869.0],[1260.0,869.0],[1260.0,868.0],[1261.0,868.0],[1261.0,867.0],[1262.0,867.0],[1263.0,867.0],[1263.0,863.0],[1262.0,863.0],[1262.0,862.0],[1261.0,862.0],[1261.0,861.0],[1259.0,861.0],[1258.0,861.0],[1258.0,860.0],[1256.0,860.0],[1255.5,859.0],[1254.0,859.0],[1254.0,858.0],[1253.0,858.0],[1253.0,857.0],[1252.0,857.0],[1250.0,857.0],[1250.0,856.0],[1248.0,856.0],[1247.0,856.0],[1247.0,857.0],[1246.0,857.0],[1246.0,859.0],[1245.0,859.0],[1245.0,862.0],[1246.0,862.0],[1246.0,862.5],[1247.0,863.0],[1247.0,864.0],[1248.0,864.0]]]]}},{"type":"Feature","id":"country-023","properties":{"id":"country-023","name":"Unassigned","type":"country","status":"mask-defined","source":"countries-mask-shared-topology","extractionConfidence":"authoritative-mask","rgb":[255,216,0],"color":"#ffd800","polygonCount":7,"holeCount":0,"styleIndex":4,"displayClip":"authoritative-land-mask"},"geometry":{"type":"MultiPolygon","coordinates":[[[[1109.0,311.0],[1109.0,312.0],[1110.0,312.0],[1110.0,313.0],[1110.0,315.0],[1111.0,315.0],[1113.0,315.0],[1113.0,314.0],[1114.0,314.0],[1114.0,313.0],[1114.0,309.0],[1113.0,309.0],[1113.0,307.0],[1112.0,307.0],[1112.0,306.0],[1112.0,305.0],[1109.0,305.0],[1109.0,306.0],[1108.0,306.0],[1108.0,310.0],[1108.0,311.0],[1109.0,311.0]]],[[[1242.0,359.0],[1243.0,359.0],[1245.0,359.0],[1246.0,359.0],[1246.0,358.0],[1247.0,358.0],[1247.0,357.0],[1247.0,356.0],[1249.0,355.0],[1249.0,356.0],[1249.0,358.0],[1250.0,358.0],[1250.0,359.0],[1251.0,359.0],[1253.0,359.0],[1253.0,358.0],[1254.0,358.0],[1255.0,358.0],[1255.0,357.0],[1255.5,357.0],[1256.0,356.0],[1256.0,355.0],[1257.0,355.0],[1257.0,354.0],[1257.0,353.0],[1258.0,353.0],[1259.0,353.0],[1259.0,354.0],[1260.0,354.0],[1260.0,357.0],[1261.0,357.0],[1261.0,358.0],[1261.0,359.0],[1262.0,359.0],[1263.0,359.0],[1263.0,360.0],[1265.0,360.0],[1267.0,360.0],[1267.0,361.0],[1269.0,361.0],[1269.0,362.0],[1273.0,362.0],[1274.0,362.0],[1274.0,359.0],[1273.0,359.0],[1273.0,358.0],[1273.0,357.0],[1272.0,357.0],[1272.0,353.0],[1268.0,351.0],[1268.0,350.0],[1268.0,347.0],[1268.0,345.0],[1266.0,344.0],[1266.0,343.0],[1258.0,343.0],[1258.0,346.0],[1258.0,347.0],[1257.0,347.0],[1255.0,347.0],[1254.0,347.0],[1254.0,346.0],[1253.0,346.0],[1252.0,346.0],[1251.0,348.0],[1250.0,348.0],[1250.0,349.0],[1248.0,349.0],[1248.0,350.0],[1247.0,350.0],[1247.0,351.0],[1246.0,351.0],[1245.0,351.0],[1245.0,352.0],[1244.0,352.0],[1242.0,352.0],[1242.0,353.0],[1241.0,353.0],[1240.0,353.0],[1240.0,356.0],[1241.0,356.0],[1241.0,357.5],[1242.0,358.0],[1242.0,359.0]]],[[[1152.0,412.0],[1155.0,412.0],[1156.0,412.0],[1156.0,411.0],[1157.0,411.0],[1157.0,409.0],[1158.0,409.0],[1158.0,408.0],[1159.0,408.0],[1159.0,409.0],[1160.0,409.0],[1160.0,410.0],[1161.0,410.0],[1161.0,411.0],[1163.0,411.0],[1163.0,410.0],[1167.0,410.0],[1168.0,410.0],[1168.0,409.0],[1171.0,409.0],[1171.0,410.0],[1172.0,410.0],[1172.0,412.0],[1173.0,412.0],[1177.0,412.0],[1177.0,411.0],[1179.0,411.0],[1181.0,411.0],[1181.0,410.0],[1181.5,410.0],[1182.0,409.0],[1183.0,409.0],[1183.0,406.0],[1184.0,406.0],[1184.0,405.0],[1186.0,405.0],[1188.0,405.0],[1188.0,406.0],[1190.0,406.0],[1190.0,407.0],[1191.0,406.8333333333333],[1191.0,406.0],[1192.0,406.0],[1192.0,406.6666666666667],[1193.0,406.5],[1193.0,406.0],[1194.0,406.0],[1194.0,405.0],[1197.0,405.0],[1197.0,409.0],[1197.0,410.0],[1197.0,413.5],[1198.0,414.0],[1198.0,415.0],[1200.0,415.0],[1200.0,416.0],[1204.0,416.0],[1207.0,416.0],[1208.0,416.0],[1208.0,415.0],[1210.0,415.0],[1211.0,415.0],[1212.0,415.0],[1212.0,414.0],[1213.0,414.0],[1214.0,414.0],[1214.0,413.0],[1215.0,413.0],[1215.0,412.0],[1216.0,412.0],[1216.0,410.0],[1217.0,410.0],[1217.0,409.0],[1218.0,409.0],[1218.0,410.0],[1219.0,410.0],[1219.0,411.0],[1219.0,412.0],[1220.0,412.0],[1220.0,413.5],[1221.0,414.0],[1221.0,415.0],[1221.0,416.0],[1222.0,416.0],[1222.0,416.5],[1223.0,417.0],[1224.0,417.0],[1224.0,418.0],[1226.0,418.0],[1226.0,419.0],[1231.0,419.0],[1231.0,420.0],[1232.0,420.0],[1233.0,420.0],[1233.0,421.0],[1234.0,421.0],[1235.0,421.0],[1235.0,422.0],[1239.0,422.0],[1243.0,422.0],[1243.0,421.0],[1248.0,421.0],[1248.0,420.0],[1249.0,420.0],[1251.0,420.0],[1251.0,419.0],[1254.0,419.0],[1254.0,418.0],[1255.0,418.0],[1259.0,418.0],[1261.0,418.0],[1261.0,420.0],[1260.0,420.0],[1260.0,421.0],[1259.0,421.0],[1259.0,422.0],[1260.0,422.0],[1260.0,423.0],[1261.0,423.0],[1261.0,424.0],[1262.0,424.0],[1262.0,425.0],[1263.0,425.0],[1269.0,425.0],[1269.0,424.0],[1270.0,424.0],[1270.0,422.0],[1269.0,422.0],[1269.0,421.0],[1270.0,421.0],[1270.0,420.0],[1270.0,419.0],[1272.0,419.0],[1274.0,418.0],[1274.0,416.0],[1274.0,415.0],[1275.0,415.0],[1275.0,414.0],[1278.0,414.0],[1278.0,415.0],[1279.0,415.0],[1280.0,415.0],[1280.0,416.0],[1282.0,416.0],[1282.0,417.0],[1284.0,417.0],[1286.0,417.0],[1286.0,418.0],[1287.0,418.0],[1287.0,419.0],[1288.0,419.0],[1288.5,420.0],[1289.0,420.0],[1289.0,421.0],[1292.0,421.0],[1292.0,420.0],[1293.0,420.0],[1293.0,418.0],[1294.0,418.0],[1294.0,417.0],[1296.0,417.0],[1296.0,418.0],[1296.0,419.0],[1297.0,419.0],[1299.0,419.0],[1300.0,419.0],[1300.0,418.0],[1301.0,418.0],[1301.0,417.0],[1302.0,417.0],[1302.0,418.0],[1303.0,418.0],[1303.0,419.0],[1304.0,419.0],[1304.0,420.0],[1307.0,420.0],[1308.0,420.0],[1308.0,419.0],[1309.0,419.0],[1309.0,417.0],[1308.0,417.0],[1308.0,415.0],[1307.0,415.0],[1307.0,414.0],[1306.0,414.0],[1306.0,411.5],[1305.0,411.0],[1305.0,410.0],[1303.0,410.0],[1302.0,408.0],[1299.0,408.0],[1297.0,408.0],[1297.0,407.0],[1296.0,407.0],[1296.0,406.0],[1294.0,406.0],[1293.0,404.0],[1292.0,404.0],[1292.0,403.0],[1291.0,403.0],[1291.0,402.0],[1290.0,402.0],[1290.0,401.0],[1291.0,401.0],[1291.0,400.0],[1292.0,400.0],[1293.0,400.0],[1293.0,401.0],[1295.0,401.0],[1297.0,401.0],[1297.0,400.0],[1298.0,400.0],[1298.0,398.0],[1297.0,398.0],[1297.0,396.0],[1296.0,396.0],[1296.0,395.0],[1295.0,395.0],[1295.0,394.0],[1294.0,394.0],[1294.0,392.0],[1293.0,392.0],[1293.0,391.0],[1291.0,391.0],[1291.0,392.0],[1290.0,392.0],[1290.0,391.0],[1288.0,391.0],[1286.0,391.0],[1286.0,390.0],[1285.0,390.0],[1285.0,389.0],[1286.0,389.0],[1286.0,385.0],[1286.0,384.0],[1285.0,384.0],[1285.0,383.0],[1284.0,383.0],[1284.0,384.0],[1282.0,384.0],[1282.0,385.0],[1281.0,385.0],[1281.0,386.0],[1280.0,386.0],[1279.0,386.0],[1279.0,387.0],[1278.0,386.5],[1278.0,387.0],[1277.0,387.0],[1277.0,386.0],[1277.0,385.0],[1276.0,385.0],[1276.0,383.0],[1276.0,382.0],[1275.0,382.0],[1273.0,382.0],[1272.0,382.0],[1272.0,383.0],[1270.0,383.0],[1270.0,384.0],[1267.0,384.0],[1267.0,385.0],[1266.0,385.0],[1266.0,390.0],[1265.0,390.0],[1265.0,392.0],[1266.0,392.0],[1266.0,393.0],[1267.0,393.0],[1267.0,394.0],[1267.0,395.0],[1268.0,395.0],[1269.0,395.0],[1269.5,396.0],[1271.0,396.0],[1271.0,397.0],[1271.0,398.0],[1270.0,398.0],[1270.0,399.0],[1269.0,399.0],[1269.0,398.0],[1267.0,398.0],[1265.0,398.0],[1265.0,397.0],[1264.0,397.0],[1264.0,396.0],[1263.0,396.0],[1261.0,396.0],[1261.0,395.0],[1260.0,395.0],[1260.0,396.0],[1259.0,396.0],[1257.0,396.0],[1257.0,397.0],[1256.0,397.0],[1256.0,398.0],[1255.0,398.0],[1255.0,397.0],[1254.0,397.0],[1253.0,397.0],[1252.0,397.0],[1252.0,398.0],[1251.0,398.0],[1251.0,400.0],[1251.0,401.0],[1250.0,401.0],[1250.0,400.0],[1248.0,400.0],[1245.0,400.0],[1245.0,399.0],[1243.0,399.0],[1243.0,398.0],[1242.0,398.0],[1242.0,397.0],[1243.0,397.0],[1243.0,393.0],[1242.0,393.0],[1242.0,392.0],[1229.0,391.0],[1229.0,392.0],[1227.0,392.0],[1227.0,393.0],[1226.0,393.0],[1225.0,393.0],[1225.0,394.0],[1224.0,394.0],[1223.0,394.0],[1223.0,393.0],[1222.0,393.0],[1222.0,391.0],[1221.0,391.0],[1221.0,390.0],[1220.0,390.0],[1220.0,387.5],[1219.0,387.0],[1219.0,386.0],[1217.0,386.0],[1215.0,386.0],[1215.0,385.0],[1213.0,385.0],[1213.0,384.0],[1212.0,384.0],[1212.0,383.0],[1211.0,383.0],[1211.0,382.0],[1212.0,382.0],[1212.0,379.0],[1212.0,378.0],[1211.0,378.0],[1210.0,378.0],[1209.0,376.0],[1208.0,376.0],[1206.0,376.0],[1206.0,375.0],[1205.0,375.0],[1204.0,375.0],[1204.0,374.0],[1203.0,374.0],[1202.0,374.0],[1202.0,373.0],[1201.0,373.0],[1200.0,373.0],[1200.0,372.0],[1200.0,371.0],[1199.0,371.0],[1199.0,370.5],[1198.0,370.0],[1198.0,369.0],[1197.0,369.0],[1196.0,369.0],[1196.0,368.0],[1195.0,368.0],[1195.0,367.0],[1194.0,367.0],[1194.0,366.0],[1193.0,366.0],[1193.0,365.0],[1193.0,364.0],[1192.0,364.0],[1192.0,358.0],[1193.0,358.0],[1193.0,359.0],[1194.0,359.0],[1194.0,361.0],[1195.0,361.0],[1195.0,362.0],[1196.0,362.0],[1196.0,363.0],[1197.0,363.0],[1197.0,364.0],[1197.0,365.0],[1198.0,365.0],[1198.0,366.0],[1199.0,366.0],[1200.0,366.0],[1200.0,367.0],[1201.0,367.0],[1202.0,367.0],[1204.0,367.0],[1204.0,368.0],[1207.0,368.0],[1211.0,368.0],[1213.0,368.0],[1213.0,367.0],[1214.0,367.0],[1214.0,366.0],[1216.0,366.0],[1216.0,367.0],[1220.0,367.0],[1222.0,367.0],[1222.0,366.0],[1223.0,366.0],[1223.0,365.0],[1223.0,362.0],[1223.0,361.0],[1222.0,361.0],[1222.0,360.0],[1222.0,359.0],[1222.0,358.0],[1224.0,358.0],[1224.0,359.0],[1225.0,357.0],[1227.0,357.0],[1228.0,357.0],[1228.0,356.0],[1229.0,356.0],[1229.0,355.0],[1230.0,355.0],[1230.0,354.0],[1231.0,354.0],[1231.0,353.0],[1232.0,353.0],[1232.0,350.0],[1230.0,349.0],[1230.0,348.0],[1227.0,348.0],[1227.0,347.0],[1222.0,347.0],[1222.0,348.0],[1220.0,348.0],[1219.0,348.0],[1218.0,348.0],[1218.0,349.0],[1217.5,349.0],[1217.0,350.0],[1216.0,350.0],[1216.0,351.0],[1215.0,351.0],[1215.0,352.0],[1215.0,353.0],[1214.0,353.0],[1214.0,354.0],[1213.0,354.0],[1212.0,354.0],[1211.0,354.0],[1211.0,353.0],[1211.0,352.0],[1210.0,352.0],[1210.0,351.0],[1209.0,351.0],[1209.0,350.0],[1208.0,350.0],[1208.0,349.0],[1208.0,348.0],[1207.0,348.0],[1207.0,347.0],[1206.0,347.0],[1206.0,346.0],[1205.0,346.0],[1205.0,345.0],[1204.0,345.0],[1204.0,346.0],[1202.0,346.0],[1202.0,345.0],[1199.0,345.0],[1199.0,344.0],[1196.0,344.0],[1196.0,345.0],[1188.0,345.0],[1188.0,344.0],[1187.0,344.0],[1187.0,343.0],[1186.0,341.0],[1187.0,340.5],[1187.0,339.0],[1188.0,339.0],[1188.0,336.0],[1189.0,336.0],[1189.0,333.0],[1190.0,333.0],[1190.0,331.0],[1192.0,331.0],[1192.0,330.0],[1193.0,330.0],[1193.0,329.0],[1193.6666666666667,329.0],[1193.1666666666667,326.0],[1193.0,326.0],[1193.0,325.0],[1193.0,323.0],[1195.0,323.0],[1195.0,322.0],[1196.0,322.0],[1196.0,321.0],[1196.0,320.0],[1194.0,319.0],[1194.0,318.0],[1189.0,318.0],[1189.0,319.0],[1187.0,319.0],[1187.0,320.0],[1183.0,320.0],[1183.0,319.0],[1182.0,319.0],[1182.0,318.0],[1181.0,318.0],[1181.0,317.0],[1180.0,317.0],[1179.0,317.0],[1178.0,317.0],[1178.0,318.0],[1178.0,320.0],[1177.0,320.0],[1177.0,321.0],[1176.0,321.0],[1176.0,322.0],[1175.0,322.0],[1175.0,323.0],[1174.0,323.0],[1174.0,324.0],[1171.0,324.0],[1171.0,325.0],[1170.0,325.0],[1169.0,325.0],[1169.0,326.0],[1168.0,326.0],[1167.0,326.0],[1166.0,326.0],[1165.0,326.0],[1165.0,327.0],[1163.0,327.0],[1163.0,328.0],[1162.0,328.0],[1162.0,329.0],[1161.0,329.0],[1161.0,330.0],[1160.0,330.0],[1160.0,331.0],[1159.0,331.0],[1159.0,332.0],[1158.0,332.0],[1158.0,334.0],[1157.0,334.0],[1157.0,335.0],[1155.0,335.0],[1155.0,336.0],[1154.0,336.0],[1154.0,334.0],[1153.0,334.0],[1153.0,332.0],[1152.0,332.0],[1152.0,331.0],[1150.0,331.0],[1150.0,332.0],[1149.0,332.0],[1149.0,333.0],[1148.0,333.0],[1148.0,334.0],[1146.0,334.0],[1146.0,333.2],[1145.0,333.3],[1145.0,334.0],[1142.0,334.0],[1142.0,335.0],[1138.0,335.0],[1138.0,336.0],[1137.0,336.0],[1137.0,337.0],[1136.0,337.0],[1135.0,337.0],[1135.0,338.0],[1134.0,338.0],[1134.0,339.0],[1134.0,340.0],[1133.0,340.0],[1133.0,341.0],[1131.0,341.0],[1131.0,339.0],[1132.0,338.5],[1132.0,338.0],[1133.0,338.0],[1133.0,336.0],[1133.5,336.0],[1134.0,334.0],[1135.0,334.0],[1135.0,333.0],[1135.0,332.0],[1138.0,331.5],[1138.0,331.0],[1140.0,331.0],[1140.0,330.0],[1141.0,330.0],[1141.0,329.0],[1143.5,329.0],[1144.0,328.0],[1145.0,328.0],[1145.0,327.0],[1146.0,327.0],[1147.0,327.0],[1147.0,326.0],[1148.0,326.0],[1150.0,326.0],[1150.0,325.0],[1151.0,325.0],[1152.0,325.0],[1152.0,324.0],[1153.0,324.0],[1153.0,323.0],[1153.0,322.0],[1153.0,318.0],[1153.0,317.0],[1151.0,316.0],[1151.0,313.0],[1149.0,312.0],[1149.0,311.0],[1148.0,311.0],[1148.0,310.0],[1147.0,310.0],[1147.0,307.0],[1148.0,307.0],[1148.0,301.0],[1147.0,301.0],[1147.0,300.0],[1146.0,300.0],[1146.0,299.0],[1145.0,299.0],[1145.0,293.0],[1144.0,293.0],[1144.0,292.0],[1142.0,292.0],[1141.0,292.0],[1141.0,293.0],[1140.0,293.0],[1140.0,295.0],[1138.0,295.0],[1138.0,293.0],[1138.0,288.0],[1137.0,288.0],[1137.0,287.0],[1136.0,287.0],[1136.0,286.0],[1133.0,286.0],[1131.0,286.0],[1131.0,285.0],[1131.0,284.0],[1130.0,284.0],[1128.0,284.0],[1127.0,286.0],[1126.0,286.0],[1126.0,287.0],[1125.0,287.0],[1125.0,288.0],[1124.0,288.0],[1124.0,291.0],[1125.0,291.0],[1125.0,292.0],[1125.0,294.0],[1126.0,294.0],[1126.0,295.0],[1126.0,296.0],[1126.0,299.0],[1124.0,299.0],[1124.0,298.0],[1123.0,298.0],[1123.0,297.0],[1122.0,297.0],[1122.0,296.0],[1121.0,296.0],[1120.0,296.0],[1120.0,297.0],[1119.0,297.0],[1119.0,298.0],[1119.0,300.0],[1120.0,300.0],[1120.0,301.5],[1121.0,302.0],[1121.0,303.0],[1123.0,303.0],[1123.5,304.0],[1124.0,304.0],[1124.0,305.0],[1125.0,305.0],[1124.0,307.0],[1124.0,309.0],[1123.0,309.0],[1123.0,311.0],[1122.3333333333333,311.0],[1122.0,313.0],[1122.0,318.0],[1123.0,318.0],[1123.0,320.0],[1124.0,320.0],[1124.0,321.0],[1125.0,321.0],[1125.0,322.0],[1125.0,325.0],[1124.0,325.0],[1124.0,326.0],[1124.0,327.0],[1121.0,327.0],[1121.0,326.0],[1121.0,325.0],[1120.0,325.0],[1118.0,325.0],[1116.0,325.0],[1116.0,326.0],[1115.0,326.0],[1115.0,327.0],[1110.0,327.0],[1110.0,326.0],[1109.0,326.0],[1109.0,325.0],[1108.0,325.0],[1107.0,325.0],[1107.0,326.0],[1106.0,326.0],[1106.0,330.0],[1106.0,332.0],[1104.0,332.0],[1104.0,331.0],[1103.0,331.0],[1103.0,330.0],[1101.0,330.0],[1101.0,331.0],[1100.0,331.0],[1100.6666666666667,335.0],[1101.0,335.0],[1101.0,336.0],[1102.0,336.0],[1102.0,337.0],[1103.0,337.0],[1103.0,339.0],[1102.0,339.0],[1102.0,341.0],[1103.0,341.0],[1103.0,342.0],[1104.0,342.0],[1104.0,343.0],[1105.0,343.0],[1105.0,344.0],[1106.0,344.0],[1106.0,346.0],[1107.0,346.0],[1107.0,347.0],[1108.0,347.0],[1108.0,349.0],[1109.0,349.0],[1109.0,350.0],[1109.0,352.0],[1108.0,352.0],[1107.0,352.0],[1107.0,353.0],[1106.0,353.0],[1106.0,354.0],[1105.0,354.0],[1105.0,355.0],[1105.0,356.0],[1106.0,356.0],[1106.0,357.0],[1107.0,357.0],[1107.0,358.0],[1108.0,358.0],[1108.0,359.0],[1110.0,359.0],[1111.0,359.0],[1111.0,360.0],[1112.0,360.0],[1114.0,360.0],[1114.0,361.0],[1115.0,361.0],[1116.0,361.0],[1116.0,362.0],[1119.0,362.0],[1120.0,360.0],[1121.0,360.0],[1121.0,358.0],[1121.0,356.0],[1121.0,355.0],[1123.0,355.0],[1123.0,356.0],[1123.0,357.0],[1124.0,357.0],[1124.0,358.0],[1124.0,361.0],[1124.0,362.0],[1123.0,362.5],[1123.0,364.0],[1122.0,364.0],[1122.0,365.0],[1121.0,365.0],[1120.0,365.0],[1120.0,366.0],[1118.0,366.0],[1117.0,366.0],[1117.0,367.0],[1114.0,367.0],[1113.0,367.0],[1113.0,368.0],[1112.0,368.0],[1112.0,369.0],[1111.0,369.0],[1111.0,370.0],[1110.0,370.0],[1110.0,371.0],[1109.0,371.0],[1109.0,372.0],[1109.0,373.0],[1108.0,373.0],[1108.0,374.0],[1108.0,377.0],[1108.0,378.0],[1107.0,378.0],[1107.0,380.0],[1106.0,380.0],[1106.0,382.0],[1105.0,382.0],[1103.0,382.0],[1103.0,381.0],[1102.0,381.0],[1102.0,380.0],[1099.0,380.0],[1099.0,379.0],[1097.0,379.0],[1097.0,380.0],[1096.0,380.0],[1096.0,379.0],[1096.0,378.0],[1095.0,378.0],[1095.0,377.0],[1095.0,376.0],[1094.0,376.0],[1092.0,376.0],[1092.0,377.0],[1091.0,377.0],[1091.0,379.0],[1091.0,383.0],[1091.0,385.0],[1092.0,385.0],[1092.0,387.0],[1093.0,387.0],[1093.0,388.0],[1093.0,389.0],[1092.0,389.0],[1092.0,391.0],[1091.0,391.0],[1091.0,393.0],[1091.0,394.0],[1091.0,395.0],[1092.0,395.0],[1092.0,396.0],[1094.0,396.0],[1097.0,396.0],[1097.0,400.0],[1096.0,400.0],[1096.0,402.0],[1096.0,405.0],[1095.0,405.0],[1095.0,406.0],[1093.0,406.0],[1091.0,406.0],[1091.0,407.0],[1089.0,407.0],[1088.0,407.0],[1088.0,406.0],[1086.0,406.0],[1084.0,406.0],[1083.0,406.0],[1083.0,408.0],[1082.0,408.0],[1082.0,410.0],[1079.0,410.0],[1079.0,409.0],[1077.0,409.0],[1077.0,410.0],[1076.0,410.0],[1076.0,412.0],[1076.0,414.0],[1077.0,414.0],[1077.0,415.0],[1077.0,417.0],[1078.0,417.0],[1078.0,418.0],[1079.0,418.0],[1079.0,420.0],[1078.0,420.0],[1078.0,421.0],[1076.0,421.0],[1076.0,420.0],[1075.0,420.0],[1075.0,419.0],[1074.0,419.0],[1071.0,419.0],[1071.0,418.0],[1070.0,418.0],[1070.0,419.0],[1069.0,419.0],[1068.0,419.0],[1068.0,420.0],[1067.0,420.0],[1067.0,422.0],[1066.0,422.0],[1066.0,425.0],[1067.0,425.0],[1067.0,426.0],[1070.0,426.0],[1070.0,425.0],[1076.0,425.0],[1076.0,426.0],[1077.0,426.0],[1077.0,427.0],[1076.0,427.0],[1076.0,428.0],[1077.0,428.0],[1077.0,429.0],[1077.0,430.0],[1078.0,430.0],[1078.0,431.0],[1079.0,431.0],[1079.0,434.0],[1078.0,434.0],[1078.0,435.0],[1077.0,435.0],[1077.0,436.0],[1076.0,436.0],[1076.0,437.0],[1076.0,438.0],[1077.0,438.0],[1077.0,439.0],[1082.0,439.0],[1082.0,440.0],[1083.0,440.0],[1083.0,441.0],[1084.0,441.0],[1084.0,442.0],[1085.0,442.0],[1085.0,443.0],[1086.0,443.0],[1087.0,443.0],[1088.0,443.0],[1088.0,442.0],[1089.0,442.0],[1089.0,441.0],[1090.0,441.0],[1090.0,440.0],[1091.0,440.0],[1093.0,440.0],[1094.0,440.0],[1093.0,442.0],[1093.0,444.0],[1092.0,444.0],[1092.0,445.0],[1091.0,445.0],[1091.0,446.0],[1090.0,446.0],[1090.0,447.0],[1089.0,447.0],[1089.0,448.0],[1088.0,448.0],[1088.0,449.0],[1087.0,449.0],[1087.0,450.0],[1086.0,450.0],[1086.0,449.0],[1084.0,449.0],[1084.0,448.0],[1083.0,448.0],[1083.0,447.0],[1082.0,447.0],[1081.0,447.0],[1080.0,447.0],[1080.0,448.0],[1078.5,448.0],[1078.0,449.0],[1077.0,449.0],[1077.0,450.0],[1078.0,450.0],[1078.0,453.0],[1079.0,453.0],[1079.0,454.0],[1080.0,454.0],[1080.0,455.0],[1081.0,455.0],[1081.0,456.0],[1081.0,459.0],[1081.0,460.0],[1082.0,460.0],[1082.0,461.0],[1084.0,461.0],[1085.0,461.0],[1087.0,461.0],[1087.0,460.0],[1087.5,460.0],[1088.0,459.0],[1089.0,459.0],[1089.0,458.0],[1090.0,458.0],[1090.0,457.0],[1091.0,457.0],[1091.0,456.0],[1092.0,456.0],[1092.0,456.5],[1093.0,457.0],[1095.0,457.0],[1095.0,456.0],[1097.0,456.0],[1098.0,454.0],[1100.0,454.0],[1100.0,453.0],[1103.0,453.0],[1103.0,452.0],[1105.0,452.0],[1106.0,450.0],[1108.0,450.0],[1108.0,449.0],[1109.0,449.0],[1109.0,447.0],[1111.0,446.0],[1111.0,443.0],[1112.0,443.0],[1112.0,439.0],[1113.0,439.0],[1113.0,436.0],[1114.0,436.0],[1114.0,435.0],[1115.0,435.0],[1115.0,434.0],[1116.0,434.0],[1117.0,432.0],[1119.0,432.0],[1119.0,431.0],[1120.0,431.0],[1120.0,430.0],[1121.0,430.0],[1121.0,429.0],[1122.0,429.0],[1122.0,428.0],[1123.0,428.0],[1123.0,427.0],[1125.0,426.0],[1125.0,424.0],[1127.0,423.0],[1127.0,421.0],[1129.0,420.0],[1129.0,418.0],[1130.0,418.0],[1130.0,416.0],[1131.0,416.0],[1132.0,414.0],[1136.0,414.0],[1136.0,413.0],[1137.0,413.0],[1137.0,414.0],[1138.0,414.0],[1138.0,415.0],[1140.0,415.0],[1140.0,416.0],[1143.0,416.0],[1144.0,418.0],[1149.0,418.0],[1149.0,417.0],[1149.0,416.0],[1151.0,416.0],[1151.0,415.0],[1152.0,415.0],[1152.0,413.0],[1152.0,412.0]]],[[[1222.0,378.0],[1222.0,379.0],[1226.0,379.3076923076923],[1226.0,379.0],[1228.0,379.0],[1228.0,379.46153846153845],[1235.0,380.0],[1235.0,379.0],[1235.5,379.0],[1236.0,378.0],[1237.0,378.0],[1237.0,377.0],[1238.0,377.0],[1238.0,376.0],[1238.0,372.0],[1233.0,372.0],[1233.0,373.0],[1232.0,373.0],[1231.0,373.0],[1231.0,374.0],[1230.0,374.0],[1225.0,374.0],[1225.0,375.0],[1221.0,375.0],[1221.0,377.0],[1221.0,378.0],[1222.0,378.0]]],[[[1078.0,386.0],[1076.0,386.0],[1076.0,387.0],[1075.0,387.0],[1075.0,389.0],[1074.0,389.0],[1075.0,395.0],[1077.0,396.0],[1077.0,397.0],[1082.0,397.0],[1082.0,396.0],[1084.0,396.0],[1084.0,394.0],[1084.0,392.0],[1083.0,392.0],[1083.0,390.5],[1082.0,390.0],[1082.0,386.0],[1082.0,385.0],[1081.0,385.0],[1079.0,385.0],[1078.0,385.0],[1078.0,386.0]]],[[[1207.0,430.0],[1207.0,429.0],[1208.0,429.0],[1209.0,429.0],[1209.0,428.0],[1210.0,428.0],[1212.0,428.0],[1215.0,428.0],[1219.0,428.0],[1219.0,427.0],[1220.0,427.0],[1220.0,426.0],[1220.0,425.0],[1220.0,424.0],[1219.0,424.0],[1219.0,423.0],[1218.0,423.0],[1216.0,423.0],[1213.0,423.0],[1212.0,423.0],[1210.0,423.0],[1210.0,424.0],[1208.0,424.0],[1208.0,425.0],[1207.0,425.0],[1207.0,426.0],[1205.0,426.0],[1205.0,427.0],[1204.0,427.0],[1204.0,430.0],[1207.0,430.0]]],[[[1075.0,469.0],[1075.0,468.0],[1076.0,468.0],[1077.0,468.0],[1077.0,467.0],[1078.0,467.0],[1078.0,466.0],[1077.0,466.0],[1077.0,465.0],[1077.0,464.0],[1076.0,464.0],[1076.0,463.0],[1076.0,462.0],[1075.0,462.0],[1075.0,461.0],[1074.0,461.0],[1073.0,461.0],[1073.0,460.0],[1073.0,458.0],[1072.0,458.0],[1072.0,457.0],[1070.0,457.0],[1070.0,458.0],[1069.0,458.0],[1069.0,459.0],[1068.0,459.0],[1068.0,461.0],[1068.0,462.0],[1067.0,462.0],[1067.0,463.0],[1066.0,463.0],[1066.0,464.0],[1065.0,464.0],[1065.0,465.0],[1064.0,465.0],[1064.0,466.0],[1064.0,467.0],[1064.0,468.0],[1065.0,468.0],[1065.0,469.0],[1067.0,469.0],[1068.0,469.0],[1075.0,469.0]]]]}}]}