{"type":"FeatureCollection","features":[{"type":"Feature","id":"land-001","properties":{"id":"land-001","name":"World landmass","type":"land","source":"authoritative-land-mask","polygonCount":192,"holeCount":21},"geometry":{"type":"MultiPolygon","coordinates":[[[[133.0,205.0],[133.0,204.0],[131.0,204.0],[131.0,203.0],[130.0,203.0],[130.0,202.0],[129.0,202.0],[129.0,201.0],[130.0,201.0],[130.0,200.0],[131.0,200.0],[131.0,199.0],[132.0,199.0],[132.0,198.0],[139.0,198.0],[139.0,199.0],[140.0,199.0],[140.0,198.0],[142.0,198.0],[142.0,197.0],[143.0,197.0],[143.0,196.0],[145.0,196.0],[145.0,195.0],[146.0,195.0],[146.0,194.0],[147.0,194.0],[147.0,193.0],[149.0,193.0],[149.0,192.0],[154.0,192.0],[154.0,190.0],[155.0,190.0],[155.0,189.0],[157.0,189.0],[157.0,190.0],[162.0,190.0],[162.0,189.0],[163.0,189.0],[163.0,188.0],[164.0,188.0],[164.0,185.0],[165.0,185.0],[165.0,178.0],[166.0,178.0],[166.0,176.0],[167.0,176.0],[167.0,172.0],[166.0,172.0],[166.0,171.0],[162.0,171.0],[162.0,170.0],[161.0,170.0],[161.0,171.0],[160.0,171.0],[160.0,172.0],[159.0,172.0],[159.0,173.0],[158.0,173.0],[158.0,174.0],[157.0,174.0],[157.0,173.0],[156.0,173.0],[156.0,172.0],[155.0,172.0],[155.0,170.0],[154.0,170.0],[154.0,168.0],[155.0,168.0],[155.0,167.0],[156.0,167.0],[156.0,166.0],[157.0,166.0],[157.0,165.0],[159.0,165.0],[159.0,164.0],[160.0,164.0],[160.0,163.0],[161.0,163.0],[161.0,162.0],[162.0,162.0],[162.0,161.0],[164.0,161.0],[164.0,162.0],[167.0,162.0],[167.0,161.0],[168.0,161.0],[168.0,162.0],[170.0,162.0],[170.0,163.0],[175.0,163.0],[175.0,162.0],[176.0,162.0],[176.0,163.0],[177.0,163.0],[177.0,164.0],[178.0,164.0],[178.0,165.0],[181.0,165.0],[181.0,166.0],[183.0,166.0],[183.0,165.0],[184.0,165.0],[184.0,164.0],[185.0,164.0],[185.0,163.0],[186.0,163.0],[186.0,162.0],[187.0,162.0],[187.0,161.0],[194.0,161.0],[194.0,162.0],[196.0,162.0],[196.0,163.0],[197.0,163.0],[197.0,164.0],[196.0,164.0],[196.0,165.0],[195.0,165.0],[195.0,169.0],[194.0,169.0],[194.0,171.0],[193.0,171.0],[193.0,172.0],[192.0,172.0],[192.0,173.0],[191.0,173.0],[191.0,178.0],[190.0,178.0],[190.0,180.0],[191.0,180.0],[191.0,185.0],[192.0,185.0],[192.0,188.0],[193.0,188.0],[193.0,192.0],[195.0,192.0],[195.0,193.0],[197.0,193.0],[197.0,194.0],[198.0,194.0],[198.0,195.0],[200.0,195.0],[200.0,194.0],[201.0,194.0],[201.0,193.0],[202.0,193.0],[202.0,192.0],[203.0,192.0],[203.0,191.0],[206.0,191.0],[206.0,189.0],[207.0,189.0],[207.0,186.0],[208.0,186.0],[208.0,185.0],[209.0,185.0],[209.0,184.0],[210.0,184.0],[210.0,183.0],[213.0,183.0],[213.0,184.0],[215.0,184.0],[215.0,185.0],[216.0,185.0],[216.0,186.0],[217.0,186.0],[217.0,189.0],[218.0,189.0],[218.0,193.0],[217.0,193.0],[217.0,195.0],[216.0,195.0],[216.0,197.0],[215.0,197.0],[215.0,198.0],[213.0,198.0],[213.0,199.0],[212.0,199.0],[212.0,200.0],[210.0,200.0],[210.0,201.0],[208.0,201.0],[208.0,202.0],[206.0,202.0],[206.0,204.0],[205.0,204.0],[205.0,205.0],[199.0,205.0],[199.0,212.0],[198.0,212.0],[198.0,214.0],[197.0,214.0],[197.0,216.0],[196.0,216.0],[196.0,217.0],[195.0,217.0],[195.0,218.0],[193.0,218.0],[193.0,219.0],[192.0,219.0],[192.0,220.0],[190.0,220.0],[190.0,221.0],[189.0,221.0],[189.0,222.0],[187.0,222.0],[187.0,223.0],[185.0,223.0],[185.0,224.0],[183.0,224.0],[183.0,225.0],[182.0,225.0],[182.0,226.0],[181.0,226.0],[181.0,225.0],[180.0,225.0],[180.0,224.0],[179.0,224.0],[179.0,223.0],[178.0,223.0],[178.0,222.0],[177.0,222.0],[177.0,221.0],[176.0,221.0],[176.0,220.0],[173.0,220.0],[173.0,221.0],[172.0,221.0],[172.0,222.0],[171.0,222.0],[171.0,223.0],[170.0,223.0],[170.0,222.0],[169.0,222.0],[169.0,221.0],[168.0,221.0],[168.0,217.0],[166.0,217.0],[166.0,216.0],[165.0,216.0],[165.0,217.0],[158.0,217.0],[158.0,216.0],[157.0,216.0],[157.0,215.0],[156.0,215.0],[156.0,213.0],[155.0,213.0],[155.0,214.0],[154.0,214.0],[154.0,216.0],[153.0,216.0],[153.0,219.0],[152.0,219.0],[152.0,221.0],[151.0,221.0],[151.0,223.0],[150.0,223.0],[150.0,224.0],[146.0,224.0],[146.0,223.0],[144.0,223.0],[144.0,222.0],[141.0,222.0],[141.0,221.0],[140.0,221.0],[140.0,218.0],[141.0,218.0],[141.0,215.0],[142.0,215.0],[142.0,214.0],[143.0,214.0],[143.0,213.0],[144.0,213.0],[144.0,212.0],[145.0,212.0],[145.0,209.0],[143.0,209.0],[143.0,208.0],[139.0,208.0],[139.0,207.0],[138.0,207.0],[138.0,206.0],[136.0,206.0],[136.0,205.0],[133.0,205.0]]],[[[235.0,232.0],[234.0,232.0],[234.0,234.0],[233.0,234.0],[233.0,235.0],[232.0,235.0],[232.0,234.0],[231.0,234.0],[231.0,229.0],[232.0,229.0],[232.0,228.0],[233.0,228.0],[233.0,227.0],[234.0,227.0],[234.0,225.0],[233.0,225.0],[233.0,222.0],[234.0,222.0],[234.0,220.0],[235.0,220.0],[235.0,219.0],[236.0,219.0],[236.0,217.0],[237.0,217.0],[237.0,215.0],[238.0,215.0],[238.0,212.0],[239.0,212.0],[239.0,211.0],[240.0,211.0],[240.0,210.0],[242.0,210.0],[242.0,211.0],[244.0,211.0],[244.0,210.0],[245.0,210.0],[245.0,208.0],[246.0,208.0],[246.0,207.0],[247.0,207.0],[247.0,208.0],[248.0,208.0],[248.0,210.0],[249.0,210.0],[249.0,211.0],[250.0,211.0],[250.0,212.0],[254.0,212.0],[254.0,211.0],[255.0,211.0],[255.0,208.0],[256.0,208.0],[256.0,207.0],[257.0,207.0],[257.0,206.0],[258.0,206.0],[258.0,205.0],[259.0,205.0],[259.0,204.0],[260.0,204.0],[260.0,201.0],[261.0,201.0],[261.0,199.0],[262.0,199.0],[262.0,198.0],[263.0,198.0],[263.0,197.0],[264.0,197.0],[264.0,198.0],[266.0,198.0],[266.0,197.0],[268.0,197.0],[268.0,196.0],[269.0,196.0],[269.0,197.0],[271.0,197.0],[271.0,198.0],[272.0,198.0],[272.0,199.0],[275.0,199.0],[275.0,198.0],[276.0,198.0],[276.0,197.0],[285.0,197.0],[285.0,196.0],[286.0,196.0],[286.0,194.0],[287.0,194.0],[287.0,192.0],[288.0,192.0],[288.0,191.0],[289.0,191.0],[289.0,190.0],[291.0,190.0],[291.0,191.0],[295.0,191.0],[295.0,190.0],[296.0,190.0],[296.0,189.0],[297.0,189.0],[297.0,188.0],[299.0,188.0],[299.0,187.0],[300.0,187.0],[300.0,186.0],[301.0,186.0],[301.0,185.0],[302.0,185.0],[302.0,184.0],[303.0,184.0],[303.0,183.0],[306.0,183.0],[306.0,184.0],[307.0,184.0],[307.0,187.0],[306.0,187.0],[306.0,190.0],[305.0,190.0],[305.0,191.0],[304.0,191.0],[304.0,194.0],[303.0,194.0],[303.0,196.0],[302.0,196.0],[302.0,197.0],[301.0,197.0],[301.0,199.0],[300.0,199.0],[300.0,206.0],[299.0,206.0],[299.0,207.0],[298.0,207.0],[298.0,208.0],[297.0,208.0],[297.0,209.0],[296.0,209.0],[296.0,210.0],[293.0,210.0],[293.0,211.0],[292.0,211.0],[292.0,212.0],[291.0,212.0],[291.0,213.0],[281.0,213.0],[281.0,214.0],[277.0,214.0],[277.0,215.0],[273.0,215.0],[273.0,216.0],[271.0,216.0],[271.0,215.0],[269.0,215.0],[269.0,217.0],[268.0,217.0],[268.0,219.0],[267.0,219.0],[267.0,220.0],[266.0,220.0],[266.0,221.0],[265.0,221.0],[265.0,222.0],[262.0,222.0],[262.0,223.0],[261.0,223.0],[261.0,224.0],[259.0,224.0],[259.0,225.0],[257.0,225.0],[257.0,226.0],[256.0,226.0],[256.0,227.0],[255.0,227.0],[255.0,229.0],[254.0,229.0],[254.0,230.0],[253.0,230.0],[253.0,231.0],[249.0,231.0],[249.0,232.0],[247.0,232.0],[247.0,231.0],[246.0,231.0],[246.0,230.0],[247.0,230.0],[247.0,229.0],[248.0,229.0],[248.0,225.0],[243.0,225.0],[243.0,226.0],[241.0,226.0],[241.0,227.0],[238.0,227.0],[238.0,228.0],[237.0,228.0],[237.0,229.0],[236.0,229.0],[236.0,231.0],[235.0,231.0],[235.0,232.0]]],[[[181.0,258.0],[179.0,258.0],[179.0,259.0],[176.0,259.0],[176.0,258.0],[175.0,258.0],[175.0,257.0],[174.0,257.0],[174.0,256.0],[175.0,256.0],[175.0,254.0],[176.0,254.0],[176.0,253.0],[177.0,253.0],[177.0,252.0],[178.0,252.0],[178.0,251.0],[184.0,251.0],[184.0,250.0],[187.0,250.0],[187.0,249.0],[188.0,249.0],[188.0,248.0],[189.0,248.0],[189.0,247.0],[190.0,247.0],[190.0,246.0],[191.0,246.0],[191.0,243.0],[192.0,243.0],[192.0,242.0],[193.0,242.0],[193.0,241.0],[195.0,241.0],[195.0,240.0],[196.0,240.0],[196.0,239.0],[197.0,239.0],[197.0,238.0],[198.0,238.0],[198.0,237.0],[202.0,237.0],[202.0,238.0],[203.0,238.0],[203.0,239.0],[206.0,239.0],[206.0,238.0],[207.0,238.0],[207.0,237.0],[210.0,237.0],[210.0,238.0],[211.0,238.0],[211.0,239.0],[210.0,239.0],[210.0,240.0],[209.0,240.0],[209.0,241.0],[208.0,241.0],[208.0,242.0],[207.0,242.0],[207.0,243.0],[206.0,243.0],[206.0,244.0],[205.0,244.0],[205.0,245.0],[204.0,245.0],[204.0,246.0],[203.0,246.0],[203.0,247.0],[202.0,247.0],[202.0,248.0],[204.0,248.0],[204.0,249.0],[207.0,249.0],[207.0,250.0],[209.0,250.0],[209.0,251.0],[210.0,251.0],[210.0,253.0],[211.0,253.0],[211.0,257.0],[212.0,257.0],[212.0,258.0],[211.0,258.0],[211.0,259.0],[210.0,259.0],[210.0,260.0],[209.0,260.0],[209.0,259.0],[204.0,259.0],[204.0,258.0],[202.0,258.0],[202.0,257.0],[198.0,257.0],[198.0,256.0],[195.0,256.0],[195.0,255.0],[193.0,255.0],[193.0,256.0],[192.0,256.0],[192.0,257.0],[190.0,257.0],[190.0,258.0],[186.0,258.0],[186.0,257.0],[181.0,257.0],[181.0,258.0]]],[[[134.0,262.0],[134.0,261.0],[133.0,261.0],[133.0,260.0],[132.0,260.0],[132.0,259.0],[131.0,259.0],[131.0,256.0],[132.0,256.0],[132.0,254.0],[133.0,254.0],[133.0,253.0],[134.0,253.0],[134.0,252.0],[135.0,252.0],[135.0,250.0],[136.0,250.0],[136.0,249.0],[137.0,249.0],[137.0,248.0],[140.0,248.0],[140.0,249.0],[142.0,249.0],[142.0,250.0],[144.0,250.0],[144.0,251.0],[146.0,251.0],[146.0,252.0],[147.0,252.0],[147.0,254.0],[148.0,254.0],[148.0,257.0],[149.0,257.0],[149.0,258.0],[150.0,258.0],[150.0,259.0],[151.0,259.0],[151.0,260.0],[152.0,260.0],[152.0,261.0],[153.0,261.0],[153.0,262.0],[154.0,262.0],[154.0,264.0],[155.0,264.0],[155.0,266.0],[154.0,266.0],[154.0,267.0],[153.0,267.0],[153.0,268.0],[148.0,268.0],[148.0,267.0],[145.0,267.0],[145.0,268.0],[144.0,268.0],[144.0,269.0],[143.0,269.0],[143.0,268.0],[142.0,268.0],[142.0,267.0],[141.0,267.0],[141.0,266.0],[138.0,266.0],[138.0,265.0],[137.0,265.0],[137.0,264.0],[136.0,264.0],[136.0,263.0],[135.0,263.0],[135.0,262.0],[134.0,262.0]]],[[[229.0,262.0],[226.0,262.0],[226.0,261.0],[225.0,261.0],[225.0,260.0],[224.0,260.0],[224.0,258.0],[223.0,258.0],[223.0,255.0],[224.0,255.0],[224.0,254.0],[225.0,254.0],[225.0,253.0],[227.0,253.0],[227.0,251.0],[228.0,251.0],[228.0,250.0],[230.0,250.0],[230.0,249.0],[232.0,249.0],[232.0,248.0],[234.0,248.0],[234.0,249.0],[235.0,249.0],[235.0,252.0],[236.0,252.0],[236.0,254.0],[237.0,254.0],[237.0,255.0],[238.0,255.0],[238.0,256.0],[243.0,256.0],[243.0,257.0],[244.0,257.0],[244.0,260.0],[246.0,260.0],[246.0,259.0],[247.0,259.0],[247.0,257.0],[248.0,257.0],[248.0,256.0],[250.0,256.0],[250.0,257.0],[251.0,257.0],[251.0,258.0],[252.0,258.0],[252.0,259.0],[253.0,259.0],[253.0,262.0],[252.0,262.0],[252.0,263.0],[251.0,263.0],[251.0,265.0],[250.0,265.0],[250.0,268.0],[249.0,268.0],[249.0,270.0],[248.0,270.0],[248.0,275.0],[247.0,275.0],[247.0,280.0],[248.0,280.0],[248.0,282.0],[251.0,282.0],[251.0,283.0],[252.0,283.0],[252.0,288.0],[251.0,288.0],[251.0,289.0],[250.0,289.0],[250.0,290.0],[249.0,290.0],[249.0,291.0],[248.0,291.0],[248.0,296.0],[247.0,296.0],[247.0,297.0],[244.0,297.0],[244.0,298.0],[242.0,298.0],[242.0,299.0],[241.0,299.0],[241.0,300.0],[240.0,300.0],[240.0,301.0],[236.0,301.0],[236.0,300.0],[235.0,300.0],[235.0,299.0],[234.0,299.0],[234.0,298.0],[233.0,298.0],[233.0,297.0],[232.0,297.0],[232.0,296.0],[231.0,296.0],[231.0,295.0],[232.0,295.0],[232.0,294.0],[233.0,294.0],[233.0,293.0],[234.0,293.0],[234.0,291.0],[235.0,291.0],[235.0,290.0],[236.0,290.0],[236.0,289.0],[237.0,289.0],[237.0,285.0],[238.0,285.0],[238.0,284.0],[235.0,284.0],[235.0,285.0],[232.0,285.0],[232.0,284.0],[231.0,284.0],[231.0,281.0],[232.0,281.0],[232.0,280.0],[233.0,280.0],[233.0,279.0],[234.0,279.0],[234.0,277.0],[233.0,277.0],[233.0,275.0],[232.0,275.0],[232.0,276.0],[229.0,276.0],[229.0,277.0],[228.0,277.0],[228.0,278.0],[226.0,278.0],[226.0,277.0],[225.0,277.0],[225.0,274.0],[224.0,274.0],[224.0,273.0],[223.0,273.0],[223.0,271.0],[224.0,271.0],[224.0,270.0],[226.0,270.0],[226.0,269.0],[227.0,269.0],[227.0,268.0],[231.0,268.0],[231.0,264.0],[230.0,264.0],[230.0,263.0],[229.0,263.0],[229.0,262.0]]],[[[39.0,264.0],[37.0,264.0],[37.0,263.0],[35.0,263.0],[35.0,262.0],[34.0,262.0],[34.0,261.0],[33.0,261.0],[33.0,254.0],[34.0,254.0],[34.0,252.0],[35.0,252.0],[35.0,250.0],[36.0,250.0],[36.0,248.0],[37.0,248.0],[37.0,247.0],[41.0,247.0],[41.0,248.0],[45.0,248.0],[45.0,247.0],[46.0,247.0],[46.0,246.0],[50.0,246.0],[50.0,244.0],[51.0,244.0],[51.0,243.0],[55.0,243.0],[55.0,241.0],[56.0,241.0],[56.0,240.0],[57.0,240.0],[57.0,241.0],[59.0,241.0],[59.0,242.0],[62.0,242.0],[62.0,243.0],[64.0,243.0],[64.0,242.0],[67.0,242.0],[67.0,241.0],[69.0,241.0],[69.0,242.0],[72.0,242.0],[72.0,243.0],[73.0,243.0],[73.0,244.0],[75.0,244.0],[75.0,245.0],[76.0,245.0],[76.0,247.0],[77.0,247.0],[77.0,248.0],[78.0,248.0],[78.0,249.0],[79.0,249.0],[79.0,252.0],[80.0,252.0],[80.0,253.0],[81.0,253.0],[81.0,254.0],[83.0,254.0],[83.0,255.0],[85.0,255.0],[85.0,254.0],[88.0,254.0],[88.0,253.0],[89.0,253.0],[89.0,252.0],[91.0,252.0],[91.0,250.0],[92.0,250.0],[92.0,248.0],[93.0,248.0],[93.0,245.0],[94.0,245.0],[94.0,244.0],[96.0,244.0],[96.0,245.0],[97.0,245.0],[97.0,246.0],[98.0,246.0],[98.0,248.0],[100.0,248.0],[100.0,249.0],[101.0,249.0],[101.0,250.0],[103.0,250.0],[103.0,251.0],[104.0,251.0],[104.0,250.0],[106.0,250.0],[106.0,251.0],[110.0,251.0],[110.0,250.0],[111.0,250.0],[111.0,246.0],[112.0,246.0],[112.0,245.0],[113.0,245.0],[113.0,244.0],[116.0,244.0],[116.0,245.0],[119.0,245.0],[119.0,246.0],[120.0,246.0],[120.0,247.0],[121.0,247.0],[121.0,250.0],[120.0,250.0],[120.0,253.0],[121.0,253.0],[121.0,256.0],[123.0,256.0],[123.0,257.0],[124.0,257.0],[124.0,259.0],[125.0,259.0],[125.0,262.0],[126.0,262.0],[126.0,264.0],[127.0,264.0],[127.0,265.0],[128.0,265.0],[128.0,266.0],[129.0,266.0],[129.0,268.0],[130.0,268.0],[130.0,269.0],[131.0,269.0],[131.0,270.0],[132.0,270.0],[132.0,272.0],[133.0,272.0],[133.0,273.0],[134.0,273.0],[134.0,274.0],[135.0,274.0],[135.0,275.0],[136.0,275.0],[136.0,276.0],[137.0,276.0],[137.0,278.0],[136.0,278.0],[136.0,282.0],[135.0,282.0],[135.0,283.0],[131.0,283.0],[131.0,284.0],[130.0,284.0],[130.0,285.0],[125.0,285.0],[125.0,284.0],[123.0,284.0],[123.0,285.0],[124.0,285.0],[124.0,287.0],[125.0,287.0],[125.0,288.0],[126.0,288.0],[126.0,290.0],[127.0,290.0],[127.0,291.0],[126.0,291.0],[126.0,292.0],[125.0,292.0],[125.0,293.0],[124.0,293.0],[124.0,294.0],[123.0,294.0],[123.0,297.0],[122.0,297.0],[122.0,298.0],[121.0,298.0],[121.0,299.0],[120.0,299.0],[120.0,301.0],[119.0,301.0],[119.0,302.0],[117.0,302.0],[117.0,303.0],[116.0,303.0],[116.0,304.0],[115.0,304.0],[115.0,305.0],[113.0,305.0],[113.0,304.0],[112.0,304.0],[112.0,303.0],[109.0,303.0],[109.0,302.0],[107.0,302.0],[107.0,301.0],[103.0,301.0],[103.0,300.0],[101.0,300.0],[101.0,302.0],[100.0,302.0],[100.0,303.0],[98.0,303.0],[98.0,304.0],[95.0,304.0],[95.0,308.0],[97.0,308.0],[97.0,309.0],[99.0,309.0],[99.0,308.0],[102.0,308.0],[102.0,307.0],[105.0,307.0],[105.0,308.0],[106.0,308.0],[106.0,309.0],[107.0,309.0],[107.0,310.0],[106.0,310.0],[106.0,313.0],[105.0,313.0],[105.0,314.0],[104.0,314.0],[104.0,315.0],[102.0,315.0],[102.0,316.0],[101.0,316.0],[101.0,317.0],[98.0,317.0],[98.0,318.0],[94.0,318.0],[94.0,317.0],[92.0,317.0],[92.0,316.0],[91.0,316.0],[91.0,315.0],[90.0,315.0],[90.0,314.0],[89.0,314.0],[89.0,313.0],[88.0,313.0],[88.0,314.0],[87.0,314.0],[87.0,315.0],[84.0,315.0],[84.0,314.0],[83.0,314.0],[83.0,316.0],[82.0,316.0],[82.0,317.0],[79.0,317.0],[79.0,318.0],[78.0,318.0],[78.0,319.0],[76.0,319.0],[76.0,318.0],[75.0,318.0],[75.0,317.0],[74.0,317.0],[74.0,310.0],[75.0,310.0],[75.0,306.0],[74.0,306.0],[74.0,304.0],[73.0,304.0],[73.0,303.0],[72.0,303.0],[72.0,302.0],[69.0,302.0],[69.0,303.0],[67.0,303.0],[67.0,304.0],[66.0,304.0],[66.0,305.0],[65.0,305.0],[65.0,306.0],[64.0,306.0],[64.0,307.0],[63.0,307.0],[63.0,310.0],[62.0,310.0],[62.0,311.0],[61.0,311.0],[61.0,312.0],[60.0,312.0],[60.0,313.0],[57.0,313.0],[57.0,312.0],[55.0,312.0],[55.0,311.0],[54.0,311.0],[54.0,309.0],[53.0,309.0],[53.0,308.0],[54.0,308.0],[54.0,306.0],[55.0,306.0],[55.0,304.0],[56.0,304.0],[56.0,303.0],[57.0,303.0],[57.0,302.0],[58.0,302.0],[58.0,300.0],[59.0,300.0],[59.0,297.0],[60.0,297.0],[60.0,296.0],[59.0,296.0],[59.0,295.0],[56.0,295.0],[56.0,296.0],[55.0,296.0],[55.0,298.0],[54.0,298.0],[54.0,299.0],[51.0,299.0],[51.0,300.0],[48.0,300.0],[48.0,299.0],[47.0,299.0],[47.0,297.0],[45.0,297.0],[45.0,296.0],[44.0,296.0],[44.0,295.0],[43.0,295.0],[43.0,294.0],[42.0,294.0],[42.0,293.0],[43.0,293.0],[43.0,287.0],[44.0,287.0],[44.0,286.0],[46.0,286.0],[46.0,285.0],[47.0,285.0],[47.0,284.0],[48.0,284.0],[48.0,283.0],[49.0,283.0],[49.0,279.0],[48.0,279.0],[48.0,278.0],[47.0,278.0],[47.0,277.0],[46.0,277.0],[46.0,274.0],[45.0,274.0],[45.0,273.0],[44.0,273.0],[44.0,270.0],[43.0,270.0],[43.0,268.0],[40.0,268.0],[40.0,267.0],[39.0,267.0],[39.0,264.0]]],[[[152.0,301.0],[152.0,300.0],[151.0,300.0],[151.0,299.0],[150.0,299.0],[150.0,289.0],[149.0,289.0],[149.0,288.0],[150.0,288.0],[150.0,286.0],[151.0,286.0],[151.0,285.0],[152.0,285.0],[152.0,286.0],[153.0,286.0],[153.0,287.0],[155.0,287.0],[155.0,288.0],[157.0,288.0],[157.0,287.0],[160.0,287.0],[160.0,283.0],[161.0,283.0],[161.0,282.0],[162.0,282.0],[162.0,278.0],[163.0,278.0],[163.0,277.0],[166.0,277.0],[166.0,278.0],[168.0,278.0],[168.0,279.0],[173.0,279.0],[173.0,278.0],[176.0,278.0],[176.0,277.0],[177.0,277.0],[177.0,275.0],[178.0,275.0],[178.0,271.0],[179.0,271.0],[179.0,268.0],[180.0,268.0],[180.0,265.0],[181.0,265.0],[181.0,264.0],[188.0,264.0],[188.0,265.0],[189.0,265.0],[189.0,271.0],[188.0,271.0],[188.0,274.0],[189.0,274.0],[189.0,275.0],[191.0,275.0],[191.0,276.0],[193.0,276.0],[193.0,277.0],[194.0,277.0],[194.0,279.0],[193.0,279.0],[193.0,281.0],[192.0,281.0],[192.0,283.0],[191.0,283.0],[191.0,285.0],[190.0,285.0],[190.0,286.0],[189.0,286.0],[189.0,287.0],[190.0,287.0],[190.0,289.0],[192.0,289.0],[192.0,290.0],[194.0,290.0],[194.0,289.0],[197.0,289.0],[197.0,290.0],[198.0,290.0],[198.0,291.0],[197.0,291.0],[197.0,292.0],[196.0,292.0],[196.0,294.0],[195.0,294.0],[195.0,296.0],[194.0,296.0],[194.0,297.0],[193.0,297.0],[193.0,299.0],[192.0,299.0],[192.0,300.0],[190.0,300.0],[190.0,301.0],[189.0,301.0],[189.0,300.0],[187.0,300.0],[187.0,299.0],[186.0,299.0],[186.0,298.0],[185.0,298.0],[185.0,297.0],[183.0,297.0],[183.0,298.0],[182.0,298.0],[182.0,300.0],[181.0,300.0],[181.0,302.0],[180.0,302.0],[180.0,303.0],[179.0,303.0],[179.0,304.0],[176.0,304.0],[176.0,308.0],[175.0,308.0],[175.0,309.0],[174.0,309.0],[174.0,311.0],[173.0,311.0],[173.0,312.0],[172.0,312.0],[172.0,313.0],[171.0,313.0],[171.0,314.0],[167.0,314.0],[167.0,313.0],[166.0,313.0],[166.0,312.0],[165.0,312.0],[165.0,309.0],[164.0,309.0],[164.0,307.0],[160.0,307.0],[160.0,308.0],[159.0,308.0],[159.0,309.0],[155.0,309.0],[155.0,308.0],[154.0,308.0],[154.0,307.0],[153.0,307.0],[153.0,306.0],[154.0,306.0],[154.0,302.0],[153.0,302.0],[153.0,301.0],[152.0,301.0]]],[[[213.0,299.0],[211.0,299.0],[211.0,298.0],[208.0,298.0],[208.0,299.0],[203.0,299.0],[203.0,298.0],[202.0,298.0],[202.0,296.0],[203.0,296.0],[203.0,294.0],[204.0,294.0],[204.0,293.0],[205.0,293.0],[205.0,292.0],[207.0,292.0],[207.0,293.0],[210.0,293.0],[210.0,290.0],[209.0,290.0],[209.0,289.0],[206.0,289.0],[206.0,288.0],[205.0,288.0],[205.0,287.0],[204.0,287.0],[204.0,286.0],[203.0,286.0],[203.0,283.0],[204.0,283.0],[204.0,282.0],[205.0,282.0],[205.0,281.0],[206.0,281.0],[206.0,280.0],[210.0,280.0],[210.0,281.0],[212.0,281.0],[212.0,282.0],[213.0,282.0],[213.0,283.0],[214.0,283.0],[214.0,284.0],[215.0,284.0],[215.0,285.0],[216.0,285.0],[216.0,286.0],[217.0,286.0],[217.0,287.0],[219.0,287.0],[219.0,288.0],[220.0,288.0],[220.0,289.0],[221.0,289.0],[221.0,290.0],[222.0,290.0],[222.0,291.0],[223.0,291.0],[223.0,293.0],[224.0,293.0],[224.0,295.0],[225.0,295.0],[225.0,298.0],[224.0,298.0],[224.0,299.0],[223.0,299.0],[223.0,300.0],[221.0,300.0],[221.0,301.0],[220.0,301.0],[220.0,303.0],[219.0,303.0],[219.0,305.0],[218.0,305.0],[218.0,306.0],[215.0,306.0],[215.0,305.0],[214.0,305.0],[214.0,304.0],[213.0,304.0],[213.0,299.0]]],[[[143.0,319.0],[133.0,319.0],[133.0,318.0],[130.0,318.0],[130.0,317.0],[129.0,317.0],[129.0,316.0],[128.0,316.0],[128.0,314.0],[129.0,314.0],[129.0,313.0],[130.0,313.0],[130.0,312.0],[131.0,312.0],[131.0,313.0],[136.0,313.0],[136.0,312.0],[143.0,312.0],[143.0,311.0],[147.0,311.0],[147.0,312.0],[149.0,312.0],[149.0,313.0],[150.0,313.0],[150.0,318.0],[149.0,318.0],[149.0,319.0],[148.0,319.0],[148.0,320.0],[143.0,320.0],[143.0,319.0]]],[[[150.0,340.0],[150.0,339.0],[149.0,339.0],[149.0,333.0],[150.0,333.0],[150.0,329.0],[149.0,329.0],[149.0,326.0],[150.0,326.0],[150.0,325.0],[153.0,325.0],[153.0,326.0],[154.0,326.0],[154.0,327.0],[155.0,327.0],[155.0,332.0],[156.0,332.0],[156.0,335.0],[157.0,335.0],[157.0,338.0],[156.0,338.0],[156.0,339.0],[155.0,339.0],[155.0,340.0],[154.0,340.0],[154.0,341.0],[153.0,341.0],[153.0,340.0],[150.0,340.0]]],[[[93.0,351.0],[92.0,351.0],[92.0,348.0],[91.0,348.0],[91.0,347.0],[92.0,347.0],[92.0,343.0],[91.0,343.0],[91.0,340.0],[92.0,340.0],[92.0,338.0],[93.0,338.0],[93.0,336.0],[92.0,336.0],[92.0,330.0],[93.0,330.0],[93.0,329.0],[94.0,329.0],[94.0,328.0],[95.0,328.0],[95.0,327.0],[96.0,327.0],[96.0,325.0],[97.0,325.0],[97.0,324.0],[98.0,324.0],[98.0,323.0],[100.0,323.0],[100.0,324.0],[101.0,324.0],[101.0,330.0],[102.0,330.0],[102.0,331.0],[103.0,331.0],[103.0,332.0],[106.0,332.0],[106.0,331.0],[107.0,331.0],[107.0,326.0],[108.0,326.0],[108.0,322.0],[109.0,322.0],[109.0,321.0],[110.0,321.0],[110.0,320.0],[111.0,320.0],[111.0,319.0],[115.0,319.0],[115.0,320.0],[116.0,320.0],[116.0,321.0],[117.0,321.0],[117.0,322.0],[119.0,322.0],[119.0,323.0],[120.0,323.0],[120.0,324.0],[121.0,324.0],[121.0,325.0],[122.0,325.0],[122.0,326.0],[123.0,326.0],[123.0,327.0],[126.0,327.0],[126.0,326.0],[128.0,326.0],[128.0,325.0],[129.0,325.0],[129.0,326.0],[133.0,326.0],[133.0,327.0],[137.0,327.0],[137.0,326.0],[139.0,326.0],[139.0,325.0],[142.0,325.0],[142.0,326.0],[143.0,326.0],[143.0,338.0],[142.0,338.0],[142.0,339.0],[141.0,339.0],[141.0,340.0],[140.0,340.0],[140.0,341.0],[137.0,341.0],[137.0,342.0],[132.0,342.0],[132.0,343.0],[131.0,343.0],[131.0,342.0],[130.0,342.0],[130.0,341.0],[128.0,341.0],[128.0,342.0],[127.0,342.0],[127.0,341.0],[125.0,341.0],[125.0,342.0],[124.0,342.0],[124.0,343.0],[122.0,343.0],[122.0,342.0],[121.0,342.0],[121.0,341.0],[120.0,341.0],[120.0,339.0],[118.0,339.0],[118.0,340.0],[117.0,340.0],[117.0,339.0],[116.0,339.0],[116.0,341.0],[115.0,341.0],[115.0,342.0],[114.0,342.0],[114.0,343.0],[112.0,343.0],[112.0,342.0],[111.0,342.0],[111.0,341.0],[110.0,341.0],[110.0,342.0],[108.0,342.0],[108.0,343.0],[107.0,343.0],[107.0,344.0],[106.0,344.0],[106.0,346.0],[107.0,346.0],[107.0,349.0],[106.0,349.0],[106.0,350.0],[105.0,350.0],[105.0,351.0],[99.0,351.0],[99.0,352.0],[93.0,352.0],[93.0,351.0]]],[[[218.0,345.0],[216.0,345.0],[216.0,344.0],[215.0,344.0],[215.0,343.0],[214.0,343.0],[214.0,342.0],[213.0,342.0],[213.0,338.0],[214.0,338.0],[214.0,337.0],[218.0,337.0],[218.0,338.0],[220.0,338.0],[220.0,339.0],[221.0,339.0],[221.0,341.0],[222.0,341.0],[222.0,342.0],[223.0,342.0],[223.0,343.0],[224.0,343.0],[224.0,344.0],[223.0,344.0],[223.0,345.0],[221.0,345.0],[221.0,346.0],[218.0,346.0],[218.0,345.0]]],[[[16.0,359.0],[16.0,358.0],[15.0,358.0],[15.0,357.0],[14.0,357.0],[14.0,356.0],[13.0,356.0],[13.0,350.0],[14.0,350.0],[14.0,346.0],[15.0,346.0],[15.0,344.0],[16.0,344.0],[16.0,343.0],[17.0,343.0],[17.0,342.0],[18.0,342.0],[18.0,341.0],[19.0,341.0],[19.0,340.0],[22.0,340.0],[22.0,339.0],[25.0,339.0],[25.0,338.0],[26.0,338.0],[26.0,337.0],[27.0,337.0],[27.0,336.0],[28.0,336.0],[28.0,334.0],[29.0,334.0],[29.0,333.0],[30.0,333.0],[30.0,331.0],[31.0,331.0],[31.0,330.0],[36.0,330.0],[36.0,331.0],[42.0,331.0],[42.0,330.0],[44.0,330.0],[44.0,329.0],[49.0,329.0],[49.0,328.0],[50.0,328.0],[50.0,327.0],[51.0,327.0],[51.0,328.0],[53.0,328.0],[53.0,329.0],[54.0,329.0],[54.0,330.0],[55.0,330.0],[55.0,331.0],[56.0,331.0],[56.0,333.0],[57.0,333.0],[57.0,334.0],[59.0,334.0],[59.0,333.0],[62.0,333.0],[62.0,334.0],[64.0,334.0],[64.0,335.0],[65.0,335.0],[65.0,336.0],[66.0,336.0],[66.0,337.0],[67.0,337.0],[67.0,339.0],[68.0,339.0],[68.0,341.0],[69.0,341.0],[69.0,343.0],[70.0,343.0],[70.0,344.0],[73.0,344.0],[73.0,345.0],[78.0,345.0],[78.0,346.0],[79.0,346.0],[79.0,347.0],[80.0,347.0],[80.0,348.0],[82.0,348.0],[82.0,349.0],[85.0,349.0],[85.0,350.0],[87.0,350.0],[87.0,351.0],[88.0,351.0],[88.0,352.0],[89.0,352.0],[89.0,353.0],[90.0,353.0],[90.0,354.0],[91.0,354.0],[91.0,356.0],[92.0,356.0],[92.0,358.0],[93.0,358.0],[93.0,362.0],[94.0,362.0],[94.0,374.0],[95.0,374.0],[95.0,376.0],[94.0,376.0],[94.0,377.0],[92.0,377.0],[92.0,376.0],[91.0,376.0],[91.0,375.0],[90.0,375.0],[90.0,373.0],[89.0,373.0],[89.0,370.0],[88.0,370.0],[88.0,368.0],[87.0,368.0],[87.0,366.0],[85.0,366.0],[85.0,365.0],[83.0,365.0],[83.0,364.0],[80.0,364.0],[80.0,363.0],[78.0,363.0],[78.0,362.0],[77.0,362.0],[77.0,361.0],[76.0,361.0],[76.0,360.0],[75.0,360.0],[75.0,359.0],[73.0,359.0],[73.0,358.0],[72.0,358.0],[72.0,359.0],[70.0,359.0],[70.0,358.0],[68.0,358.0],[68.0,357.0],[66.0,357.0],[66.0,356.0],[65.0,356.0],[65.0,355.0],[64.0,355.0],[64.0,354.0],[63.0,354.0],[63.0,353.0],[54.0,353.0],[54.0,354.0],[52.0,354.0],[52.0,355.0],[50.0,355.0],[50.0,356.0],[46.0,356.0],[46.0,355.0],[42.0,355.0],[42.0,354.0],[41.0,354.0],[41.0,353.0],[40.0,353.0],[40.0,352.0],[32.0,352.0],[32.0,351.0],[31.0,351.0],[31.0,350.0],[28.0,350.0],[28.0,351.0],[27.0,351.0],[27.0,352.0],[25.0,352.0],[25.0,353.0],[24.0,353.0],[24.0,354.0],[23.0,354.0],[23.0,355.0],[22.0,355.0],[22.0,358.0],[21.0,358.0],[21.0,359.0],[20.0,359.0],[20.0,360.0],[18.0,360.0],[18.0,359.0],[16.0,359.0]]],[[[227.0,358.0],[226.0,358.0],[226.0,355.0],[227.0,355.0],[227.0,350.0],[226.0,350.0],[226.0,349.0],[225.0,349.0],[225.0,347.0],[226.0,347.0],[226.0,346.0],[227.0,346.0],[227.0,345.0],[229.0,345.0],[229.0,344.0],[231.0,344.0],[231.0,343.0],[232.0,343.0],[232.0,342.0],[233.0,342.0],[233.0,341.0],[238.0,341.0],[238.0,342.0],[239.0,342.0],[239.0,343.0],[240.0,343.0],[240.0,345.0],[239.0,345.0],[239.0,348.0],[240.0,348.0],[240.0,351.0],[241.0,351.0],[241.0,352.0],[242.0,352.0],[242.0,353.0],[243.0,353.0],[243.0,354.0],[244.0,354.0],[244.0,355.0],[245.0,355.0],[245.0,356.0],[247.0,356.0],[247.0,357.0],[248.0,357.0],[248.0,358.0],[249.0,358.0],[249.0,359.0],[250.0,359.0],[250.0,361.0],[251.0,361.0],[251.0,363.0],[252.0,363.0],[252.0,364.0],[253.0,364.0],[253.0,365.0],[254.0,365.0],[254.0,368.0],[255.0,368.0],[255.0,371.0],[257.0,371.0],[257.0,372.0],[258.0,372.0],[258.0,373.0],[259.0,373.0],[259.0,374.0],[260.0,374.0],[260.0,377.0],[259.0,377.0],[259.0,378.0],[255.0,378.0],[255.0,377.0],[254.0,377.0],[254.0,376.0],[252.0,376.0],[252.0,375.0],[247.0,375.0],[247.0,374.0],[246.0,374.0],[246.0,371.0],[245.0,371.0],[245.0,370.0],[244.0,370.0],[244.0,369.0],[243.0,369.0],[243.0,368.0],[240.0,368.0],[240.0,369.0],[239.0,369.0],[239.0,372.0],[240.0,372.0],[240.0,373.0],[241.0,373.0],[241.0,374.0],[242.0,374.0],[242.0,376.0],[241.0,376.0],[241.0,377.0],[240.0,377.0],[240.0,378.0],[238.0,378.0],[238.0,377.0],[234.0,377.0],[234.0,376.0],[233.0,376.0],[233.0,375.0],[232.0,375.0],[232.0,374.0],[231.0,374.0],[231.0,373.0],[230.0,373.0],[230.0,372.0],[229.0,372.0],[229.0,371.0],[227.0,371.0],[227.0,370.0],[226.0,370.0],[226.0,366.0],[227.0,366.0],[227.0,365.0],[228.0,365.0],[228.0,359.0],[227.0,359.0],[227.0,358.0]]],[[[186.0,316.0],[184.0,316.0],[184.0,315.0],[183.0,315.0],[183.0,314.0],[182.0,314.0],[182.0,312.0],[181.0,312.0],[181.0,310.0],[182.0,310.0],[182.0,309.0],[185.0,309.0],[185.0,308.0],[186.0,308.0],[186.0,307.0],[187.0,307.0],[187.0,308.0],[188.0,308.0],[188.0,307.0],[192.0,307.0],[192.0,308.0],[194.0,308.0],[194.0,309.0],[196.0,309.0],[196.0,310.0],[198.0,310.0],[198.0,311.0],[200.0,311.0],[200.0,312.0],[202.0,312.0],[202.0,311.0],[203.0,311.0],[203.0,312.0],[204.0,312.0],[204.0,313.0],[206.0,313.0],[206.0,314.0],[209.0,314.0],[209.0,311.0],[208.0,311.0],[208.0,310.0],[206.0,310.0],[206.0,309.0],[205.0,309.0],[205.0,308.0],[204.0,308.0],[204.0,306.0],[205.0,306.0],[205.0,304.0],[206.0,304.0],[206.0,303.0],[207.0,303.0],[207.0,302.0],[209.0,302.0],[209.0,303.0],[210.0,303.0],[210.0,304.0],[211.0,304.0],[211.0,305.0],[212.0,305.0],[212.0,311.0],[213.0,311.0],[213.0,313.0],[214.0,313.0],[214.0,316.0],[216.0,316.0],[216.0,317.0],[225.0,317.0],[225.0,318.0],[226.0,318.0],[226.0,320.0],[227.0,320.0],[227.0,323.0],[232.0,323.0],[232.0,322.0],[233.0,322.0],[233.0,321.0],[234.0,321.0],[234.0,318.0],[233.0,318.0],[233.0,317.0],[232.0,317.0],[232.0,316.0],[231.0,316.0],[231.0,315.0],[230.0,315.0],[230.0,314.0],[229.0,314.0],[229.0,313.0],[228.0,313.0],[228.0,311.0],[227.0,311.0],[227.0,309.0],[226.0,309.0],[226.0,306.0],[225.0,306.0],[225.0,305.0],[226.0,305.0],[226.0,304.0],[228.0,304.0],[228.0,305.0],[229.0,305.0],[229.0,306.0],[230.0,306.0],[230.0,308.0],[232.0,308.0],[232.0,309.0],[233.0,309.0],[233.0,310.0],[234.0,310.0],[234.0,311.0],[237.0,311.0],[237.0,312.0],[239.0,312.0],[239.0,311.0],[241.0,311.0],[241.0,310.0],[242.0,310.0],[242.0,311.0],[244.0,311.0],[244.0,312.0],[249.0,312.0],[249.0,311.0],[252.0,311.0],[252.0,312.0],[253.0,312.0],[253.0,316.0],[252.0,316.0],[252.0,318.0],[251.0,318.0],[251.0,319.0],[250.0,319.0],[250.0,321.0],[254.0,321.0],[254.0,320.0],[256.0,320.0],[256.0,319.0],[259.0,319.0],[259.0,320.0],[260.0,320.0],[260.0,322.0],[261.0,322.0],[261.0,325.0],[262.0,325.0],[262.0,327.0],[267.0,327.0],[267.0,328.0],[268.0,328.0],[268.0,329.0],[269.0,329.0],[269.0,330.0],[272.0,330.0],[272.0,331.0],[280.0,331.0],[280.0,330.0],[282.0,330.0],[282.0,329.0],[283.0,329.0],[283.0,330.0],[284.0,330.0],[284.0,331.0],[285.0,331.0],[285.0,333.0],[290.0,333.0],[290.0,334.0],[291.0,334.0],[291.0,336.0],[292.0,336.0],[292.0,337.0],[293.0,337.0],[293.0,338.0],[294.0,338.0],[294.0,340.0],[295.0,340.0],[295.0,341.0],[296.0,341.0],[296.0,342.0],[297.0,342.0],[297.0,343.0],[304.0,343.0],[304.0,341.0],[305.0,341.0],[305.0,340.0],[306.0,340.0],[306.0,339.0],[307.0,339.0],[307.0,338.0],[308.0,338.0],[308.0,337.0],[309.0,337.0],[309.0,338.0],[310.0,338.0],[310.0,343.0],[309.0,343.0],[309.0,344.0],[308.0,344.0],[308.0,345.0],[307.0,345.0],[307.0,346.0],[306.0,346.0],[306.0,348.0],[305.0,348.0],[305.0,354.0],[306.0,354.0],[306.0,356.0],[307.0,356.0],[307.0,357.0],[308.0,357.0],[308.0,358.0],[309.0,358.0],[309.0,359.0],[310.0,359.0],[310.0,360.0],[311.0,360.0],[311.0,362.0],[312.0,362.0],[312.0,364.0],[315.0,364.0],[315.0,365.0],[316.0,365.0],[316.0,366.0],[317.0,366.0],[317.0,367.0],[319.0,367.0],[319.0,366.0],[320.0,366.0],[320.0,364.0],[319.0,364.0],[319.0,361.0],[318.0,361.0],[318.0,360.0],[317.0,360.0],[317.0,359.0],[315.0,359.0],[315.0,358.0],[314.0,358.0],[314.0,357.0],[313.0,357.0],[313.0,356.0],[312.0,356.0],[312.0,355.0],[311.0,355.0],[311.0,353.0],[310.0,353.0],[310.0,349.0],[311.0,349.0],[311.0,348.0],[312.0,348.0],[312.0,347.0],[313.0,347.0],[313.0,346.0],[314.0,346.0],[314.0,345.0],[317.0,345.0],[317.0,346.0],[319.0,346.0],[319.0,347.0],[320.0,347.0],[320.0,348.0],[323.0,348.0],[323.0,347.0],[325.0,347.0],[325.0,346.0],[326.0,346.0],[326.0,347.0],[327.0,347.0],[327.0,348.0],[328.0,348.0],[328.0,351.0],[329.0,351.0],[329.0,352.0],[330.0,352.0],[330.0,353.0],[331.0,353.0],[331.0,354.0],[334.0,354.0],[334.0,355.0],[335.0,355.0],[335.0,354.0],[336.0,354.0],[336.0,353.0],[338.0,353.0],[338.0,352.0],[339.0,352.0],[339.0,351.0],[340.0,351.0],[340.0,347.0],[341.0,347.0],[341.0,345.0],[342.0,345.0],[342.0,344.0],[343.0,344.0],[343.0,343.0],[345.0,343.0],[345.0,342.0],[346.0,342.0],[346.0,343.0],[347.0,343.0],[347.0,346.0],[346.0,346.0],[346.0,350.0],[348.0,350.0],[348.0,349.0],[349.0,349.0],[349.0,348.0],[350.0,348.0],[350.0,347.0],[352.0,347.0],[352.0,346.0],[355.0,346.0],[355.0,345.0],[361.0,345.0],[361.0,343.0],[360.0,343.0],[360.0,341.0],[359.0,341.0],[359.0,337.0],[360.0,337.0],[360.0,336.0],[361.0,336.0],[361.0,337.0],[365.0,337.0],[365.0,336.0],[366.0,336.0],[366.0,335.0],[368.0,335.0],[368.0,333.0],[369.0,333.0],[369.0,332.0],[370.0,332.0],[370.0,330.0],[371.0,330.0],[371.0,327.0],[372.0,327.0],[372.0,326.0],[376.0,326.0],[376.0,325.0],[377.0,325.0],[377.0,324.0],[378.0,324.0],[378.0,323.0],[379.0,323.0],[379.0,321.0],[380.0,321.0],[380.0,318.0],[381.0,318.0],[381.0,316.0],[382.0,316.0],[382.0,314.0],[381.0,314.0],[381.0,313.0],[380.0,313.0],[380.0,314.0],[378.0,314.0],[378.0,313.0],[377.0,313.0],[377.0,311.0],[376.0,311.0],[376.0,307.0],[377.0,307.0],[377.0,304.0],[375.0,304.0],[375.0,305.0],[374.0,305.0],[374.0,306.0],[373.0,306.0],[373.0,307.0],[372.0,307.0],[372.0,308.0],[371.0,308.0],[371.0,309.0],[368.0,309.0],[368.0,308.0],[367.0,308.0],[367.0,305.0],[368.0,305.0],[368.0,304.0],[369.0,304.0],[369.0,303.0],[370.0,303.0],[370.0,302.0],[371.0,302.0],[371.0,300.0],[372.0,300.0],[372.0,299.0],[373.0,299.0],[373.0,298.0],[374.0,298.0],[374.0,297.0],[379.0,297.0],[379.0,296.0],[381.0,296.0],[381.0,295.0],[382.0,295.0],[382.0,294.0],[383.0,294.0],[383.0,293.0],[384.0,293.0],[384.0,292.0],[387.0,292.0],[387.0,293.0],[389.0,293.0],[389.0,294.0],[391.0,294.0],[391.0,293.0],[396.0,293.0],[396.0,294.0],[397.0,294.0],[397.0,295.0],[398.0,295.0],[398.0,297.0],[397.0,297.0],[397.0,298.0],[395.0,298.0],[395.0,303.0],[394.0,303.0],[394.0,305.0],[393.0,305.0],[393.0,307.0],[392.0,307.0],[392.0,309.0],[391.0,309.0],[391.0,311.0],[392.0,311.0],[392.0,312.0],[395.0,312.0],[395.0,311.0],[396.0,311.0],[396.0,305.0],[397.0,305.0],[397.0,304.0],[398.0,304.0],[398.0,303.0],[400.0,303.0],[400.0,304.0],[401.0,304.0],[401.0,305.0],[402.0,305.0],[402.0,306.0],[404.0,306.0],[404.0,305.0],[407.0,305.0],[407.0,306.0],[409.0,306.0],[409.0,305.0],[411.0,305.0],[411.0,306.0],[413.0,306.0],[413.0,307.0],[414.0,307.0],[414.0,312.0],[413.0,312.0],[413.0,316.0],[414.0,316.0],[414.0,315.0],[416.0,315.0],[416.0,314.0],[418.0,314.0],[418.0,313.0],[420.0,313.0],[420.0,314.0],[421.0,314.0],[421.0,316.0],[422.0,316.0],[422.0,317.0],[423.0,317.0],[423.0,318.0],[424.0,318.0],[424.0,321.0],[423.0,321.0],[423.0,322.0],[418.0,322.0],[418.0,324.0],[417.0,324.0],[417.0,326.0],[416.0,326.0],[416.0,327.0],[414.0,327.0],[414.0,328.0],[412.0,328.0],[412.0,329.0],[410.0,329.0],[410.0,330.0],[409.0,330.0],[409.0,331.0],[408.0,331.0],[408.0,332.0],[406.0,332.0],[406.0,334.0],[408.0,334.0],[408.0,333.0],[411.0,333.0],[411.0,334.0],[414.0,334.0],[414.0,335.0],[416.0,335.0],[416.0,336.0],[417.0,336.0],[417.0,337.0],[418.0,337.0],[418.0,336.0],[419.0,336.0],[419.0,335.0],[420.0,335.0],[420.0,334.0],[422.0,334.0],[422.0,335.0],[423.0,335.0],[423.0,336.0],[427.0,336.0],[427.0,335.0],[428.0,335.0],[428.0,334.0],[429.0,334.0],[429.0,333.0],[430.0,333.0],[430.0,332.0],[431.0,332.0],[431.0,333.0],[432.0,333.0],[432.0,334.0],[433.0,334.0],[433.0,336.0],[432.0,336.0],[432.0,337.0],[433.0,337.0],[433.0,342.0],[434.0,342.0],[434.0,344.0],[436.0,344.0],[436.0,343.0],[438.0,343.0],[438.0,344.0],[439.0,344.0],[439.0,346.0],[438.0,346.0],[438.0,347.0],[437.0,347.0],[437.0,348.0],[436.0,348.0],[436.0,349.0],[435.0,349.0],[435.0,350.0],[432.0,350.0],[432.0,355.0],[433.0,355.0],[433.0,357.0],[434.0,357.0],[434.0,358.0],[435.0,358.0],[435.0,359.0],[436.0,359.0],[436.0,360.0],[437.0,360.0],[437.0,362.0],[436.0,362.0],[436.0,363.0],[433.0,363.0],[433.0,364.0],[431.0,364.0],[431.0,366.0],[430.0,366.0],[430.0,367.0],[427.0,367.0],[427.0,366.0],[425.0,366.0],[425.0,365.0],[424.0,365.0],[424.0,362.0],[423.0,362.0],[423.0,359.0],[422.0,359.0],[422.0,358.0],[421.0,358.0],[421.0,357.0],[415.0,357.0],[415.0,356.0],[414.0,356.0],[414.0,355.0],[413.0,355.0],[413.0,353.0],[412.0,353.0],[412.0,350.0],[411.0,350.0],[411.0,348.0],[408.0,348.0],[408.0,349.0],[407.0,349.0],[407.0,351.0],[406.0,351.0],[406.0,352.0],[404.0,352.0],[404.0,353.0],[402.0,353.0],[402.0,355.0],[401.0,355.0],[401.0,356.0],[400.0,356.0],[400.0,357.0],[398.0,357.0],[398.0,360.0],[397.0,360.0],[397.0,361.0],[396.0,361.0],[396.0,362.0],[383.0,362.0],[383.0,361.0],[381.0,361.0],[381.0,360.0],[380.0,360.0],[380.0,359.0],[379.0,359.0],[379.0,358.0],[378.0,358.0],[378.0,362.0],[379.0,362.0],[379.0,365.0],[378.0,365.0],[378.0,366.0],[376.0,366.0],[376.0,367.0],[375.0,367.0],[375.0,368.0],[374.0,368.0],[374.0,370.0],[373.0,370.0],[373.0,372.0],[372.0,372.0],[372.0,375.0],[373.0,375.0],[373.0,376.0],[374.0,376.0],[374.0,379.0],[375.0,379.0],[375.0,380.0],[376.0,380.0],[376.0,382.0],[377.0,382.0],[377.0,384.0],[380.0,384.0],[380.0,385.0],[381.0,385.0],[381.0,386.0],[380.0,386.0],[380.0,387.0],[378.0,387.0],[378.0,388.0],[377.0,388.0],[377.0,389.0],[376.0,389.0],[376.0,390.0],[375.0,390.0],[375.0,391.0],[374.0,391.0],[374.0,392.0],[372.0,392.0],[372.0,394.0],[371.0,394.0],[371.0,397.0],[375.0,397.0],[375.0,398.0],[376.0,398.0],[376.0,399.0],[377.0,399.0],[377.0,400.0],[378.0,400.0],[378.0,407.0],[377.0,407.0],[377.0,410.0],[376.0,410.0],[376.0,411.0],[373.0,411.0],[373.0,410.0],[372.0,410.0],[372.0,409.0],[371.0,409.0],[371.0,407.0],[368.0,407.0],[368.0,412.0],[367.0,412.0],[367.0,413.0],[366.0,413.0],[366.0,414.0],[363.0,414.0],[363.0,415.0],[361.0,415.0],[361.0,417.0],[360.0,417.0],[360.0,419.0],[359.0,419.0],[359.0,421.0],[358.0,421.0],[358.0,422.0],[354.0,422.0],[354.0,423.0],[353.0,423.0],[353.0,424.0],[352.0,424.0],[352.0,425.0],[349.0,425.0],[349.0,426.0],[348.0,426.0],[348.0,427.0],[344.0,427.0],[344.0,426.0],[343.0,426.0],[343.0,424.0],[344.0,424.0],[344.0,423.0],[345.0,423.0],[345.0,422.0],[346.0,422.0],[346.0,419.0],[347.0,419.0],[347.0,415.0],[345.0,415.0],[345.0,414.0],[343.0,414.0],[343.0,413.0],[342.0,413.0],[342.0,411.0],[341.0,411.0],[341.0,408.0],[340.0,408.0],[340.0,406.0],[339.0,406.0],[339.0,404.0],[340.0,404.0],[340.0,402.0],[341.0,402.0],[341.0,397.0],[342.0,397.0],[342.0,396.0],[340.0,396.0],[340.0,397.0],[339.0,397.0],[339.0,398.0],[338.0,398.0],[338.0,399.0],[337.0,399.0],[337.0,400.0],[332.0,400.0],[332.0,401.0],[331.0,401.0],[331.0,402.0],[329.0,402.0],[329.0,403.0],[326.0,403.0],[326.0,404.0],[325.0,404.0],[325.0,410.0],[324.0,410.0],[324.0,411.0],[323.0,411.0],[323.0,412.0],[322.0,412.0],[322.0,415.0],[324.0,415.0],[324.0,416.0],[327.0,416.0],[327.0,417.0],[328.0,417.0],[328.0,418.0],[327.0,418.0],[327.0,419.0],[326.0,419.0],[326.0,420.0],[324.0,420.0],[324.0,421.0],[321.0,421.0],[321.0,422.0],[318.0,422.0],[318.0,423.0],[317.0,423.0],[317.0,422.0],[315.0,422.0],[315.0,421.0],[314.0,421.0],[314.0,420.0],[313.0,420.0],[313.0,419.0],[311.0,419.0],[311.0,418.0],[310.0,418.0],[310.0,417.0],[311.0,417.0],[311.0,412.0],[312.0,412.0],[312.0,410.0],[313.0,410.0],[313.0,409.0],[310.0,409.0],[310.0,410.0],[308.0,410.0],[308.0,411.0],[306.0,411.0],[306.0,412.0],[301.0,412.0],[301.0,411.0],[300.0,411.0],[300.0,410.0],[299.0,410.0],[299.0,409.0],[298.0,409.0],[298.0,402.0],[299.0,402.0],[299.0,401.0],[300.0,401.0],[300.0,400.0],[301.0,400.0],[301.0,399.0],[302.0,399.0],[302.0,395.0],[301.0,395.0],[301.0,392.0],[302.0,392.0],[302.0,391.0],[303.0,391.0],[303.0,392.0],[306.0,392.0],[306.0,391.0],[307.0,391.0],[307.0,390.0],[308.0,390.0],[308.0,389.0],[309.0,389.0],[309.0,388.0],[310.0,388.0],[310.0,385.0],[309.0,385.0],[309.0,384.0],[306.0,384.0],[306.0,385.0],[305.0,385.0],[305.0,386.0],[301.0,386.0],[301.0,385.0],[300.0,385.0],[300.0,384.0],[299.0,384.0],[299.0,383.0],[298.0,383.0],[298.0,381.0],[297.0,381.0],[297.0,380.0],[296.0,380.0],[296.0,379.0],[295.0,379.0],[295.0,378.0],[291.0,378.0],[291.0,377.0],[289.0,377.0],[289.0,376.0],[287.0,376.0],[287.0,375.0],[286.0,375.0],[286.0,373.0],[285.0,373.0],[285.0,371.0],[284.0,371.0],[284.0,370.0],[283.0,370.0],[283.0,369.0],[282.0,369.0],[282.0,368.0],[281.0,368.0],[281.0,367.0],[279.0,367.0],[279.0,366.0],[278.0,366.0],[278.0,365.0],[275.0,365.0],[275.0,366.0],[274.0,366.0],[274.0,373.0],[275.0,373.0],[275.0,375.0],[276.0,375.0],[276.0,379.0],[275.0,379.0],[275.0,380.0],[272.0,380.0],[272.0,379.0],[271.0,379.0],[271.0,378.0],[269.0,378.0],[269.0,377.0],[268.0,377.0],[268.0,375.0],[267.0,375.0],[267.0,374.0],[266.0,374.0],[266.0,373.0],[264.0,373.0],[264.0,372.0],[263.0,372.0],[263.0,370.0],[262.0,370.0],[262.0,369.0],[263.0,369.0],[263.0,367.0],[264.0,367.0],[264.0,364.0],[259.0,364.0],[259.0,363.0],[258.0,363.0],[258.0,362.0],[257.0,362.0],[257.0,360.0],[256.0,360.0],[256.0,359.0],[255.0,359.0],[255.0,354.0],[251.0,354.0],[251.0,353.0],[249.0,353.0],[249.0,352.0],[248.0,352.0],[248.0,351.0],[247.0,351.0],[247.0,349.0],[246.0,349.0],[246.0,348.0],[245.0,348.0],[245.0,346.0],[246.0,346.0],[246.0,345.0],[252.0,345.0],[252.0,343.0],[251.0,343.0],[251.0,341.0],[252.0,341.0],[252.0,340.0],[246.0,340.0],[246.0,339.0],[244.0,339.0],[244.0,338.0],[243.0,338.0],[243.0,337.0],[242.0,337.0],[242.0,336.0],[228.0,336.0],[228.0,337.0],[224.0,337.0],[224.0,336.0],[223.0,336.0],[223.0,337.0],[222.0,337.0],[222.0,336.0],[221.0,336.0],[221.0,335.0],[220.0,335.0],[220.0,334.0],[219.0,334.0],[219.0,333.0],[216.0,333.0],[216.0,334.0],[213.0,334.0],[213.0,335.0],[212.0,335.0],[212.0,334.0],[211.0,334.0],[211.0,333.0],[209.0,333.0],[209.0,332.0],[207.0,332.0],[207.0,331.0],[206.0,331.0],[206.0,329.0],[205.0,329.0],[205.0,328.0],[203.0,328.0],[203.0,329.0],[200.0,329.0],[200.0,328.0],[199.0,328.0],[199.0,329.0],[194.0,329.0],[194.0,328.0],[192.0,328.0],[192.0,327.0],[191.0,327.0],[191.0,326.0],[192.0,326.0],[192.0,325.0],[193.0,325.0],[193.0,324.0],[194.0,324.0],[194.0,323.0],[197.0,323.0],[197.0,320.0],[195.0,320.0],[195.0,319.0],[193.0,319.0],[193.0,318.0],[192.0,318.0],[192.0,317.0],[191.0,317.0],[191.0,316.0],[188.0,316.0],[188.0,317.0],[186.0,317.0],[186.0,316.0]]],[[[267.0,407.0],[267.0,406.0],[266.0,406.0],[266.0,405.0],[265.0,405.0],[265.0,404.0],[264.0,404.0],[264.0,403.0],[265.0,403.0],[265.0,402.0],[268.0,402.0],[268.0,401.0],[270.0,401.0],[270.0,400.0],[271.0,400.0],[271.0,399.0],[274.0,399.0],[274.0,400.0],[275.0,400.0],[275.0,401.0],[278.0,401.0],[278.0,402.0],[279.0,402.0],[279.0,403.0],[280.0,403.0],[280.0,404.0],[281.0,404.0],[281.0,407.0],[282.0,407.0],[282.0,408.0],[284.0,408.0],[284.0,409.0],[285.0,409.0],[285.0,410.0],[286.0,410.0],[286.0,411.0],[287.0,411.0],[287.0,412.0],[288.0,412.0],[288.0,413.0],[289.0,413.0],[289.0,414.0],[292.0,414.0],[292.0,415.0],[295.0,415.0],[295.0,416.0],[296.0,416.0],[296.0,417.0],[297.0,417.0],[297.0,419.0],[298.0,419.0],[298.0,421.0],[297.0,421.0],[297.0,422.0],[292.0,422.0],[292.0,421.0],[289.0,421.0],[289.0,420.0],[286.0,420.0],[286.0,419.0],[282.0,419.0],[282.0,418.0],[279.0,418.0],[279.0,417.0],[278.0,417.0],[278.0,416.0],[277.0,416.0],[277.0,413.0],[274.0,413.0],[274.0,412.0],[272.0,412.0],[272.0,411.0],[271.0,411.0],[271.0,410.0],[270.0,410.0],[270.0,409.0],[269.0,409.0],[269.0,408.0],[268.0,408.0],[268.0,407.0],[267.0,407.0]]],[[[113.0,391.0],[112.0,391.0],[112.0,390.0],[111.0,390.0],[111.0,388.0],[110.0,388.0],[110.0,387.0],[109.0,387.0],[109.0,385.0],[110.0,385.0],[110.0,383.0],[111.0,383.0],[111.0,382.0],[112.0,382.0],[112.0,383.0],[118.0,383.0],[118.0,379.0],[117.0,379.0],[117.0,378.0],[115.0,378.0],[115.0,377.0],[114.0,377.0],[114.0,375.0],[113.0,375.0],[113.0,370.0],[112.0,370.0],[112.0,369.0],[111.0,369.0],[111.0,366.0],[112.0,366.0],[112.0,365.0],[113.0,365.0],[113.0,364.0],[114.0,364.0],[114.0,363.0],[115.0,363.0],[115.0,362.0],[116.0,362.0],[116.0,357.0],[115.0,357.0],[115.0,356.0],[114.0,356.0],[114.0,355.0],[113.0,355.0],[113.0,353.0],[112.0,353.0],[112.0,351.0],[113.0,351.0],[113.0,349.0],[114.0,349.0],[114.0,348.0],[115.0,348.0],[115.0,347.0],[117.0,347.0],[117.0,346.0],[118.0,346.0],[118.0,345.0],[119.0,345.0],[119.0,344.0],[125.0,344.0],[125.0,345.0],[126.0,345.0],[126.0,346.0],[128.0,346.0],[128.0,347.0],[129.0,347.0],[129.0,346.0],[130.0,346.0],[130.0,347.0],[135.0,347.0],[135.0,346.0],[136.0,346.0],[136.0,345.0],[138.0,345.0],[138.0,344.0],[142.0,344.0],[142.0,345.0],[143.0,345.0],[143.0,348.0],[142.0,348.0],[142.0,350.0],[143.0,350.0],[143.0,355.0],[142.0,355.0],[142.0,356.0],[141.0,356.0],[141.0,358.0],[142.0,358.0],[142.0,357.0],[143.0,357.0],[143.0,358.0],[144.0,358.0],[144.0,359.0],[147.0,359.0],[147.0,360.0],[148.0,360.0],[148.0,362.0],[150.0,362.0],[150.0,361.0],[151.0,361.0],[151.0,355.0],[150.0,355.0],[150.0,354.0],[149.0,354.0],[149.0,351.0],[148.0,351.0],[148.0,349.0],[147.0,349.0],[147.0,345.0],[148.0,345.0],[148.0,344.0],[151.0,344.0],[151.0,345.0],[152.0,345.0],[152.0,346.0],[153.0,346.0],[153.0,347.0],[154.0,347.0],[154.0,348.0],[157.0,348.0],[157.0,347.0],[159.0,347.0],[159.0,348.0],[160.0,348.0],[160.0,347.0],[161.0,347.0],[161.0,344.0],[162.0,344.0],[162.0,337.0],[161.0,337.0],[161.0,336.0],[162.0,336.0],[162.0,335.0],[163.0,335.0],[163.0,333.0],[164.0,333.0],[164.0,332.0],[165.0,332.0],[165.0,330.0],[164.0,330.0],[164.0,329.0],[163.0,329.0],[163.0,328.0],[162.0,328.0],[162.0,327.0],[161.0,327.0],[161.0,326.0],[162.0,326.0],[162.0,325.0],[163.0,325.0],[163.0,324.0],[167.0,324.0],[167.0,325.0],[174.0,325.0],[174.0,324.0],[175.0,324.0],[175.0,325.0],[176.0,325.0],[176.0,324.0],[178.0,324.0],[178.0,323.0],[182.0,323.0],[182.0,324.0],[183.0,324.0],[183.0,326.0],[184.0,326.0],[184.0,327.0],[185.0,327.0],[185.0,330.0],[189.0,330.0],[189.0,331.0],[190.0,331.0],[190.0,333.0],[191.0,333.0],[191.0,335.0],[192.0,335.0],[192.0,336.0],[193.0,336.0],[193.0,339.0],[196.0,339.0],[196.0,338.0],[201.0,338.0],[201.0,339.0],[202.0,339.0],[202.0,341.0],[204.0,341.0],[204.0,342.0],[205.0,342.0],[205.0,343.0],[206.0,343.0],[206.0,344.0],[207.0,344.0],[207.0,345.0],[213.0,345.0],[213.0,346.0],[214.0,346.0],[214.0,347.0],[216.0,347.0],[216.0,348.0],[217.0,348.0],[217.0,349.0],[218.0,349.0],[218.0,354.0],[219.0,354.0],[219.0,355.0],[220.0,355.0],[220.0,356.0],[221.0,356.0],[221.0,359.0],[220.0,359.0],[220.0,360.0],[217.0,360.0],[217.0,359.0],[216.0,359.0],[216.0,358.0],[214.0,358.0],[214.0,357.0],[213.0,357.0],[213.0,356.0],[211.0,356.0],[211.0,357.0],[210.0,357.0],[210.0,359.0],[211.0,359.0],[211.0,361.0],[213.0,361.0],[213.0,362.0],[214.0,362.0],[214.0,364.0],[215.0,364.0],[215.0,365.0],[218.0,365.0],[218.0,366.0],[219.0,366.0],[219.0,367.0],[220.0,367.0],[220.0,369.0],[221.0,369.0],[221.0,370.0],[222.0,370.0],[222.0,373.0],[223.0,373.0],[223.0,379.0],[225.0,379.0],[225.0,380.0],[229.0,380.0],[229.0,381.0],[231.0,381.0],[231.0,382.0],[232.0,382.0],[232.0,383.0],[234.0,383.0],[234.0,384.0],[235.0,384.0],[235.0,385.0],[239.0,385.0],[239.0,384.0],[241.0,384.0],[241.0,383.0],[243.0,383.0],[243.0,382.0],[250.0,382.0],[250.0,383.0],[251.0,383.0],[251.0,384.0],[255.0,384.0],[255.0,383.0],[256.0,383.0],[256.0,382.0],[258.0,382.0],[258.0,383.0],[259.0,383.0],[259.0,384.0],[260.0,384.0],[260.0,388.0],[259.0,388.0],[259.0,389.0],[258.0,389.0],[258.0,390.0],[255.0,390.0],[255.0,391.0],[252.0,391.0],[252.0,393.0],[253.0,393.0],[253.0,394.0],[255.0,394.0],[255.0,395.0],[256.0,395.0],[256.0,396.0],[257.0,396.0],[257.0,397.0],[256.0,397.0],[256.0,398.0],[255.0,398.0],[255.0,399.0],[254.0,399.0],[254.0,400.0],[253.0,400.0],[253.0,401.0],[251.0,401.0],[251.0,402.0],[249.0,402.0],[249.0,403.0],[247.0,403.0],[247.0,404.0],[245.0,404.0],[245.0,405.0],[244.0,405.0],[244.0,406.0],[242.0,406.0],[242.0,407.0],[241.0,407.0],[241.0,408.0],[240.0,408.0],[240.0,412.0],[245.0,412.0],[245.0,413.0],[248.0,413.0],[248.0,414.0],[249.0,414.0],[249.0,415.0],[250.0,415.0],[250.0,418.0],[251.0,418.0],[251.0,420.0],[252.0,420.0],[252.0,423.0],[253.0,423.0],[253.0,428.0],[252.0,428.0],[252.0,433.0],[251.0,433.0],[251.0,434.0],[250.0,434.0],[250.0,436.0],[249.0,436.0],[249.0,437.0],[248.0,437.0],[248.0,436.0],[247.0,436.0],[247.0,437.0],[246.0,437.0],[246.0,438.0],[245.0,438.0],[245.0,439.0],[244.0,439.0],[244.0,440.0],[243.0,440.0],[243.0,441.0],[242.0,441.0],[242.0,442.0],[241.0,442.0],[241.0,443.0],[240.0,443.0],[240.0,444.0],[239.0,444.0],[239.0,445.0],[237.0,445.0],[237.0,446.0],[235.0,446.0],[235.0,447.0],[234.0,447.0],[234.0,446.0],[233.0,446.0],[233.0,445.0],[232.0,445.0],[232.0,441.0],[230.0,441.0],[230.0,442.0],[229.0,442.0],[229.0,441.0],[227.0,441.0],[227.0,442.0],[226.0,442.0],[226.0,443.0],[222.0,443.0],[222.0,442.0],[221.0,442.0],[221.0,441.0],[220.0,441.0],[220.0,440.0],[221.0,440.0],[221.0,435.0],[220.0,435.0],[220.0,430.0],[219.0,430.0],[219.0,429.0],[218.0,429.0],[218.0,422.0],[219.0,422.0],[219.0,419.0],[217.0,419.0],[217.0,418.0],[216.0,418.0],[216.0,419.0],[215.0,419.0],[215.0,420.0],[214.0,420.0],[214.0,423.0],[215.0,423.0],[215.0,429.0],[214.0,429.0],[214.0,432.0],[213.0,432.0],[213.0,433.0],[212.0,433.0],[212.0,434.0],[211.0,434.0],[211.0,435.0],[209.0,435.0],[209.0,436.0],[208.0,436.0],[208.0,437.0],[207.0,437.0],[207.0,438.0],[206.0,438.0],[206.0,439.0],[205.0,439.0],[205.0,440.0],[204.0,440.0],[204.0,441.0],[202.0,441.0],[202.0,446.0],[201.0,446.0],[201.0,447.0],[200.0,447.0],[200.0,450.0],[201.0,450.0],[201.0,453.0],[202.0,453.0],[202.0,454.0],[203.0,454.0],[203.0,456.0],[202.0,456.0],[202.0,457.0],[201.0,457.0],[201.0,458.0],[199.0,458.0],[199.0,459.0],[193.0,459.0],[193.0,460.0],[192.0,460.0],[192.0,461.0],[191.0,461.0],[191.0,462.0],[190.0,462.0],[190.0,463.0],[189.0,463.0],[189.0,464.0],[188.0,464.0],[188.0,468.0],[189.0,468.0],[189.0,471.0],[190.0,471.0],[190.0,472.0],[191.0,472.0],[191.0,473.0],[193.0,473.0],[193.0,474.0],[194.0,474.0],[194.0,475.0],[195.0,475.0],[195.0,480.0],[194.0,480.0],[194.0,481.0],[196.0,481.0],[196.0,482.0],[198.0,482.0],[198.0,481.0],[199.0,481.0],[199.0,480.0],[201.0,480.0],[201.0,481.0],[202.0,481.0],[202.0,483.0],[203.0,483.0],[203.0,485.0],[202.0,485.0],[202.0,489.0],[203.0,489.0],[203.0,491.0],[204.0,491.0],[204.0,494.0],[203.0,494.0],[203.0,497.0],[202.0,497.0],[202.0,499.0],[201.0,499.0],[201.0,500.0],[200.0,500.0],[200.0,503.0],[201.0,503.0],[201.0,506.0],[202.0,506.0],[202.0,507.0],[203.0,507.0],[203.0,508.0],[204.0,508.0],[204.0,509.0],[205.0,509.0],[205.0,512.0],[204.0,512.0],[204.0,513.0],[200.0,513.0],[200.0,514.0],[199.0,514.0],[199.0,513.0],[195.0,513.0],[195.0,514.0],[192.0,514.0],[192.0,513.0],[189.0,513.0],[189.0,514.0],[187.0,514.0],[187.0,515.0],[186.0,515.0],[186.0,516.0],[181.0,516.0],[181.0,517.0],[180.0,517.0],[180.0,518.0],[175.0,518.0],[175.0,519.0],[173.0,519.0],[173.0,520.0],[171.0,520.0],[171.0,521.0],[170.0,521.0],[170.0,522.0],[168.0,522.0],[168.0,523.0],[167.0,523.0],[167.0,524.0],[163.0,524.0],[163.0,526.0],[162.0,526.0],[162.0,527.0],[161.0,527.0],[161.0,528.0],[156.0,528.0],[156.0,527.0],[155.0,527.0],[155.0,520.0],[156.0,520.0],[156.0,518.0],[155.0,518.0],[155.0,517.0],[154.0,517.0],[154.0,516.0],[151.0,516.0],[151.0,517.0],[148.0,517.0],[148.0,516.0],[147.0,516.0],[147.0,515.0],[146.0,515.0],[146.0,514.0],[145.0,514.0],[145.0,512.0],[144.0,512.0],[144.0,511.0],[143.0,511.0],[143.0,510.0],[142.0,510.0],[142.0,508.0],[141.0,508.0],[141.0,503.0],[140.0,503.0],[140.0,500.0],[139.0,500.0],[139.0,499.0],[138.0,499.0],[138.0,498.0],[136.0,498.0],[136.0,497.0],[133.0,497.0],[133.0,496.0],[130.0,496.0],[130.0,495.0],[129.0,495.0],[129.0,494.0],[128.0,494.0],[128.0,493.0],[124.0,493.0],[124.0,494.0],[121.0,494.0],[121.0,493.0],[120.0,493.0],[120.0,492.0],[119.0,492.0],[119.0,491.0],[118.0,491.0],[118.0,488.0],[119.0,488.0],[119.0,487.0],[120.0,487.0],[120.0,486.0],[123.0,486.0],[123.0,485.0],[124.0,485.0],[124.0,484.0],[125.0,484.0],[125.0,481.0],[126.0,481.0],[126.0,480.0],[127.0,480.0],[127.0,479.0],[128.0,479.0],[128.0,476.0],[129.0,476.0],[129.0,475.0],[130.0,475.0],[130.0,474.0],[131.0,474.0],[131.0,473.0],[132.0,473.0],[132.0,472.0],[133.0,472.0],[133.0,470.0],[134.0,470.0],[134.0,469.0],[135.0,469.0],[135.0,468.0],[136.0,468.0],[136.0,467.0],[139.0,467.0],[139.0,468.0],[141.0,468.0],[141.0,469.0],[142.0,469.0],[142.0,470.0],[143.0,470.0],[143.0,473.0],[144.0,473.0],[144.0,476.0],[145.0,476.0],[145.0,479.0],[147.0,479.0],[147.0,478.0],[149.0,478.0],[149.0,477.0],[150.0,477.0],[150.0,475.0],[149.0,475.0],[149.0,474.0],[148.0,474.0],[148.0,471.0],[149.0,471.0],[149.0,469.0],[148.0,469.0],[148.0,467.0],[147.0,467.0],[147.0,462.0],[148.0,462.0],[148.0,461.0],[147.0,461.0],[147.0,460.0],[146.0,460.0],[146.0,459.0],[145.0,459.0],[145.0,458.0],[144.0,458.0],[144.0,457.0],[143.0,457.0],[143.0,456.0],[142.0,456.0],[142.0,455.0],[141.0,455.0],[141.0,453.0],[140.0,453.0],[140.0,452.0],[139.0,452.0],[139.0,451.0],[137.0,451.0],[137.0,450.0],[136.0,450.0],[136.0,449.0],[134.0,449.0],[134.0,448.0],[133.0,448.0],[133.0,447.0],[132.0,447.0],[132.0,444.0],[133.0,444.0],[133.0,443.0],[136.0,443.0],[136.0,444.0],[139.0,444.0],[139.0,445.0],[141.0,445.0],[141.0,441.0],[140.0,441.0],[140.0,438.0],[139.0,438.0],[139.0,436.0],[140.0,436.0],[140.0,435.0],[139.0,435.0],[139.0,431.0],[140.0,431.0],[140.0,430.0],[141.0,430.0],[141.0,424.0],[142.0,424.0],[142.0,423.0],[143.0,423.0],[143.0,422.0],[144.0,422.0],[144.0,421.0],[145.0,421.0],[145.0,420.0],[146.0,420.0],[146.0,419.0],[147.0,419.0],[147.0,418.0],[148.0,418.0],[148.0,417.0],[150.0,417.0],[150.0,416.0],[152.0,416.0],[152.0,413.0],[150.0,413.0],[150.0,414.0],[149.0,414.0],[149.0,413.0],[148.0,413.0],[148.0,412.0],[146.0,412.0],[146.0,413.0],[143.0,413.0],[143.0,412.0],[142.0,412.0],[142.0,410.0],[140.0,410.0],[140.0,409.0],[139.0,409.0],[139.0,408.0],[131.0,408.0],[131.0,407.0],[128.0,407.0],[128.0,406.0],[127.0,406.0],[127.0,405.0],[125.0,405.0],[125.0,404.0],[124.0,404.0],[124.0,403.0],[122.0,403.0],[122.0,402.0],[121.0,402.0],[121.0,401.0],[120.0,401.0],[120.0,399.0],[119.0,399.0],[119.0,397.0],[118.0,397.0],[118.0,396.0],[117.0,396.0],[117.0,395.0],[116.0,395.0],[116.0,394.0],[114.0,394.0],[114.0,393.0],[113.0,393.0],[113.0,391.0]]],[[[214.0,454.0],[209.0,454.0],[209.0,453.0],[208.0,453.0],[208.0,452.0],[207.0,452.0],[207.0,451.0],[206.0,451.0],[206.0,450.0],[207.0,450.0],[207.0,448.0],[208.0,448.0],[208.0,446.0],[209.0,446.0],[209.0,445.0],[210.0,445.0],[210.0,444.0],[211.0,444.0],[211.0,443.0],[212.0,443.0],[212.0,444.0],[213.0,444.0],[213.0,446.0],[214.0,446.0],[214.0,447.0],[216.0,447.0],[216.0,448.0],[217.0,448.0],[217.0,449.0],[225.0,449.0],[225.0,450.0],[226.0,450.0],[226.0,451.0],[227.0,451.0],[227.0,452.0],[228.0,452.0],[228.0,454.0],[227.0,454.0],[227.0,455.0],[226.0,455.0],[226.0,456.0],[222.0,456.0],[222.0,462.0],[223.0,462.0],[223.0,463.0],[224.0,463.0],[224.0,465.0],[223.0,465.0],[223.0,466.0],[219.0,466.0],[219.0,465.0],[217.0,465.0],[217.0,464.0],[216.0,464.0],[216.0,463.0],[215.0,463.0],[215.0,461.0],[214.0,461.0],[214.0,460.0],[213.0,460.0],[213.0,457.0],[214.0,457.0],[214.0,454.0]]],[[[284.0,463.0],[284.0,462.0],[282.0,462.0],[282.0,461.0],[281.0,461.0],[281.0,460.0],[280.0,460.0],[280.0,456.0],[281.0,456.0],[281.0,455.0],[283.0,455.0],[283.0,456.0],[286.0,456.0],[286.0,455.0],[288.0,455.0],[288.0,454.0],[289.0,454.0],[289.0,453.0],[292.0,453.0],[292.0,454.0],[293.0,454.0],[293.0,455.0],[294.0,455.0],[294.0,456.0],[300.0,456.0],[300.0,457.0],[301.0,457.0],[301.0,460.0],[300.0,460.0],[300.0,461.0],[289.0,461.0],[289.0,463.0],[288.0,463.0],[288.0,464.0],[286.0,464.0],[286.0,463.0],[284.0,463.0]]],[[[281.0,467.0],[280.0,467.0],[280.0,468.0],[277.0,468.0],[277.0,467.0],[276.0,467.0],[276.0,466.0],[275.0,466.0],[275.0,462.0],[276.0,462.0],[276.0,461.0],[278.0,461.0],[278.0,462.0],[280.0,462.0],[280.0,463.0],[281.0,463.0],[281.0,465.0],[282.0,465.0],[282.0,466.0],[281.0,466.0],[281.0,467.0]]],[[[244.0,474.0],[242.0,474.0],[242.0,475.0],[240.0,475.0],[240.0,474.0],[239.0,474.0],[239.0,473.0],[238.0,473.0],[238.0,472.0],[239.0,472.0],[239.0,470.0],[240.0,470.0],[240.0,469.0],[241.0,469.0],[241.0,468.0],[242.0,468.0],[242.0,467.0],[244.0,467.0],[244.0,466.0],[245.0,466.0],[245.0,467.0],[251.0,467.0],[251.0,468.0],[252.0,468.0],[252.0,470.0],[253.0,470.0],[253.0,471.0],[252.0,471.0],[252.0,472.0],[248.0,472.0],[248.0,473.0],[247.0,473.0],[247.0,472.0],[246.0,472.0],[246.0,473.0],[244.0,473.0],[244.0,474.0]]],[[[293.0,473.0],[293.0,474.0],[288.0,474.0],[288.0,473.0],[286.0,473.0],[286.0,472.0],[285.0,472.0],[285.0,469.0],[286.0,469.0],[286.0,468.0],[293.0,468.0],[293.0,469.0],[294.0,469.0],[294.0,470.0],[295.0,470.0],[295.0,472.0],[294.0,472.0],[294.0,473.0],[293.0,473.0]]],[[[265.0,523.0],[263.0,523.0],[263.0,522.0],[259.0,522.0],[259.0,521.0],[258.0,521.0],[258.0,520.0],[257.0,520.0],[257.0,518.0],[258.0,518.0],[258.0,517.0],[259.0,517.0],[259.0,516.0],[262.0,516.0],[262.0,515.0],[265.0,515.0],[265.0,516.0],[269.0,516.0],[269.0,517.0],[270.0,517.0],[270.0,519.0],[269.0,519.0],[269.0,520.0],[268.0,520.0],[268.0,521.0],[267.0,521.0],[267.0,522.0],[265.0,522.0],[265.0,523.0]]],[[[140.0,536.0],[138.0,536.0],[138.0,535.0],[137.0,535.0],[137.0,534.0],[136.0,534.0],[136.0,533.0],[135.0,533.0],[135.0,527.0],[136.0,527.0],[136.0,526.0],[137.0,526.0],[137.0,525.0],[138.0,525.0],[138.0,524.0],[140.0,524.0],[140.0,525.0],[141.0,525.0],[141.0,526.0],[142.0,526.0],[142.0,528.0],[143.0,528.0],[143.0,530.0],[144.0,530.0],[144.0,531.0],[145.0,531.0],[145.0,532.0],[146.0,532.0],[146.0,537.0],[145.0,537.0],[145.0,538.0],[144.0,538.0],[144.0,539.0],[143.0,539.0],[143.0,538.0],[141.0,538.0],[141.0,537.0],[140.0,537.0],[140.0,536.0]]],[[[239.0,535.0],[239.0,534.0],[237.0,534.0],[237.0,533.0],[235.0,533.0],[235.0,532.0],[234.0,532.0],[234.0,526.0],[235.0,526.0],[235.0,525.0],[237.0,525.0],[237.0,526.0],[243.0,526.0],[243.0,525.0],[248.0,525.0],[248.0,526.0],[251.0,526.0],[251.0,525.0],[252.0,525.0],[252.0,526.0],[253.0,526.0],[253.0,528.0],[252.0,528.0],[252.0,530.0],[251.0,530.0],[251.0,532.0],[252.0,532.0],[252.0,535.0],[251.0,535.0],[251.0,536.0],[252.0,536.0],[252.0,537.0],[253.0,537.0],[253.0,538.0],[255.0,538.0],[255.0,539.0],[259.0,539.0],[259.0,540.0],[260.0,540.0],[260.0,541.0],[261.0,541.0],[261.0,542.0],[262.0,542.0],[262.0,544.0],[261.0,544.0],[261.0,545.0],[257.0,545.0],[257.0,544.0],[255.0,544.0],[255.0,543.0],[254.0,543.0],[254.0,542.0],[252.0,542.0],[252.0,543.0],[250.0,543.0],[250.0,544.0],[249.0,544.0],[249.0,545.0],[247.0,545.0],[247.0,546.0],[243.0,546.0],[243.0,545.0],[242.0,545.0],[242.0,544.0],[241.0,544.0],[241.0,543.0],[240.0,543.0],[240.0,542.0],[238.0,542.0],[238.0,541.0],[237.0,541.0],[237.0,540.0],[238.0,540.0],[238.0,539.0],[239.0,539.0],[239.0,538.0],[240.0,538.0],[240.0,535.0],[239.0,535.0]]],[[[142.0,564.0],[141.0,564.0],[141.0,563.0],[140.0,563.0],[140.0,561.0],[139.0,561.0],[139.0,559.0],[138.0,559.0],[138.0,557.0],[139.0,557.0],[139.0,556.0],[140.0,556.0],[140.0,555.0],[141.0,555.0],[141.0,554.0],[142.0,554.0],[142.0,551.0],[143.0,551.0],[143.0,550.0],[144.0,550.0],[144.0,549.0],[146.0,549.0],[146.0,548.0],[148.0,548.0],[148.0,547.0],[149.0,547.0],[149.0,545.0],[150.0,545.0],[150.0,544.0],[151.0,544.0],[151.0,543.0],[152.0,543.0],[152.0,542.0],[153.0,542.0],[153.0,541.0],[154.0,541.0],[154.0,538.0],[155.0,538.0],[155.0,537.0],[156.0,537.0],[156.0,536.0],[157.0,536.0],[157.0,535.0],[160.0,535.0],[160.0,534.0],[161.0,534.0],[161.0,533.0],[162.0,533.0],[162.0,532.0],[163.0,532.0],[163.0,533.0],[164.0,533.0],[164.0,534.0],[168.0,534.0],[168.0,533.0],[171.0,533.0],[171.0,531.0],[172.0,531.0],[172.0,530.0],[173.0,530.0],[173.0,527.0],[174.0,527.0],[174.0,525.0],[175.0,525.0],[175.0,524.0],[189.0,524.0],[189.0,523.0],[190.0,523.0],[190.0,522.0],[192.0,522.0],[192.0,523.0],[193.0,523.0],[193.0,524.0],[194.0,524.0],[194.0,525.0],[195.0,525.0],[195.0,526.0],[196.0,526.0],[196.0,534.0],[195.0,534.0],[195.0,535.0],[194.0,535.0],[194.0,534.0],[193.0,534.0],[193.0,535.0],[192.0,535.0],[192.0,537.0],[191.0,537.0],[191.0,538.0],[190.0,538.0],[190.0,539.0],[189.0,539.0],[189.0,540.0],[188.0,540.0],[188.0,541.0],[187.0,541.0],[187.0,542.0],[186.0,542.0],[186.0,541.0],[185.0,541.0],[185.0,542.0],[179.0,542.0],[179.0,543.0],[176.0,543.0],[176.0,544.0],[175.0,544.0],[175.0,545.0],[174.0,545.0],[174.0,546.0],[173.0,546.0],[173.0,547.0],[172.0,547.0],[172.0,556.0],[171.0,556.0],[171.0,557.0],[170.0,557.0],[170.0,558.0],[169.0,558.0],[169.0,560.0],[168.0,560.0],[168.0,562.0],[167.0,562.0],[167.0,563.0],[166.0,563.0],[166.0,566.0],[165.0,566.0],[165.0,567.0],[164.0,567.0],[164.0,568.0],[163.0,568.0],[163.0,569.0],[162.0,569.0],[162.0,568.0],[159.0,568.0],[159.0,569.0],[157.0,569.0],[157.0,570.0],[156.0,570.0],[156.0,569.0],[154.0,569.0],[154.0,568.0],[153.0,568.0],[153.0,566.0],[152.0,566.0],[152.0,565.0],[151.0,565.0],[151.0,566.0],[150.0,566.0],[150.0,568.0],[149.0,568.0],[149.0,569.0],[145.0,569.0],[145.0,568.0],[144.0,568.0],[144.0,567.0],[143.0,567.0],[143.0,566.0],[142.0,566.0],[142.0,564.0]]],[[[281.0,549.0],[280.0,549.0],[280.0,548.0],[279.0,548.0],[279.0,547.0],[278.0,547.0],[278.0,545.0],[277.0,545.0],[277.0,543.0],[278.0,543.0],[278.0,542.0],[282.0,542.0],[282.0,543.0],[283.0,543.0],[283.0,544.0],[285.0,544.0],[285.0,545.0],[286.0,545.0],[286.0,546.0],[287.0,546.0],[287.0,547.0],[288.0,547.0],[288.0,550.0],[287.0,550.0],[287.0,551.0],[283.0,551.0],[283.0,550.0],[281.0,550.0],[281.0,549.0]]],[[[300.0,571.0],[300.0,569.0],[301.0,569.0],[301.0,565.0],[300.0,565.0],[300.0,564.0],[299.0,564.0],[299.0,563.0],[300.0,563.0],[300.0,562.0],[303.0,562.0],[303.0,563.0],[305.0,563.0],[305.0,564.0],[306.0,564.0],[306.0,565.0],[307.0,565.0],[307.0,566.0],[309.0,566.0],[309.0,567.0],[310.0,567.0],[310.0,568.0],[311.0,568.0],[311.0,570.0],[310.0,570.0],[310.0,571.0],[307.0,571.0],[307.0,572.0],[301.0,572.0],[301.0,571.0],[300.0,571.0]]],[[[190.0,607.0],[188.0,607.0],[188.0,608.0],[187.0,608.0],[187.0,607.0],[185.0,607.0],[185.0,606.0],[184.0,606.0],[184.0,605.0],[185.0,605.0],[185.0,601.0],[186.0,601.0],[186.0,599.0],[185.0,599.0],[185.0,598.0],[186.0,598.0],[186.0,597.0],[187.0,597.0],[187.0,596.0],[188.0,596.0],[188.0,595.0],[189.0,595.0],[189.0,594.0],[192.0,594.0],[192.0,593.0],[194.0,593.0],[194.0,592.0],[195.0,592.0],[195.0,591.0],[197.0,591.0],[197.0,590.0],[199.0,590.0],[199.0,591.0],[203.0,591.0],[203.0,590.0],[204.0,590.0],[204.0,588.0],[205.0,588.0],[205.0,587.0],[206.0,587.0],[206.0,588.0],[207.0,588.0],[207.0,589.0],[208.0,589.0],[208.0,590.0],[210.0,590.0],[210.0,591.0],[211.0,591.0],[211.0,592.0],[212.0,592.0],[212.0,595.0],[211.0,595.0],[211.0,597.0],[210.0,597.0],[210.0,598.0],[207.0,598.0],[207.0,597.0],[205.0,597.0],[205.0,598.0],[206.0,598.0],[206.0,599.0],[205.0,599.0],[205.0,600.0],[204.0,600.0],[204.0,602.0],[208.0,602.0],[208.0,603.0],[209.0,603.0],[209.0,605.0],[208.0,605.0],[208.0,606.0],[207.0,606.0],[207.0,607.0],[205.0,607.0],[205.0,608.0],[204.0,608.0],[204.0,609.0],[203.0,609.0],[203.0,610.0],[200.0,610.0],[200.0,609.0],[199.0,609.0],[199.0,608.0],[197.0,608.0],[197.0,607.0],[196.0,607.0],[196.0,605.0],[197.0,605.0],[197.0,604.0],[200.0,604.0],[200.0,602.0],[199.0,602.0],[199.0,600.0],[200.0,600.0],[200.0,599.0],[197.0,599.0],[197.0,600.0],[196.0,600.0],[196.0,601.0],[195.0,601.0],[195.0,602.0],[193.0,602.0],[193.0,603.0],[192.0,603.0],[192.0,605.0],[191.0,605.0],[191.0,606.0],[190.0,606.0],[190.0,607.0]]],[[[256.0,614.0],[254.0,614.0],[254.0,613.0],[253.0,613.0],[253.0,614.0],[251.0,614.0],[251.0,613.0],[250.0,613.0],[250.0,611.0],[251.0,611.0],[251.0,610.0],[252.0,610.0],[252.0,609.0],[254.0,609.0],[254.0,608.0],[259.0,608.0],[259.0,609.0],[260.0,609.0],[260.0,612.0],[259.0,612.0],[259.0,614.0],[258.0,614.0],[258.0,615.0],[256.0,615.0],[256.0,614.0]]],[[[119.0,739.0],[119.0,738.0],[115.0,738.0],[115.0,737.0],[112.0,737.0],[112.0,736.0],[111.0,736.0],[111.0,735.0],[112.0,735.0],[112.0,733.0],[114.0,733.0],[114.0,732.0],[116.0,732.0],[116.0,731.0],[118.0,731.0],[118.0,730.0],[119.0,730.0],[119.0,729.0],[123.0,729.0],[123.0,730.0],[124.0,730.0],[124.0,731.0],[123.0,731.0],[123.0,733.0],[122.0,733.0],[122.0,735.0],[121.0,735.0],[121.0,736.0],[122.0,736.0],[122.0,739.0],[119.0,739.0]]],[[[62.0,748.0],[58.0,748.0],[58.0,747.0],[56.0,747.0],[56.0,745.0],[55.0,745.0],[55.0,744.0],[54.0,744.0],[54.0,741.0],[56.0,741.0],[56.0,742.0],[58.0,742.0],[58.0,743.0],[63.0,743.0],[63.0,742.0],[65.0,742.0],[65.0,743.0],[66.0,743.0],[66.0,744.0],[67.0,744.0],[67.0,746.0],[68.0,746.0],[68.0,747.0],[67.0,747.0],[67.0,748.0],[66.0,748.0],[66.0,749.0],[65.0,749.0],[65.0,750.0],[64.0,750.0],[64.0,749.0],[62.0,749.0],[62.0,748.0]]],[[[74.0,737.0],[73.0,737.0],[73.0,736.0],[70.0,736.0],[70.0,737.0],[66.0,737.0],[66.0,736.0],[59.0,736.0],[59.0,733.0],[60.0,733.0],[60.0,732.0],[61.0,732.0],[61.0,731.0],[62.0,731.0],[62.0,732.0],[64.0,732.0],[64.0,731.0],[65.0,731.0],[65.0,732.0],[70.0,732.0],[70.0,731.0],[75.0,731.0],[75.0,730.0],[77.0,730.0],[77.0,729.0],[76.0,729.0],[76.0,728.0],[75.0,728.0],[75.0,727.0],[74.0,727.0],[74.0,724.0],[76.0,724.0],[76.0,723.0],[77.0,723.0],[77.0,721.0],[76.0,721.0],[76.0,720.0],[75.0,720.0],[75.0,719.0],[76.0,719.0],[76.0,718.0],[77.0,718.0],[77.0,717.0],[79.0,717.0],[79.0,718.0],[80.0,718.0],[80.0,719.0],[82.0,719.0],[82.0,720.0],[84.0,720.0],[84.0,721.0],[92.0,721.0],[92.0,720.0],[95.0,720.0],[95.0,719.0],[96.0,719.0],[96.0,718.0],[100.0,718.0],[100.0,719.0],[101.0,719.0],[101.0,720.0],[103.0,720.0],[103.0,721.0],[104.0,721.0],[104.0,722.0],[105.0,722.0],[105.0,721.0],[106.0,721.0],[106.0,720.0],[108.0,720.0],[108.0,721.0],[109.0,721.0],[109.0,724.0],[108.0,724.0],[108.0,729.0],[107.0,729.0],[107.0,730.0],[105.0,730.0],[105.0,731.0],[98.0,731.0],[98.0,732.0],[97.0,732.0],[97.0,733.0],[98.0,733.0],[98.0,734.0],[100.0,734.0],[100.0,735.0],[101.0,735.0],[101.0,736.0],[102.0,736.0],[102.0,737.0],[103.0,737.0],[103.0,738.0],[104.0,738.0],[104.0,739.0],[105.0,739.0],[105.0,740.0],[104.0,740.0],[104.0,742.0],[105.0,742.0],[105.0,743.0],[106.0,743.0],[106.0,744.0],[112.0,744.0],[112.0,745.0],[114.0,745.0],[114.0,746.0],[119.0,746.0],[119.0,745.0],[120.0,745.0],[120.0,746.0],[122.0,746.0],[122.0,747.0],[125.0,747.0],[125.0,745.0],[124.0,745.0],[124.0,743.0],[125.0,743.0],[125.0,742.0],[129.0,742.0],[129.0,741.0],[130.0,741.0],[130.0,740.0],[131.0,740.0],[131.0,739.0],[130.0,739.0],[130.0,738.0],[129.0,738.0],[129.0,735.0],[130.0,735.0],[130.0,734.0],[131.0,734.0],[131.0,735.0],[133.0,735.0],[133.0,734.0],[134.0,734.0],[134.0,735.0],[135.0,735.0],[135.0,736.0],[137.0,736.0],[137.0,737.0],[139.0,737.0],[139.0,738.0],[140.0,738.0],[140.0,743.0],[141.0,743.0],[141.0,746.0],[140.0,746.0],[140.0,748.0],[139.0,748.0],[139.0,751.0],[138.0,751.0],[138.0,753.0],[136.0,753.0],[136.0,754.0],[135.0,754.0],[135.0,753.0],[132.0,753.0],[132.0,752.0],[129.0,752.0],[129.0,753.0],[128.0,753.0],[128.0,754.0],[127.0,754.0],[127.0,755.0],[126.0,755.0],[126.0,756.0],[125.0,756.0],[125.0,758.0],[116.0,758.0],[116.0,759.0],[115.0,759.0],[115.0,760.0],[114.0,760.0],[114.0,761.0],[113.0,761.0],[113.0,765.0],[112.0,765.0],[112.0,766.0],[109.0,766.0],[109.0,767.0],[108.0,767.0],[108.0,766.0],[107.0,766.0],[107.0,767.0],[103.0,767.0],[103.0,766.0],[100.0,766.0],[100.0,765.0],[99.0,765.0],[99.0,764.0],[98.0,764.0],[98.0,763.0],[93.0,763.0],[93.0,764.0],[91.0,764.0],[91.0,765.0],[88.0,765.0],[88.0,767.0],[89.0,767.0],[89.0,768.0],[90.0,768.0],[90.0,769.0],[93.0,769.0],[93.0,770.0],[94.0,770.0],[94.0,771.0],[95.0,771.0],[95.0,774.0],[96.0,774.0],[96.0,775.0],[95.0,775.0],[95.0,776.0],[93.0,776.0],[93.0,777.0],[92.0,777.0],[92.0,776.0],[90.0,776.0],[90.0,775.0],[88.0,775.0],[88.0,774.0],[87.0,774.0],[87.0,773.0],[85.0,773.0],[85.0,772.0],[83.0,772.0],[83.0,771.0],[82.0,771.0],[82.0,770.0],[81.0,770.0],[81.0,769.0],[80.0,769.0],[80.0,768.0],[79.0,768.0],[79.0,764.0],[78.0,764.0],[78.0,763.0],[77.0,763.0],[77.0,762.0],[76.0,762.0],[76.0,760.0],[75.0,760.0],[75.0,759.0],[74.0,759.0],[74.0,755.0],[73.0,755.0],[73.0,754.0],[72.0,754.0],[72.0,753.0],[71.0,753.0],[71.0,752.0],[72.0,752.0],[72.0,751.0],[73.0,751.0],[73.0,750.0],[74.0,750.0],[74.0,749.0],[75.0,749.0],[75.0,748.0],[76.0,748.0],[76.0,747.0],[75.0,747.0],[75.0,746.0],[77.0,746.0],[77.0,745.0],[78.0,745.0],[78.0,744.0],[79.0,744.0],[79.0,743.0],[80.0,743.0],[80.0,741.0],[81.0,741.0],[81.0,739.0],[80.0,739.0],[80.0,738.0],[79.0,738.0],[79.0,737.0],[75.0,737.0],[75.0,738.0],[74.0,738.0],[74.0,737.0]]],[[[286.0,858.0],[286.0,859.0],[285.0,859.0],[285.0,858.0],[284.0,858.0],[284.0,856.0],[283.0,856.0],[283.0,855.0],[284.0,855.0],[284.0,853.0],[285.0,853.0],[285.0,850.0],[284.0,850.0],[284.0,849.0],[285.0,849.0],[285.0,848.0],[286.0,848.0],[286.0,847.0],[287.0,847.0],[287.0,846.0],[289.0,846.0],[289.0,847.0],[291.0,847.0],[291.0,846.0],[294.0,846.0],[294.0,847.0],[295.0,847.0],[295.0,848.0],[296.0,848.0],[296.0,851.0],[295.0,851.0],[295.0,852.0],[294.0,852.0],[294.0,853.0],[293.0,853.0],[293.0,854.0],[292.0,854.0],[292.0,856.0],[293.0,856.0],[293.0,857.0],[294.0,857.0],[294.0,858.0],[295.0,858.0],[295.0,860.0],[296.0,860.0],[296.0,862.0],[295.0,862.0],[295.0,863.0],[294.0,863.0],[294.0,864.0],[292.0,864.0],[292.0,863.0],[289.0,863.0],[289.0,862.0],[288.0,862.0],[288.0,860.0],[287.0,860.0],[287.0,858.0],[286.0,858.0]]],[[[265.0,900.0],[264.0,900.0],[264.0,899.0],[262.0,899.0],[262.0,900.0],[260.0,900.0],[260.0,899.0],[259.0,899.0],[259.0,895.0],[260.0,895.0],[260.0,894.0],[261.0,894.0],[261.0,893.0],[264.0,893.0],[264.0,894.0],[266.0,894.0],[266.0,893.0],[267.0,893.0],[267.0,892.0],[271.0,892.0],[271.0,893.0],[272.0,893.0],[272.0,896.0],[273.0,896.0],[273.0,897.0],[272.0,897.0],[272.0,900.0],[273.0,900.0],[273.0,901.0],[274.0,901.0],[274.0,904.0],[273.0,904.0],[273.0,905.0],[270.0,905.0],[270.0,906.0],[268.0,906.0],[268.0,905.0],[267.0,905.0],[267.0,904.0],[266.0,904.0],[266.0,901.0],[265.0,901.0],[265.0,900.0]]],[[[275.0,951.0],[274.0,951.0],[274.0,953.0],[273.0,953.0],[273.0,954.0],[271.0,954.0],[271.0,953.0],[270.0,953.0],[270.0,944.0],[271.0,944.0],[271.0,942.0],[272.0,942.0],[272.0,941.0],[275.0,941.0],[275.0,942.0],[276.0,942.0],[276.0,943.0],[277.0,943.0],[277.0,944.0],[276.0,944.0],[276.0,947.0],[275.0,947.0],[275.0,951.0]]],[[[265.0,988.0],[265.0,987.0],[264.0,987.0],[264.0,985.0],[263.0,985.0],[263.0,981.0],[262.0,981.0],[262.0,977.0],[263.0,977.0],[263.0,976.0],[264.0,976.0],[264.0,975.0],[265.0,975.0],[265.0,976.0],[266.0,976.0],[266.0,977.0],[267.0,977.0],[267.0,978.0],[268.0,978.0],[268.0,980.0],[271.0,980.0],[271.0,979.0],[272.0,979.0],[272.0,980.0],[273.0,980.0],[273.0,982.0],[274.0,982.0],[274.0,985.0],[273.0,985.0],[273.0,986.0],[272.0,986.0],[272.0,988.0],[271.0,988.0],[271.0,989.0],[270.0,989.0],[270.0,990.0],[267.0,990.0],[267.0,989.0],[266.0,989.0],[266.0,988.0],[265.0,988.0]]],[[[254.0,1023.0],[253.0,1023.0],[253.0,1022.0],[251.0,1022.0],[251.0,1021.0],[250.0,1021.0],[250.0,1019.0],[249.0,1019.0],[249.0,1018.0],[250.0,1018.0],[250.0,1017.0],[252.0,1017.0],[252.0,1016.0],[254.0,1016.0],[254.0,1017.0],[255.0,1017.0],[255.0,1018.0],[259.0,1018.0],[259.0,1017.0],[261.0,1017.0],[261.0,1016.0],[264.0,1016.0],[264.0,1017.0],[265.0,1017.0],[265.0,1019.0],[264.0,1019.0],[264.0,1024.0],[265.0,1024.0],[265.0,1025.0],[266.0,1025.0],[266.0,1029.0],[265.0,1029.0],[265.0,1031.0],[264.0,1031.0],[264.0,1032.0],[263.0,1032.0],[263.0,1033.0],[261.0,1033.0],[261.0,1032.0],[260.0,1032.0],[260.0,1029.0],[259.0,1029.0],[259.0,1026.0],[258.0,1026.0],[258.0,1025.0],[255.0,1025.0],[255.0,1024.0],[254.0,1024.0],[254.0,1023.0]]],[[[296.0,1042.0],[294.0,1042.0],[294.0,1043.0],[290.0,1043.0],[290.0,1042.0],[289.0,1042.0],[289.0,1041.0],[288.0,1041.0],[288.0,1039.0],[289.0,1039.0],[289.0,1038.0],[291.0,1038.0],[291.0,1037.0],[295.0,1037.0],[295.0,1038.0],[296.0,1038.0],[296.0,1039.0],[297.0,1039.0],[297.0,1041.0],[296.0,1041.0],[296.0,1042.0]]],[[[311.0,229.0],[311.0,228.0],[310.0,228.0],[310.0,226.0],[309.0,226.0],[309.0,224.0],[308.0,224.0],[308.0,215.0],[309.0,215.0],[309.0,214.0],[310.0,214.0],[310.0,213.0],[311.0,213.0],[311.0,212.0],[312.0,212.0],[312.0,211.0],[318.0,211.0],[318.0,210.0],[322.0,210.0],[322.0,211.0],[324.0,211.0],[324.0,212.0],[325.0,212.0],[325.0,215.0],[324.0,215.0],[324.0,217.0],[323.0,217.0],[323.0,218.0],[322.0,218.0],[322.0,219.0],[321.0,219.0],[321.0,220.0],[320.0,220.0],[320.0,221.0],[319.0,221.0],[319.0,223.0],[318.0,223.0],[318.0,225.0],[317.0,225.0],[317.0,227.0],[316.0,227.0],[316.0,228.0],[315.0,228.0],[315.0,229.0],[311.0,229.0]]],[[[257.0,308.0],[254.0,308.0],[254.0,307.0],[252.0,307.0],[252.0,306.0],[251.0,306.0],[251.0,305.0],[250.0,305.0],[250.0,302.0],[251.0,302.0],[251.0,301.0],[252.0,301.0],[252.0,300.0],[253.0,300.0],[253.0,301.0],[254.0,301.0],[254.0,300.0],[255.0,300.0],[255.0,299.0],[256.0,299.0],[256.0,298.0],[258.0,298.0],[258.0,299.0],[259.0,299.0],[259.0,301.0],[261.0,301.0],[261.0,302.0],[263.0,302.0],[263.0,301.0],[265.0,301.0],[265.0,300.0],[266.0,300.0],[266.0,298.0],[267.0,298.0],[267.0,295.0],[268.0,295.0],[268.0,294.0],[269.0,294.0],[269.0,293.0],[270.0,293.0],[270.0,289.0],[269.0,289.0],[269.0,288.0],[267.0,288.0],[267.0,287.0],[265.0,287.0],[265.0,286.0],[264.0,286.0],[264.0,284.0],[263.0,284.0],[263.0,283.0],[264.0,283.0],[264.0,281.0],[265.0,281.0],[265.0,278.0],[263.0,278.0],[263.0,277.0],[262.0,277.0],[262.0,276.0],[261.0,276.0],[261.0,275.0],[259.0,275.0],[259.0,274.0],[258.0,274.0],[258.0,273.0],[257.0,273.0],[257.0,268.0],[258.0,268.0],[258.0,266.0],[259.0,266.0],[259.0,265.0],[262.0,265.0],[262.0,264.0],[263.0,264.0],[263.0,265.0],[264.0,265.0],[264.0,266.0],[268.0,266.0],[268.0,267.0],[269.0,267.0],[269.0,268.0],[270.0,268.0],[270.0,269.0],[271.0,269.0],[271.0,271.0],[272.0,271.0],[272.0,273.0],[273.0,273.0],[273.0,275.0],[274.0,275.0],[274.0,276.0],[275.0,276.0],[275.0,275.0],[276.0,275.0],[276.0,272.0],[275.0,272.0],[275.0,270.0],[274.0,270.0],[274.0,265.0],[273.0,265.0],[273.0,264.0],[272.0,264.0],[272.0,263.0],[271.0,263.0],[271.0,262.0],[268.0,262.0],[268.0,261.0],[266.0,261.0],[266.0,260.0],[265.0,260.0],[265.0,259.0],[263.0,259.0],[263.0,258.0],[261.0,258.0],[261.0,257.0],[260.0,257.0],[260.0,256.0],[258.0,256.0],[258.0,255.0],[257.0,255.0],[257.0,254.0],[256.0,254.0],[256.0,249.0],[257.0,249.0],[257.0,244.0],[258.0,244.0],[258.0,243.0],[259.0,243.0],[259.0,240.0],[258.0,240.0],[258.0,238.0],[259.0,238.0],[259.0,237.0],[261.0,237.0],[261.0,238.0],[265.0,238.0],[265.0,237.0],[266.0,237.0],[266.0,235.0],[267.0,235.0],[267.0,234.0],[271.0,234.0],[271.0,232.0],[272.0,232.0],[272.0,231.0],[278.0,231.0],[278.0,230.0],[279.0,230.0],[279.0,229.0],[281.0,229.0],[281.0,228.0],[282.0,228.0],[282.0,226.0],[283.0,226.0],[283.0,223.0],[282.0,223.0],[282.0,222.0],[283.0,222.0],[283.0,221.0],[284.0,221.0],[284.0,220.0],[285.0,220.0],[285.0,221.0],[286.0,221.0],[286.0,222.0],[287.0,222.0],[287.0,223.0],[288.0,223.0],[288.0,224.0],[289.0,224.0],[289.0,225.0],[290.0,225.0],[290.0,227.0],[291.0,227.0],[291.0,228.0],[293.0,228.0],[293.0,229.0],[294.0,229.0],[294.0,230.0],[295.0,230.0],[295.0,231.0],[296.0,231.0],[296.0,232.0],[297.0,232.0],[297.0,233.0],[298.0,233.0],[298.0,234.0],[299.0,234.0],[299.0,237.0],[300.0,237.0],[300.0,238.0],[301.0,238.0],[301.0,239.0],[302.0,239.0],[302.0,240.0],[305.0,240.0],[305.0,238.0],[306.0,238.0],[306.0,237.0],[307.0,237.0],[307.0,236.0],[309.0,236.0],[309.0,237.0],[310.0,237.0],[310.0,240.0],[311.0,240.0],[311.0,241.0],[312.0,241.0],[312.0,242.0],[313.0,242.0],[313.0,245.0],[312.0,245.0],[312.0,252.0],[314.0,252.0],[314.0,250.0],[315.0,250.0],[315.0,249.0],[316.0,249.0],[316.0,244.0],[317.0,244.0],[317.0,242.0],[318.0,242.0],[318.0,241.0],[319.0,241.0],[319.0,240.0],[322.0,240.0],[322.0,238.0],[321.0,238.0],[321.0,237.0],[322.0,237.0],[322.0,236.0],[323.0,236.0],[323.0,234.0],[324.0,234.0],[324.0,232.0],[325.0,232.0],[325.0,231.0],[326.0,231.0],[326.0,229.0],[327.0,229.0],[327.0,227.0],[328.0,227.0],[328.0,225.0],[329.0,225.0],[329.0,224.0],[330.0,224.0],[330.0,223.0],[332.0,223.0],[332.0,221.0],[333.0,221.0],[333.0,220.0],[334.0,220.0],[334.0,219.0],[337.0,219.0],[337.0,220.0],[338.0,220.0],[338.0,221.0],[337.0,221.0],[337.0,222.0],[336.0,222.0],[336.0,224.0],[335.0,224.0],[335.0,229.0],[334.0,229.0],[334.0,230.0],[335.0,230.0],[335.0,231.0],[336.0,231.0],[336.0,233.0],[337.0,233.0],[337.0,234.0],[342.0,234.0],[342.0,235.0],[343.0,235.0],[343.0,236.0],[344.0,236.0],[344.0,237.0],[345.0,237.0],[345.0,238.0],[346.0,238.0],[346.0,242.0],[349.0,242.0],[349.0,243.0],[350.0,243.0],[350.0,244.0],[351.0,244.0],[351.0,245.0],[352.0,245.0],[352.0,246.0],[353.0,246.0],[353.0,247.0],[352.0,247.0],[352.0,250.0],[354.0,250.0],[354.0,251.0],[355.0,251.0],[355.0,252.0],[359.0,252.0],[359.0,253.0],[360.0,253.0],[360.0,254.0],[361.0,254.0],[361.0,255.0],[362.0,255.0],[362.0,257.0],[363.0,257.0],[363.0,260.0],[365.0,260.0],[365.0,261.0],[369.0,261.0],[369.0,260.0],[375.0,260.0],[375.0,261.0],[376.0,261.0],[376.0,262.0],[377.0,262.0],[377.0,263.0],[376.0,263.0],[376.0,264.0],[375.0,264.0],[375.0,265.0],[374.0,265.0],[374.0,266.0],[373.0,266.0],[373.0,267.0],[372.0,267.0],[372.0,268.0],[371.0,268.0],[371.0,269.0],[365.0,269.0],[365.0,272.0],[364.0,272.0],[364.0,275.0],[363.0,275.0],[363.0,276.0],[362.0,276.0],[362.0,277.0],[360.0,277.0],[360.0,278.0],[355.0,278.0],[355.0,281.0],[359.0,281.0],[359.0,282.0],[361.0,282.0],[361.0,283.0],[362.0,283.0],[362.0,284.0],[363.0,284.0],[363.0,285.0],[362.0,285.0],[362.0,287.0],[361.0,287.0],[361.0,288.0],[360.0,288.0],[360.0,289.0],[357.0,289.0],[357.0,290.0],[355.0,290.0],[355.0,289.0],[349.0,289.0],[349.0,290.0],[347.0,290.0],[347.0,289.0],[345.0,289.0],[345.0,288.0],[343.0,288.0],[343.0,289.0],[341.0,289.0],[341.0,288.0],[337.0,288.0],[337.0,289.0],[336.0,289.0],[336.0,291.0],[335.0,291.0],[335.0,292.0],[334.0,292.0],[334.0,293.0],[333.0,293.0],[333.0,294.0],[330.0,294.0],[330.0,293.0],[329.0,293.0],[329.0,292.0],[327.0,292.0],[327.0,291.0],[326.0,291.0],[326.0,290.0],[324.0,290.0],[324.0,289.0],[318.0,289.0],[318.0,288.0],[316.0,288.0],[316.0,290.0],[317.0,290.0],[317.0,291.0],[318.0,291.0],[318.0,293.0],[319.0,293.0],[319.0,294.0],[320.0,294.0],[320.0,295.0],[321.0,295.0],[321.0,297.0],[322.0,297.0],[322.0,299.0],[323.0,299.0],[323.0,304.0],[322.0,304.0],[322.0,305.0],[319.0,305.0],[319.0,306.0],[318.0,306.0],[318.0,307.0],[316.0,307.0],[316.0,308.0],[315.0,308.0],[315.0,311.0],[316.0,311.0],[316.0,314.0],[315.0,314.0],[315.0,315.0],[314.0,315.0],[314.0,316.0],[313.0,316.0],[313.0,317.0],[311.0,317.0],[311.0,318.0],[310.0,318.0],[310.0,319.0],[309.0,319.0],[309.0,320.0],[308.0,320.0],[308.0,323.0],[307.0,323.0],[307.0,325.0],[308.0,325.0],[308.0,327.0],[309.0,327.0],[309.0,330.0],[308.0,330.0],[308.0,331.0],[307.0,331.0],[307.0,332.0],[306.0,332.0],[306.0,333.0],[304.0,333.0],[304.0,334.0],[303.0,334.0],[303.0,335.0],[301.0,335.0],[301.0,334.0],[300.0,334.0],[300.0,333.0],[295.0,333.0],[295.0,332.0],[293.0,332.0],[293.0,331.0],[291.0,331.0],[291.0,330.0],[290.0,330.0],[290.0,327.0],[291.0,327.0],[291.0,326.0],[290.0,326.0],[290.0,324.0],[289.0,324.0],[289.0,323.0],[285.0,323.0],[285.0,322.0],[280.0,322.0],[280.0,321.0],[279.0,321.0],[279.0,319.0],[278.0,319.0],[278.0,318.0],[275.0,318.0],[275.0,319.0],[274.0,319.0],[274.0,320.0],[273.0,320.0],[273.0,321.0],[271.0,321.0],[271.0,320.0],[270.0,320.0],[270.0,319.0],[269.0,319.0],[269.0,318.0],[268.0,318.0],[268.0,317.0],[267.0,317.0],[267.0,316.0],[266.0,316.0],[266.0,317.0],[264.0,317.0],[264.0,316.0],[263.0,316.0],[263.0,315.0],[262.0,315.0],[262.0,313.0],[261.0,313.0],[261.0,311.0],[260.0,311.0],[260.0,307.0],[257.0,307.0],[257.0,308.0]]],[[[322.0,342.0],[318.0,342.0],[318.0,341.0],[315.0,341.0],[315.0,340.0],[313.0,340.0],[313.0,339.0],[312.0,339.0],[312.0,337.0],[313.0,337.0],[313.0,336.0],[315.0,336.0],[315.0,335.0],[317.0,335.0],[317.0,336.0],[319.0,336.0],[319.0,337.0],[320.0,337.0],[320.0,338.0],[322.0,338.0],[322.0,339.0],[324.0,339.0],[324.0,338.0],[325.0,338.0],[325.0,337.0],[326.0,337.0],[326.0,336.0],[327.0,336.0],[327.0,332.0],[326.0,332.0],[326.0,329.0],[325.0,329.0],[325.0,327.0],[324.0,327.0],[324.0,324.0],[323.0,324.0],[323.0,322.0],[324.0,322.0],[324.0,321.0],[326.0,321.0],[326.0,318.0],[327.0,318.0],[327.0,317.0],[334.0,317.0],[334.0,318.0],[335.0,318.0],[335.0,319.0],[339.0,319.0],[339.0,318.0],[340.0,318.0],[340.0,317.0],[341.0,317.0],[341.0,316.0],[342.0,316.0],[342.0,312.0],[343.0,312.0],[343.0,306.0],[344.0,306.0],[344.0,305.0],[345.0,305.0],[345.0,304.0],[346.0,304.0],[346.0,303.0],[348.0,303.0],[348.0,304.0],[356.0,304.0],[356.0,305.0],[357.0,305.0],[357.0,306.0],[358.0,306.0],[358.0,307.0],[359.0,307.0],[359.0,310.0],[360.0,310.0],[360.0,312.0],[361.0,312.0],[361.0,313.0],[363.0,313.0],[363.0,314.0],[369.0,314.0],[369.0,313.0],[374.0,313.0],[374.0,314.0],[375.0,314.0],[375.0,317.0],[374.0,317.0],[374.0,318.0],[373.0,318.0],[373.0,319.0],[371.0,319.0],[371.0,320.0],[370.0,320.0],[370.0,321.0],[368.0,321.0],[368.0,322.0],[365.0,322.0],[365.0,323.0],[360.0,323.0],[360.0,322.0],[358.0,322.0],[358.0,323.0],[357.0,323.0],[357.0,324.0],[356.0,324.0],[356.0,327.0],[355.0,327.0],[355.0,330.0],[354.0,330.0],[354.0,331.0],[353.0,331.0],[353.0,332.0],[354.0,332.0],[354.0,333.0],[353.0,333.0],[353.0,334.0],[350.0,334.0],[350.0,335.0],[349.0,335.0],[349.0,336.0],[345.0,336.0],[345.0,335.0],[344.0,335.0],[344.0,336.0],[341.0,336.0],[341.0,335.0],[340.0,335.0],[340.0,334.0],[338.0,334.0],[338.0,335.0],[337.0,335.0],[337.0,336.0],[336.0,336.0],[336.0,338.0],[335.0,338.0],[335.0,340.0],[334.0,340.0],[334.0,342.0],[333.0,342.0],[333.0,343.0],[332.0,343.0],[332.0,344.0],[330.0,344.0],[330.0,343.0],[329.0,343.0],[329.0,344.0],[324.0,344.0],[324.0,343.0],[322.0,343.0],[322.0,342.0]]],[[[561.0,351.0],[561.0,352.0],[555.0,352.0],[555.0,353.0],[550.0,353.0],[550.0,352.0],[549.0,352.0],[549.0,349.0],[550.0,349.0],[550.0,348.0],[551.0,348.0],[551.0,347.0],[554.0,347.0],[554.0,346.0],[555.0,346.0],[555.0,345.0],[557.0,345.0],[557.0,344.0],[559.0,344.0],[559.0,343.0],[564.0,343.0],[564.0,344.0],[566.0,344.0],[566.0,345.0],[570.0,345.0],[570.0,344.0],[571.0,344.0],[571.0,343.0],[575.0,343.0],[575.0,342.0],[577.0,342.0],[577.0,341.0],[580.0,341.0],[580.0,342.0],[581.0,342.0],[581.0,343.0],[582.0,343.0],[582.0,345.0],[581.0,345.0],[581.0,346.0],[578.0,346.0],[578.0,347.0],[577.0,347.0],[577.0,346.0],[576.0,346.0],[576.0,347.0],[575.0,347.0],[575.0,348.0],[574.0,348.0],[574.0,349.0],[572.0,349.0],[572.0,350.0],[571.0,350.0],[571.0,353.0],[570.0,353.0],[570.0,354.0],[571.0,354.0],[571.0,356.0],[570.0,356.0],[570.0,359.0],[569.0,359.0],[569.0,360.0],[567.0,360.0],[567.0,361.0],[566.0,361.0],[566.0,362.0],[564.0,362.0],[564.0,361.0],[563.0,361.0],[563.0,355.0],[564.0,355.0],[564.0,353.0],[563.0,353.0],[563.0,351.0],[561.0,351.0]]],[[[557.0,450.0],[556.0,450.0],[556.0,447.0],[557.0,447.0],[557.0,445.0],[552.0,445.0],[552.0,444.0],[551.0,444.0],[551.0,442.0],[552.0,442.0],[552.0,441.0],[553.0,441.0],[553.0,440.0],[554.0,440.0],[554.0,435.0],[555.0,435.0],[555.0,434.0],[560.0,434.0],[560.0,433.0],[562.0,433.0],[562.0,432.0],[566.0,432.0],[566.0,433.0],[567.0,433.0],[567.0,436.0],[568.0,436.0],[568.0,437.0],[567.0,437.0],[567.0,438.0],[566.0,438.0],[566.0,440.0],[569.0,440.0],[569.0,441.0],[572.0,441.0],[572.0,440.0],[573.0,440.0],[573.0,439.0],[576.0,439.0],[576.0,440.0],[577.0,440.0],[577.0,442.0],[578.0,442.0],[578.0,443.0],[579.0,443.0],[579.0,444.0],[580.0,444.0],[580.0,445.0],[581.0,445.0],[581.0,446.0],[582.0,446.0],[582.0,447.0],[583.0,447.0],[583.0,448.0],[584.0,448.0],[584.0,449.0],[583.0,449.0],[583.0,450.0],[579.0,450.0],[579.0,449.0],[578.0,449.0],[578.0,448.0],[576.0,448.0],[576.0,447.0],[574.0,447.0],[574.0,450.0],[575.0,450.0],[575.0,452.0],[574.0,452.0],[574.0,453.0],[575.0,453.0],[575.0,454.0],[574.0,454.0],[574.0,458.0],[573.0,458.0],[573.0,459.0],[569.0,459.0],[569.0,458.0],[568.0,458.0],[568.0,455.0],[566.0,455.0],[566.0,454.0],[564.0,454.0],[564.0,453.0],[563.0,453.0],[563.0,454.0],[562.0,454.0],[562.0,453.0],[560.0,453.0],[560.0,452.0],[559.0,452.0],[559.0,451.0],[557.0,451.0],[557.0,450.0]]],[[[545.0,464.0],[544.0,464.0],[544.0,465.0],[542.0,465.0],[542.0,464.0],[541.0,464.0],[541.0,463.0],[540.0,463.0],[540.0,456.0],[541.0,456.0],[541.0,455.0],[543.0,455.0],[543.0,454.0],[544.0,454.0],[544.0,453.0],[547.0,453.0],[547.0,452.0],[548.0,452.0],[548.0,453.0],[549.0,453.0],[549.0,455.0],[548.0,455.0],[548.0,456.0],[547.0,456.0],[547.0,458.0],[548.0,458.0],[548.0,459.0],[547.0,459.0],[547.0,460.0],[546.0,460.0],[546.0,461.0],[547.0,461.0],[547.0,462.0],[546.0,462.0],[546.0,463.0],[545.0,463.0],[545.0,464.0]]],[[[434.0,470.0],[434.0,471.0],[432.0,471.0],[432.0,472.0],[426.0,472.0],[426.0,471.0],[425.0,471.0],[425.0,468.0],[426.0,468.0],[426.0,467.0],[427.0,467.0],[427.0,466.0],[428.0,466.0],[428.0,465.0],[429.0,465.0],[429.0,464.0],[433.0,464.0],[433.0,463.0],[437.0,463.0],[437.0,462.0],[440.0,462.0],[440.0,463.0],[441.0,463.0],[441.0,465.0],[440.0,465.0],[440.0,466.0],[438.0,466.0],[438.0,467.0],[437.0,467.0],[437.0,468.0],[435.0,468.0],[435.0,470.0],[434.0,470.0]]],[[[587.0,483.0],[588.0,483.0],[588.0,485.0],[587.0,485.0],[587.0,486.0],[583.0,486.0],[583.0,485.0],[582.0,485.0],[582.0,482.0],[583.0,482.0],[583.0,481.0],[586.0,481.0],[586.0,482.0],[587.0,482.0],[587.0,483.0]]],[[[376.0,491.0],[370.0,491.0],[370.0,490.0],[369.0,490.0],[369.0,489.0],[368.0,489.0],[368.0,488.0],[367.0,488.0],[367.0,487.0],[368.0,487.0],[368.0,486.0],[369.0,486.0],[369.0,485.0],[370.0,485.0],[370.0,484.0],[373.0,484.0],[373.0,485.0],[375.0,485.0],[375.0,486.0],[377.0,486.0],[377.0,487.0],[378.0,487.0],[378.0,488.0],[377.0,488.0],[377.0,490.0],[376.0,490.0],[376.0,491.0]]],[[[475.0,497.0],[475.0,498.0],[472.0,498.0],[472.0,497.0],[471.0,497.0],[471.0,495.0],[470.0,495.0],[470.0,492.0],[471.0,492.0],[471.0,491.0],[473.0,491.0],[473.0,490.0],[474.0,490.0],[474.0,488.0],[475.0,488.0],[475.0,486.0],[476.0,486.0],[476.0,485.0],[477.0,485.0],[477.0,484.0],[479.0,484.0],[479.0,483.0],[481.0,483.0],[481.0,482.0],[483.0,482.0],[483.0,481.0],[486.0,481.0],[486.0,482.0],[487.0,482.0],[487.0,485.0],[486.0,485.0],[486.0,486.0],[484.0,486.0],[484.0,487.0],[483.0,487.0],[483.0,488.0],[482.0,488.0],[482.0,489.0],[480.0,489.0],[480.0,491.0],[479.0,491.0],[479.0,492.0],[480.0,492.0],[480.0,493.0],[479.0,493.0],[479.0,495.0],[478.0,495.0],[478.0,496.0],[477.0,496.0],[477.0,497.0],[475.0,497.0]]],[[[344.0,495.0],[343.0,495.0],[343.0,496.0],[340.0,496.0],[340.0,495.0],[339.0,495.0],[339.0,489.0],[338.0,489.0],[338.0,488.0],[339.0,488.0],[339.0,487.0],[341.0,487.0],[341.0,485.0],[342.0,485.0],[342.0,484.0],[344.0,484.0],[344.0,485.0],[345.0,485.0],[345.0,486.0],[344.0,486.0],[344.0,488.0],[343.0,488.0],[343.0,493.0],[344.0,493.0],[344.0,495.0]]],[[[423.0,499.0],[421.0,499.0],[421.0,500.0],[415.0,500.0],[415.0,499.0],[413.0,499.0],[413.0,498.0],[412.0,498.0],[412.0,496.0],[413.0,496.0],[413.0,495.0],[414.0,495.0],[414.0,494.0],[417.0,494.0],[417.0,493.0],[418.0,493.0],[418.0,492.0],[422.0,492.0],[422.0,493.0],[423.0,493.0],[423.0,494.0],[424.0,494.0],[424.0,495.0],[425.0,495.0],[425.0,497.0],[424.0,497.0],[424.0,498.0],[423.0,498.0],[423.0,499.0]]],[[[322.0,588.0],[322.0,587.0],[321.0,587.0],[321.0,586.0],[320.0,586.0],[320.0,583.0],[319.0,583.0],[319.0,582.0],[320.0,582.0],[320.0,581.0],[321.0,581.0],[321.0,580.0],[323.0,580.0],[323.0,581.0],[324.0,581.0],[324.0,582.0],[325.0,582.0],[325.0,583.0],[326.0,583.0],[326.0,585.0],[327.0,585.0],[327.0,588.0],[326.0,588.0],[326.0,589.0],[323.0,589.0],[323.0,588.0],[322.0,588.0]]],[[[338.0,596.0],[333.0,596.0],[333.0,595.0],[332.0,595.0],[332.0,594.0],[333.0,594.0],[333.0,591.0],[332.0,591.0],[332.0,590.0],[333.0,590.0],[333.0,589.0],[334.0,589.0],[334.0,588.0],[335.0,588.0],[335.0,589.0],[338.0,589.0],[338.0,590.0],[339.0,590.0],[339.0,593.0],[338.0,593.0],[338.0,594.0],[339.0,594.0],[339.0,595.0],[338.0,595.0],[338.0,596.0]]],[[[380.0,625.0],[375.0,625.0],[375.0,624.0],[374.0,624.0],[374.0,623.0],[373.0,623.0],[373.0,622.0],[372.0,622.0],[372.0,620.0],[373.0,620.0],[373.0,619.0],[374.0,619.0],[374.0,618.0],[378.0,618.0],[378.0,619.0],[380.0,619.0],[380.0,620.0],[381.0,620.0],[381.0,622.0],[382.0,622.0],[382.0,623.0],[381.0,623.0],[381.0,624.0],[380.0,624.0],[380.0,625.0]]],[[[340.0,631.0],[340.0,632.0],[333.0,632.0],[333.0,631.0],[330.0,631.0],[330.0,630.0],[329.0,630.0],[329.0,629.0],[330.0,629.0],[330.0,628.0],[332.0,628.0],[332.0,627.0],[335.0,627.0],[335.0,628.0],[336.0,628.0],[336.0,626.0],[337.0,626.0],[337.0,625.0],[338.0,625.0],[338.0,624.0],[339.0,624.0],[339.0,625.0],[341.0,625.0],[341.0,624.0],[342.0,624.0],[342.0,621.0],[341.0,621.0],[341.0,620.0],[340.0,620.0],[340.0,619.0],[341.0,619.0],[341.0,618.0],[344.0,618.0],[344.0,617.0],[345.0,617.0],[345.0,616.0],[346.0,616.0],[346.0,615.0],[348.0,615.0],[348.0,616.0],[349.0,616.0],[349.0,617.0],[350.0,617.0],[350.0,618.0],[351.0,618.0],[351.0,619.0],[358.0,619.0],[358.0,620.0],[359.0,620.0],[359.0,621.0],[360.0,621.0],[360.0,622.0],[361.0,622.0],[361.0,624.0],[362.0,624.0],[362.0,625.0],[363.0,625.0],[363.0,627.0],[362.0,627.0],[362.0,628.0],[360.0,628.0],[360.0,629.0],[357.0,629.0],[357.0,628.0],[350.0,628.0],[350.0,629.0],[348.0,629.0],[348.0,630.0],[346.0,630.0],[346.0,631.0],[345.0,631.0],[345.0,632.0],[343.0,632.0],[343.0,631.0],[340.0,631.0]]],[[[568.0,716.0],[567.0,716.0],[567.0,715.0],[568.0,715.0],[568.0,713.0],[567.0,713.0],[567.0,712.0],[566.0,712.0],[566.0,709.0],[567.0,709.0],[567.0,708.0],[571.0,708.0],[571.0,709.0],[573.0,709.0],[573.0,710.0],[574.0,710.0],[574.0,711.0],[575.0,711.0],[575.0,712.0],[576.0,712.0],[576.0,713.0],[577.0,713.0],[577.0,714.0],[578.0,714.0],[578.0,715.0],[579.0,715.0],[579.0,716.0],[578.0,716.0],[578.0,717.0],[577.0,717.0],[577.0,718.0],[575.0,718.0],[575.0,717.0],[571.0,717.0],[571.0,718.0],[569.0,718.0],[569.0,717.0],[568.0,717.0],[568.0,716.0]]],[[[517.0,731.0],[515.0,731.0],[515.0,732.0],[512.0,732.0],[512.0,731.0],[511.0,731.0],[511.0,730.0],[510.0,730.0],[510.0,728.0],[511.0,728.0],[511.0,726.0],[512.0,726.0],[512.0,725.0],[515.0,725.0],[515.0,726.0],[516.0,726.0],[516.0,727.0],[517.0,727.0],[517.0,728.0],[518.0,728.0],[518.0,730.0],[517.0,730.0],[517.0,731.0]]],[[[366.0,759.0],[366.0,758.0],[363.0,758.0],[363.0,757.0],[362.0,757.0],[362.0,755.0],[361.0,755.0],[361.0,753.0],[362.0,753.0],[362.0,752.0],[370.0,752.0],[370.0,751.0],[372.0,751.0],[372.0,750.0],[378.0,750.0],[378.0,751.0],[379.0,751.0],[379.0,755.0],[378.0,755.0],[378.0,756.0],[377.0,756.0],[377.0,757.0],[374.0,757.0],[374.0,756.0],[371.0,756.0],[371.0,757.0],[370.0,757.0],[370.0,758.0],[369.0,758.0],[369.0,759.0],[366.0,759.0]]],[[[318.0,778.0],[316.0,778.0],[316.0,777.0],[312.0,777.0],[312.0,776.0],[310.0,776.0],[310.0,775.0],[309.0,775.0],[309.0,773.0],[310.0,773.0],[310.0,772.0],[311.0,772.0],[311.0,771.0],[312.0,771.0],[312.0,770.0],[315.0,770.0],[315.0,771.0],[316.0,771.0],[316.0,772.0],[319.0,772.0],[319.0,773.0],[320.0,773.0],[320.0,774.0],[321.0,774.0],[321.0,775.0],[320.0,775.0],[320.0,776.0],[319.0,776.0],[319.0,777.0],[318.0,777.0],[318.0,778.0]]],[[[407.0,785.0],[406.0,785.0],[406.0,786.0],[403.0,786.0],[403.0,785.0],[400.0,785.0],[400.0,784.0],[399.0,784.0],[399.0,781.0],[400.0,781.0],[400.0,779.0],[401.0,779.0],[401.0,778.0],[402.0,778.0],[402.0,777.0],[406.0,777.0],[406.0,778.0],[407.0,778.0],[407.0,779.0],[410.0,779.0],[410.0,780.0],[411.0,780.0],[411.0,782.0],[410.0,782.0],[410.0,783.0],[409.0,783.0],[409.0,784.0],[407.0,784.0],[407.0,785.0]]],[[[438.0,796.0],[438.0,797.0],[430.0,797.0],[430.0,796.0],[429.0,796.0],[429.0,795.0],[428.0,795.0],[428.0,791.0],[429.0,791.0],[429.0,790.0],[434.0,790.0],[434.0,791.0],[436.0,791.0],[436.0,792.0],[437.0,792.0],[437.0,793.0],[438.0,793.0],[438.0,794.0],[439.0,794.0],[439.0,796.0],[438.0,796.0]]],[[[450.0,813.0],[449.0,813.0],[449.0,812.0],[444.0,812.0],[444.0,811.0],[443.0,811.0],[443.0,810.0],[442.0,810.0],[442.0,807.0],[443.0,807.0],[443.0,806.0],[444.0,806.0],[444.0,805.0],[446.0,805.0],[446.0,804.0],[447.0,804.0],[447.0,802.0],[448.0,802.0],[448.0,800.0],[449.0,800.0],[449.0,799.0],[448.0,799.0],[448.0,797.0],[447.0,797.0],[447.0,796.0],[446.0,796.0],[446.0,793.0],[445.0,793.0],[445.0,792.0],[446.0,792.0],[446.0,791.0],[448.0,791.0],[448.0,790.0],[449.0,790.0],[449.0,791.0],[455.0,791.0],[455.0,790.0],[457.0,790.0],[457.0,789.0],[459.0,789.0],[459.0,790.0],[460.0,790.0],[460.0,788.0],[459.0,788.0],[459.0,787.0],[457.0,787.0],[457.0,786.0],[456.0,786.0],[456.0,783.0],[457.0,783.0],[457.0,782.0],[456.0,782.0],[456.0,781.0],[457.0,781.0],[457.0,780.0],[458.0,780.0],[458.0,777.0],[459.0,777.0],[459.0,776.0],[461.0,776.0],[461.0,777.0],[463.0,777.0],[463.0,778.0],[464.0,778.0],[464.0,779.0],[465.0,779.0],[465.0,780.0],[466.0,780.0],[466.0,781.0],[467.0,781.0],[467.0,782.0],[472.0,782.0],[472.0,781.0],[473.0,781.0],[473.0,780.0],[474.0,780.0],[474.0,779.0],[475.0,779.0],[475.0,777.0],[476.0,777.0],[476.0,776.0],[477.0,776.0],[477.0,775.0],[479.0,775.0],[479.0,774.0],[483.0,774.0],[483.0,775.0],[484.0,775.0],[484.0,776.0],[486.0,776.0],[486.0,775.0],[490.0,775.0],[490.0,776.0],[494.0,776.0],[494.0,777.0],[495.0,777.0],[495.0,778.0],[494.0,778.0],[494.0,779.0],[493.0,779.0],[493.0,780.0],[491.0,780.0],[491.0,781.0],[489.0,781.0],[489.0,782.0],[488.0,782.0],[488.0,784.0],[487.0,784.0],[487.0,788.0],[486.0,788.0],[486.0,795.0],[487.0,795.0],[487.0,797.0],[489.0,797.0],[489.0,798.0],[491.0,798.0],[491.0,799.0],[493.0,799.0],[493.0,800.0],[494.0,800.0],[494.0,803.0],[493.0,803.0],[493.0,805.0],[492.0,805.0],[492.0,806.0],[491.0,806.0],[491.0,807.0],[490.0,807.0],[490.0,808.0],[487.0,808.0],[487.0,809.0],[486.0,809.0],[486.0,808.0],[484.0,808.0],[484.0,807.0],[482.0,807.0],[482.0,806.0],[480.0,806.0],[480.0,805.0],[476.0,805.0],[476.0,804.0],[475.0,804.0],[475.0,803.0],[473.0,803.0],[473.0,804.0],[472.0,804.0],[472.0,803.0],[471.0,803.0],[471.0,802.0],[470.0,802.0],[470.0,801.0],[469.0,801.0],[469.0,800.0],[467.0,800.0],[467.0,799.0],[461.0,799.0],[461.0,802.0],[462.0,802.0],[462.0,803.0],[463.0,803.0],[463.0,804.0],[464.0,804.0],[464.0,805.0],[463.0,805.0],[463.0,807.0],[464.0,807.0],[464.0,808.0],[463.0,808.0],[463.0,809.0],[462.0,809.0],[462.0,812.0],[463.0,812.0],[463.0,813.0],[462.0,813.0],[462.0,814.0],[461.0,814.0],[461.0,815.0],[460.0,815.0],[460.0,816.0],[459.0,816.0],[459.0,815.0],[456.0,815.0],[456.0,814.0],[455.0,814.0],[455.0,809.0],[456.0,809.0],[456.0,808.0],[457.0,808.0],[457.0,806.0],[455.0,806.0],[455.0,805.0],[454.0,805.0],[454.0,804.0],[453.0,804.0],[453.0,806.0],[452.0,806.0],[452.0,807.0],[453.0,807.0],[453.0,808.0],[452.0,808.0],[452.0,810.0],[451.0,810.0],[451.0,812.0],[450.0,812.0],[450.0,813.0]]],[[[540.0,802.0],[539.0,802.0],[539.0,801.0],[537.0,801.0],[537.0,800.0],[536.0,800.0],[536.0,799.0],[535.0,799.0],[535.0,797.0],[536.0,797.0],[536.0,796.0],[537.0,796.0],[537.0,795.0],[541.0,795.0],[541.0,796.0],[543.0,796.0],[543.0,795.0],[544.0,795.0],[544.0,794.0],[545.0,794.0],[545.0,793.0],[546.0,793.0],[546.0,792.0],[549.0,792.0],[549.0,793.0],[551.0,793.0],[551.0,794.0],[552.0,794.0],[552.0,796.0],[551.0,796.0],[551.0,797.0],[550.0,797.0],[550.0,799.0],[549.0,799.0],[549.0,802.0],[548.0,802.0],[548.0,803.0],[547.0,803.0],[547.0,804.0],[544.0,804.0],[544.0,805.0],[541.0,805.0],[541.0,804.0],[540.0,804.0],[540.0,802.0]]],[[[438.0,819.0],[438.0,818.0],[436.0,818.0],[436.0,817.0],[435.0,817.0],[435.0,816.0],[434.0,816.0],[434.0,813.0],[435.0,813.0],[435.0,812.0],[438.0,812.0],[438.0,813.0],[440.0,813.0],[440.0,814.0],[441.0,814.0],[441.0,815.0],[442.0,815.0],[442.0,818.0],[441.0,818.0],[441.0,819.0],[438.0,819.0]]],[[[512.0,821.0],[511.0,821.0],[511.0,822.0],[504.0,822.0],[504.0,821.0],[503.0,821.0],[503.0,820.0],[502.0,820.0],[502.0,817.0],[503.0,817.0],[503.0,816.0],[507.0,816.0],[507.0,817.0],[511.0,817.0],[511.0,818.0],[512.0,818.0],[512.0,821.0]]],[[[592.0,825.0],[590.0,825.0],[590.0,826.0],[588.0,826.0],[588.0,825.0],[587.0,825.0],[587.0,823.0],[586.0,823.0],[586.0,822.0],[587.0,822.0],[587.0,821.0],[588.0,821.0],[588.0,819.0],[589.0,819.0],[589.0,818.0],[590.0,818.0],[590.0,817.0],[592.0,817.0],[592.0,816.0],[597.0,816.0],[597.0,817.0],[598.0,817.0],[598.0,818.0],[602.0,818.0],[602.0,819.0],[603.0,819.0],[603.0,822.0],[602.0,822.0],[602.0,823.0],[601.0,823.0],[601.0,824.0],[600.0,824.0],[600.0,825.0],[595.0,825.0],[595.0,824.0],[594.0,824.0],[594.0,823.0],[593.0,823.0],[593.0,824.0],[592.0,824.0],[592.0,825.0]]],[[[463.0,825.0],[463.0,826.0],[460.0,826.0],[460.0,827.0],[453.0,827.0],[453.0,826.0],[452.0,826.0],[452.0,823.0],[453.0,823.0],[453.0,822.0],[455.0,822.0],[455.0,821.0],[463.0,821.0],[463.0,822.0],[464.0,822.0],[464.0,823.0],[465.0,823.0],[465.0,824.0],[464.0,824.0],[464.0,825.0],[463.0,825.0]]],[[[453.0,847.0],[451.0,847.0],[451.0,846.0],[450.0,846.0],[450.0,845.0],[449.0,845.0],[449.0,844.0],[448.0,844.0],[448.0,839.0],[449.0,839.0],[449.0,838.0],[450.0,838.0],[450.0,837.0],[453.0,837.0],[453.0,838.0],[454.0,838.0],[454.0,839.0],[455.0,839.0],[455.0,841.0],[456.0,841.0],[456.0,844.0],[455.0,844.0],[455.0,845.0],[454.0,845.0],[454.0,846.0],[453.0,846.0],[453.0,847.0]]],[[[477.0,835.0],[475.0,835.0],[475.0,834.0],[474.0,834.0],[474.0,833.0],[473.0,833.0],[473.0,831.0],[472.0,831.0],[472.0,830.0],[473.0,830.0],[473.0,829.0],[476.0,829.0],[476.0,830.0],[477.0,830.0],[477.0,829.0],[479.0,829.0],[479.0,828.0],[480.0,828.0],[480.0,826.0],[481.0,826.0],[481.0,825.0],[484.0,825.0],[484.0,824.0],[485.0,824.0],[485.0,823.0],[486.0,823.0],[486.0,822.0],[487.0,822.0],[487.0,821.0],[488.0,821.0],[488.0,822.0],[489.0,822.0],[489.0,820.0],[490.0,820.0],[490.0,817.0],[489.0,817.0],[489.0,816.0],[490.0,816.0],[490.0,815.0],[493.0,815.0],[493.0,816.0],[494.0,816.0],[494.0,817.0],[495.0,817.0],[495.0,818.0],[496.0,818.0],[496.0,821.0],[499.0,821.0],[499.0,822.0],[500.0,822.0],[500.0,823.0],[505.0,823.0],[505.0,824.0],[506.0,824.0],[506.0,825.0],[507.0,825.0],[507.0,826.0],[508.0,826.0],[508.0,825.0],[509.0,825.0],[509.0,824.0],[516.0,824.0],[516.0,823.0],[518.0,823.0],[518.0,822.0],[519.0,822.0],[519.0,820.0],[520.0,820.0],[520.0,818.0],[521.0,818.0],[521.0,817.0],[522.0,817.0],[522.0,818.0],[524.0,818.0],[524.0,816.0],[525.0,816.0],[525.0,813.0],[526.0,813.0],[526.0,812.0],[529.0,812.0],[529.0,813.0],[530.0,813.0],[530.0,816.0],[532.0,816.0],[532.0,817.0],[533.0,817.0],[533.0,818.0],[534.0,818.0],[534.0,819.0],[536.0,819.0],[536.0,818.0],[537.0,818.0],[537.0,817.0],[538.0,817.0],[538.0,818.0],[540.0,818.0],[540.0,817.0],[541.0,817.0],[541.0,816.0],[542.0,816.0],[542.0,815.0],[543.0,815.0],[543.0,814.0],[544.0,814.0],[544.0,813.0],[545.0,813.0],[545.0,812.0],[549.0,812.0],[549.0,813.0],[550.0,813.0],[550.0,815.0],[551.0,815.0],[551.0,816.0],[555.0,816.0],[555.0,817.0],[563.0,817.0],[563.0,816.0],[564.0,816.0],[564.0,815.0],[566.0,815.0],[566.0,814.0],[569.0,814.0],[569.0,813.0],[570.0,813.0],[570.0,812.0],[572.0,812.0],[572.0,813.0],[573.0,813.0],[573.0,816.0],[572.0,816.0],[572.0,821.0],[573.0,821.0],[573.0,822.0],[575.0,822.0],[575.0,823.0],[576.0,823.0],[576.0,827.0],[575.0,827.0],[575.0,828.0],[572.0,828.0],[572.0,827.0],[568.0,827.0],[568.0,829.0],[567.0,829.0],[567.0,830.0],[565.0,830.0],[565.0,831.0],[564.0,831.0],[564.0,832.0],[563.0,832.0],[563.0,833.0],[561.0,833.0],[561.0,835.0],[560.0,835.0],[560.0,837.0],[561.0,837.0],[561.0,838.0],[562.0,838.0],[562.0,840.0],[563.0,840.0],[563.0,841.0],[562.0,841.0],[562.0,842.0],[563.0,842.0],[563.0,843.0],[567.0,843.0],[567.0,841.0],[568.0,841.0],[568.0,838.0],[569.0,838.0],[569.0,837.0],[571.0,837.0],[571.0,838.0],[572.0,838.0],[572.0,840.0],[573.0,840.0],[573.0,841.0],[574.0,841.0],[574.0,840.0],[575.0,840.0],[575.0,838.0],[576.0,838.0],[576.0,837.0],[577.0,837.0],[577.0,836.0],[579.0,836.0],[579.0,835.0],[581.0,835.0],[581.0,836.0],[582.0,836.0],[582.0,838.0],[583.0,838.0],[583.0,840.0],[584.0,840.0],[584.0,841.0],[585.0,841.0],[585.0,842.0],[587.0,842.0],[587.0,843.0],[590.0,843.0],[590.0,844.0],[591.0,844.0],[591.0,846.0],[590.0,846.0],[590.0,847.0],[589.0,847.0],[589.0,848.0],[588.0,848.0],[588.0,849.0],[586.0,849.0],[586.0,850.0],[584.0,850.0],[584.0,851.0],[583.0,851.0],[583.0,850.0],[582.0,850.0],[582.0,849.0],[581.0,849.0],[581.0,848.0],[580.0,848.0],[580.0,846.0],[579.0,846.0],[579.0,845.0],[578.0,845.0],[578.0,847.0],[577.0,847.0],[577.0,855.0],[576.0,855.0],[576.0,857.0],[577.0,857.0],[577.0,858.0],[578.0,858.0],[578.0,859.0],[579.0,859.0],[579.0,860.0],[581.0,860.0],[581.0,859.0],[582.0,859.0],[582.0,860.0],[583.0,860.0],[583.0,861.0],[586.0,861.0],[586.0,860.0],[588.0,860.0],[588.0,861.0],[590.0,861.0],[590.0,860.0],[592.0,860.0],[592.0,859.0],[594.0,859.0],[594.0,860.0],[595.0,860.0],[595.0,861.0],[596.0,861.0],[596.0,863.0],[595.0,863.0],[595.0,865.0],[599.0,865.0],[599.0,864.0],[602.0,864.0],[602.0,863.0],[603.0,863.0],[603.0,862.0],[604.0,862.0],[604.0,861.0],[607.0,861.0],[607.0,862.0],[611.0,862.0],[611.0,861.0],[612.0,861.0],[612.0,860.0],[614.0,860.0],[614.0,861.0],[615.0,861.0],[615.0,860.0],[616.0,860.0],[616.0,859.0],[619.0,859.0],[619.0,858.0],[621.0,858.0],[621.0,859.0],[622.0,859.0],[622.0,860.0],[623.0,860.0],[623.0,862.0],[622.0,862.0],[622.0,863.0],[623.0,863.0],[623.0,865.0],[626.0,865.0],[626.0,866.0],[628.0,866.0],[628.0,867.0],[629.0,867.0],[629.0,866.0],[630.0,866.0],[630.0,867.0],[631.0,867.0],[631.0,869.0],[632.0,869.0],[632.0,871.0],[631.0,871.0],[631.0,872.0],[627.0,872.0],[627.0,873.0],[623.0,873.0],[623.0,872.0],[622.0,872.0],[622.0,873.0],[619.0,873.0],[619.0,875.0],[618.0,875.0],[618.0,876.0],[616.0,876.0],[616.0,877.0],[615.0,877.0],[615.0,878.0],[616.0,878.0],[616.0,879.0],[615.0,879.0],[615.0,881.0],[616.0,881.0],[616.0,882.0],[617.0,882.0],[617.0,883.0],[618.0,883.0],[618.0,884.0],[617.0,884.0],[617.0,885.0],[616.0,885.0],[616.0,886.0],[614.0,886.0],[614.0,885.0],[612.0,885.0],[612.0,884.0],[608.0,884.0],[608.0,885.0],[607.0,885.0],[607.0,884.0],[606.0,884.0],[606.0,885.0],[605.0,885.0],[605.0,886.0],[606.0,886.0],[606.0,889.0],[605.0,889.0],[605.0,890.0],[604.0,890.0],[604.0,891.0],[603.0,891.0],[603.0,892.0],[602.0,892.0],[602.0,891.0],[601.0,891.0],[601.0,892.0],[600.0,892.0],[600.0,893.0],[599.0,893.0],[599.0,894.0],[598.0,894.0],[598.0,895.0],[595.0,895.0],[595.0,896.0],[594.0,896.0],[594.0,895.0],[593.0,895.0],[593.0,896.0],[592.0,896.0],[592.0,895.0],[591.0,895.0],[591.0,894.0],[590.0,894.0],[590.0,892.0],[591.0,892.0],[591.0,890.0],[592.0,890.0],[592.0,888.0],[591.0,888.0],[591.0,887.0],[589.0,887.0],[589.0,886.0],[588.0,886.0],[588.0,883.0],[587.0,883.0],[587.0,882.0],[586.0,882.0],[586.0,881.0],[585.0,881.0],[585.0,880.0],[584.0,880.0],[584.0,879.0],[583.0,879.0],[583.0,878.0],[582.0,878.0],[582.0,877.0],[581.0,877.0],[581.0,876.0],[579.0,876.0],[579.0,875.0],[577.0,875.0],[577.0,874.0],[576.0,874.0],[576.0,873.0],[575.0,873.0],[575.0,872.0],[574.0,872.0],[574.0,871.0],[572.0,871.0],[572.0,872.0],[570.0,872.0],[570.0,871.0],[569.0,871.0],[569.0,869.0],[567.0,869.0],[567.0,870.0],[566.0,870.0],[566.0,871.0],[564.0,871.0],[564.0,872.0],[562.0,872.0],[562.0,873.0],[559.0,873.0],[559.0,872.0],[558.0,872.0],[558.0,871.0],[557.0,871.0],[557.0,872.0],[555.0,872.0],[555.0,873.0],[554.0,873.0],[554.0,874.0],[553.0,874.0],[553.0,875.0],[552.0,875.0],[552.0,876.0],[551.0,876.0],[551.0,877.0],[550.0,877.0],[550.0,878.0],[549.0,878.0],[549.0,879.0],[548.0,879.0],[548.0,880.0],[545.0,880.0],[545.0,881.0],[544.0,881.0],[544.0,880.0],[543.0,880.0],[543.0,877.0],[542.0,877.0],[542.0,873.0],[540.0,873.0],[540.0,874.0],[539.0,874.0],[539.0,875.0],[537.0,875.0],[537.0,874.0],[534.0,874.0],[534.0,873.0],[533.0,873.0],[533.0,871.0],[532.0,871.0],[532.0,869.0],[531.0,869.0],[531.0,868.0],[529.0,868.0],[529.0,867.0],[528.0,867.0],[528.0,865.0],[527.0,865.0],[527.0,864.0],[526.0,864.0],[526.0,863.0],[523.0,863.0],[523.0,864.0],[518.0,864.0],[518.0,863.0],[517.0,863.0],[517.0,857.0],[516.0,857.0],[516.0,858.0],[514.0,858.0],[514.0,859.0],[513.0,859.0],[513.0,860.0],[512.0,860.0],[512.0,861.0],[510.0,861.0],[510.0,862.0],[508.0,862.0],[508.0,869.0],[507.0,869.0],[507.0,870.0],[502.0,870.0],[502.0,869.0],[498.0,869.0],[498.0,868.0],[497.0,868.0],[497.0,867.0],[494.0,867.0],[494.0,866.0],[492.0,866.0],[492.0,865.0],[490.0,865.0],[490.0,864.0],[489.0,864.0],[489.0,861.0],[490.0,861.0],[490.0,860.0],[492.0,860.0],[492.0,857.0],[491.0,857.0],[491.0,856.0],[490.0,856.0],[490.0,855.0],[489.0,855.0],[489.0,852.0],[488.0,852.0],[488.0,851.0],[487.0,851.0],[487.0,846.0],[486.0,846.0],[486.0,844.0],[485.0,844.0],[485.0,842.0],[482.0,842.0],[482.0,841.0],[481.0,841.0],[481.0,840.0],[480.0,840.0],[480.0,839.0],[479.0,839.0],[479.0,838.0],[478.0,838.0],[478.0,836.0],[477.0,836.0],[477.0,835.0]]],[[[459.0,871.0],[459.0,869.0],[458.0,869.0],[458.0,868.0],[455.0,868.0],[455.0,867.0],[454.0,867.0],[454.0,863.0],[455.0,863.0],[455.0,862.0],[457.0,862.0],[457.0,861.0],[458.0,861.0],[458.0,860.0],[460.0,860.0],[460.0,858.0],[461.0,858.0],[461.0,857.0],[462.0,857.0],[462.0,855.0],[463.0,855.0],[463.0,851.0],[461.0,851.0],[461.0,850.0],[460.0,850.0],[460.0,849.0],[459.0,849.0],[459.0,844.0],[460.0,844.0],[460.0,842.0],[461.0,842.0],[461.0,841.0],[463.0,841.0],[463.0,839.0],[462.0,839.0],[462.0,836.0],[461.0,836.0],[461.0,833.0],[462.0,833.0],[462.0,832.0],[463.0,832.0],[463.0,831.0],[466.0,831.0],[466.0,832.0],[467.0,832.0],[467.0,833.0],[468.0,833.0],[468.0,834.0],[467.0,834.0],[467.0,838.0],[468.0,838.0],[468.0,839.0],[470.0,839.0],[470.0,840.0],[471.0,840.0],[471.0,841.0],[472.0,841.0],[472.0,842.0],[473.0,842.0],[473.0,843.0],[474.0,843.0],[474.0,844.0],[475.0,844.0],[475.0,845.0],[476.0,845.0],[476.0,846.0],[477.0,846.0],[477.0,847.0],[478.0,847.0],[478.0,849.0],[477.0,849.0],[477.0,852.0],[478.0,852.0],[478.0,853.0],[480.0,853.0],[480.0,854.0],[481.0,854.0],[481.0,855.0],[482.0,855.0],[482.0,856.0],[481.0,856.0],[481.0,858.0],[480.0,858.0],[480.0,859.0],[479.0,859.0],[479.0,861.0],[478.0,861.0],[478.0,862.0],[477.0,862.0],[477.0,863.0],[476.0,863.0],[476.0,864.0],[475.0,864.0],[475.0,867.0],[474.0,867.0],[474.0,868.0],[472.0,868.0],[472.0,867.0],[467.0,867.0],[467.0,868.0],[466.0,868.0],[466.0,870.0],[465.0,870.0],[465.0,874.0],[464.0,874.0],[464.0,876.0],[463.0,876.0],[463.0,877.0],[460.0,877.0],[460.0,876.0],[459.0,876.0],[459.0,875.0],[458.0,875.0],[458.0,871.0],[459.0,871.0]]],[[[472.0,882.0],[471.0,882.0],[471.0,881.0],[468.0,881.0],[468.0,880.0],[467.0,880.0],[467.0,879.0],[466.0,879.0],[466.0,877.0],[467.0,877.0],[467.0,876.0],[469.0,876.0],[469.0,875.0],[471.0,875.0],[471.0,874.0],[477.0,874.0],[477.0,873.0],[478.0,873.0],[478.0,869.0],[479.0,869.0],[479.0,868.0],[483.0,868.0],[483.0,867.0],[484.0,867.0],[484.0,868.0],[485.0,868.0],[485.0,869.0],[486.0,869.0],[486.0,875.0],[487.0,875.0],[487.0,876.0],[488.0,876.0],[488.0,877.0],[491.0,877.0],[491.0,876.0],[492.0,876.0],[492.0,875.0],[496.0,875.0],[496.0,876.0],[498.0,876.0],[498.0,875.0],[500.0,875.0],[500.0,873.0],[501.0,873.0],[501.0,872.0],[508.0,872.0],[508.0,871.0],[510.0,871.0],[510.0,872.0],[511.0,872.0],[511.0,874.0],[512.0,874.0],[512.0,875.0],[513.0,875.0],[513.0,876.0],[517.0,876.0],[517.0,874.0],[518.0,874.0],[518.0,873.0],[517.0,873.0],[517.0,872.0],[518.0,872.0],[518.0,871.0],[520.0,871.0],[520.0,870.0],[521.0,870.0],[521.0,871.0],[522.0,871.0],[522.0,872.0],[523.0,872.0],[523.0,874.0],[524.0,874.0],[524.0,876.0],[525.0,876.0],[525.0,875.0],[526.0,875.0],[526.0,874.0],[528.0,874.0],[528.0,875.0],[529.0,875.0],[529.0,881.0],[528.0,881.0],[528.0,882.0],[527.0,882.0],[527.0,883.0],[525.0,883.0],[525.0,884.0],[524.0,884.0],[524.0,885.0],[521.0,885.0],[521.0,886.0],[520.0,886.0],[520.0,888.0],[519.0,888.0],[519.0,889.0],[518.0,889.0],[518.0,891.0],[519.0,891.0],[519.0,892.0],[518.0,892.0],[518.0,893.0],[517.0,893.0],[517.0,894.0],[516.0,894.0],[516.0,895.0],[514.0,895.0],[514.0,894.0],[513.0,894.0],[513.0,895.0],[511.0,895.0],[511.0,897.0],[510.0,897.0],[510.0,898.0],[509.0,898.0],[509.0,900.0],[508.0,900.0],[508.0,904.0],[509.0,904.0],[509.0,905.0],[508.0,905.0],[508.0,906.0],[509.0,906.0],[509.0,910.0],[510.0,910.0],[510.0,911.0],[512.0,911.0],[512.0,912.0],[513.0,912.0],[513.0,913.0],[512.0,913.0],[512.0,914.0],[510.0,914.0],[510.0,916.0],[509.0,916.0],[509.0,917.0],[507.0,917.0],[507.0,918.0],[503.0,918.0],[503.0,919.0],[502.0,919.0],[502.0,918.0],[500.0,918.0],[500.0,917.0],[499.0,917.0],[499.0,916.0],[498.0,916.0],[498.0,915.0],[493.0,915.0],[493.0,916.0],[492.0,916.0],[492.0,915.0],[485.0,915.0],[485.0,916.0],[484.0,916.0],[484.0,917.0],[483.0,917.0],[483.0,920.0],[482.0,920.0],[482.0,921.0],[481.0,921.0],[481.0,922.0],[479.0,922.0],[479.0,921.0],[478.0,921.0],[478.0,919.0],[477.0,919.0],[477.0,918.0],[476.0,918.0],[476.0,916.0],[475.0,916.0],[475.0,913.0],[476.0,913.0],[476.0,912.0],[475.0,912.0],[475.0,911.0],[476.0,911.0],[476.0,909.0],[477.0,909.0],[477.0,907.0],[478.0,907.0],[478.0,906.0],[479.0,906.0],[479.0,904.0],[480.0,904.0],[480.0,901.0],[479.0,901.0],[479.0,900.0],[480.0,900.0],[480.0,898.0],[481.0,898.0],[481.0,897.0],[482.0,897.0],[482.0,896.0],[486.0,896.0],[486.0,894.0],[485.0,894.0],[485.0,893.0],[483.0,893.0],[483.0,892.0],[480.0,892.0],[480.0,893.0],[477.0,893.0],[477.0,892.0],[476.0,892.0],[476.0,891.0],[475.0,891.0],[475.0,890.0],[474.0,890.0],[474.0,888.0],[473.0,888.0],[473.0,886.0],[474.0,886.0],[474.0,885.0],[475.0,885.0],[475.0,882.0],[474.0,882.0],[474.0,881.0],[472.0,881.0],[472.0,882.0]]],[[[366.0,992.0],[366.0,991.0],[367.0,991.0],[367.0,990.0],[370.0,990.0],[370.0,989.0],[371.0,989.0],[371.0,988.0],[377.0,988.0],[377.0,987.0],[376.0,987.0],[376.0,986.0],[373.0,986.0],[373.0,985.0],[368.0,985.0],[368.0,984.0],[367.0,984.0],[367.0,986.0],[366.0,986.0],[366.0,987.0],[365.0,987.0],[365.0,988.0],[364.0,988.0],[364.0,989.0],[361.0,989.0],[361.0,988.0],[359.0,988.0],[359.0,987.0],[358.0,987.0],[358.0,979.0],[356.0,979.0],[356.0,978.0],[355.0,978.0],[355.0,979.0],[353.0,979.0],[353.0,980.0],[351.0,980.0],[351.0,981.0],[349.0,981.0],[349.0,982.0],[346.0,982.0],[346.0,981.0],[344.0,981.0],[344.0,980.0],[343.0,980.0],[343.0,979.0],[342.0,979.0],[342.0,977.0],[341.0,977.0],[341.0,975.0],[342.0,975.0],[342.0,974.0],[341.0,974.0],[341.0,973.0],[339.0,973.0],[339.0,974.0],[338.0,974.0],[338.0,977.0],[339.0,977.0],[339.0,979.0],[340.0,979.0],[340.0,981.0],[341.0,981.0],[341.0,982.0],[342.0,982.0],[342.0,985.0],[344.0,985.0],[344.0,986.0],[345.0,986.0],[345.0,988.0],[346.0,988.0],[346.0,989.0],[349.0,989.0],[349.0,990.0],[350.0,990.0],[350.0,991.0],[351.0,991.0],[351.0,992.0],[353.0,992.0],[353.0,993.0],[357.0,993.0],[357.0,994.0],[358.0,994.0],[358.0,995.0],[359.0,995.0],[359.0,996.0],[358.0,996.0],[358.0,997.0],[357.0,997.0],[357.0,999.0],[356.0,999.0],[356.0,1003.0],[355.0,1003.0],[355.0,1005.0],[356.0,1005.0],[356.0,1007.0],[355.0,1007.0],[355.0,1008.0],[347.0,1008.0],[347.0,1007.0],[346.0,1007.0],[346.0,1006.0],[345.0,1006.0],[345.0,1004.0],[344.0,1004.0],[344.0,1003.0],[342.0,1003.0],[342.0,1002.0],[341.0,1002.0],[341.0,1001.0],[340.0,1001.0],[340.0,1005.0],[341.0,1005.0],[341.0,1007.0],[342.0,1007.0],[342.0,1008.0],[344.0,1008.0],[344.0,1009.0],[345.0,1009.0],[345.0,1010.0],[346.0,1010.0],[346.0,1012.0],[347.0,1012.0],[347.0,1014.0],[346.0,1014.0],[346.0,1018.0],[347.0,1018.0],[347.0,1019.0],[348.0,1019.0],[348.0,1020.0],[349.0,1020.0],[349.0,1021.0],[350.0,1021.0],[350.0,1025.0],[349.0,1025.0],[349.0,1027.0],[348.0,1027.0],[348.0,1028.0],[347.0,1028.0],[347.0,1031.0],[348.0,1031.0],[348.0,1032.0],[347.0,1032.0],[347.0,1034.0],[346.0,1034.0],[346.0,1035.0],[343.0,1035.0],[343.0,1036.0],[340.0,1036.0],[340.0,1037.0],[339.0,1037.0],[339.0,1038.0],[337.0,1038.0],[337.0,1039.0],[335.0,1039.0],[335.0,1038.0],[334.0,1038.0],[334.0,1037.0],[333.0,1037.0],[333.0,1036.0],[332.0,1036.0],[332.0,1035.0],[331.0,1035.0],[331.0,1033.0],[330.0,1033.0],[330.0,1031.0],[329.0,1031.0],[329.0,1030.0],[326.0,1030.0],[326.0,1031.0],[323.0,1031.0],[323.0,1030.0],[320.0,1030.0],[320.0,1031.0],[319.0,1031.0],[319.0,1034.0],[318.0,1034.0],[318.0,1035.0],[317.0,1035.0],[317.0,1036.0],[316.0,1036.0],[316.0,1037.0],[315.0,1037.0],[315.0,1038.0],[314.0,1038.0],[314.0,1039.0],[313.0,1039.0],[313.0,1040.0],[312.0,1040.0],[312.0,1041.0],[311.0,1041.0],[311.0,1042.0],[310.0,1042.0],[310.0,1043.0],[305.0,1043.0],[305.0,1044.0],[303.0,1044.0],[303.0,1045.0],[301.0,1045.0],[301.0,1046.0],[300.0,1046.0],[300.0,1045.0],[299.0,1045.0],[299.0,1042.0],[300.0,1042.0],[300.0,1041.0],[301.0,1041.0],[301.0,1040.0],[302.0,1040.0],[302.0,1039.0],[304.0,1039.0],[304.0,1038.0],[305.0,1038.0],[305.0,1035.0],[304.0,1035.0],[304.0,1033.0],[303.0,1033.0],[303.0,1032.0],[302.0,1032.0],[302.0,1030.0],[300.0,1030.0],[300.0,1031.0],[296.0,1031.0],[296.0,1032.0],[294.0,1032.0],[294.0,1031.0],[290.0,1031.0],[290.0,1030.0],[288.0,1030.0],[288.0,1031.0],[287.0,1031.0],[287.0,1033.0],[286.0,1033.0],[286.0,1035.0],[285.0,1035.0],[285.0,1036.0],[281.0,1036.0],[281.0,1037.0],[279.0,1037.0],[279.0,1036.0],[278.0,1036.0],[278.0,1035.0],[277.0,1035.0],[277.0,1031.0],[276.0,1031.0],[276.0,1029.0],[274.0,1029.0],[274.0,1028.0],[273.0,1028.0],[273.0,1027.0],[272.0,1027.0],[272.0,1025.0],[271.0,1025.0],[271.0,1023.0],[270.0,1023.0],[270.0,1020.0],[269.0,1020.0],[269.0,1014.0],[268.0,1014.0],[268.0,1013.0],[266.0,1013.0],[266.0,1012.0],[265.0,1012.0],[265.0,1010.0],[264.0,1010.0],[264.0,1006.0],[263.0,1006.0],[263.0,1005.0],[257.0,1005.0],[257.0,1004.0],[255.0,1004.0],[255.0,1003.0],[254.0,1003.0],[254.0,1001.0],[252.0,1001.0],[252.0,1000.0],[248.0,1000.0],[248.0,999.0],[246.0,999.0],[246.0,998.0],[245.0,998.0],[245.0,997.0],[244.0,997.0],[244.0,990.0],[242.0,990.0],[242.0,989.0],[241.0,989.0],[241.0,988.0],[240.0,988.0],[240.0,985.0],[241.0,985.0],[241.0,984.0],[243.0,984.0],[243.0,985.0],[245.0,985.0],[245.0,986.0],[248.0,986.0],[248.0,987.0],[254.0,987.0],[254.0,988.0],[255.0,988.0],[255.0,990.0],[256.0,990.0],[256.0,989.0],[260.0,989.0],[260.0,990.0],[261.0,990.0],[261.0,991.0],[260.0,991.0],[260.0,995.0],[261.0,995.0],[261.0,996.0],[264.0,996.0],[264.0,997.0],[265.0,997.0],[265.0,999.0],[267.0,999.0],[267.0,1000.0],[269.0,1000.0],[269.0,997.0],[270.0,997.0],[270.0,994.0],[271.0,994.0],[271.0,993.0],[272.0,993.0],[272.0,992.0],[273.0,992.0],[273.0,991.0],[274.0,991.0],[274.0,990.0],[275.0,990.0],[275.0,989.0],[276.0,989.0],[276.0,988.0],[278.0,988.0],[278.0,987.0],[279.0,987.0],[279.0,986.0],[280.0,986.0],[280.0,984.0],[281.0,984.0],[281.0,983.0],[282.0,983.0],[282.0,982.0],[283.0,982.0],[283.0,981.0],[284.0,981.0],[284.0,979.0],[285.0,979.0],[285.0,977.0],[286.0,977.0],[286.0,974.0],[287.0,974.0],[287.0,972.0],[285.0,972.0],[285.0,971.0],[284.0,971.0],[284.0,969.0],[285.0,969.0],[285.0,966.0],[286.0,966.0],[286.0,964.0],[284.0,964.0],[284.0,965.0],[282.0,965.0],[282.0,966.0],[281.0,966.0],[281.0,967.0],[280.0,967.0],[280.0,968.0],[279.0,968.0],[279.0,969.0],[276.0,969.0],[276.0,968.0],[275.0,968.0],[275.0,964.0],[276.0,964.0],[276.0,961.0],[275.0,961.0],[275.0,960.0],[274.0,960.0],[274.0,958.0],[275.0,958.0],[275.0,957.0],[276.0,957.0],[276.0,956.0],[277.0,956.0],[277.0,955.0],[278.0,955.0],[278.0,954.0],[281.0,954.0],[281.0,953.0],[286.0,953.0],[286.0,952.0],[288.0,952.0],[288.0,948.0],[287.0,948.0],[287.0,947.0],[286.0,947.0],[286.0,936.0],[287.0,936.0],[287.0,934.0],[288.0,934.0],[288.0,933.0],[289.0,933.0],[289.0,931.0],[288.0,931.0],[288.0,929.0],[289.0,929.0],[289.0,925.0],[288.0,925.0],[288.0,926.0],[287.0,926.0],[287.0,927.0],[286.0,927.0],[286.0,928.0],[284.0,928.0],[284.0,929.0],[283.0,929.0],[283.0,928.0],[282.0,928.0],[282.0,927.0],[281.0,927.0],[281.0,926.0],[276.0,926.0],[276.0,927.0],[272.0,927.0],[272.0,930.0],[271.0,930.0],[271.0,931.0],[270.0,931.0],[270.0,932.0],[269.0,932.0],[269.0,933.0],[268.0,933.0],[268.0,934.0],[266.0,934.0],[266.0,935.0],[264.0,935.0],[264.0,934.0],[263.0,934.0],[263.0,930.0],[264.0,930.0],[264.0,929.0],[265.0,929.0],[265.0,927.0],[266.0,927.0],[266.0,923.0],[267.0,923.0],[267.0,922.0],[266.0,922.0],[266.0,920.0],[267.0,920.0],[267.0,916.0],[268.0,916.0],[268.0,915.0],[269.0,915.0],[269.0,914.0],[270.0,914.0],[270.0,912.0],[271.0,912.0],[271.0,911.0],[272.0,911.0],[272.0,909.0],[273.0,909.0],[273.0,908.0],[282.0,908.0],[282.0,905.0],[281.0,905.0],[281.0,904.0],[280.0,904.0],[280.0,902.0],[281.0,902.0],[281.0,901.0],[282.0,901.0],[282.0,891.0],[281.0,891.0],[281.0,889.0],[280.0,889.0],[280.0,888.0],[279.0,888.0],[279.0,885.0],[278.0,885.0],[278.0,881.0],[279.0,881.0],[279.0,880.0],[280.0,880.0],[280.0,879.0],[282.0,879.0],[282.0,880.0],[284.0,880.0],[284.0,881.0],[286.0,881.0],[286.0,882.0],[288.0,882.0],[288.0,881.0],[289.0,881.0],[289.0,878.0],[288.0,878.0],[288.0,877.0],[289.0,877.0],[289.0,875.0],[290.0,875.0],[290.0,874.0],[291.0,874.0],[291.0,872.0],[292.0,872.0],[292.0,871.0],[299.0,871.0],[299.0,872.0],[300.0,872.0],[300.0,874.0],[301.0,874.0],[301.0,876.0],[302.0,876.0],[302.0,875.0],[303.0,875.0],[303.0,873.0],[302.0,873.0],[302.0,871.0],[301.0,871.0],[301.0,865.0],[300.0,865.0],[300.0,857.0],[301.0,857.0],[301.0,856.0],[302.0,856.0],[302.0,855.0],[303.0,855.0],[303.0,854.0],[305.0,854.0],[305.0,853.0],[306.0,853.0],[306.0,852.0],[307.0,852.0],[307.0,851.0],[308.0,851.0],[308.0,850.0],[313.0,850.0],[313.0,849.0],[315.0,849.0],[315.0,848.0],[317.0,848.0],[317.0,847.0],[319.0,847.0],[319.0,846.0],[320.0,846.0],[320.0,840.0],[319.0,840.0],[319.0,841.0],[318.0,841.0],[318.0,842.0],[317.0,842.0],[317.0,844.0],[316.0,844.0],[316.0,845.0],[315.0,845.0],[315.0,844.0],[314.0,844.0],[314.0,843.0],[313.0,843.0],[313.0,842.0],[312.0,842.0],[312.0,840.0],[311.0,840.0],[311.0,836.0],[310.0,836.0],[310.0,837.0],[309.0,837.0],[309.0,838.0],[308.0,838.0],[308.0,839.0],[306.0,839.0],[306.0,838.0],[305.0,838.0],[305.0,839.0],[303.0,839.0],[303.0,840.0],[302.0,840.0],[302.0,841.0],[301.0,841.0],[301.0,842.0],[300.0,842.0],[300.0,841.0],[299.0,841.0],[299.0,840.0],[298.0,840.0],[298.0,838.0],[297.0,838.0],[297.0,837.0],[293.0,837.0],[293.0,836.0],[292.0,836.0],[292.0,835.0],[291.0,835.0],[291.0,834.0],[288.0,834.0],[288.0,835.0],[287.0,835.0],[287.0,834.0],[284.0,834.0],[284.0,833.0],[283.0,833.0],[283.0,831.0],[284.0,831.0],[284.0,829.0],[285.0,829.0],[285.0,828.0],[286.0,828.0],[286.0,827.0],[288.0,827.0],[288.0,826.0],[289.0,826.0],[289.0,825.0],[290.0,825.0],[290.0,824.0],[291.0,824.0],[291.0,823.0],[292.0,823.0],[292.0,822.0],[295.0,822.0],[295.0,820.0],[296.0,820.0],[296.0,819.0],[297.0,819.0],[297.0,818.0],[298.0,818.0],[298.0,819.0],[299.0,819.0],[299.0,818.0],[301.0,818.0],[301.0,815.0],[302.0,815.0],[302.0,811.0],[301.0,811.0],[301.0,809.0],[302.0,809.0],[302.0,807.0],[303.0,807.0],[303.0,806.0],[304.0,806.0],[304.0,805.0],[305.0,805.0],[305.0,802.0],[306.0,802.0],[306.0,801.0],[307.0,801.0],[307.0,800.0],[308.0,800.0],[308.0,799.0],[309.0,799.0],[309.0,798.0],[310.0,798.0],[310.0,797.0],[311.0,797.0],[311.0,796.0],[312.0,796.0],[312.0,795.0],[313.0,795.0],[313.0,791.0],[314.0,791.0],[314.0,790.0],[317.0,790.0],[317.0,791.0],[318.0,791.0],[318.0,793.0],[319.0,793.0],[319.0,795.0],[318.0,795.0],[318.0,797.0],[320.0,797.0],[320.0,798.0],[321.0,798.0],[321.0,800.0],[322.0,800.0],[322.0,799.0],[326.0,799.0],[326.0,800.0],[327.0,800.0],[327.0,801.0],[328.0,801.0],[328.0,802.0],[330.0,802.0],[330.0,803.0],[332.0,803.0],[332.0,804.0],[334.0,804.0],[334.0,805.0],[336.0,805.0],[336.0,806.0],[338.0,806.0],[338.0,807.0],[339.0,807.0],[339.0,808.0],[340.0,808.0],[340.0,809.0],[346.0,809.0],[346.0,810.0],[348.0,810.0],[348.0,811.0],[350.0,811.0],[350.0,812.0],[352.0,812.0],[352.0,813.0],[354.0,813.0],[354.0,812.0],[355.0,812.0],[355.0,811.0],[353.0,811.0],[353.0,810.0],[352.0,810.0],[352.0,808.0],[350.0,808.0],[350.0,807.0],[347.0,807.0],[347.0,806.0],[346.0,806.0],[346.0,799.0],[347.0,799.0],[347.0,796.0],[348.0,796.0],[348.0,795.0],[349.0,795.0],[349.0,794.0],[350.0,794.0],[350.0,793.0],[354.0,793.0],[354.0,794.0],[357.0,794.0],[357.0,792.0],[358.0,792.0],[358.0,791.0],[359.0,791.0],[359.0,790.0],[360.0,790.0],[360.0,789.0],[361.0,789.0],[361.0,787.0],[362.0,787.0],[362.0,786.0],[363.0,786.0],[363.0,787.0],[364.0,787.0],[364.0,788.0],[365.0,788.0],[365.0,789.0],[366.0,789.0],[366.0,790.0],[367.0,790.0],[367.0,791.0],[368.0,791.0],[368.0,793.0],[369.0,793.0],[369.0,794.0],[370.0,794.0],[370.0,795.0],[371.0,795.0],[371.0,797.0],[373.0,797.0],[373.0,798.0],[377.0,798.0],[377.0,799.0],[380.0,799.0],[380.0,800.0],[381.0,800.0],[381.0,805.0],[382.0,805.0],[382.0,806.0],[383.0,806.0],[383.0,810.0],[384.0,810.0],[384.0,811.0],[385.0,811.0],[385.0,810.0],[386.0,810.0],[386.0,809.0],[387.0,809.0],[387.0,806.0],[388.0,806.0],[388.0,805.0],[389.0,805.0],[389.0,806.0],[391.0,806.0],[391.0,807.0],[392.0,807.0],[392.0,808.0],[393.0,808.0],[393.0,809.0],[394.0,809.0],[394.0,815.0],[395.0,815.0],[395.0,817.0],[396.0,817.0],[396.0,821.0],[397.0,821.0],[397.0,822.0],[398.0,822.0],[398.0,823.0],[399.0,823.0],[399.0,822.0],[400.0,822.0],[400.0,819.0],[399.0,819.0],[399.0,818.0],[398.0,818.0],[398.0,816.0],[397.0,816.0],[397.0,809.0],[398.0,809.0],[398.0,808.0],[397.0,808.0],[397.0,807.0],[398.0,807.0],[398.0,805.0],[399.0,805.0],[399.0,802.0],[400.0,802.0],[400.0,801.0],[401.0,801.0],[401.0,800.0],[403.0,800.0],[403.0,794.0],[404.0,794.0],[404.0,793.0],[405.0,793.0],[405.0,792.0],[411.0,792.0],[411.0,793.0],[414.0,793.0],[414.0,792.0],[415.0,792.0],[415.0,790.0],[416.0,790.0],[416.0,788.0],[417.0,788.0],[417.0,787.0],[418.0,787.0],[418.0,783.0],[419.0,783.0],[419.0,782.0],[420.0,782.0],[420.0,783.0],[421.0,783.0],[421.0,784.0],[422.0,784.0],[422.0,790.0],[421.0,790.0],[421.0,791.0],[422.0,791.0],[422.0,792.0],[421.0,792.0],[421.0,793.0],[422.0,793.0],[422.0,795.0],[421.0,795.0],[421.0,797.0],[420.0,797.0],[420.0,798.0],[421.0,798.0],[421.0,803.0],[422.0,803.0],[422.0,804.0],[423.0,804.0],[423.0,805.0],[424.0,805.0],[424.0,807.0],[425.0,807.0],[425.0,808.0],[426.0,808.0],[426.0,809.0],[427.0,809.0],[427.0,810.0],[428.0,810.0],[428.0,811.0],[429.0,811.0],[429.0,812.0],[430.0,812.0],[430.0,814.0],[431.0,814.0],[431.0,816.0],[432.0,816.0],[432.0,818.0],[433.0,818.0],[433.0,820.0],[434.0,820.0],[434.0,822.0],[433.0,822.0],[433.0,824.0],[435.0,824.0],[435.0,825.0],[437.0,825.0],[437.0,826.0],[439.0,826.0],[439.0,825.0],[440.0,825.0],[440.0,824.0],[441.0,824.0],[441.0,823.0],[443.0,823.0],[443.0,824.0],[444.0,824.0],[444.0,831.0],[443.0,831.0],[443.0,833.0],[442.0,833.0],[442.0,836.0],[441.0,836.0],[441.0,838.0],[442.0,838.0],[442.0,845.0],[443.0,845.0],[443.0,848.0],[444.0,848.0],[444.0,849.0],[445.0,849.0],[445.0,850.0],[446.0,850.0],[446.0,851.0],[447.0,851.0],[447.0,856.0],[446.0,856.0],[446.0,857.0],[445.0,857.0],[445.0,858.0],[444.0,858.0],[444.0,859.0],[443.0,859.0],[443.0,862.0],[444.0,862.0],[444.0,865.0],[445.0,865.0],[445.0,872.0],[446.0,872.0],[446.0,873.0],[447.0,873.0],[447.0,874.0],[451.0,874.0],[451.0,875.0],[452.0,875.0],[452.0,876.0],[453.0,876.0],[453.0,879.0],[454.0,879.0],[454.0,881.0],[455.0,881.0],[455.0,884.0],[456.0,884.0],[456.0,885.0],[458.0,885.0],[458.0,884.0],[461.0,884.0],[461.0,885.0],[462.0,885.0],[462.0,890.0],[461.0,890.0],[461.0,891.0],[460.0,891.0],[460.0,892.0],[459.0,892.0],[459.0,895.0],[461.0,895.0],[461.0,896.0],[462.0,896.0],[462.0,897.0],[463.0,897.0],[463.0,898.0],[467.0,898.0],[467.0,899.0],[468.0,899.0],[468.0,901.0],[467.0,901.0],[467.0,904.0],[466.0,904.0],[466.0,906.0],[465.0,906.0],[465.0,911.0],[466.0,911.0],[466.0,912.0],[467.0,912.0],[467.0,913.0],[468.0,913.0],[468.0,914.0],[469.0,914.0],[469.0,915.0],[468.0,915.0],[468.0,917.0],[467.0,917.0],[467.0,918.0],[466.0,918.0],[466.0,920.0],[465.0,920.0],[465.0,921.0],[466.0,921.0],[466.0,922.0],[470.0,922.0],[470.0,923.0],[472.0,923.0],[472.0,924.0],[473.0,924.0],[473.0,925.0],[474.0,925.0],[474.0,926.0],[477.0,926.0],[477.0,925.0],[478.0,925.0],[478.0,926.0],[479.0,926.0],[479.0,927.0],[482.0,927.0],[482.0,926.0],[485.0,926.0],[485.0,923.0],[486.0,923.0],[486.0,922.0],[488.0,922.0],[488.0,921.0],[491.0,921.0],[491.0,922.0],[495.0,922.0],[495.0,923.0],[496.0,923.0],[496.0,924.0],[497.0,924.0],[497.0,926.0],[498.0,926.0],[498.0,927.0],[501.0,927.0],[501.0,928.0],[502.0,928.0],[502.0,929.0],[503.0,929.0],[503.0,930.0],[507.0,930.0],[507.0,929.0],[508.0,929.0],[508.0,928.0],[510.0,928.0],[510.0,929.0],[513.0,929.0],[513.0,930.0],[514.0,930.0],[514.0,935.0],[515.0,935.0],[515.0,939.0],[516.0,939.0],[516.0,940.0],[517.0,940.0],[517.0,941.0],[521.0,941.0],[521.0,940.0],[526.0,940.0],[526.0,941.0],[528.0,941.0],[528.0,940.0],[529.0,940.0],[529.0,939.0],[530.0,939.0],[530.0,938.0],[528.0,938.0],[528.0,937.0],[524.0,937.0],[524.0,936.0],[523.0,936.0],[523.0,934.0],[522.0,934.0],[522.0,932.0],[523.0,932.0],[523.0,931.0],[540.0,931.0],[540.0,930.0],[542.0,930.0],[542.0,929.0],[543.0,929.0],[543.0,927.0],[544.0,927.0],[544.0,924.0],[545.0,924.0],[545.0,917.0],[544.0,917.0],[544.0,916.0],[542.0,916.0],[542.0,917.0],[541.0,917.0],[541.0,920.0],[540.0,920.0],[540.0,924.0],[539.0,924.0],[539.0,925.0],[538.0,925.0],[538.0,926.0],[537.0,926.0],[537.0,927.0],[531.0,927.0],[531.0,926.0],[528.0,926.0],[528.0,925.0],[527.0,925.0],[527.0,924.0],[526.0,924.0],[526.0,922.0],[525.0,922.0],[525.0,920.0],[524.0,920.0],[524.0,918.0],[523.0,918.0],[523.0,916.0],[522.0,916.0],[522.0,915.0],[521.0,915.0],[521.0,913.0],[522.0,913.0],[522.0,908.0],[521.0,908.0],[521.0,906.0],[520.0,906.0],[520.0,905.0],[519.0,905.0],[519.0,904.0],[520.0,904.0],[520.0,903.0],[521.0,903.0],[521.0,902.0],[523.0,902.0],[523.0,901.0],[524.0,901.0],[524.0,900.0],[528.0,900.0],[528.0,899.0],[527.0,899.0],[527.0,896.0],[526.0,896.0],[526.0,895.0],[525.0,895.0],[525.0,894.0],[524.0,894.0],[524.0,890.0],[525.0,890.0],[525.0,889.0],[528.0,889.0],[528.0,888.0],[529.0,888.0],[529.0,887.0],[533.0,887.0],[533.0,888.0],[535.0,888.0],[535.0,889.0],[536.0,889.0],[536.0,890.0],[540.0,890.0],[540.0,891.0],[541.0,891.0],[541.0,892.0],[542.0,892.0],[542.0,893.0],[545.0,893.0],[545.0,891.0],[546.0,891.0],[546.0,887.0],[547.0,887.0],[547.0,886.0],[549.0,886.0],[549.0,885.0],[550.0,885.0],[550.0,884.0],[551.0,884.0],[551.0,883.0],[553.0,883.0],[553.0,884.0],[554.0,884.0],[554.0,883.0],[556.0,883.0],[556.0,882.0],[557.0,882.0],[557.0,878.0],[558.0,878.0],[558.0,877.0],[559.0,877.0],[559.0,876.0],[562.0,876.0],[562.0,877.0],[563.0,877.0],[563.0,878.0],[564.0,878.0],[564.0,879.0],[565.0,879.0],[565.0,883.0],[566.0,883.0],[566.0,884.0],[568.0,884.0],[568.0,883.0],[570.0,883.0],[570.0,882.0],[573.0,882.0],[573.0,883.0],[574.0,883.0],[574.0,884.0],[575.0,884.0],[575.0,886.0],[579.0,886.0],[579.0,887.0],[580.0,887.0],[580.0,888.0],[581.0,888.0],[581.0,896.0],[582.0,896.0],[582.0,897.0],[584.0,897.0],[584.0,898.0],[585.0,898.0],[585.0,899.0],[586.0,899.0],[586.0,900.0],[587.0,900.0],[587.0,901.0],[586.0,901.0],[586.0,902.0],[585.0,902.0],[585.0,903.0],[583.0,903.0],[583.0,904.0],[584.0,904.0],[584.0,906.0],[589.0,906.0],[589.0,905.0],[590.0,905.0],[590.0,904.0],[594.0,904.0],[594.0,905.0],[595.0,905.0],[595.0,904.0],[596.0,904.0],[596.0,903.0],[599.0,903.0],[599.0,900.0],[600.0,900.0],[600.0,899.0],[602.0,899.0],[602.0,900.0],[603.0,900.0],[603.0,901.0],[604.0,901.0],[604.0,902.0],[613.0,902.0],[613.0,901.0],[618.0,901.0],[618.0,900.0],[619.0,900.0],[619.0,895.0],[618.0,895.0],[618.0,892.0],[619.0,892.0],[619.0,891.0],[620.0,891.0],[620.0,890.0],[621.0,890.0],[621.0,889.0],[624.0,889.0],[624.0,890.0],[625.0,890.0],[625.0,892.0],[626.0,892.0],[626.0,894.0],[629.0,894.0],[629.0,892.0],[630.0,892.0],[630.0,891.0],[631.0,891.0],[631.0,890.0],[633.0,890.0],[633.0,891.0],[634.0,891.0],[634.0,893.0],[635.0,893.0],[635.0,895.0],[634.0,895.0],[634.0,896.0],[633.0,896.0],[633.0,897.0],[632.0,897.0],[632.0,898.0],[631.0,898.0],[631.0,900.0],[632.0,900.0],[632.0,902.0],[633.0,902.0],[633.0,908.0],[632.0,908.0],[632.0,909.0],[631.0,909.0],[631.0,910.0],[630.0,910.0],[630.0,912.0],[629.0,912.0],[629.0,914.0],[630.0,914.0],[630.0,915.0],[631.0,915.0],[631.0,917.0],[632.0,917.0],[632.0,918.0],[631.0,918.0],[631.0,922.0],[633.0,922.0],[633.0,923.0],[634.0,923.0],[634.0,924.0],[635.0,924.0],[635.0,929.0],[636.0,929.0],[636.0,930.0],[637.0,930.0],[637.0,931.0],[641.0,931.0],[641.0,930.0],[642.0,930.0],[642.0,929.0],[645.0,929.0],[645.0,928.0],[646.0,928.0],[646.0,927.0],[647.0,927.0],[647.0,926.0],[646.0,926.0],[646.0,924.0],[645.0,924.0],[645.0,922.0],[646.0,922.0],[646.0,921.0],[647.0,921.0],[647.0,920.0],[649.0,920.0],[649.0,921.0],[650.0,921.0],[650.0,924.0],[651.0,924.0],[651.0,926.0],[653.0,926.0],[653.0,927.0],[654.0,927.0],[654.0,928.0],[655.0,928.0],[655.0,933.0],[654.0,933.0],[654.0,935.0],[656.0,935.0],[656.0,936.0],[657.0,936.0],[657.0,937.0],[658.0,937.0],[658.0,939.0],[659.0,939.0],[659.0,941.0],[658.0,941.0],[658.0,943.0],[657.0,943.0],[657.0,949.0],[656.0,949.0],[656.0,953.0],[655.0,953.0],[655.0,957.0],[656.0,957.0],[656.0,958.0],[658.0,958.0],[658.0,959.0],[661.0,959.0],[661.0,958.0],[664.0,958.0],[664.0,959.0],[665.0,959.0],[665.0,960.0],[666.0,960.0],[666.0,962.0],[665.0,962.0],[665.0,964.0],[664.0,964.0],[664.0,965.0],[661.0,965.0],[661.0,964.0],[658.0,964.0],[658.0,965.0],[657.0,965.0],[657.0,966.0],[656.0,966.0],[656.0,967.0],[655.0,967.0],[655.0,968.0],[652.0,968.0],[652.0,967.0],[651.0,967.0],[651.0,965.0],[650.0,965.0],[650.0,962.0],[649.0,962.0],[649.0,961.0],[648.0,961.0],[648.0,959.0],[647.0,959.0],[647.0,958.0],[646.0,958.0],[646.0,957.0],[645.0,957.0],[645.0,956.0],[644.0,956.0],[644.0,957.0],[642.0,957.0],[642.0,958.0],[640.0,958.0],[640.0,957.0],[636.0,957.0],[636.0,958.0],[635.0,958.0],[635.0,959.0],[633.0,959.0],[633.0,963.0],[632.0,963.0],[632.0,964.0],[630.0,964.0],[630.0,969.0],[631.0,969.0],[631.0,968.0],[635.0,968.0],[635.0,969.0],[636.0,969.0],[636.0,971.0],[637.0,971.0],[637.0,973.0],[638.0,973.0],[638.0,974.0],[641.0,974.0],[641.0,975.0],[642.0,975.0],[642.0,976.0],[643.0,976.0],[643.0,978.0],[642.0,978.0],[642.0,979.0],[641.0,979.0],[641.0,980.0],[639.0,980.0],[639.0,979.0],[638.0,979.0],[638.0,978.0],[636.0,978.0],[636.0,977.0],[635.0,977.0],[635.0,976.0],[634.0,976.0],[634.0,975.0],[631.0,975.0],[631.0,977.0],[632.0,977.0],[632.0,980.0],[633.0,980.0],[633.0,983.0],[634.0,983.0],[634.0,984.0],[633.0,984.0],[633.0,986.0],[632.0,986.0],[632.0,987.0],[631.0,987.0],[631.0,988.0],[629.0,988.0],[629.0,987.0],[628.0,987.0],[628.0,984.0],[627.0,984.0],[627.0,982.0],[626.0,982.0],[626.0,981.0],[625.0,981.0],[625.0,980.0],[624.0,980.0],[624.0,977.0],[623.0,977.0],[623.0,976.0],[622.0,976.0],[622.0,970.0],[620.0,970.0],[620.0,971.0],[618.0,971.0],[618.0,970.0],[616.0,970.0],[616.0,971.0],[615.0,971.0],[615.0,972.0],[612.0,972.0],[612.0,973.0],[608.0,973.0],[608.0,977.0],[609.0,977.0],[609.0,979.0],[608.0,979.0],[608.0,980.0],[607.0,980.0],[607.0,982.0],[606.0,982.0],[606.0,983.0],[605.0,983.0],[605.0,984.0],[604.0,984.0],[604.0,983.0],[603.0,983.0],[603.0,981.0],[602.0,981.0],[602.0,978.0],[601.0,978.0],[601.0,977.0],[600.0,977.0],[600.0,975.0],[599.0,975.0],[599.0,973.0],[598.0,973.0],[598.0,970.0],[597.0,970.0],[597.0,969.0],[595.0,969.0],[595.0,968.0],[594.0,968.0],[594.0,966.0],[593.0,966.0],[593.0,965.0],[589.0,965.0],[589.0,966.0],[588.0,966.0],[588.0,967.0],[587.0,967.0],[587.0,968.0],[586.0,968.0],[586.0,969.0],[584.0,969.0],[584.0,970.0],[583.0,970.0],[583.0,971.0],[582.0,971.0],[582.0,970.0],[581.0,970.0],[581.0,971.0],[576.0,971.0],[576.0,970.0],[573.0,970.0],[573.0,971.0],[572.0,971.0],[572.0,975.0],[573.0,975.0],[573.0,977.0],[574.0,977.0],[574.0,980.0],[573.0,980.0],[573.0,981.0],[572.0,981.0],[572.0,982.0],[566.0,982.0],[566.0,983.0],[565.0,983.0],[565.0,982.0],[564.0,982.0],[564.0,981.0],[563.0,981.0],[563.0,983.0],[562.0,983.0],[562.0,985.0],[563.0,985.0],[563.0,986.0],[564.0,986.0],[564.0,987.0],[565.0,987.0],[565.0,988.0],[566.0,988.0],[566.0,990.0],[570.0,990.0],[570.0,991.0],[572.0,991.0],[572.0,992.0],[573.0,992.0],[573.0,991.0],[576.0,991.0],[576.0,992.0],[577.0,992.0],[577.0,994.0],[578.0,994.0],[578.0,995.0],[579.0,995.0],[579.0,996.0],[581.0,996.0],[581.0,997.0],[582.0,997.0],[582.0,998.0],[584.0,998.0],[584.0,999.0],[585.0,999.0],[585.0,1001.0],[586.0,1001.0],[586.0,1002.0],[587.0,1002.0],[587.0,1003.0],[586.0,1003.0],[586.0,1004.0],[585.0,1004.0],[585.0,1005.0],[584.0,1005.0],[584.0,1008.0],[585.0,1008.0],[585.0,1010.0],[586.0,1010.0],[586.0,1011.0],[589.0,1011.0],[589.0,1012.0],[590.0,1012.0],[590.0,1013.0],[591.0,1013.0],[591.0,1016.0],[592.0,1016.0],[592.0,1023.0],[591.0,1023.0],[591.0,1026.0],[590.0,1026.0],[590.0,1027.0],[589.0,1027.0],[589.0,1026.0],[588.0,1026.0],[588.0,1025.0],[587.0,1025.0],[587.0,1022.0],[586.0,1022.0],[586.0,1020.0],[582.0,1020.0],[582.0,1021.0],[580.0,1021.0],[580.0,1022.0],[579.0,1022.0],[579.0,1023.0],[576.0,1023.0],[576.0,1024.0],[575.0,1024.0],[575.0,1027.0],[574.0,1027.0],[574.0,1028.0],[572.0,1028.0],[572.0,1029.0],[570.0,1029.0],[570.0,1030.0],[569.0,1030.0],[569.0,1031.0],[568.0,1031.0],[568.0,1032.0],[567.0,1032.0],[567.0,1031.0],[566.0,1031.0],[566.0,1030.0],[565.0,1030.0],[565.0,1029.0],[564.0,1029.0],[564.0,1028.0],[563.0,1028.0],[563.0,1033.0],[562.0,1033.0],[562.0,1034.0],[560.0,1034.0],[560.0,1035.0],[558.0,1035.0],[558.0,1036.0],[556.0,1036.0],[556.0,1038.0],[557.0,1038.0],[557.0,1039.0],[556.0,1039.0],[556.0,1040.0],[555.0,1040.0],[555.0,1041.0],[554.0,1041.0],[554.0,1042.0],[553.0,1042.0],[553.0,1043.0],[552.0,1043.0],[552.0,1045.0],[551.0,1045.0],[551.0,1047.0],[550.0,1047.0],[550.0,1048.0],[549.0,1048.0],[549.0,1050.0],[548.0,1050.0],[548.0,1052.0],[547.0,1052.0],[547.0,1053.0],[546.0,1053.0],[546.0,1054.0],[541.0,1054.0],[541.0,1056.0],[542.0,1056.0],[542.0,1057.0],[541.0,1057.0],[541.0,1060.0],[540.0,1060.0],[540.0,1061.0],[539.0,1061.0],[539.0,1062.0],[537.0,1062.0],[537.0,1063.0],[536.0,1063.0],[536.0,1064.0],[535.0,1064.0],[535.0,1066.0],[534.0,1066.0],[534.0,1067.0],[533.0,1067.0],[533.0,1068.0],[532.0,1068.0],[532.0,1069.0],[531.0,1069.0],[531.0,1070.0],[528.0,1070.0],[528.0,1069.0],[527.0,1069.0],[527.0,1067.0],[528.0,1067.0],[528.0,1066.0],[529.0,1066.0],[529.0,1063.0],[528.0,1063.0],[528.0,1062.0],[527.0,1062.0],[527.0,1060.0],[526.0,1060.0],[526.0,1057.0],[527.0,1057.0],[527.0,1054.0],[528.0,1054.0],[528.0,1053.0],[529.0,1053.0],[529.0,1050.0],[530.0,1050.0],[530.0,1047.0],[529.0,1047.0],[529.0,1046.0],[528.0,1046.0],[528.0,1043.0],[527.0,1043.0],[527.0,1042.0],[528.0,1042.0],[528.0,1041.0],[529.0,1041.0],[529.0,1038.0],[528.0,1038.0],[528.0,1037.0],[527.0,1037.0],[527.0,1033.0],[528.0,1033.0],[528.0,1031.0],[527.0,1031.0],[527.0,1030.0],[528.0,1030.0],[528.0,1028.0],[527.0,1028.0],[527.0,1027.0],[525.0,1027.0],[525.0,1029.0],[524.0,1029.0],[524.0,1030.0],[525.0,1030.0],[525.0,1031.0],[524.0,1031.0],[524.0,1032.0],[523.0,1032.0],[523.0,1033.0],[522.0,1033.0],[522.0,1034.0],[519.0,1034.0],[519.0,1035.0],[516.0,1035.0],[516.0,1034.0],[514.0,1034.0],[514.0,1036.0],[513.0,1036.0],[513.0,1037.0],[511.0,1037.0],[511.0,1036.0],[509.0,1036.0],[509.0,1037.0],[508.0,1037.0],[508.0,1038.0],[507.0,1038.0],[507.0,1039.0],[506.0,1039.0],[506.0,1040.0],[504.0,1040.0],[504.0,1041.0],[502.0,1041.0],[502.0,1040.0],[501.0,1040.0],[501.0,1041.0],[500.0,1041.0],[500.0,1047.0],[502.0,1047.0],[502.0,1048.0],[503.0,1048.0],[503.0,1047.0],[505.0,1047.0],[505.0,1048.0],[506.0,1048.0],[506.0,1049.0],[507.0,1049.0],[507.0,1050.0],[508.0,1050.0],[508.0,1051.0],[509.0,1051.0],[509.0,1053.0],[510.0,1053.0],[510.0,1054.0],[511.0,1054.0],[511.0,1055.0],[510.0,1055.0],[510.0,1056.0],[508.0,1056.0],[508.0,1055.0],[503.0,1055.0],[503.0,1054.0],[502.0,1054.0],[502.0,1053.0],[501.0,1053.0],[501.0,1052.0],[500.0,1052.0],[500.0,1051.0],[493.0,1051.0],[493.0,1050.0],[488.0,1050.0],[488.0,1049.0],[484.0,1049.0],[484.0,1050.0],[483.0,1050.0],[483.0,1051.0],[482.0,1051.0],[482.0,1052.0],[480.0,1052.0],[480.0,1053.0],[476.0,1053.0],[476.0,1054.0],[475.0,1054.0],[475.0,1055.0],[474.0,1055.0],[474.0,1057.0],[473.0,1057.0],[473.0,1058.0],[469.0,1058.0],[469.0,1057.0],[467.0,1057.0],[467.0,1056.0],[466.0,1056.0],[466.0,1054.0],[467.0,1054.0],[467.0,1053.0],[466.0,1053.0],[466.0,1052.0],[463.0,1052.0],[463.0,1051.0],[461.0,1051.0],[461.0,1052.0],[456.0,1052.0],[456.0,1051.0],[455.0,1051.0],[455.0,1052.0],[453.0,1052.0],[453.0,1054.0],[452.0,1054.0],[452.0,1056.0],[451.0,1056.0],[451.0,1057.0],[445.0,1057.0],[445.0,1058.0],[444.0,1058.0],[444.0,1059.0],[442.0,1059.0],[442.0,1063.0],[441.0,1063.0],[441.0,1065.0],[440.0,1065.0],[440.0,1066.0],[438.0,1066.0],[438.0,1067.0],[436.0,1067.0],[436.0,1066.0],[434.0,1066.0],[434.0,1067.0],[430.0,1067.0],[430.0,1066.0],[427.0,1066.0],[427.0,1065.0],[426.0,1065.0],[426.0,1064.0],[425.0,1064.0],[425.0,1063.0],[424.0,1063.0],[424.0,1064.0],[420.0,1064.0],[420.0,1063.0],[419.0,1063.0],[419.0,1062.0],[418.0,1062.0],[418.0,1063.0],[416.0,1063.0],[416.0,1062.0],[415.0,1062.0],[415.0,1060.0],[414.0,1060.0],[414.0,1057.0],[415.0,1057.0],[415.0,1056.0],[416.0,1056.0],[416.0,1051.0],[415.0,1051.0],[415.0,1050.0],[414.0,1050.0],[414.0,1049.0],[413.0,1049.0],[413.0,1050.0],[412.0,1050.0],[412.0,1051.0],[408.0,1051.0],[408.0,1050.0],[406.0,1050.0],[406.0,1049.0],[405.0,1049.0],[405.0,1048.0],[404.0,1048.0],[404.0,1047.0],[400.0,1047.0],[400.0,1046.0],[399.0,1046.0],[399.0,1045.0],[398.0,1045.0],[398.0,1042.0],[397.0,1042.0],[397.0,1041.0],[396.0,1041.0],[396.0,1040.0],[391.0,1040.0],[391.0,1041.0],[390.0,1041.0],[390.0,1042.0],[388.0,1042.0],[388.0,1041.0],[386.0,1041.0],[386.0,1040.0],[385.0,1040.0],[385.0,1039.0],[383.0,1039.0],[383.0,1038.0],[382.0,1038.0],[382.0,1037.0],[380.0,1037.0],[380.0,1038.0],[379.0,1038.0],[379.0,1039.0],[378.0,1039.0],[378.0,1040.0],[375.0,1040.0],[375.0,1041.0],[372.0,1041.0],[372.0,1040.0],[371.0,1040.0],[371.0,1036.0],[372.0,1036.0],[372.0,1035.0],[374.0,1035.0],[374.0,1033.0],[373.0,1033.0],[373.0,1032.0],[372.0,1032.0],[372.0,1033.0],[371.0,1033.0],[371.0,1035.0],[370.0,1035.0],[370.0,1036.0],[369.0,1036.0],[369.0,1037.0],[365.0,1037.0],[365.0,1036.0],[363.0,1036.0],[363.0,1035.0],[362.0,1035.0],[362.0,1031.0],[363.0,1031.0],[363.0,1030.0],[364.0,1030.0],[364.0,1028.0],[365.0,1028.0],[365.0,1027.0],[366.0,1027.0],[366.0,1021.0],[367.0,1021.0],[367.0,1019.0],[368.0,1019.0],[368.0,1018.0],[369.0,1018.0],[369.0,1017.0],[370.0,1017.0],[370.0,1016.0],[371.0,1016.0],[371.0,1014.0],[372.0,1014.0],[372.0,1013.0],[373.0,1013.0],[373.0,1012.0],[374.0,1012.0],[374.0,1011.0],[375.0,1011.0],[375.0,1010.0],[376.0,1010.0],[376.0,1009.0],[378.0,1009.0],[378.0,1008.0],[379.0,1008.0],[379.0,1007.0],[380.0,1007.0],[380.0,1006.0],[381.0,1006.0],[381.0,1005.0],[376.0,1005.0],[376.0,1004.0],[375.0,1004.0],[375.0,1005.0],[374.0,1005.0],[374.0,1004.0],[372.0,1004.0],[372.0,1003.0],[369.0,1003.0],[369.0,1002.0],[367.0,1002.0],[367.0,1001.0],[366.0,1001.0],[366.0,1000.0],[365.0,1000.0],[365.0,996.0],[366.0,996.0],[366.0,993.0],[367.0,993.0],[367.0,992.0],[366.0,992.0]],[[379.0,988.0],[377.0,988.0],[377.0,989.0],[379.0,989.0],[379.0,988.0]],[[380.0,989.0],[379.0,989.0],[379.0,990.0],[380.0,990.0],[380.0,989.0]]],[[[583.0,994.0],[583.0,993.0],[582.0,993.0],[582.0,992.0],[581.0,992.0],[581.0,991.0],[580.0,991.0],[580.0,989.0],[581.0,989.0],[581.0,983.0],[582.0,983.0],[582.0,981.0],[583.0,981.0],[583.0,980.0],[585.0,980.0],[585.0,979.0],[589.0,979.0],[589.0,980.0],[590.0,980.0],[590.0,984.0],[589.0,984.0],[589.0,985.0],[588.0,985.0],[588.0,988.0],[590.0,988.0],[590.0,989.0],[594.0,989.0],[594.0,988.0],[596.0,988.0],[596.0,987.0],[601.0,987.0],[601.0,988.0],[602.0,988.0],[602.0,989.0],[603.0,989.0],[603.0,990.0],[604.0,990.0],[604.0,991.0],[605.0,991.0],[605.0,993.0],[604.0,993.0],[604.0,994.0],[603.0,994.0],[603.0,995.0],[601.0,995.0],[601.0,994.0],[596.0,994.0],[596.0,995.0],[594.0,995.0],[594.0,996.0],[593.0,996.0],[593.0,997.0],[592.0,997.0],[592.0,998.0],[589.0,998.0],[589.0,997.0],[587.0,997.0],[587.0,996.0],[585.0,996.0],[585.0,995.0],[584.0,995.0],[584.0,994.0],[583.0,994.0]]],[[[367.0,1014.0],[364.0,1014.0],[364.0,1015.0],[363.0,1015.0],[363.0,1014.0],[362.0,1014.0],[362.0,1013.0],[361.0,1013.0],[361.0,1010.0],[362.0,1010.0],[362.0,1008.0],[363.0,1008.0],[363.0,1007.0],[366.0,1007.0],[366.0,1006.0],[367.0,1006.0],[367.0,1005.0],[370.0,1005.0],[370.0,1006.0],[371.0,1006.0],[371.0,1007.0],[372.0,1007.0],[372.0,1008.0],[373.0,1008.0],[373.0,1011.0],[372.0,1011.0],[372.0,1012.0],[370.0,1012.0],[370.0,1013.0],[367.0,1013.0],[367.0,1014.0]]],[[[328.0,1042.0],[327.0,1042.0],[327.0,1040.0],[326.0,1040.0],[326.0,1039.0],[325.0,1039.0],[325.0,1038.0],[324.0,1038.0],[324.0,1036.0],[325.0,1036.0],[325.0,1035.0],[326.0,1035.0],[326.0,1034.0],[328.0,1034.0],[328.0,1035.0],[329.0,1035.0],[329.0,1036.0],[330.0,1036.0],[330.0,1038.0],[331.0,1038.0],[331.0,1039.0],[332.0,1039.0],[332.0,1040.0],[333.0,1040.0],[333.0,1042.0],[334.0,1042.0],[334.0,1043.0],[335.0,1043.0],[335.0,1045.0],[334.0,1045.0],[334.0,1046.0],[331.0,1046.0],[331.0,1045.0],[330.0,1045.0],[330.0,1044.0],[329.0,1044.0],[329.0,1043.0],[328.0,1043.0],[328.0,1042.0]]],[[[351.0,1047.0],[351.0,1046.0],[350.0,1046.0],[350.0,1045.0],[349.0,1045.0],[349.0,1044.0],[348.0,1044.0],[348.0,1043.0],[349.0,1043.0],[349.0,1038.0],[350.0,1038.0],[350.0,1035.0],[351.0,1035.0],[351.0,1033.0],[352.0,1033.0],[352.0,1032.0],[353.0,1032.0],[353.0,1033.0],[354.0,1033.0],[354.0,1034.0],[355.0,1034.0],[355.0,1035.0],[356.0,1035.0],[356.0,1036.0],[357.0,1036.0],[357.0,1037.0],[358.0,1037.0],[358.0,1038.0],[359.0,1038.0],[359.0,1039.0],[360.0,1039.0],[360.0,1044.0],[359.0,1044.0],[359.0,1045.0],[358.0,1045.0],[358.0,1046.0],[357.0,1046.0],[357.0,1047.0],[356.0,1047.0],[356.0,1048.0],[353.0,1048.0],[353.0,1047.0],[351.0,1047.0]]],[[[517.0,1051.0],[516.0,1051.0],[516.0,1049.0],[513.0,1049.0],[513.0,1048.0],[511.0,1048.0],[511.0,1047.0],[510.0,1047.0],[510.0,1046.0],[511.0,1046.0],[511.0,1045.0],[512.0,1045.0],[512.0,1044.0],[513.0,1044.0],[513.0,1043.0],[519.0,1043.0],[519.0,1044.0],[520.0,1044.0],[520.0,1045.0],[521.0,1045.0],[521.0,1046.0],[522.0,1046.0],[522.0,1047.0],[523.0,1047.0],[523.0,1051.0],[522.0,1051.0],[522.0,1052.0],[517.0,1052.0],[517.0,1051.0]]],[[[461.0,1064.0],[459.0,1064.0],[459.0,1065.0],[458.0,1065.0],[458.0,1066.0],[455.0,1066.0],[455.0,1065.0],[454.0,1065.0],[454.0,1062.0],[455.0,1062.0],[455.0,1061.0],[456.0,1061.0],[456.0,1060.0],[457.0,1060.0],[457.0,1059.0],[466.0,1059.0],[466.0,1060.0],[467.0,1060.0],[467.0,1061.0],[466.0,1061.0],[466.0,1062.0],[465.0,1062.0],[465.0,1063.0],[463.0,1063.0],[463.0,1062.0],[462.0,1062.0],[462.0,1063.0],[461.0,1063.0],[461.0,1064.0]]],[[[857.0,201.0],[857.0,202.0],[856.0,202.0],[856.0,201.0],[853.0,201.0],[853.0,200.0],[852.0,200.0],[852.0,199.0],[853.0,199.0],[853.0,198.0],[854.0,198.0],[854.0,197.0],[856.0,197.0],[856.0,196.0],[858.0,196.0],[858.0,195.0],[864.0,195.0],[864.0,196.0],[866.0,196.0],[866.0,195.0],[875.0,195.0],[875.0,196.0],[876.0,196.0],[876.0,199.0],[875.0,199.0],[875.0,200.0],[872.0,200.0],[872.0,203.0],[871.0,203.0],[871.0,204.0],[869.0,204.0],[869.0,203.0],[867.0,203.0],[867.0,202.0],[866.0,202.0],[866.0,201.0],[864.0,201.0],[864.0,200.0],[863.0,200.0],[863.0,199.0],[859.0,199.0],[859.0,200.0],[858.0,200.0],[858.0,201.0],[857.0,201.0]]],[[[852.0,254.0],[851.0,254.0],[851.0,255.0],[850.0,255.0],[850.0,256.0],[849.0,256.0],[849.0,255.0],[848.0,255.0],[848.0,250.0],[849.0,250.0],[849.0,249.0],[850.0,249.0],[850.0,248.0],[851.0,248.0],[851.0,247.0],[852.0,247.0],[852.0,246.0],[855.0,246.0],[855.0,245.0],[858.0,245.0],[858.0,244.0],[862.0,244.0],[862.0,245.0],[863.0,245.0],[863.0,246.0],[862.0,246.0],[862.0,247.0],[861.0,247.0],[861.0,248.0],[859.0,248.0],[859.0,249.0],[855.0,249.0],[855.0,250.0],[854.0,250.0],[854.0,251.0],[853.0,251.0],[853.0,253.0],[852.0,253.0],[852.0,254.0]]],[[[830.0,334.0],[829.0,334.0],[829.0,335.0],[827.0,335.0],[827.0,334.0],[825.0,334.0],[825.0,333.0],[824.0,333.0],[824.0,331.0],[825.0,331.0],[825.0,330.0],[826.0,330.0],[826.0,329.0],[829.0,329.0],[829.0,330.0],[830.0,330.0],[830.0,334.0]]],[[[734.0,345.0],[734.0,344.0],[733.0,344.0],[733.0,343.0],[732.0,343.0],[732.0,342.0],[731.0,342.0],[731.0,341.0],[732.0,341.0],[732.0,339.0],[733.0,339.0],[733.0,337.0],[734.0,337.0],[734.0,334.0],[735.0,334.0],[735.0,333.0],[738.0,333.0],[738.0,332.0],[740.0,332.0],[740.0,333.0],[741.0,333.0],[741.0,337.0],[742.0,337.0],[742.0,340.0],[741.0,340.0],[741.0,341.0],[740.0,341.0],[740.0,342.0],[738.0,342.0],[738.0,343.0],[736.0,343.0],[736.0,344.0],[735.0,344.0],[735.0,345.0],[734.0,345.0]]],[[[785.0,345.0],[783.0,345.0],[783.0,344.0],[782.0,344.0],[782.0,343.0],[781.0,343.0],[781.0,342.0],[780.0,342.0],[780.0,341.0],[781.0,341.0],[781.0,340.0],[784.0,340.0],[784.0,341.0],[785.0,341.0],[785.0,342.0],[787.0,342.0],[787.0,343.0],[788.0,343.0],[788.0,344.0],[790.0,344.0],[790.0,345.0],[791.0,345.0],[791.0,346.0],[790.0,346.0],[790.0,347.0],[791.0,347.0],[791.0,348.0],[790.0,348.0],[790.0,349.0],[788.0,349.0],[788.0,350.0],[787.0,350.0],[787.0,349.0],[786.0,349.0],[786.0,347.0],[785.0,347.0],[785.0,345.0]]],[[[809.0,356.0],[807.0,356.0],[807.0,355.0],[806.0,355.0],[806.0,353.0],[807.0,353.0],[807.0,351.0],[806.0,351.0],[806.0,348.0],[807.0,348.0],[807.0,347.0],[809.0,347.0],[809.0,348.0],[810.0,348.0],[810.0,349.0],[811.0,349.0],[811.0,353.0],[812.0,353.0],[812.0,354.0],[813.0,354.0],[813.0,356.0],[812.0,356.0],[812.0,357.0],[811.0,357.0],[811.0,358.0],[810.0,358.0],[810.0,357.0],[809.0,357.0],[809.0,356.0]]],[[[822.0,357.0],[822.0,358.0],[820.0,358.0],[820.0,357.0],[819.0,357.0],[819.0,356.0],[818.0,356.0],[818.0,354.0],[819.0,354.0],[819.0,351.0],[820.0,351.0],[820.0,350.0],[823.0,350.0],[823.0,351.0],[824.0,351.0],[824.0,355.0],[825.0,355.0],[825.0,356.0],[824.0,356.0],[824.0,357.0],[822.0,357.0]]],[[[692.0,360.0],[690.0,360.0],[690.0,361.0],[688.0,361.0],[688.0,360.0],[687.0,360.0],[687.0,359.0],[686.0,359.0],[686.0,357.0],[687.0,357.0],[687.0,355.0],[688.0,355.0],[688.0,353.0],[689.0,353.0],[689.0,352.0],[691.0,352.0],[691.0,351.0],[693.0,351.0],[693.0,352.0],[694.0,352.0],[694.0,354.0],[693.0,354.0],[693.0,356.0],[694.0,356.0],[694.0,358.0],[693.0,358.0],[693.0,359.0],[692.0,359.0],[692.0,360.0]]],[[[760.0,380.0],[759.0,380.0],[759.0,382.0],[758.0,382.0],[758.0,383.0],[754.0,383.0],[754.0,382.0],[753.0,382.0],[753.0,380.0],[754.0,380.0],[754.0,379.0],[755.0,379.0],[755.0,377.0],[756.0,377.0],[756.0,374.0],[757.0,374.0],[757.0,373.0],[760.0,373.0],[760.0,371.0],[761.0,371.0],[761.0,370.0],[762.0,370.0],[762.0,368.0],[761.0,368.0],[761.0,367.0],[762.0,367.0],[762.0,366.0],[766.0,366.0],[766.0,367.0],[767.0,367.0],[767.0,369.0],[766.0,369.0],[766.0,370.0],[765.0,370.0],[765.0,374.0],[766.0,374.0],[766.0,375.0],[769.0,375.0],[769.0,376.0],[770.0,376.0],[770.0,377.0],[771.0,377.0],[771.0,378.0],[772.0,378.0],[772.0,379.0],[771.0,379.0],[771.0,381.0],[770.0,381.0],[770.0,383.0],[771.0,383.0],[771.0,384.0],[770.0,384.0],[770.0,385.0],[768.0,385.0],[768.0,386.0],[765.0,386.0],[765.0,385.0],[764.0,385.0],[764.0,381.0],[763.0,381.0],[763.0,380.0],[762.0,380.0],[762.0,379.0],[760.0,379.0],[760.0,380.0]]],[[[676.0,386.0],[676.0,385.0],[675.0,385.0],[675.0,384.0],[674.0,384.0],[674.0,383.0],[673.0,383.0],[673.0,381.0],[674.0,381.0],[674.0,378.0],[675.0,378.0],[675.0,376.0],[676.0,376.0],[676.0,370.0],[675.0,370.0],[675.0,369.0],[676.0,369.0],[676.0,368.0],[677.0,368.0],[677.0,367.0],[678.0,367.0],[678.0,368.0],[680.0,368.0],[680.0,369.0],[681.0,369.0],[681.0,371.0],[682.0,371.0],[682.0,373.0],[681.0,373.0],[681.0,377.0],[682.0,377.0],[682.0,378.0],[684.0,378.0],[684.0,379.0],[685.0,379.0],[685.0,381.0],[686.0,381.0],[686.0,385.0],[685.0,385.0],[685.0,386.0],[684.0,386.0],[684.0,387.0],[683.0,387.0],[683.0,386.0],[682.0,386.0],[682.0,385.0],[681.0,385.0],[681.0,384.0],[679.0,384.0],[679.0,386.0],[678.0,386.0],[678.0,387.0],[677.0,387.0],[677.0,386.0],[676.0,386.0]]],[[[664.0,398.0],[662.0,398.0],[662.0,397.0],[661.0,397.0],[661.0,396.0],[660.0,396.0],[660.0,395.0],[659.0,395.0],[659.0,387.0],[660.0,387.0],[660.0,386.0],[662.0,386.0],[662.0,387.0],[663.0,387.0],[663.0,389.0],[664.0,389.0],[664.0,392.0],[665.0,392.0],[665.0,397.0],[664.0,397.0],[664.0,398.0]]],[[[639.0,414.0],[638.0,414.0],[638.0,413.0],[637.0,413.0],[637.0,412.0],[636.0,412.0],[636.0,410.0],[635.0,410.0],[635.0,409.0],[636.0,409.0],[636.0,408.0],[637.0,408.0],[637.0,407.0],[638.0,407.0],[638.0,406.0],[639.0,406.0],[639.0,401.0],[640.0,401.0],[640.0,400.0],[641.0,400.0],[641.0,401.0],[642.0,401.0],[642.0,402.0],[643.0,402.0],[643.0,403.0],[644.0,403.0],[644.0,406.0],[645.0,406.0],[645.0,408.0],[644.0,408.0],[644.0,410.0],[643.0,410.0],[643.0,413.0],[644.0,413.0],[644.0,414.0],[645.0,414.0],[645.0,417.0],[644.0,417.0],[644.0,418.0],[643.0,418.0],[643.0,419.0],[642.0,419.0],[642.0,420.0],[640.0,420.0],[640.0,419.0],[639.0,419.0],[639.0,414.0]]],[[[626.0,454.0],[626.0,453.0],[625.0,453.0],[625.0,452.0],[626.0,452.0],[626.0,451.0],[625.0,451.0],[625.0,448.0],[626.0,448.0],[626.0,447.0],[628.0,447.0],[628.0,446.0],[629.0,446.0],[629.0,445.0],[630.0,445.0],[630.0,444.0],[633.0,444.0],[633.0,445.0],[634.0,445.0],[634.0,446.0],[635.0,446.0],[635.0,447.0],[636.0,447.0],[636.0,448.0],[635.0,448.0],[635.0,449.0],[634.0,449.0],[634.0,450.0],[632.0,450.0],[632.0,451.0],[631.0,451.0],[631.0,452.0],[630.0,452.0],[630.0,453.0],[629.0,453.0],[629.0,454.0],[628.0,454.0],[628.0,455.0],[627.0,455.0],[627.0,454.0],[626.0,454.0]]],[[[600.0,466.0],[597.0,466.0],[597.0,465.0],[595.0,465.0],[595.0,464.0],[593.0,464.0],[593.0,463.0],[592.0,463.0],[592.0,459.0],[593.0,459.0],[593.0,458.0],[598.0,458.0],[598.0,455.0],[599.0,455.0],[599.0,452.0],[600.0,452.0],[600.0,451.0],[601.0,451.0],[601.0,450.0],[603.0,450.0],[603.0,449.0],[611.0,449.0],[611.0,448.0],[612.0,448.0],[612.0,447.0],[616.0,447.0],[616.0,448.0],[617.0,448.0],[617.0,449.0],[618.0,449.0],[618.0,452.0],[617.0,452.0],[617.0,453.0],[616.0,453.0],[616.0,454.0],[615.0,454.0],[615.0,455.0],[614.0,455.0],[614.0,456.0],[613.0,456.0],[613.0,457.0],[611.0,457.0],[611.0,458.0],[610.0,458.0],[610.0,459.0],[608.0,459.0],[608.0,460.0],[607.0,460.0],[607.0,461.0],[606.0,461.0],[606.0,463.0],[605.0,463.0],[605.0,464.0],[603.0,464.0],[603.0,465.0],[600.0,465.0],[600.0,466.0]]],[[[877.0,590.0],[876.0,590.0],[876.0,589.0],[872.0,589.0],[872.0,590.0],[871.0,590.0],[871.0,592.0],[872.0,592.0],[872.0,595.0],[871.0,595.0],[871.0,596.0],[862.0,596.0],[862.0,597.0],[858.0,597.0],[858.0,596.0],[856.0,596.0],[856.0,595.0],[855.0,595.0],[855.0,594.0],[854.0,594.0],[854.0,593.0],[855.0,593.0],[855.0,591.0],[854.0,591.0],[854.0,590.0],[853.0,590.0],[853.0,589.0],[851.0,589.0],[851.0,588.0],[846.0,588.0],[846.0,589.0],[845.0,589.0],[845.0,591.0],[847.0,591.0],[847.0,592.0],[849.0,592.0],[849.0,593.0],[850.0,593.0],[850.0,594.0],[852.0,594.0],[852.0,595.0],[854.0,595.0],[854.0,596.0],[855.0,596.0],[855.0,597.0],[856.0,597.0],[856.0,599.0],[855.0,599.0],[855.0,600.0],[852.0,600.0],[852.0,602.0],[854.0,602.0],[854.0,603.0],[855.0,603.0],[855.0,604.0],[857.0,604.0],[857.0,605.0],[861.0,605.0],[861.0,606.0],[867.0,606.0],[867.0,607.0],[869.0,607.0],[869.0,608.0],[871.0,608.0],[871.0,609.0],[872.0,609.0],[872.0,612.0],[873.0,612.0],[873.0,613.0],[872.0,613.0],[872.0,614.0],[873.0,614.0],[873.0,615.0],[872.0,615.0],[872.0,616.0],[874.0,616.0],[874.0,617.0],[875.0,617.0],[875.0,618.0],[876.0,618.0],[876.0,617.0],[881.0,617.0],[881.0,616.0],[882.0,616.0],[882.0,615.0],[884.0,615.0],[884.0,614.0],[891.0,614.0],[891.0,615.0],[894.0,615.0],[894.0,616.0],[901.0,616.0],[901.0,617.0],[903.0,617.0],[903.0,618.0],[904.0,618.0],[904.0,619.0],[905.0,619.0],[905.0,620.0],[906.0,620.0],[906.0,622.0],[905.0,622.0],[905.0,623.0],[902.0,623.0],[902.0,622.0],[900.0,622.0],[900.0,624.0],[899.0,624.0],[899.0,625.0],[898.0,625.0],[898.0,626.0],[897.0,626.0],[897.0,627.0],[896.0,627.0],[896.0,628.0],[895.0,628.0],[895.0,629.0],[894.0,629.0],[894.0,630.0],[893.0,630.0],[893.0,631.0],[892.0,631.0],[892.0,632.0],[890.0,632.0],[890.0,633.0],[889.0,633.0],[889.0,634.0],[886.0,634.0],[886.0,639.0],[885.0,639.0],[885.0,640.0],[884.0,640.0],[884.0,641.0],[880.0,641.0],[880.0,640.0],[874.0,640.0],[874.0,639.0],[871.0,639.0],[871.0,640.0],[868.0,640.0],[868.0,641.0],[863.0,641.0],[863.0,642.0],[862.0,642.0],[862.0,643.0],[861.0,643.0],[861.0,644.0],[860.0,644.0],[860.0,645.0],[859.0,645.0],[859.0,646.0],[858.0,646.0],[858.0,647.0],[857.0,647.0],[857.0,648.0],[854.0,648.0],[854.0,647.0],[852.0,647.0],[852.0,646.0],[851.0,646.0],[851.0,645.0],[849.0,645.0],[849.0,644.0],[848.0,644.0],[848.0,643.0],[847.0,643.0],[847.0,640.0],[846.0,640.0],[846.0,638.0],[845.0,638.0],[845.0,634.0],[846.0,634.0],[846.0,632.0],[845.0,632.0],[845.0,631.0],[844.0,631.0],[844.0,630.0],[843.0,630.0],[843.0,629.0],[842.0,629.0],[842.0,628.0],[841.0,628.0],[841.0,627.0],[840.0,627.0],[840.0,625.0],[839.0,625.0],[839.0,624.0],[838.0,624.0],[838.0,622.0],[837.0,622.0],[837.0,617.0],[838.0,617.0],[838.0,614.0],[837.0,614.0],[837.0,615.0],[832.0,615.0],[832.0,616.0],[831.0,616.0],[831.0,618.0],[830.0,618.0],[830.0,619.0],[828.0,619.0],[828.0,620.0],[827.0,620.0],[827.0,621.0],[826.0,621.0],[826.0,622.0],[824.0,622.0],[824.0,628.0],[823.0,628.0],[823.0,629.0],[820.0,629.0],[820.0,630.0],[819.0,630.0],[819.0,631.0],[820.0,631.0],[820.0,633.0],[821.0,633.0],[821.0,634.0],[824.0,634.0],[824.0,635.0],[826.0,635.0],[826.0,636.0],[827.0,636.0],[827.0,637.0],[830.0,637.0],[830.0,638.0],[831.0,638.0],[831.0,639.0],[830.0,639.0],[830.0,640.0],[831.0,640.0],[831.0,641.0],[832.0,641.0],[832.0,642.0],[834.0,642.0],[834.0,643.0],[835.0,643.0],[835.0,645.0],[836.0,645.0],[836.0,647.0],[837.0,647.0],[837.0,651.0],[836.0,651.0],[836.0,652.0],[828.0,652.0],[828.0,653.0],[829.0,653.0],[829.0,654.0],[828.0,654.0],[828.0,655.0],[826.0,655.0],[826.0,656.0],[820.0,656.0],[820.0,655.0],[819.0,655.0],[819.0,654.0],[818.0,654.0],[818.0,655.0],[817.0,655.0],[817.0,656.0],[816.0,656.0],[816.0,657.0],[812.0,657.0],[812.0,656.0],[810.0,656.0],[810.0,655.0],[809.0,655.0],[809.0,654.0],[808.0,654.0],[808.0,653.0],[806.0,653.0],[806.0,654.0],[804.0,654.0],[804.0,653.0],[803.0,653.0],[803.0,651.0],[804.0,651.0],[804.0,650.0],[803.0,650.0],[803.0,649.0],[804.0,649.0],[804.0,648.0],[803.0,648.0],[803.0,647.0],[802.0,647.0],[802.0,646.0],[801.0,646.0],[801.0,645.0],[798.0,645.0],[798.0,646.0],[797.0,646.0],[797.0,647.0],[798.0,647.0],[798.0,650.0],[797.0,650.0],[797.0,651.0],[796.0,651.0],[796.0,652.0],[797.0,652.0],[797.0,653.0],[798.0,653.0],[798.0,654.0],[797.0,654.0],[797.0,655.0],[795.0,655.0],[795.0,656.0],[794.0,656.0],[794.0,657.0],[793.0,657.0],[793.0,658.0],[792.0,658.0],[792.0,659.0],[791.0,659.0],[791.0,660.0],[790.0,660.0],[790.0,661.0],[789.0,661.0],[789.0,663.0],[788.0,663.0],[788.0,664.0],[785.0,664.0],[785.0,663.0],[784.0,663.0],[784.0,662.0],[783.0,662.0],[783.0,660.0],[782.0,660.0],[782.0,659.0],[781.0,659.0],[781.0,658.0],[778.0,658.0],[778.0,657.0],[777.0,657.0],[777.0,656.0],[775.0,656.0],[775.0,658.0],[774.0,658.0],[774.0,666.0],[773.0,666.0],[773.0,667.0],[771.0,667.0],[771.0,668.0],[770.0,668.0],[770.0,670.0],[769.0,670.0],[769.0,672.0],[768.0,672.0],[768.0,673.0],[767.0,673.0],[767.0,674.0],[766.0,674.0],[766.0,675.0],[765.0,675.0],[765.0,676.0],[764.0,676.0],[764.0,677.0],[763.0,677.0],[763.0,678.0],[756.0,678.0],[756.0,679.0],[754.0,679.0],[754.0,680.0],[753.0,680.0],[753.0,681.0],[750.0,681.0],[750.0,682.0],[749.0,682.0],[749.0,683.0],[748.0,683.0],[748.0,684.0],[747.0,684.0],[747.0,683.0],[746.0,683.0],[746.0,682.0],[745.0,682.0],[745.0,683.0],[743.0,683.0],[743.0,684.0],[744.0,684.0],[744.0,687.0],[745.0,687.0],[745.0,686.0],[746.0,686.0],[746.0,687.0],[747.0,687.0],[747.0,688.0],[748.0,688.0],[748.0,689.0],[749.0,689.0],[749.0,690.0],[751.0,690.0],[751.0,691.0],[753.0,691.0],[753.0,692.0],[754.0,692.0],[754.0,695.0],[755.0,695.0],[755.0,697.0],[756.0,697.0],[756.0,698.0],[757.0,698.0],[757.0,699.0],[758.0,699.0],[758.0,705.0],[759.0,705.0],[759.0,706.0],[760.0,706.0],[760.0,708.0],[759.0,708.0],[759.0,709.0],[758.0,709.0],[758.0,710.0],[759.0,710.0],[759.0,711.0],[758.0,711.0],[758.0,713.0],[759.0,713.0],[759.0,712.0],[760.0,712.0],[760.0,711.0],[763.0,711.0],[763.0,712.0],[764.0,712.0],[764.0,713.0],[765.0,713.0],[765.0,715.0],[766.0,715.0],[766.0,714.0],[767.0,714.0],[767.0,715.0],[770.0,715.0],[770.0,716.0],[771.0,716.0],[771.0,715.0],[772.0,715.0],[772.0,713.0],[773.0,713.0],[773.0,712.0],[776.0,712.0],[776.0,713.0],[777.0,713.0],[777.0,714.0],[778.0,714.0],[778.0,717.0],[779.0,717.0],[779.0,719.0],[784.0,719.0],[784.0,715.0],[783.0,715.0],[783.0,711.0],[784.0,711.0],[784.0,710.0],[785.0,710.0],[785.0,709.0],[786.0,709.0],[786.0,708.0],[784.0,708.0],[784.0,707.0],[783.0,707.0],[783.0,706.0],[782.0,706.0],[782.0,705.0],[781.0,705.0],[781.0,704.0],[780.0,704.0],[780.0,703.0],[779.0,703.0],[779.0,702.0],[778.0,702.0],[778.0,701.0],[777.0,701.0],[777.0,699.0],[778.0,699.0],[778.0,698.0],[781.0,698.0],[781.0,697.0],[783.0,697.0],[783.0,696.0],[785.0,696.0],[785.0,697.0],[787.0,697.0],[787.0,698.0],[788.0,698.0],[788.0,699.0],[789.0,699.0],[789.0,700.0],[790.0,700.0],[790.0,698.0],[789.0,698.0],[789.0,694.0],[790.0,694.0],[790.0,693.0],[794.0,693.0],[794.0,692.0],[795.0,692.0],[795.0,691.0],[797.0,691.0],[797.0,692.0],[798.0,692.0],[798.0,695.0],[801.0,695.0],[801.0,696.0],[802.0,696.0],[802.0,697.0],[803.0,697.0],[803.0,698.0],[804.0,698.0],[804.0,701.0],[805.0,701.0],[805.0,700.0],[806.0,700.0],[806.0,698.0],[807.0,698.0],[807.0,697.0],[808.0,697.0],[808.0,696.0],[809.0,696.0],[809.0,695.0],[811.0,695.0],[811.0,696.0],[813.0,696.0],[813.0,697.0],[815.0,697.0],[815.0,698.0],[816.0,698.0],[816.0,699.0],[817.0,699.0],[817.0,700.0],[818.0,700.0],[818.0,701.0],[819.0,701.0],[819.0,702.0],[820.0,702.0],[820.0,704.0],[822.0,704.0],[822.0,705.0],[823.0,705.0],[823.0,706.0],[824.0,706.0],[824.0,707.0],[827.0,707.0],[827.0,706.0],[832.0,706.0],[832.0,707.0],[834.0,707.0],[834.0,708.0],[835.0,708.0],[835.0,710.0],[834.0,710.0],[834.0,711.0],[833.0,711.0],[833.0,712.0],[834.0,712.0],[834.0,714.0],[835.0,714.0],[835.0,715.0],[836.0,715.0],[836.0,716.0],[835.0,716.0],[835.0,719.0],[834.0,719.0],[834.0,720.0],[833.0,720.0],[833.0,721.0],[832.0,721.0],[832.0,722.0],[831.0,722.0],[831.0,723.0],[829.0,723.0],[829.0,724.0],[826.0,724.0],[826.0,726.0],[827.0,726.0],[827.0,734.0],[828.0,734.0],[828.0,735.0],[829.0,735.0],[829.0,739.0],[828.0,739.0],[828.0,741.0],[829.0,741.0],[829.0,740.0],[830.0,740.0],[830.0,739.0],[831.0,739.0],[831.0,737.0],[832.0,737.0],[832.0,736.0],[833.0,736.0],[833.0,735.0],[834.0,735.0],[834.0,734.0],[835.0,734.0],[835.0,732.0],[834.0,732.0],[834.0,731.0],[835.0,731.0],[835.0,730.0],[836.0,730.0],[836.0,729.0],[837.0,729.0],[837.0,730.0],[838.0,730.0],[838.0,729.0],[839.0,729.0],[839.0,730.0],[841.0,730.0],[841.0,729.0],[842.0,729.0],[842.0,728.0],[846.0,728.0],[846.0,726.0],[847.0,726.0],[847.0,724.0],[848.0,724.0],[848.0,721.0],[849.0,721.0],[849.0,720.0],[850.0,720.0],[850.0,719.0],[851.0,719.0],[851.0,720.0],[852.0,720.0],[852.0,719.0],[855.0,719.0],[855.0,720.0],[856.0,720.0],[856.0,723.0],[857.0,723.0],[857.0,724.0],[858.0,724.0],[858.0,725.0],[859.0,725.0],[859.0,726.0],[861.0,726.0],[861.0,730.0],[860.0,730.0],[860.0,733.0],[861.0,733.0],[861.0,738.0],[862.0,738.0],[862.0,740.0],[864.0,740.0],[864.0,739.0],[866.0,739.0],[866.0,740.0],[867.0,740.0],[867.0,745.0],[866.0,745.0],[866.0,746.0],[864.0,746.0],[864.0,747.0],[863.0,747.0],[863.0,753.0],[864.0,753.0],[864.0,754.0],[871.0,754.0],[871.0,753.0],[873.0,753.0],[873.0,752.0],[875.0,752.0],[875.0,751.0],[878.0,751.0],[878.0,750.0],[882.0,750.0],[882.0,751.0],[885.0,751.0],[885.0,752.0],[887.0,752.0],[887.0,753.0],[889.0,753.0],[889.0,754.0],[890.0,754.0],[890.0,756.0],[891.0,756.0],[891.0,760.0],[893.0,760.0],[893.0,761.0],[898.0,761.0],[898.0,762.0],[899.0,762.0],[899.0,763.0],[900.0,763.0],[900.0,764.0],[903.0,764.0],[903.0,762.0],[902.0,762.0],[902.0,761.0],[901.0,761.0],[901.0,757.0],[902.0,757.0],[902.0,756.0],[904.0,756.0],[904.0,755.0],[906.0,755.0],[906.0,754.0],[907.0,754.0],[907.0,753.0],[909.0,753.0],[909.0,752.0],[911.0,752.0],[911.0,751.0],[914.0,751.0],[914.0,750.0],[917.0,750.0],[917.0,749.0],[921.0,749.0],[921.0,750.0],[923.0,750.0],[923.0,751.0],[925.0,751.0],[925.0,752.0],[927.0,752.0],[927.0,753.0],[929.0,753.0],[929.0,754.0],[931.0,754.0],[931.0,755.0],[934.0,755.0],[934.0,756.0],[935.0,756.0],[935.0,757.0],[936.0,757.0],[936.0,758.0],[937.0,758.0],[937.0,759.0],[938.0,759.0],[938.0,760.0],[939.0,760.0],[939.0,762.0],[938.0,762.0],[938.0,763.0],[937.0,763.0],[937.0,764.0],[936.0,764.0],[936.0,763.0],[933.0,763.0],[933.0,764.0],[927.0,764.0],[927.0,763.0],[924.0,763.0],[924.0,767.0],[925.0,767.0],[925.0,768.0],[926.0,768.0],[926.0,769.0],[925.0,769.0],[925.0,770.0],[924.0,770.0],[924.0,771.0],[925.0,771.0],[925.0,772.0],[927.0,772.0],[927.0,773.0],[928.0,773.0],[928.0,775.0],[929.0,775.0],[929.0,777.0],[930.0,777.0],[930.0,781.0],[931.0,781.0],[931.0,782.0],[930.0,782.0],[930.0,783.0],[929.0,783.0],[929.0,784.0],[928.0,784.0],[928.0,785.0],[924.0,785.0],[924.0,786.0],[922.0,786.0],[922.0,787.0],[921.0,787.0],[921.0,790.0],[920.0,790.0],[920.0,791.0],[919.0,791.0],[919.0,793.0],[918.0,793.0],[918.0,794.0],[916.0,794.0],[916.0,793.0],[914.0,793.0],[914.0,794.0],[912.0,794.0],[912.0,793.0],[909.0,793.0],[909.0,792.0],[907.0,792.0],[907.0,791.0],[906.0,791.0],[906.0,793.0],[907.0,793.0],[907.0,794.0],[906.0,794.0],[906.0,797.0],[907.0,797.0],[907.0,798.0],[908.0,798.0],[908.0,801.0],[907.0,801.0],[907.0,803.0],[906.0,803.0],[906.0,805.0],[912.0,805.0],[912.0,806.0],[913.0,806.0],[913.0,808.0],[912.0,808.0],[912.0,809.0],[911.0,809.0],[911.0,810.0],[909.0,810.0],[909.0,811.0],[904.0,811.0],[904.0,810.0],[901.0,810.0],[901.0,809.0],[900.0,809.0],[900.0,810.0],[897.0,810.0],[897.0,809.0],[892.0,809.0],[892.0,808.0],[887.0,808.0],[887.0,807.0],[885.0,807.0],[885.0,806.0],[884.0,806.0],[884.0,805.0],[885.0,805.0],[885.0,804.0],[886.0,804.0],[886.0,801.0],[880.0,801.0],[880.0,800.0],[878.0,800.0],[878.0,799.0],[876.0,799.0],[876.0,798.0],[875.0,798.0],[875.0,795.0],[874.0,795.0],[874.0,794.0],[873.0,794.0],[873.0,793.0],[870.0,793.0],[870.0,795.0],[871.0,795.0],[871.0,797.0],[870.0,797.0],[870.0,798.0],[869.0,798.0],[869.0,799.0],[868.0,799.0],[868.0,798.0],[862.0,798.0],[862.0,799.0],[860.0,799.0],[860.0,798.0],[856.0,798.0],[856.0,799.0],[855.0,799.0],[855.0,800.0],[853.0,800.0],[853.0,802.0],[852.0,802.0],[852.0,803.0],[850.0,803.0],[850.0,804.0],[847.0,804.0],[847.0,803.0],[844.0,803.0],[844.0,802.0],[843.0,802.0],[843.0,801.0],[842.0,801.0],[842.0,800.0],[841.0,800.0],[841.0,801.0],[839.0,801.0],[839.0,802.0],[838.0,802.0],[838.0,803.0],[836.0,803.0],[836.0,804.0],[835.0,804.0],[835.0,806.0],[836.0,806.0],[836.0,807.0],[839.0,807.0],[839.0,806.0],[840.0,806.0],[840.0,807.0],[841.0,807.0],[841.0,808.0],[842.0,808.0],[842.0,809.0],[841.0,809.0],[841.0,810.0],[840.0,810.0],[840.0,811.0],[839.0,811.0],[839.0,812.0],[838.0,812.0],[838.0,813.0],[837.0,813.0],[837.0,814.0],[832.0,814.0],[832.0,815.0],[828.0,815.0],[828.0,816.0],[827.0,816.0],[827.0,815.0],[826.0,815.0],[826.0,814.0],[825.0,814.0],[825.0,813.0],[823.0,813.0],[823.0,812.0],[820.0,812.0],[820.0,813.0],[819.0,813.0],[819.0,814.0],[818.0,814.0],[818.0,815.0],[817.0,815.0],[817.0,817.0],[816.0,817.0],[816.0,818.0],[815.0,818.0],[815.0,819.0],[814.0,819.0],[814.0,820.0],[811.0,820.0],[811.0,819.0],[809.0,819.0],[809.0,818.0],[808.0,818.0],[808.0,815.0],[807.0,815.0],[807.0,816.0],[803.0,816.0],[803.0,815.0],[802.0,815.0],[802.0,814.0],[801.0,814.0],[801.0,813.0],[800.0,813.0],[800.0,810.0],[799.0,810.0],[799.0,809.0],[798.0,809.0],[798.0,808.0],[796.0,808.0],[796.0,807.0],[795.0,807.0],[795.0,806.0],[794.0,806.0],[794.0,805.0],[793.0,805.0],[793.0,801.0],[794.0,801.0],[794.0,799.0],[795.0,799.0],[795.0,798.0],[797.0,798.0],[797.0,797.0],[800.0,797.0],[800.0,796.0],[807.0,796.0],[807.0,797.0],[810.0,797.0],[810.0,795.0],[807.0,795.0],[807.0,794.0],[800.0,794.0],[800.0,793.0],[799.0,793.0],[799.0,794.0],[797.0,794.0],[797.0,793.0],[792.0,793.0],[792.0,792.0],[791.0,792.0],[791.0,793.0],[790.0,793.0],[790.0,797.0],[789.0,797.0],[789.0,798.0],[784.0,798.0],[784.0,797.0],[778.0,797.0],[778.0,796.0],[777.0,796.0],[777.0,795.0],[775.0,795.0],[775.0,794.0],[771.0,794.0],[771.0,793.0],[769.0,793.0],[769.0,792.0],[767.0,792.0],[767.0,793.0],[765.0,793.0],[765.0,794.0],[760.0,794.0],[760.0,795.0],[759.0,795.0],[759.0,796.0],[755.0,796.0],[755.0,797.0],[750.0,797.0],[750.0,798.0],[749.0,798.0],[749.0,797.0],[746.0,797.0],[746.0,796.0],[745.0,796.0],[745.0,795.0],[744.0,795.0],[744.0,794.0],[743.0,794.0],[743.0,792.0],[742.0,792.0],[742.0,791.0],[740.0,791.0],[740.0,792.0],[739.0,792.0],[739.0,793.0],[736.0,793.0],[736.0,794.0],[727.0,794.0],[727.0,793.0],[726.0,793.0],[726.0,791.0],[727.0,791.0],[727.0,790.0],[729.0,790.0],[729.0,789.0],[731.0,789.0],[731.0,787.0],[732.0,787.0],[732.0,785.0],[733.0,785.0],[733.0,784.0],[734.0,784.0],[734.0,783.0],[735.0,783.0],[735.0,782.0],[738.0,782.0],[738.0,781.0],[740.0,781.0],[740.0,780.0],[741.0,780.0],[741.0,779.0],[742.0,779.0],[742.0,778.0],[743.0,778.0],[743.0,777.0],[745.0,777.0],[745.0,778.0],[749.0,778.0],[749.0,779.0],[751.0,779.0],[751.0,780.0],[755.0,780.0],[755.0,781.0],[756.0,781.0],[756.0,782.0],[762.0,782.0],[762.0,780.0],[760.0,780.0],[760.0,779.0],[759.0,779.0],[759.0,780.0],[757.0,780.0],[757.0,779.0],[754.0,779.0],[754.0,778.0],[753.0,778.0],[753.0,777.0],[752.0,777.0],[752.0,776.0],[751.0,776.0],[751.0,775.0],[749.0,775.0],[749.0,774.0],[748.0,774.0],[748.0,773.0],[747.0,773.0],[747.0,772.0],[744.0,772.0],[744.0,771.0],[743.0,771.0],[743.0,770.0],[741.0,770.0],[741.0,769.0],[740.0,769.0],[740.0,768.0],[739.0,768.0],[739.0,771.0],[740.0,771.0],[740.0,772.0],[741.0,772.0],[741.0,774.0],[740.0,774.0],[740.0,775.0],[739.0,775.0],[739.0,776.0],[737.0,776.0],[737.0,775.0],[735.0,775.0],[735.0,774.0],[734.0,774.0],[734.0,773.0],[733.0,773.0],[733.0,772.0],[731.0,772.0],[731.0,771.0],[730.0,771.0],[730.0,770.0],[728.0,770.0],[728.0,769.0],[727.0,769.0],[727.0,768.0],[724.0,768.0],[724.0,767.0],[723.0,767.0],[723.0,766.0],[722.0,766.0],[722.0,765.0],[721.0,765.0],[721.0,762.0],[720.0,762.0],[720.0,759.0],[719.0,759.0],[719.0,757.0],[718.0,757.0],[718.0,756.0],[719.0,756.0],[719.0,755.0],[718.0,755.0],[718.0,752.0],[719.0,752.0],[719.0,748.0],[720.0,748.0],[720.0,739.0],[721.0,739.0],[721.0,738.0],[722.0,738.0],[722.0,737.0],[718.0,737.0],[718.0,736.0],[717.0,736.0],[717.0,735.0],[715.0,735.0],[715.0,734.0],[711.0,734.0],[711.0,733.0],[710.0,733.0],[710.0,732.0],[708.0,732.0],[708.0,731.0],[706.0,731.0],[706.0,730.0],[705.0,730.0],[705.0,728.0],[701.0,728.0],[701.0,729.0],[699.0,729.0],[699.0,730.0],[698.0,730.0],[698.0,731.0],[697.0,731.0],[697.0,730.0],[695.0,730.0],[695.0,729.0],[693.0,729.0],[693.0,728.0],[692.0,728.0],[692.0,727.0],[693.0,727.0],[693.0,725.0],[690.0,725.0],[690.0,728.0],[689.0,728.0],[689.0,729.0],[688.0,729.0],[688.0,728.0],[687.0,728.0],[687.0,727.0],[686.0,727.0],[686.0,725.0],[687.0,725.0],[687.0,721.0],[688.0,721.0],[688.0,717.0],[687.0,717.0],[687.0,713.0],[686.0,713.0],[686.0,711.0],[687.0,711.0],[687.0,710.0],[688.0,710.0],[688.0,709.0],[692.0,709.0],[692.0,708.0],[693.0,708.0],[693.0,707.0],[692.0,707.0],[692.0,706.0],[690.0,706.0],[690.0,705.0],[689.0,705.0],[689.0,702.0],[690.0,702.0],[690.0,700.0],[689.0,700.0],[689.0,698.0],[688.0,698.0],[688.0,696.0],[687.0,696.0],[687.0,694.0],[686.0,694.0],[686.0,693.0],[687.0,693.0],[687.0,689.0],[688.0,689.0],[688.0,686.0],[689.0,686.0],[689.0,685.0],[690.0,685.0],[690.0,681.0],[691.0,681.0],[691.0,680.0],[692.0,680.0],[692.0,679.0],[694.0,679.0],[694.0,678.0],[699.0,678.0],[699.0,679.0],[702.0,679.0],[702.0,678.0],[701.0,678.0],[701.0,677.0],[699.0,677.0],[699.0,676.0],[697.0,676.0],[697.0,675.0],[691.0,675.0],[691.0,674.0],[688.0,674.0],[688.0,676.0],[687.0,676.0],[687.0,677.0],[684.0,677.0],[684.0,678.0],[685.0,678.0],[685.0,681.0],[684.0,681.0],[684.0,682.0],[682.0,682.0],[682.0,683.0],[681.0,683.0],[681.0,684.0],[680.0,684.0],[680.0,685.0],[679.0,685.0],[679.0,686.0],[677.0,686.0],[677.0,687.0],[671.0,687.0],[671.0,686.0],[668.0,686.0],[668.0,685.0],[667.0,685.0],[667.0,684.0],[664.0,684.0],[664.0,683.0],[661.0,683.0],[661.0,682.0],[656.0,682.0],[656.0,681.0],[655.0,681.0],[655.0,678.0],[653.0,678.0],[653.0,677.0],[652.0,677.0],[652.0,678.0],[651.0,678.0],[651.0,679.0],[650.0,679.0],[650.0,680.0],[648.0,680.0],[648.0,679.0],[647.0,679.0],[647.0,680.0],[645.0,680.0],[645.0,679.0],[643.0,679.0],[643.0,678.0],[640.0,678.0],[640.0,677.0],[639.0,677.0],[639.0,675.0],[640.0,675.0],[640.0,674.0],[641.0,674.0],[641.0,672.0],[639.0,672.0],[639.0,673.0],[635.0,673.0],[635.0,674.0],[634.0,674.0],[634.0,675.0],[633.0,675.0],[633.0,674.0],[632.0,674.0],[632.0,675.0],[629.0,675.0],[629.0,674.0],[628.0,674.0],[628.0,673.0],[627.0,673.0],[627.0,672.0],[626.0,672.0],[626.0,673.0],[625.0,673.0],[625.0,675.0],[624.0,675.0],[624.0,676.0],[622.0,676.0],[622.0,677.0],[621.0,677.0],[621.0,679.0],[622.0,679.0],[622.0,680.0],[623.0,680.0],[623.0,682.0],[624.0,682.0],[624.0,685.0],[623.0,685.0],[623.0,686.0],[622.0,686.0],[622.0,687.0],[621.0,687.0],[621.0,688.0],[620.0,688.0],[620.0,689.0],[617.0,689.0],[617.0,688.0],[615.0,688.0],[615.0,689.0],[614.0,689.0],[614.0,690.0],[610.0,690.0],[610.0,693.0],[611.0,693.0],[611.0,694.0],[613.0,694.0],[613.0,695.0],[614.0,695.0],[614.0,697.0],[615.0,697.0],[615.0,698.0],[614.0,698.0],[614.0,699.0],[612.0,699.0],[612.0,700.0],[610.0,700.0],[610.0,701.0],[606.0,701.0],[606.0,702.0],[604.0,702.0],[604.0,703.0],[603.0,703.0],[603.0,704.0],[602.0,704.0],[602.0,703.0],[599.0,703.0],[599.0,704.0],[596.0,704.0],[596.0,705.0],[595.0,705.0],[595.0,707.0],[594.0,707.0],[594.0,709.0],[593.0,709.0],[593.0,710.0],[589.0,710.0],[589.0,709.0],[588.0,709.0],[588.0,710.0],[587.0,710.0],[587.0,711.0],[586.0,711.0],[586.0,712.0],[585.0,712.0],[585.0,711.0],[584.0,711.0],[584.0,710.0],[583.0,710.0],[583.0,707.0],[580.0,707.0],[580.0,706.0],[577.0,706.0],[577.0,705.0],[576.0,705.0],[576.0,704.0],[575.0,704.0],[575.0,701.0],[576.0,701.0],[576.0,690.0],[573.0,690.0],[573.0,691.0],[572.0,691.0],[572.0,692.0],[571.0,692.0],[571.0,697.0],[570.0,697.0],[570.0,698.0],[569.0,698.0],[569.0,699.0],[567.0,699.0],[567.0,698.0],[565.0,698.0],[565.0,699.0],[564.0,699.0],[564.0,700.0],[562.0,700.0],[562.0,701.0],[557.0,701.0],[557.0,702.0],[555.0,702.0],[555.0,703.0],[553.0,703.0],[553.0,704.0],[552.0,704.0],[552.0,705.0],[553.0,705.0],[553.0,706.0],[554.0,706.0],[554.0,707.0],[555.0,707.0],[555.0,708.0],[556.0,708.0],[556.0,709.0],[557.0,709.0],[557.0,710.0],[556.0,710.0],[556.0,711.0],[554.0,711.0],[554.0,713.0],[555.0,713.0],[555.0,714.0],[554.0,714.0],[554.0,715.0],[552.0,715.0],[552.0,716.0],[551.0,716.0],[551.0,715.0],[550.0,715.0],[550.0,714.0],[548.0,714.0],[548.0,713.0],[547.0,713.0],[547.0,712.0],[546.0,712.0],[546.0,713.0],[545.0,713.0],[545.0,712.0],[544.0,712.0],[544.0,713.0],[543.0,713.0],[543.0,712.0],[542.0,712.0],[542.0,711.0],[541.0,711.0],[541.0,710.0],[540.0,710.0],[540.0,711.0],[536.0,711.0],[536.0,712.0],[535.0,712.0],[535.0,713.0],[532.0,713.0],[532.0,715.0],[531.0,715.0],[531.0,716.0],[530.0,716.0],[530.0,717.0],[529.0,717.0],[529.0,718.0],[528.0,718.0],[528.0,717.0],[527.0,717.0],[527.0,719.0],[526.0,719.0],[526.0,720.0],[525.0,720.0],[525.0,721.0],[522.0,721.0],[522.0,722.0],[519.0,722.0],[519.0,723.0],[515.0,723.0],[515.0,722.0],[514.0,722.0],[514.0,717.0],[513.0,717.0],[513.0,716.0],[512.0,716.0],[512.0,715.0],[511.0,715.0],[511.0,713.0],[509.0,713.0],[509.0,715.0],[508.0,715.0],[508.0,716.0],[506.0,716.0],[506.0,717.0],[504.0,717.0],[504.0,718.0],[505.0,718.0],[505.0,719.0],[504.0,719.0],[504.0,721.0],[503.0,721.0],[503.0,722.0],[502.0,722.0],[502.0,723.0],[501.0,723.0],[501.0,726.0],[502.0,726.0],[502.0,727.0],[501.0,727.0],[501.0,728.0],[500.0,728.0],[500.0,729.0],[498.0,729.0],[498.0,728.0],[497.0,728.0],[497.0,727.0],[496.0,727.0],[496.0,728.0],[495.0,728.0],[495.0,727.0],[494.0,727.0],[494.0,726.0],[493.0,726.0],[493.0,725.0],[490.0,725.0],[490.0,724.0],[489.0,724.0],[489.0,723.0],[487.0,723.0],[487.0,730.0],[488.0,730.0],[488.0,731.0],[487.0,731.0],[487.0,733.0],[486.0,733.0],[486.0,735.0],[487.0,735.0],[487.0,734.0],[490.0,734.0],[490.0,735.0],[491.0,735.0],[491.0,736.0],[492.0,736.0],[492.0,739.0],[491.0,739.0],[491.0,741.0],[490.0,741.0],[490.0,742.0],[488.0,742.0],[488.0,743.0],[486.0,743.0],[486.0,744.0],[485.0,744.0],[485.0,745.0],[483.0,745.0],[483.0,744.0],[482.0,744.0],[482.0,743.0],[481.0,743.0],[481.0,742.0],[480.0,742.0],[480.0,741.0],[478.0,741.0],[478.0,742.0],[477.0,742.0],[477.0,744.0],[476.0,744.0],[476.0,745.0],[468.0,745.0],[468.0,744.0],[465.0,744.0],[465.0,743.0],[463.0,743.0],[463.0,742.0],[462.0,742.0],[462.0,741.0],[461.0,741.0],[461.0,740.0],[459.0,740.0],[459.0,741.0],[458.0,741.0],[458.0,740.0],[457.0,740.0],[457.0,739.0],[456.0,739.0],[456.0,738.0],[457.0,738.0],[457.0,737.0],[458.0,737.0],[458.0,733.0],[457.0,733.0],[457.0,732.0],[455.0,732.0],[455.0,731.0],[454.0,731.0],[454.0,727.0],[455.0,727.0],[455.0,726.0],[454.0,726.0],[454.0,725.0],[453.0,725.0],[453.0,726.0],[452.0,726.0],[452.0,727.0],[449.0,727.0],[449.0,728.0],[448.0,728.0],[448.0,729.0],[446.0,729.0],[446.0,731.0],[445.0,731.0],[445.0,732.0],[446.0,732.0],[446.0,733.0],[445.0,733.0],[445.0,734.0],[443.0,734.0],[443.0,735.0],[442.0,735.0],[442.0,736.0],[443.0,736.0],[443.0,737.0],[442.0,737.0],[442.0,739.0],[443.0,739.0],[443.0,741.0],[444.0,741.0],[444.0,742.0],[445.0,742.0],[445.0,743.0],[446.0,743.0],[446.0,744.0],[447.0,744.0],[447.0,747.0],[446.0,747.0],[446.0,748.0],[443.0,748.0],[443.0,749.0],[442.0,749.0],[442.0,752.0],[441.0,752.0],[441.0,753.0],[439.0,753.0],[439.0,752.0],[431.0,752.0],[431.0,751.0],[425.0,751.0],[425.0,750.0],[423.0,750.0],[423.0,752.0],[422.0,752.0],[422.0,753.0],[421.0,753.0],[421.0,754.0],[420.0,754.0],[420.0,755.0],[419.0,755.0],[419.0,754.0],[416.0,754.0],[416.0,753.0],[415.0,753.0],[415.0,752.0],[414.0,752.0],[414.0,751.0],[413.0,751.0],[413.0,748.0],[412.0,748.0],[412.0,747.0],[411.0,747.0],[411.0,746.0],[410.0,746.0],[410.0,747.0],[409.0,747.0],[409.0,748.0],[407.0,748.0],[407.0,753.0],[406.0,753.0],[406.0,754.0],[405.0,754.0],[405.0,755.0],[399.0,755.0],[399.0,754.0],[396.0,754.0],[396.0,753.0],[394.0,753.0],[394.0,752.0],[393.0,752.0],[393.0,751.0],[392.0,751.0],[392.0,749.0],[391.0,749.0],[391.0,748.0],[390.0,748.0],[390.0,747.0],[389.0,747.0],[389.0,748.0],[386.0,748.0],[386.0,747.0],[385.0,747.0],[385.0,746.0],[384.0,746.0],[384.0,745.0],[383.0,745.0],[383.0,742.0],[379.0,742.0],[379.0,741.0],[377.0,741.0],[377.0,740.0],[376.0,740.0],[376.0,739.0],[374.0,739.0],[374.0,738.0],[373.0,738.0],[373.0,733.0],[374.0,733.0],[374.0,729.0],[373.0,729.0],[373.0,728.0],[374.0,728.0],[374.0,727.0],[375.0,727.0],[375.0,726.0],[378.0,726.0],[378.0,725.0],[379.0,725.0],[379.0,724.0],[380.0,724.0],[380.0,723.0],[379.0,723.0],[379.0,722.0],[377.0,722.0],[377.0,723.0],[376.0,723.0],[376.0,724.0],[372.0,724.0],[372.0,725.0],[371.0,725.0],[371.0,726.0],[370.0,726.0],[370.0,728.0],[369.0,728.0],[369.0,729.0],[370.0,729.0],[370.0,733.0],[369.0,733.0],[369.0,734.0],[368.0,734.0],[368.0,741.0],[369.0,741.0],[369.0,742.0],[368.0,742.0],[368.0,743.0],[369.0,743.0],[369.0,745.0],[368.0,745.0],[368.0,746.0],[367.0,746.0],[367.0,747.0],[365.0,747.0],[365.0,748.0],[363.0,748.0],[363.0,749.0],[361.0,749.0],[361.0,748.0],[360.0,748.0],[360.0,745.0],[359.0,745.0],[359.0,744.0],[353.0,744.0],[353.0,745.0],[351.0,745.0],[351.0,746.0],[348.0,746.0],[348.0,747.0],[343.0,747.0],[343.0,746.0],[339.0,746.0],[339.0,748.0],[340.0,748.0],[340.0,749.0],[341.0,749.0],[341.0,750.0],[342.0,750.0],[342.0,751.0],[348.0,751.0],[348.0,750.0],[349.0,750.0],[349.0,749.0],[352.0,749.0],[352.0,750.0],[353.0,750.0],[353.0,753.0],[352.0,753.0],[352.0,756.0],[351.0,756.0],[351.0,759.0],[352.0,759.0],[352.0,760.0],[351.0,760.0],[351.0,761.0],[349.0,761.0],[349.0,762.0],[347.0,762.0],[347.0,763.0],[346.0,763.0],[346.0,764.0],[345.0,764.0],[345.0,766.0],[344.0,766.0],[344.0,767.0],[338.0,767.0],[338.0,768.0],[332.0,768.0],[332.0,769.0],[331.0,769.0],[331.0,768.0],[328.0,768.0],[328.0,769.0],[327.0,769.0],[327.0,770.0],[325.0,770.0],[325.0,769.0],[322.0,769.0],[322.0,768.0],[321.0,768.0],[321.0,767.0],[320.0,767.0],[320.0,766.0],[315.0,766.0],[315.0,765.0],[314.0,765.0],[314.0,766.0],[313.0,766.0],[313.0,767.0],[312.0,767.0],[312.0,768.0],[305.0,768.0],[305.0,767.0],[304.0,767.0],[304.0,766.0],[302.0,766.0],[302.0,765.0],[297.0,765.0],[297.0,764.0],[296.0,764.0],[296.0,759.0],[297.0,759.0],[297.0,758.0],[299.0,758.0],[299.0,757.0],[300.0,757.0],[300.0,755.0],[299.0,755.0],[299.0,754.0],[300.0,754.0],[300.0,753.0],[301.0,753.0],[301.0,752.0],[305.0,752.0],[305.0,751.0],[306.0,751.0],[306.0,749.0],[307.0,749.0],[307.0,748.0],[308.0,748.0],[308.0,746.0],[307.0,746.0],[307.0,745.0],[308.0,745.0],[308.0,744.0],[306.0,744.0],[306.0,743.0],[305.0,743.0],[305.0,744.0],[304.0,744.0],[304.0,743.0],[302.0,743.0],[302.0,742.0],[301.0,742.0],[301.0,743.0],[299.0,743.0],[299.0,744.0],[298.0,744.0],[298.0,745.0],[295.0,745.0],[295.0,744.0],[294.0,744.0],[294.0,743.0],[291.0,743.0],[291.0,744.0],[290.0,744.0],[290.0,745.0],[288.0,745.0],[288.0,746.0],[282.0,746.0],[282.0,745.0],[276.0,745.0],[276.0,744.0],[275.0,744.0],[275.0,738.0],[276.0,738.0],[276.0,734.0],[277.0,734.0],[277.0,733.0],[278.0,733.0],[278.0,732.0],[279.0,732.0],[279.0,731.0],[280.0,731.0],[280.0,730.0],[281.0,730.0],[281.0,729.0],[283.0,729.0],[283.0,725.0],[284.0,725.0],[284.0,724.0],[285.0,724.0],[285.0,723.0],[289.0,723.0],[289.0,722.0],[291.0,722.0],[291.0,721.0],[289.0,721.0],[289.0,720.0],[288.0,720.0],[288.0,717.0],[287.0,717.0],[287.0,716.0],[288.0,716.0],[288.0,715.0],[289.0,715.0],[289.0,714.0],[291.0,714.0],[291.0,713.0],[298.0,713.0],[298.0,714.0],[300.0,714.0],[300.0,715.0],[308.0,715.0],[308.0,712.0],[309.0,712.0],[309.0,711.0],[310.0,711.0],[310.0,709.0],[309.0,709.0],[309.0,706.0],[308.0,706.0],[308.0,701.0],[309.0,701.0],[309.0,700.0],[310.0,700.0],[310.0,699.0],[312.0,699.0],[312.0,700.0],[313.0,700.0],[313.0,701.0],[316.0,701.0],[316.0,699.0],[317.0,699.0],[317.0,698.0],[316.0,698.0],[316.0,697.0],[317.0,697.0],[317.0,696.0],[318.0,696.0],[318.0,695.0],[323.0,695.0],[323.0,696.0],[324.0,696.0],[324.0,695.0],[326.0,695.0],[326.0,694.0],[325.0,694.0],[325.0,692.0],[324.0,692.0],[324.0,688.0],[323.0,688.0],[323.0,686.0],[324.0,686.0],[324.0,685.0],[323.0,685.0],[323.0,683.0],[324.0,683.0],[324.0,681.0],[325.0,681.0],[325.0,680.0],[327.0,680.0],[327.0,679.0],[329.0,679.0],[329.0,675.0],[328.0,675.0],[328.0,668.0],[327.0,668.0],[327.0,664.0],[328.0,664.0],[328.0,663.0],[327.0,663.0],[327.0,659.0],[328.0,659.0],[328.0,658.0],[333.0,658.0],[333.0,659.0],[335.0,659.0],[335.0,658.0],[336.0,658.0],[336.0,657.0],[337.0,657.0],[337.0,656.0],[338.0,656.0],[338.0,655.0],[340.0,655.0],[340.0,656.0],[341.0,656.0],[341.0,657.0],[342.0,657.0],[342.0,654.0],[343.0,654.0],[343.0,653.0],[344.0,653.0],[344.0,652.0],[347.0,652.0],[347.0,653.0],[349.0,653.0],[349.0,654.0],[354.0,654.0],[354.0,649.0],[355.0,649.0],[355.0,648.0],[356.0,648.0],[356.0,645.0],[357.0,645.0],[357.0,644.0],[358.0,644.0],[358.0,643.0],[359.0,643.0],[359.0,642.0],[360.0,642.0],[360.0,641.0],[361.0,641.0],[361.0,639.0],[362.0,639.0],[362.0,638.0],[363.0,638.0],[363.0,637.0],[364.0,637.0],[364.0,636.0],[368.0,636.0],[368.0,637.0],[369.0,637.0],[369.0,639.0],[372.0,639.0],[372.0,638.0],[373.0,638.0],[373.0,636.0],[374.0,636.0],[374.0,635.0],[375.0,635.0],[375.0,634.0],[376.0,634.0],[376.0,633.0],[379.0,633.0],[379.0,632.0],[381.0,632.0],[381.0,631.0],[384.0,631.0],[384.0,630.0],[388.0,630.0],[388.0,629.0],[389.0,629.0],[389.0,628.0],[392.0,628.0],[392.0,626.0],[391.0,626.0],[391.0,625.0],[389.0,625.0],[389.0,624.0],[388.0,624.0],[388.0,623.0],[387.0,623.0],[387.0,622.0],[386.0,622.0],[386.0,621.0],[385.0,621.0],[385.0,618.0],[384.0,618.0],[384.0,619.0],[381.0,619.0],[381.0,618.0],[380.0,618.0],[380.0,617.0],[379.0,617.0],[379.0,616.0],[378.0,616.0],[378.0,615.0],[377.0,615.0],[377.0,616.0],[371.0,616.0],[371.0,617.0],[368.0,617.0],[368.0,616.0],[367.0,616.0],[367.0,615.0],[366.0,615.0],[366.0,614.0],[365.0,614.0],[365.0,613.0],[366.0,613.0],[366.0,612.0],[363.0,612.0],[363.0,613.0],[360.0,613.0],[360.0,614.0],[359.0,614.0],[359.0,613.0],[356.0,613.0],[356.0,612.0],[355.0,612.0],[355.0,611.0],[354.0,611.0],[354.0,610.0],[352.0,610.0],[352.0,609.0],[351.0,609.0],[351.0,608.0],[350.0,608.0],[350.0,606.0],[349.0,606.0],[349.0,605.0],[348.0,605.0],[348.0,604.0],[347.0,604.0],[347.0,603.0],[346.0,603.0],[346.0,601.0],[345.0,601.0],[345.0,594.0],[346.0,594.0],[346.0,593.0],[347.0,593.0],[347.0,592.0],[343.0,592.0],[343.0,591.0],[342.0,591.0],[342.0,589.0],[341.0,589.0],[341.0,588.0],[342.0,588.0],[342.0,587.0],[343.0,587.0],[343.0,586.0],[342.0,586.0],[342.0,585.0],[340.0,585.0],[340.0,584.0],[339.0,584.0],[339.0,583.0],[338.0,583.0],[338.0,582.0],[337.0,582.0],[337.0,581.0],[336.0,581.0],[336.0,583.0],[335.0,583.0],[335.0,584.0],[332.0,584.0],[332.0,583.0],[331.0,583.0],[331.0,582.0],[329.0,582.0],[329.0,581.0],[328.0,581.0],[328.0,580.0],[327.0,580.0],[327.0,576.0],[328.0,576.0],[328.0,575.0],[329.0,575.0],[329.0,571.0],[328.0,571.0],[328.0,568.0],[327.0,568.0],[327.0,567.0],[326.0,567.0],[326.0,562.0],[327.0,562.0],[327.0,559.0],[326.0,559.0],[326.0,558.0],[325.0,558.0],[325.0,561.0],[324.0,561.0],[324.0,562.0],[321.0,562.0],[321.0,563.0],[320.0,563.0],[320.0,564.0],[317.0,564.0],[317.0,563.0],[316.0,563.0],[316.0,560.0],[315.0,560.0],[315.0,559.0],[310.0,559.0],[310.0,558.0],[308.0,558.0],[308.0,557.0],[304.0,557.0],[304.0,556.0],[303.0,556.0],[303.0,554.0],[302.0,554.0],[302.0,553.0],[301.0,553.0],[301.0,552.0],[300.0,552.0],[300.0,551.0],[299.0,551.0],[299.0,550.0],[298.0,550.0],[298.0,549.0],[297.0,549.0],[297.0,547.0],[296.0,547.0],[296.0,544.0],[295.0,544.0],[295.0,542.0],[296.0,542.0],[296.0,541.0],[297.0,541.0],[297.0,538.0],[296.0,538.0],[296.0,536.0],[297.0,536.0],[297.0,535.0],[298.0,535.0],[298.0,534.0],[297.0,534.0],[297.0,532.0],[295.0,532.0],[295.0,533.0],[294.0,533.0],[294.0,532.0],[293.0,532.0],[293.0,531.0],[290.0,531.0],[290.0,532.0],[288.0,532.0],[288.0,533.0],[287.0,533.0],[287.0,534.0],[285.0,534.0],[285.0,535.0],[281.0,535.0],[281.0,534.0],[280.0,534.0],[280.0,533.0],[279.0,533.0],[279.0,532.0],[278.0,532.0],[278.0,531.0],[277.0,531.0],[277.0,530.0],[276.0,530.0],[276.0,527.0],[277.0,527.0],[277.0,524.0],[276.0,524.0],[276.0,523.0],[277.0,523.0],[277.0,520.0],[278.0,520.0],[278.0,519.0],[277.0,519.0],[277.0,518.0],[276.0,518.0],[276.0,515.0],[277.0,515.0],[277.0,513.0],[274.0,513.0],[274.0,514.0],[273.0,514.0],[273.0,513.0],[272.0,513.0],[272.0,512.0],[271.0,512.0],[271.0,511.0],[268.0,511.0],[268.0,512.0],[265.0,512.0],[265.0,511.0],[264.0,511.0],[264.0,510.0],[263.0,510.0],[263.0,507.0],[262.0,507.0],[262.0,506.0],[259.0,506.0],[259.0,507.0],[258.0,507.0],[258.0,508.0],[256.0,508.0],[256.0,509.0],[255.0,509.0],[255.0,510.0],[254.0,510.0],[254.0,511.0],[251.0,511.0],[251.0,512.0],[249.0,512.0],[249.0,511.0],[248.0,511.0],[248.0,510.0],[246.0,510.0],[246.0,509.0],[245.0,509.0],[245.0,508.0],[244.0,508.0],[244.0,509.0],[243.0,509.0],[243.0,508.0],[241.0,508.0],[241.0,507.0],[238.0,507.0],[238.0,506.0],[237.0,506.0],[237.0,505.0],[238.0,505.0],[238.0,504.0],[240.0,504.0],[240.0,502.0],[239.0,502.0],[239.0,501.0],[238.0,501.0],[238.0,500.0],[237.0,500.0],[237.0,499.0],[233.0,499.0],[233.0,498.0],[232.0,498.0],[232.0,497.0],[233.0,497.0],[233.0,495.0],[232.0,495.0],[232.0,493.0],[233.0,493.0],[233.0,492.0],[234.0,492.0],[234.0,491.0],[235.0,491.0],[235.0,489.0],[236.0,489.0],[236.0,488.0],[241.0,488.0],[241.0,487.0],[243.0,487.0],[243.0,486.0],[244.0,486.0],[244.0,485.0],[243.0,485.0],[243.0,480.0],[244.0,480.0],[244.0,479.0],[247.0,479.0],[247.0,480.0],[248.0,480.0],[248.0,481.0],[251.0,481.0],[251.0,480.0],[252.0,480.0],[252.0,481.0],[253.0,481.0],[253.0,482.0],[256.0,482.0],[256.0,483.0],[257.0,483.0],[257.0,485.0],[258.0,485.0],[258.0,486.0],[262.0,486.0],[262.0,487.0],[263.0,487.0],[263.0,489.0],[265.0,489.0],[265.0,490.0],[266.0,490.0],[266.0,491.0],[267.0,491.0],[267.0,490.0],[268.0,490.0],[268.0,488.0],[266.0,488.0],[266.0,487.0],[265.0,487.0],[265.0,486.0],[266.0,486.0],[266.0,485.0],[267.0,485.0],[267.0,484.0],[266.0,484.0],[266.0,483.0],[260.0,483.0],[260.0,482.0],[259.0,482.0],[259.0,481.0],[258.0,481.0],[258.0,480.0],[257.0,480.0],[257.0,479.0],[256.0,479.0],[256.0,477.0],[257.0,477.0],[257.0,476.0],[259.0,476.0],[259.0,475.0],[260.0,475.0],[260.0,474.0],[261.0,474.0],[261.0,472.0],[262.0,472.0],[262.0,471.0],[261.0,471.0],[261.0,468.0],[260.0,468.0],[260.0,467.0],[259.0,467.0],[259.0,466.0],[258.0,466.0],[258.0,465.0],[259.0,465.0],[259.0,464.0],[260.0,464.0],[260.0,463.0],[261.0,463.0],[261.0,462.0],[262.0,462.0],[262.0,463.0],[263.0,463.0],[263.0,464.0],[267.0,464.0],[267.0,463.0],[268.0,463.0],[268.0,464.0],[269.0,464.0],[269.0,465.0],[270.0,465.0],[270.0,466.0],[271.0,466.0],[271.0,467.0],[272.0,467.0],[272.0,470.0],[275.0,470.0],[275.0,469.0],[277.0,469.0],[277.0,470.0],[278.0,470.0],[278.0,471.0],[279.0,471.0],[279.0,472.0],[278.0,472.0],[278.0,473.0],[277.0,473.0],[277.0,476.0],[278.0,476.0],[278.0,478.0],[277.0,478.0],[277.0,479.0],[279.0,479.0],[279.0,478.0],[280.0,478.0],[280.0,477.0],[281.0,477.0],[281.0,476.0],[282.0,476.0],[282.0,474.0],[283.0,474.0],[283.0,473.0],[285.0,473.0],[285.0,474.0],[286.0,474.0],[286.0,476.0],[290.0,476.0],[290.0,477.0],[291.0,477.0],[291.0,478.0],[290.0,478.0],[290.0,479.0],[294.0,479.0],[294.0,480.0],[295.0,480.0],[295.0,481.0],[298.0,481.0],[298.0,480.0],[299.0,480.0],[299.0,478.0],[298.0,478.0],[298.0,477.0],[297.0,477.0],[297.0,476.0],[296.0,476.0],[296.0,475.0],[297.0,475.0],[297.0,474.0],[298.0,474.0],[298.0,473.0],[300.0,473.0],[300.0,472.0],[301.0,472.0],[301.0,471.0],[302.0,471.0],[302.0,470.0],[303.0,470.0],[303.0,469.0],[305.0,469.0],[305.0,470.0],[306.0,470.0],[306.0,469.0],[307.0,469.0],[307.0,468.0],[308.0,468.0],[308.0,467.0],[309.0,467.0],[309.0,468.0],[310.0,468.0],[310.0,469.0],[311.0,469.0],[311.0,470.0],[310.0,470.0],[310.0,471.0],[313.0,471.0],[313.0,472.0],[315.0,472.0],[315.0,473.0],[316.0,473.0],[316.0,472.0],[318.0,472.0],[318.0,473.0],[320.0,473.0],[320.0,474.0],[321.0,474.0],[321.0,473.0],[322.0,473.0],[322.0,474.0],[325.0,474.0],[325.0,473.0],[326.0,473.0],[326.0,474.0],[327.0,474.0],[327.0,475.0],[328.0,475.0],[328.0,477.0],[329.0,477.0],[329.0,478.0],[330.0,478.0],[330.0,480.0],[329.0,480.0],[329.0,481.0],[330.0,481.0],[330.0,482.0],[331.0,482.0],[331.0,485.0],[332.0,485.0],[332.0,486.0],[333.0,486.0],[333.0,487.0],[334.0,487.0],[334.0,490.0],[333.0,490.0],[333.0,491.0],[332.0,491.0],[332.0,496.0],[334.0,496.0],[334.0,497.0],[335.0,497.0],[335.0,498.0],[334.0,498.0],[334.0,500.0],[335.0,500.0],[335.0,501.0],[336.0,501.0],[336.0,502.0],[335.0,502.0],[335.0,504.0],[337.0,504.0],[337.0,505.0],[338.0,505.0],[338.0,504.0],[340.0,504.0],[340.0,505.0],[341.0,505.0],[341.0,509.0],[344.0,509.0],[344.0,510.0],[345.0,510.0],[345.0,509.0],[346.0,509.0],[346.0,506.0],[347.0,506.0],[347.0,505.0],[349.0,505.0],[349.0,504.0],[351.0,504.0],[351.0,503.0],[350.0,503.0],[350.0,502.0],[349.0,502.0],[349.0,501.0],[350.0,501.0],[350.0,500.0],[349.0,500.0],[349.0,499.0],[348.0,499.0],[348.0,498.0],[347.0,498.0],[347.0,495.0],[348.0,495.0],[348.0,494.0],[349.0,494.0],[349.0,495.0],[352.0,495.0],[352.0,494.0],[354.0,494.0],[354.0,493.0],[355.0,493.0],[355.0,494.0],[356.0,494.0],[356.0,495.0],[357.0,495.0],[357.0,496.0],[360.0,496.0],[360.0,497.0],[362.0,497.0],[362.0,498.0],[363.0,498.0],[363.0,497.0],[364.0,497.0],[364.0,496.0],[366.0,496.0],[366.0,495.0],[367.0,495.0],[367.0,496.0],[369.0,496.0],[369.0,497.0],[370.0,497.0],[370.0,498.0],[372.0,498.0],[372.0,499.0],[373.0,499.0],[373.0,500.0],[374.0,500.0],[374.0,501.0],[375.0,501.0],[375.0,502.0],[376.0,502.0],[376.0,504.0],[375.0,504.0],[375.0,505.0],[377.0,505.0],[377.0,506.0],[378.0,506.0],[378.0,507.0],[379.0,507.0],[379.0,506.0],[381.0,506.0],[381.0,504.0],[382.0,504.0],[382.0,503.0],[383.0,503.0],[383.0,501.0],[382.0,501.0],[382.0,499.0],[381.0,499.0],[381.0,498.0],[380.0,498.0],[380.0,497.0],[379.0,497.0],[379.0,495.0],[380.0,495.0],[380.0,494.0],[382.0,494.0],[382.0,493.0],[383.0,493.0],[383.0,492.0],[384.0,492.0],[384.0,493.0],[385.0,493.0],[385.0,494.0],[386.0,494.0],[386.0,493.0],[387.0,493.0],[387.0,492.0],[388.0,492.0],[388.0,493.0],[389.0,493.0],[389.0,495.0],[392.0,495.0],[392.0,494.0],[393.0,494.0],[393.0,493.0],[394.0,493.0],[394.0,492.0],[395.0,492.0],[395.0,491.0],[396.0,491.0],[396.0,490.0],[397.0,490.0],[397.0,489.0],[399.0,489.0],[399.0,490.0],[401.0,490.0],[401.0,491.0],[402.0,491.0],[402.0,492.0],[403.0,492.0],[403.0,493.0],[404.0,493.0],[404.0,494.0],[405.0,494.0],[405.0,495.0],[406.0,495.0],[406.0,496.0],[405.0,496.0],[405.0,497.0],[403.0,497.0],[403.0,501.0],[404.0,501.0],[404.0,500.0],[405.0,500.0],[405.0,499.0],[406.0,499.0],[406.0,500.0],[407.0,500.0],[407.0,501.0],[408.0,501.0],[408.0,503.0],[409.0,503.0],[409.0,504.0],[411.0,504.0],[411.0,505.0],[414.0,505.0],[414.0,506.0],[415.0,506.0],[415.0,507.0],[416.0,507.0],[416.0,506.0],[420.0,506.0],[420.0,504.0],[421.0,504.0],[421.0,503.0],[424.0,503.0],[424.0,504.0],[425.0,504.0],[425.0,505.0],[426.0,505.0],[426.0,506.0],[428.0,506.0],[428.0,507.0],[429.0,507.0],[429.0,506.0],[431.0,506.0],[431.0,505.0],[432.0,505.0],[432.0,502.0],[431.0,502.0],[431.0,501.0],[430.0,501.0],[430.0,499.0],[431.0,499.0],[431.0,498.0],[432.0,498.0],[432.0,497.0],[433.0,497.0],[433.0,496.0],[434.0,496.0],[434.0,495.0],[435.0,495.0],[435.0,496.0],[436.0,496.0],[436.0,497.0],[437.0,497.0],[437.0,499.0],[439.0,499.0],[439.0,500.0],[440.0,500.0],[440.0,501.0],[439.0,501.0],[439.0,502.0],[440.0,502.0],[440.0,504.0],[443.0,504.0],[443.0,505.0],[444.0,505.0],[444.0,506.0],[445.0,506.0],[445.0,510.0],[446.0,510.0],[446.0,509.0],[450.0,509.0],[450.0,508.0],[451.0,508.0],[451.0,507.0],[452.0,507.0],[452.0,506.0],[453.0,506.0],[453.0,507.0],[454.0,507.0],[454.0,509.0],[455.0,509.0],[455.0,510.0],[459.0,510.0],[459.0,509.0],[461.0,509.0],[461.0,510.0],[463.0,510.0],[463.0,511.0],[466.0,511.0],[466.0,512.0],[467.0,512.0],[467.0,513.0],[466.0,513.0],[466.0,516.0],[467.0,516.0],[467.0,517.0],[468.0,517.0],[468.0,516.0],[469.0,516.0],[469.0,515.0],[470.0,515.0],[470.0,514.0],[471.0,514.0],[471.0,512.0],[472.0,512.0],[472.0,511.0],[476.0,511.0],[476.0,510.0],[477.0,510.0],[477.0,509.0],[478.0,509.0],[478.0,510.0],[480.0,510.0],[480.0,509.0],[479.0,509.0],[479.0,508.0],[480.0,508.0],[480.0,507.0],[482.0,507.0],[482.0,505.0],[483.0,505.0],[483.0,504.0],[485.0,504.0],[485.0,501.0],[486.0,501.0],[486.0,500.0],[489.0,500.0],[489.0,499.0],[490.0,499.0],[490.0,498.0],[493.0,498.0],[493.0,497.0],[494.0,497.0],[494.0,494.0],[495.0,494.0],[495.0,493.0],[496.0,493.0],[496.0,492.0],[497.0,492.0],[497.0,491.0],[498.0,491.0],[498.0,490.0],[499.0,490.0],[499.0,489.0],[500.0,489.0],[500.0,486.0],[501.0,486.0],[501.0,485.0],[503.0,485.0],[503.0,486.0],[504.0,486.0],[504.0,488.0],[506.0,488.0],[506.0,487.0],[507.0,487.0],[507.0,482.0],[508.0,482.0],[508.0,481.0],[509.0,481.0],[509.0,480.0],[511.0,480.0],[511.0,478.0],[512.0,478.0],[512.0,477.0],[513.0,477.0],[513.0,478.0],[516.0,478.0],[516.0,477.0],[517.0,477.0],[517.0,474.0],[518.0,474.0],[518.0,473.0],[521.0,473.0],[521.0,474.0],[524.0,474.0],[524.0,473.0],[529.0,473.0],[529.0,472.0],[530.0,472.0],[530.0,470.0],[531.0,470.0],[531.0,469.0],[533.0,469.0],[533.0,470.0],[534.0,470.0],[534.0,473.0],[536.0,473.0],[536.0,474.0],[537.0,474.0],[537.0,476.0],[536.0,476.0],[536.0,477.0],[535.0,477.0],[535.0,478.0],[532.0,478.0],[532.0,480.0],[531.0,480.0],[531.0,481.0],[530.0,481.0],[530.0,485.0],[532.0,485.0],[532.0,484.0],[536.0,484.0],[536.0,485.0],[537.0,485.0],[537.0,486.0],[536.0,486.0],[536.0,487.0],[535.0,487.0],[535.0,488.0],[534.0,488.0],[534.0,489.0],[533.0,489.0],[533.0,491.0],[532.0,491.0],[532.0,492.0],[530.0,492.0],[530.0,496.0],[532.0,496.0],[532.0,495.0],[533.0,495.0],[533.0,494.0],[537.0,494.0],[537.0,490.0],[538.0,490.0],[538.0,489.0],[540.0,489.0],[540.0,488.0],[542.0,488.0],[542.0,489.0],[544.0,489.0],[544.0,490.0],[545.0,490.0],[545.0,491.0],[546.0,491.0],[546.0,490.0],[550.0,490.0],[550.0,491.0],[551.0,491.0],[551.0,493.0],[556.0,493.0],[556.0,494.0],[557.0,494.0],[557.0,495.0],[560.0,495.0],[560.0,496.0],[564.0,496.0],[564.0,495.0],[565.0,495.0],[565.0,494.0],[563.0,494.0],[563.0,493.0],[560.0,493.0],[560.0,492.0],[558.0,492.0],[558.0,491.0],[557.0,491.0],[557.0,487.0],[556.0,487.0],[556.0,484.0],[555.0,484.0],[555.0,482.0],[552.0,482.0],[552.0,483.0],[551.0,483.0],[551.0,484.0],[548.0,484.0],[548.0,483.0],[547.0,483.0],[547.0,479.0],[546.0,479.0],[546.0,478.0],[545.0,478.0],[545.0,473.0],[546.0,473.0],[546.0,472.0],[551.0,472.0],[551.0,471.0],[552.0,471.0],[552.0,466.0],[553.0,466.0],[553.0,465.0],[555.0,465.0],[555.0,464.0],[556.0,464.0],[556.0,463.0],[559.0,463.0],[559.0,464.0],[560.0,464.0],[560.0,459.0],[561.0,459.0],[561.0,458.0],[564.0,458.0],[564.0,459.0],[565.0,459.0],[565.0,460.0],[564.0,460.0],[564.0,462.0],[565.0,462.0],[565.0,464.0],[566.0,464.0],[566.0,465.0],[567.0,465.0],[567.0,466.0],[568.0,466.0],[568.0,469.0],[567.0,469.0],[567.0,472.0],[568.0,472.0],[568.0,474.0],[569.0,474.0],[569.0,475.0],[570.0,475.0],[570.0,483.0],[571.0,483.0],[571.0,484.0],[572.0,484.0],[572.0,486.0],[575.0,486.0],[575.0,487.0],[576.0,487.0],[576.0,486.0],[578.0,486.0],[578.0,485.0],[579.0,485.0],[579.0,486.0],[580.0,486.0],[580.0,488.0],[582.0,488.0],[582.0,489.0],[583.0,489.0],[583.0,491.0],[582.0,491.0],[582.0,492.0],[579.0,492.0],[579.0,493.0],[578.0,493.0],[578.0,496.0],[579.0,496.0],[579.0,497.0],[580.0,497.0],[580.0,498.0],[581.0,498.0],[581.0,497.0],[583.0,497.0],[583.0,498.0],[584.0,498.0],[584.0,504.0],[586.0,504.0],[586.0,505.0],[589.0,505.0],[589.0,503.0],[588.0,503.0],[588.0,501.0],[587.0,501.0],[587.0,497.0],[588.0,497.0],[588.0,495.0],[589.0,495.0],[589.0,494.0],[590.0,494.0],[590.0,493.0],[589.0,493.0],[589.0,492.0],[590.0,492.0],[590.0,491.0],[591.0,491.0],[591.0,486.0],[592.0,486.0],[592.0,484.0],[593.0,484.0],[593.0,483.0],[592.0,483.0],[592.0,480.0],[591.0,480.0],[591.0,479.0],[590.0,479.0],[590.0,478.0],[589.0,478.0],[589.0,477.0],[588.0,477.0],[588.0,478.0],[582.0,478.0],[582.0,479.0],[580.0,479.0],[580.0,478.0],[577.0,478.0],[577.0,477.0],[576.0,477.0],[576.0,476.0],[577.0,476.0],[577.0,475.0],[578.0,475.0],[578.0,474.0],[583.0,474.0],[583.0,471.0],[582.0,471.0],[582.0,470.0],[581.0,470.0],[581.0,468.0],[582.0,468.0],[582.0,467.0],[586.0,467.0],[586.0,466.0],[589.0,466.0],[589.0,467.0],[592.0,467.0],[592.0,468.0],[593.0,468.0],[593.0,471.0],[592.0,471.0],[592.0,473.0],[596.0,473.0],[596.0,472.0],[597.0,472.0],[597.0,471.0],[598.0,471.0],[598.0,470.0],[599.0,470.0],[599.0,469.0],[600.0,469.0],[600.0,468.0],[601.0,468.0],[601.0,469.0],[603.0,469.0],[603.0,468.0],[604.0,468.0],[604.0,466.0],[605.0,466.0],[605.0,465.0],[607.0,465.0],[607.0,466.0],[609.0,466.0],[609.0,467.0],[612.0,467.0],[612.0,466.0],[613.0,466.0],[613.0,465.0],[616.0,465.0],[616.0,466.0],[617.0,466.0],[617.0,469.0],[616.0,469.0],[616.0,471.0],[617.0,471.0],[617.0,472.0],[616.0,472.0],[616.0,473.0],[617.0,473.0],[617.0,474.0],[618.0,474.0],[618.0,475.0],[619.0,475.0],[619.0,474.0],[624.0,474.0],[624.0,473.0],[625.0,473.0],[625.0,470.0],[626.0,470.0],[626.0,467.0],[627.0,467.0],[627.0,466.0],[628.0,466.0],[628.0,465.0],[629.0,465.0],[629.0,466.0],[630.0,466.0],[630.0,467.0],[631.0,467.0],[631.0,469.0],[632.0,469.0],[632.0,470.0],[633.0,470.0],[633.0,475.0],[637.0,475.0],[637.0,476.0],[638.0,476.0],[638.0,477.0],[639.0,477.0],[639.0,476.0],[640.0,476.0],[640.0,475.0],[638.0,475.0],[638.0,474.0],[637.0,474.0],[637.0,472.0],[638.0,472.0],[638.0,471.0],[639.0,471.0],[639.0,470.0],[642.0,470.0],[642.0,469.0],[641.0,469.0],[641.0,468.0],[642.0,468.0],[642.0,466.0],[643.0,466.0],[643.0,464.0],[642.0,464.0],[642.0,463.0],[643.0,463.0],[643.0,462.0],[644.0,462.0],[644.0,461.0],[646.0,461.0],[646.0,462.0],[648.0,462.0],[648.0,461.0],[649.0,461.0],[649.0,460.0],[650.0,460.0],[650.0,459.0],[652.0,459.0],[652.0,460.0],[653.0,460.0],[653.0,461.0],[656.0,461.0],[656.0,460.0],[658.0,460.0],[658.0,457.0],[659.0,457.0],[659.0,456.0],[657.0,456.0],[657.0,457.0],[652.0,457.0],[652.0,456.0],[651.0,456.0],[651.0,455.0],[650.0,455.0],[650.0,454.0],[649.0,454.0],[649.0,453.0],[648.0,453.0],[648.0,451.0],[647.0,451.0],[647.0,450.0],[646.0,450.0],[646.0,448.0],[645.0,448.0],[645.0,447.0],[646.0,447.0],[646.0,446.0],[651.0,446.0],[651.0,447.0],[653.0,447.0],[653.0,446.0],[654.0,446.0],[654.0,445.0],[655.0,445.0],[655.0,443.0],[656.0,443.0],[656.0,442.0],[659.0,442.0],[659.0,443.0],[660.0,443.0],[660.0,444.0],[661.0,444.0],[661.0,445.0],[660.0,445.0],[660.0,447.0],[662.0,447.0],[662.0,444.0],[663.0,444.0],[663.0,443.0],[662.0,443.0],[662.0,441.0],[659.0,441.0],[659.0,440.0],[658.0,440.0],[658.0,439.0],[657.0,439.0],[657.0,436.0],[656.0,436.0],[656.0,435.0],[655.0,435.0],[655.0,433.0],[653.0,433.0],[653.0,432.0],[652.0,432.0],[652.0,431.0],[651.0,431.0],[651.0,430.0],[650.0,430.0],[650.0,429.0],[651.0,429.0],[651.0,427.0],[652.0,427.0],[652.0,426.0],[656.0,426.0],[656.0,425.0],[657.0,425.0],[657.0,422.0],[658.0,422.0],[658.0,421.0],[657.0,421.0],[657.0,420.0],[656.0,420.0],[656.0,419.0],[655.0,419.0],[655.0,417.0],[656.0,417.0],[656.0,416.0],[657.0,416.0],[657.0,415.0],[658.0,415.0],[658.0,414.0],[659.0,414.0],[659.0,413.0],[660.0,413.0],[660.0,412.0],[661.0,412.0],[661.0,409.0],[660.0,409.0],[660.0,408.0],[659.0,408.0],[659.0,407.0],[658.0,407.0],[658.0,406.0],[657.0,406.0],[657.0,405.0],[658.0,405.0],[658.0,404.0],[659.0,404.0],[659.0,403.0],[666.0,403.0],[666.0,404.0],[667.0,404.0],[667.0,405.0],[668.0,405.0],[668.0,407.0],[669.0,407.0],[669.0,408.0],[670.0,408.0],[670.0,407.0],[674.0,407.0],[674.0,404.0],[673.0,404.0],[673.0,403.0],[672.0,403.0],[672.0,401.0],[670.0,401.0],[670.0,400.0],[669.0,400.0],[669.0,398.0],[670.0,398.0],[670.0,396.0],[671.0,396.0],[671.0,395.0],[672.0,395.0],[672.0,394.0],[673.0,394.0],[673.0,393.0],[675.0,393.0],[675.0,392.0],[677.0,392.0],[677.0,391.0],[679.0,391.0],[679.0,392.0],[680.0,392.0],[680.0,393.0],[685.0,393.0],[685.0,394.0],[686.0,394.0],[686.0,397.0],[687.0,397.0],[687.0,398.0],[686.0,398.0],[686.0,399.0],[685.0,399.0],[685.0,402.0],[686.0,402.0],[686.0,401.0],[688.0,401.0],[688.0,400.0],[689.0,400.0],[689.0,398.0],[690.0,398.0],[690.0,397.0],[691.0,397.0],[691.0,396.0],[692.0,396.0],[692.0,393.0],[691.0,393.0],[691.0,392.0],[690.0,392.0],[690.0,391.0],[689.0,391.0],[689.0,390.0],[690.0,390.0],[690.0,389.0],[691.0,389.0],[691.0,379.0],[690.0,379.0],[690.0,376.0],[689.0,376.0],[689.0,374.0],[688.0,374.0],[688.0,373.0],[687.0,373.0],[687.0,372.0],[686.0,372.0],[686.0,371.0],[687.0,371.0],[687.0,370.0],[688.0,370.0],[688.0,369.0],[689.0,369.0],[689.0,368.0],[691.0,368.0],[691.0,367.0],[692.0,367.0],[692.0,366.0],[700.0,366.0],[700.0,365.0],[701.0,365.0],[701.0,363.0],[702.0,363.0],[702.0,361.0],[703.0,361.0],[703.0,360.0],[704.0,360.0],[704.0,357.0],[701.0,357.0],[701.0,356.0],[699.0,356.0],[699.0,355.0],[698.0,355.0],[698.0,354.0],[697.0,354.0],[697.0,353.0],[698.0,353.0],[698.0,352.0],[700.0,352.0],[700.0,351.0],[703.0,351.0],[703.0,350.0],[707.0,350.0],[707.0,351.0],[709.0,351.0],[709.0,350.0],[711.0,350.0],[711.0,349.0],[712.0,349.0],[712.0,350.0],[715.0,350.0],[715.0,348.0],[714.0,348.0],[714.0,347.0],[715.0,347.0],[715.0,345.0],[716.0,345.0],[716.0,344.0],[717.0,344.0],[717.0,345.0],[719.0,345.0],[719.0,346.0],[720.0,346.0],[720.0,348.0],[721.0,348.0],[721.0,349.0],[722.0,349.0],[722.0,350.0],[723.0,350.0],[723.0,353.0],[724.0,353.0],[724.0,354.0],[725.0,354.0],[725.0,355.0],[724.0,355.0],[724.0,356.0],[723.0,356.0],[723.0,358.0],[722.0,358.0],[722.0,360.0],[721.0,360.0],[721.0,362.0],[722.0,362.0],[722.0,363.0],[726.0,363.0],[726.0,362.0],[727.0,362.0],[727.0,361.0],[728.0,361.0],[728.0,360.0],[731.0,360.0],[731.0,359.0],[732.0,359.0],[732.0,358.0],[733.0,358.0],[733.0,357.0],[734.0,357.0],[734.0,356.0],[737.0,356.0],[737.0,357.0],[738.0,357.0],[738.0,358.0],[739.0,358.0],[739.0,364.0],[740.0,364.0],[740.0,365.0],[744.0,365.0],[744.0,364.0],[745.0,364.0],[745.0,363.0],[746.0,363.0],[746.0,362.0],[748.0,362.0],[748.0,361.0],[749.0,361.0],[749.0,360.0],[752.0,360.0],[752.0,361.0],[753.0,361.0],[753.0,363.0],[754.0,363.0],[754.0,364.0],[753.0,364.0],[753.0,365.0],[751.0,365.0],[751.0,368.0],[750.0,368.0],[750.0,369.0],[753.0,369.0],[753.0,370.0],[754.0,370.0],[754.0,371.0],[753.0,371.0],[753.0,372.0],[752.0,372.0],[752.0,373.0],[751.0,373.0],[751.0,374.0],[749.0,374.0],[749.0,375.0],[746.0,375.0],[746.0,376.0],[741.0,376.0],[741.0,377.0],[740.0,377.0],[740.0,379.0],[739.0,379.0],[739.0,380.0],[740.0,380.0],[740.0,381.0],[741.0,381.0],[741.0,382.0],[743.0,382.0],[743.0,381.0],[747.0,381.0],[747.0,382.0],[749.0,382.0],[749.0,383.0],[750.0,383.0],[750.0,384.0],[749.0,384.0],[749.0,385.0],[748.0,385.0],[748.0,386.0],[747.0,386.0],[747.0,387.0],[743.0,387.0],[743.0,389.0],[742.0,389.0],[742.0,391.0],[743.0,391.0],[743.0,392.0],[742.0,392.0],[742.0,393.0],[741.0,393.0],[741.0,394.0],[740.0,394.0],[740.0,395.0],[737.0,395.0],[737.0,396.0],[738.0,396.0],[738.0,397.0],[739.0,397.0],[739.0,398.0],[742.0,398.0],[742.0,399.0],[746.0,399.0],[746.0,398.0],[748.0,398.0],[748.0,397.0],[749.0,397.0],[749.0,396.0],[752.0,396.0],[752.0,397.0],[754.0,397.0],[754.0,396.0],[755.0,396.0],[755.0,394.0],[756.0,394.0],[756.0,393.0],[755.0,393.0],[755.0,392.0],[756.0,392.0],[756.0,391.0],[757.0,391.0],[757.0,390.0],[758.0,390.0],[758.0,389.0],[763.0,389.0],[763.0,388.0],[764.0,388.0],[764.0,389.0],[765.0,389.0],[765.0,391.0],[766.0,391.0],[766.0,392.0],[765.0,392.0],[765.0,394.0],[766.0,394.0],[766.0,395.0],[767.0,395.0],[767.0,396.0],[768.0,396.0],[768.0,395.0],[769.0,395.0],[769.0,393.0],[770.0,393.0],[770.0,392.0],[771.0,392.0],[771.0,390.0],[772.0,390.0],[772.0,389.0],[773.0,389.0],[773.0,387.0],[774.0,387.0],[774.0,384.0],[775.0,384.0],[775.0,382.0],[776.0,382.0],[776.0,380.0],[775.0,380.0],[775.0,378.0],[776.0,378.0],[776.0,376.0],[777.0,376.0],[777.0,374.0],[776.0,374.0],[776.0,369.0],[777.0,369.0],[777.0,368.0],[781.0,368.0],[781.0,367.0],[782.0,367.0],[782.0,366.0],[786.0,366.0],[786.0,365.0],[787.0,365.0],[787.0,364.0],[788.0,364.0],[788.0,362.0],[789.0,362.0],[789.0,361.0],[790.0,361.0],[790.0,362.0],[794.0,362.0],[794.0,357.0],[793.0,357.0],[793.0,355.0],[792.0,355.0],[792.0,352.0],[793.0,352.0],[793.0,351.0],[796.0,351.0],[796.0,352.0],[797.0,352.0],[797.0,353.0],[799.0,353.0],[799.0,352.0],[802.0,352.0],[802.0,353.0],[803.0,353.0],[803.0,354.0],[804.0,354.0],[804.0,355.0],[805.0,355.0],[805.0,357.0],[806.0,357.0],[806.0,358.0],[807.0,358.0],[807.0,359.0],[806.0,359.0],[806.0,362.0],[807.0,362.0],[807.0,363.0],[808.0,363.0],[808.0,364.0],[809.0,364.0],[809.0,365.0],[810.0,365.0],[810.0,366.0],[816.0,366.0],[816.0,365.0],[818.0,365.0],[818.0,366.0],[820.0,366.0],[820.0,367.0],[821.0,367.0],[821.0,368.0],[822.0,368.0],[822.0,370.0],[823.0,370.0],[823.0,371.0],[824.0,371.0],[824.0,372.0],[823.0,372.0],[823.0,374.0],[824.0,374.0],[824.0,375.0],[825.0,375.0],[825.0,376.0],[826.0,376.0],[826.0,377.0],[829.0,377.0],[829.0,378.0],[830.0,378.0],[830.0,376.0],[831.0,376.0],[831.0,375.0],[828.0,375.0],[828.0,374.0],[827.0,374.0],[827.0,373.0],[826.0,373.0],[826.0,372.0],[825.0,372.0],[825.0,371.0],[826.0,371.0],[826.0,368.0],[827.0,368.0],[827.0,367.0],[828.0,367.0],[828.0,366.0],[829.0,366.0],[829.0,365.0],[828.0,365.0],[828.0,364.0],[829.0,364.0],[829.0,363.0],[830.0,363.0],[830.0,362.0],[829.0,362.0],[829.0,361.0],[828.0,361.0],[828.0,357.0],[827.0,357.0],[827.0,356.0],[828.0,356.0],[828.0,353.0],[829.0,353.0],[829.0,352.0],[830.0,352.0],[830.0,351.0],[832.0,351.0],[832.0,349.0],[831.0,349.0],[831.0,348.0],[832.0,348.0],[832.0,347.0],[833.0,347.0],[833.0,346.0],[837.0,346.0],[837.0,345.0],[838.0,345.0],[838.0,344.0],[837.0,344.0],[837.0,343.0],[838.0,343.0],[838.0,342.0],[839.0,342.0],[839.0,341.0],[838.0,341.0],[838.0,340.0],[837.0,340.0],[837.0,339.0],[836.0,339.0],[836.0,337.0],[837.0,337.0],[837.0,335.0],[838.0,335.0],[838.0,334.0],[839.0,334.0],[839.0,333.0],[840.0,333.0],[840.0,331.0],[839.0,331.0],[839.0,330.0],[840.0,330.0],[840.0,329.0],[839.0,329.0],[839.0,328.0],[840.0,328.0],[840.0,326.0],[838.0,326.0],[838.0,325.0],[837.0,325.0],[837.0,326.0],[834.0,326.0],[834.0,325.0],[833.0,325.0],[833.0,324.0],[832.0,324.0],[832.0,325.0],[828.0,325.0],[828.0,324.0],[827.0,324.0],[827.0,323.0],[826.0,323.0],[826.0,322.0],[825.0,322.0],[825.0,321.0],[826.0,321.0],[826.0,320.0],[828.0,320.0],[828.0,319.0],[831.0,319.0],[831.0,316.0],[832.0,316.0],[832.0,315.0],[835.0,315.0],[835.0,314.0],[836.0,314.0],[836.0,313.0],[837.0,313.0],[837.0,312.0],[839.0,312.0],[839.0,311.0],[840.0,311.0],[840.0,312.0],[841.0,312.0],[841.0,314.0],[844.0,314.0],[844.0,313.0],[845.0,313.0],[845.0,312.0],[846.0,312.0],[846.0,310.0],[845.0,310.0],[845.0,309.0],[844.0,309.0],[844.0,307.0],[845.0,307.0],[845.0,305.0],[844.0,305.0],[844.0,304.0],[843.0,304.0],[843.0,302.0],[844.0,302.0],[844.0,301.0],[847.0,301.0],[847.0,302.0],[848.0,302.0],[848.0,303.0],[853.0,303.0],[853.0,304.0],[855.0,304.0],[855.0,305.0],[857.0,305.0],[857.0,306.0],[862.0,306.0],[862.0,307.0],[863.0,307.0],[863.0,308.0],[868.0,308.0],[868.0,307.0],[872.0,307.0],[872.0,306.0],[873.0,306.0],[873.0,305.0],[874.0,305.0],[874.0,304.0],[875.0,304.0],[875.0,305.0],[876.0,305.0],[876.0,306.0],[878.0,306.0],[878.0,304.0],[879.0,304.0],[879.0,303.0],[881.0,303.0],[881.0,304.0],[883.0,304.0],[883.0,299.0],[884.0,299.0],[884.0,298.0],[887.0,298.0],[887.0,299.0],[889.0,299.0],[889.0,297.0],[890.0,297.0],[890.0,295.0],[891.0,295.0],[891.0,293.0],[892.0,293.0],[892.0,292.0],[893.0,292.0],[893.0,290.0],[892.0,290.0],[892.0,289.0],[893.0,289.0],[893.0,288.0],[894.0,288.0],[894.0,287.0],[895.0,287.0],[895.0,286.0],[896.0,286.0],[896.0,285.0],[897.0,285.0],[897.0,286.0],[898.0,286.0],[898.0,288.0],[899.0,288.0],[899.0,289.0],[900.0,289.0],[900.0,290.0],[902.0,290.0],[902.0,291.0],[904.0,291.0],[904.0,290.0],[905.0,290.0],[905.0,287.0],[904.0,287.0],[904.0,283.0],[905.0,283.0],[905.0,280.0],[906.0,280.0],[906.0,279.0],[907.0,279.0],[907.0,277.0],[908.0,277.0],[908.0,276.0],[909.0,276.0],[909.0,275.0],[910.0,275.0],[910.0,276.0],[911.0,276.0],[911.0,275.0],[912.0,275.0],[912.0,274.0],[911.0,274.0],[911.0,272.0],[908.0,272.0],[908.0,271.0],[907.0,271.0],[907.0,266.0],[908.0,266.0],[908.0,265.0],[909.0,265.0],[909.0,264.0],[910.0,264.0],[910.0,262.0],[911.0,262.0],[911.0,261.0],[912.0,261.0],[912.0,260.0],[911.0,260.0],[911.0,257.0],[912.0,257.0],[912.0,255.0],[913.0,255.0],[913.0,254.0],[914.0,254.0],[914.0,255.0],[915.0,255.0],[915.0,254.0],[916.0,254.0],[916.0,253.0],[920.0,253.0],[920.0,254.0],[923.0,254.0],[923.0,255.0],[925.0,255.0],[925.0,254.0],[927.0,254.0],[927.0,252.0],[928.0,252.0],[928.0,251.0],[927.0,251.0],[927.0,250.0],[928.0,250.0],[928.0,249.0],[930.0,249.0],[930.0,248.0],[932.0,248.0],[932.0,247.0],[931.0,247.0],[931.0,246.0],[932.0,246.0],[932.0,245.0],[934.0,245.0],[934.0,244.0],[936.0,244.0],[936.0,243.0],[937.0,243.0],[937.0,242.0],[940.0,242.0],[940.0,239.0],[941.0,239.0],[941.0,238.0],[942.0,238.0],[942.0,237.0],[944.0,237.0],[944.0,238.0],[945.0,238.0],[945.0,239.0],[946.0,239.0],[946.0,241.0],[947.0,241.0],[947.0,242.0],[950.0,242.0],[950.0,243.0],[951.0,243.0],[951.0,244.0],[952.0,244.0],[952.0,245.0],[953.0,245.0],[953.0,246.0],[954.0,246.0],[954.0,247.0],[956.0,247.0],[956.0,245.0],[957.0,245.0],[957.0,244.0],[961.0,244.0],[961.0,245.0],[965.0,245.0],[965.0,246.0],[966.0,246.0],[966.0,247.0],[967.0,247.0],[967.0,248.0],[968.0,248.0],[968.0,249.0],[969.0,249.0],[969.0,251.0],[970.0,251.0],[970.0,252.0],[971.0,252.0],[971.0,253.0],[974.0,253.0],[974.0,251.0],[973.0,251.0],[973.0,250.0],[974.0,250.0],[974.0,249.0],[973.0,249.0],[973.0,248.0],[974.0,248.0],[974.0,247.0],[975.0,247.0],[975.0,246.0],[976.0,246.0],[976.0,245.0],[977.0,245.0],[977.0,246.0],[979.0,246.0],[979.0,247.0],[985.0,247.0],[985.0,248.0],[986.0,248.0],[986.0,249.0],[987.0,249.0],[987.0,250.0],[989.0,250.0],[989.0,251.0],[990.0,251.0],[990.0,252.0],[989.0,252.0],[989.0,253.0],[988.0,253.0],[988.0,256.0],[987.0,256.0],[987.0,257.0],[986.0,257.0],[986.0,260.0],[985.0,260.0],[985.0,268.0],[986.0,268.0],[986.0,267.0],[991.0,267.0],[991.0,268.0],[992.0,268.0],[992.0,270.0],[991.0,270.0],[991.0,271.0],[990.0,271.0],[990.0,272.0],[988.0,272.0],[988.0,273.0],[981.0,273.0],[981.0,274.0],[979.0,274.0],[979.0,275.0],[978.0,275.0],[978.0,277.0],[979.0,277.0],[979.0,278.0],[978.0,278.0],[978.0,279.0],[977.0,279.0],[977.0,281.0],[978.0,281.0],[978.0,282.0],[977.0,282.0],[977.0,284.0],[976.0,284.0],[976.0,285.0],[973.0,285.0],[973.0,284.0],[969.0,284.0],[969.0,287.0],[968.0,287.0],[968.0,288.0],[971.0,288.0],[971.0,287.0],[973.0,287.0],[973.0,288.0],[974.0,288.0],[974.0,292.0],[973.0,292.0],[973.0,293.0],[972.0,293.0],[972.0,295.0],[971.0,295.0],[971.0,303.0],[972.0,303.0],[972.0,301.0],[973.0,301.0],[973.0,298.0],[974.0,298.0],[974.0,294.0],[975.0,294.0],[975.0,292.0],[976.0,292.0],[976.0,290.0],[977.0,290.0],[977.0,289.0],[978.0,289.0],[978.0,288.0],[979.0,288.0],[979.0,287.0],[980.0,287.0],[980.0,286.0],[981.0,286.0],[981.0,285.0],[983.0,285.0],[983.0,283.0],[984.0,283.0],[984.0,282.0],[989.0,282.0],[989.0,281.0],[990.0,281.0],[990.0,279.0],[989.0,279.0],[989.0,276.0],[990.0,276.0],[990.0,275.0],[992.0,275.0],[992.0,276.0],[993.0,276.0],[993.0,277.0],[994.0,277.0],[994.0,278.0],[995.0,278.0],[995.0,280.0],[996.0,280.0],[996.0,281.0],[997.0,281.0],[997.0,282.0],[998.0,282.0],[998.0,283.0],[999.0,283.0],[999.0,284.0],[998.0,284.0],[998.0,288.0],[999.0,288.0],[999.0,289.0],[1000.0,289.0],[1000.0,290.0],[1001.0,290.0],[1001.0,289.0],[1004.0,289.0],[1004.0,290.0],[1005.0,290.0],[1005.0,293.0],[1004.0,293.0],[1004.0,294.0],[1001.0,294.0],[1001.0,295.0],[1000.0,295.0],[1000.0,297.0],[999.0,297.0],[999.0,299.0],[998.0,299.0],[998.0,302.0],[1001.0,302.0],[1001.0,301.0],[1002.0,301.0],[1002.0,300.0],[1005.0,300.0],[1005.0,301.0],[1009.0,301.0],[1009.0,302.0],[1010.0,302.0],[1010.0,303.0],[1011.0,303.0],[1011.0,304.0],[1015.0,304.0],[1015.0,305.0],[1019.0,305.0],[1019.0,304.0],[1022.0,304.0],[1022.0,303.0],[1023.0,303.0],[1023.0,302.0],[1024.0,302.0],[1024.0,300.0],[1025.0,300.0],[1025.0,299.0],[1026.0,299.0],[1026.0,298.0],[1027.0,298.0],[1027.0,299.0],[1028.0,299.0],[1028.0,301.0],[1029.0,301.0],[1029.0,303.0],[1028.0,303.0],[1028.0,304.0],[1029.0,304.0],[1029.0,305.0],[1028.0,305.0],[1028.0,306.0],[1027.0,306.0],[1027.0,308.0],[1026.0,308.0],[1026.0,309.0],[1025.0,309.0],[1025.0,310.0],[1023.0,310.0],[1023.0,311.0],[1022.0,311.0],[1022.0,313.0],[1023.0,313.0],[1023.0,312.0],[1025.0,312.0],[1025.0,313.0],[1026.0,313.0],[1026.0,314.0],[1027.0,314.0],[1027.0,317.0],[1026.0,317.0],[1026.0,318.0],[1025.0,318.0],[1025.0,319.0],[1023.0,319.0],[1023.0,321.0],[1024.0,321.0],[1024.0,322.0],[1025.0,322.0],[1025.0,324.0],[1024.0,324.0],[1024.0,325.0],[1026.0,325.0],[1026.0,326.0],[1030.0,326.0],[1030.0,327.0],[1035.0,327.0],[1035.0,326.0],[1036.0,326.0],[1036.0,325.0],[1037.0,325.0],[1037.0,324.0],[1038.0,324.0],[1038.0,325.0],[1039.0,325.0],[1039.0,328.0],[1040.0,328.0],[1040.0,330.0],[1039.0,330.0],[1039.0,331.0],[1038.0,331.0],[1038.0,334.0],[1037.0,334.0],[1037.0,335.0],[1038.0,335.0],[1038.0,336.0],[1037.0,336.0],[1037.0,337.0],[1036.0,337.0],[1036.0,339.0],[1035.0,339.0],[1035.0,340.0],[1034.0,340.0],[1034.0,341.0],[1031.0,341.0],[1031.0,342.0],[1030.0,342.0],[1030.0,343.0],[1029.0,343.0],[1029.0,347.0],[1030.0,347.0],[1030.0,346.0],[1031.0,346.0],[1031.0,345.0],[1032.0,345.0],[1032.0,344.0],[1033.0,344.0],[1033.0,343.0],[1035.0,343.0],[1035.0,344.0],[1036.0,344.0],[1036.0,346.0],[1037.0,346.0],[1037.0,347.0],[1038.0,347.0],[1038.0,348.0],[1039.0,348.0],[1039.0,350.0],[1040.0,350.0],[1040.0,351.0],[1041.0,351.0],[1041.0,352.0],[1042.0,352.0],[1042.0,353.0],[1043.0,353.0],[1043.0,354.0],[1042.0,354.0],[1042.0,355.0],[1041.0,355.0],[1041.0,356.0],[1039.0,356.0],[1039.0,357.0],[1038.0,357.0],[1038.0,361.0],[1039.0,361.0],[1039.0,363.0],[1038.0,363.0],[1038.0,364.0],[1037.0,364.0],[1037.0,365.0],[1035.0,365.0],[1035.0,366.0],[1030.0,366.0],[1030.0,369.0],[1029.0,369.0],[1029.0,371.0],[1030.0,371.0],[1030.0,372.0],[1031.0,372.0],[1031.0,371.0],[1032.0,371.0],[1032.0,370.0],[1033.0,370.0],[1033.0,369.0],[1034.0,369.0],[1034.0,368.0],[1036.0,368.0],[1036.0,369.0],[1037.0,369.0],[1037.0,373.0],[1038.0,373.0],[1038.0,374.0],[1039.0,374.0],[1039.0,375.0],[1040.0,375.0],[1040.0,378.0],[1039.0,378.0],[1039.0,381.0],[1040.0,381.0],[1040.0,382.0],[1041.0,382.0],[1041.0,383.0],[1042.0,383.0],[1042.0,384.0],[1041.0,384.0],[1041.0,385.0],[1038.0,385.0],[1038.0,386.0],[1037.0,386.0],[1037.0,389.0],[1036.0,389.0],[1036.0,390.0],[1033.0,390.0],[1033.0,391.0],[1032.0,391.0],[1032.0,392.0],[1031.0,392.0],[1031.0,393.0],[1030.0,393.0],[1030.0,395.0],[1029.0,395.0],[1029.0,396.0],[1030.0,396.0],[1030.0,400.0],[1029.0,400.0],[1029.0,401.0],[1025.0,401.0],[1025.0,402.0],[1021.0,402.0],[1021.0,401.0],[1017.0,401.0],[1017.0,402.0],[1015.0,402.0],[1015.0,401.0],[1014.0,401.0],[1014.0,400.0],[1013.0,400.0],[1013.0,397.0],[1010.0,397.0],[1010.0,398.0],[1005.0,398.0],[1005.0,399.0],[1004.0,399.0],[1004.0,400.0],[1003.0,400.0],[1003.0,401.0],[1009.0,401.0],[1009.0,402.0],[1010.0,402.0],[1010.0,403.0],[1009.0,403.0],[1009.0,404.0],[1008.0,404.0],[1008.0,405.0],[1007.0,405.0],[1007.0,407.0],[1006.0,407.0],[1006.0,409.0],[1005.0,409.0],[1005.0,410.0],[1003.0,410.0],[1003.0,411.0],[999.0,411.0],[999.0,412.0],[998.0,412.0],[998.0,414.0],[997.0,414.0],[997.0,416.0],[996.0,416.0],[996.0,417.0],[995.0,417.0],[995.0,418.0],[992.0,418.0],[992.0,419.0],[991.0,419.0],[991.0,420.0],[987.0,420.0],[987.0,419.0],[986.0,419.0],[986.0,418.0],[984.0,418.0],[984.0,417.0],[982.0,417.0],[982.0,418.0],[981.0,418.0],[981.0,419.0],[979.0,419.0],[979.0,418.0],[978.0,418.0],[978.0,419.0],[974.0,419.0],[974.0,420.0],[972.0,420.0],[972.0,422.0],[980.0,422.0],[980.0,421.0],[982.0,421.0],[982.0,420.0],[983.0,420.0],[983.0,421.0],[985.0,421.0],[985.0,422.0],[986.0,422.0],[986.0,423.0],[989.0,423.0],[989.0,424.0],[990.0,424.0],[990.0,425.0],[993.0,425.0],[993.0,424.0],[996.0,424.0],[996.0,425.0],[997.0,425.0],[997.0,426.0],[998.0,426.0],[998.0,427.0],[999.0,427.0],[999.0,428.0],[1000.0,428.0],[1000.0,429.0],[1001.0,429.0],[1001.0,430.0],[1008.0,430.0],[1008.0,431.0],[1009.0,431.0],[1009.0,432.0],[1010.0,432.0],[1010.0,433.0],[1012.0,433.0],[1012.0,434.0],[1016.0,434.0],[1016.0,433.0],[1018.0,433.0],[1018.0,432.0],[1020.0,432.0],[1020.0,431.0],[1021.0,431.0],[1021.0,430.0],[1022.0,430.0],[1022.0,429.0],[1024.0,429.0],[1024.0,430.0],[1025.0,430.0],[1025.0,431.0],[1026.0,431.0],[1026.0,432.0],[1027.0,432.0],[1027.0,433.0],[1026.0,433.0],[1026.0,434.0],[1029.0,434.0],[1029.0,435.0],[1030.0,435.0],[1030.0,436.0],[1031.0,436.0],[1031.0,437.0],[1032.0,437.0],[1032.0,438.0],[1033.0,438.0],[1033.0,439.0],[1035.0,439.0],[1035.0,440.0],[1036.0,440.0],[1036.0,441.0],[1037.0,441.0],[1037.0,446.0],[1038.0,446.0],[1038.0,447.0],[1039.0,447.0],[1039.0,448.0],[1038.0,448.0],[1038.0,449.0],[1037.0,449.0],[1037.0,450.0],[1036.0,450.0],[1036.0,451.0],[1034.0,451.0],[1034.0,452.0],[1032.0,452.0],[1032.0,453.0],[1031.0,453.0],[1031.0,455.0],[1034.0,455.0],[1034.0,454.0],[1035.0,454.0],[1035.0,453.0],[1037.0,453.0],[1037.0,452.0],[1038.0,452.0],[1038.0,451.0],[1041.0,451.0],[1041.0,452.0],[1042.0,452.0],[1042.0,453.0],[1043.0,453.0],[1043.0,454.0],[1044.0,454.0],[1044.0,457.0],[1045.0,457.0],[1045.0,467.0],[1049.0,467.0],[1049.0,468.0],[1050.0,468.0],[1050.0,469.0],[1051.0,469.0],[1051.0,472.0],[1050.0,472.0],[1050.0,473.0],[1049.0,473.0],[1049.0,474.0],[1046.0,474.0],[1046.0,475.0],[1044.0,475.0],[1044.0,476.0],[1040.0,476.0],[1040.0,475.0],[1038.0,475.0],[1038.0,474.0],[1035.0,474.0],[1035.0,475.0],[1033.0,475.0],[1033.0,474.0],[1030.0,474.0],[1030.0,473.0],[1029.0,473.0],[1029.0,474.0],[1028.0,474.0],[1028.0,476.0],[1030.0,476.0],[1030.0,477.0],[1033.0,477.0],[1033.0,478.0],[1034.0,478.0],[1034.0,479.0],[1035.0,479.0],[1035.0,480.0],[1036.0,480.0],[1036.0,481.0],[1037.0,481.0],[1037.0,482.0],[1036.0,482.0],[1036.0,483.0],[1035.0,483.0],[1035.0,484.0],[1033.0,484.0],[1033.0,485.0],[1032.0,485.0],[1032.0,486.0],[1031.0,486.0],[1031.0,487.0],[1029.0,487.0],[1029.0,488.0],[1025.0,488.0],[1025.0,489.0],[1024.0,489.0],[1024.0,490.0],[1021.0,490.0],[1021.0,491.0],[1020.0,491.0],[1020.0,492.0],[1018.0,492.0],[1018.0,491.0],[1015.0,491.0],[1015.0,490.0],[1013.0,490.0],[1013.0,489.0],[1012.0,489.0],[1012.0,488.0],[1011.0,488.0],[1011.0,487.0],[1010.0,487.0],[1010.0,486.0],[1011.0,486.0],[1011.0,485.0],[1010.0,485.0],[1010.0,482.0],[1006.0,482.0],[1006.0,483.0],[1005.0,483.0],[1005.0,484.0],[1004.0,484.0],[1004.0,485.0],[1003.0,485.0],[1003.0,486.0],[1002.0,486.0],[1002.0,487.0],[1001.0,487.0],[1001.0,488.0],[996.0,488.0],[996.0,489.0],[995.0,489.0],[995.0,490.0],[994.0,490.0],[994.0,491.0],[992.0,491.0],[992.0,492.0],[991.0,492.0],[991.0,493.0],[987.0,493.0],[987.0,494.0],[985.0,494.0],[985.0,493.0],[981.0,493.0],[981.0,492.0],[980.0,492.0],[980.0,491.0],[979.0,491.0],[979.0,490.0],[978.0,490.0],[978.0,488.0],[977.0,488.0],[977.0,486.0],[976.0,486.0],[976.0,485.0],[972.0,485.0],[972.0,484.0],[969.0,484.0],[969.0,486.0],[970.0,486.0],[970.0,488.0],[973.0,488.0],[973.0,489.0],[974.0,489.0],[974.0,490.0],[975.0,490.0],[975.0,491.0],[976.0,491.0],[976.0,493.0],[977.0,493.0],[977.0,494.0],[978.0,494.0],[978.0,495.0],[979.0,495.0],[979.0,496.0],[981.0,496.0],[981.0,497.0],[985.0,497.0],[985.0,496.0],[987.0,496.0],[987.0,497.0],[988.0,497.0],[988.0,498.0],[989.0,498.0],[989.0,499.0],[990.0,499.0],[990.0,501.0],[994.0,501.0],[994.0,502.0],[995.0,502.0],[995.0,505.0],[994.0,505.0],[994.0,510.0],[995.0,510.0],[995.0,512.0],[1001.0,512.0],[1001.0,513.0],[1002.0,513.0],[1002.0,515.0],[1003.0,515.0],[1003.0,516.0],[1002.0,516.0],[1002.0,517.0],[1001.0,517.0],[1001.0,518.0],[999.0,518.0],[999.0,517.0],[998.0,517.0],[998.0,518.0],[993.0,518.0],[993.0,517.0],[991.0,517.0],[991.0,518.0],[988.0,518.0],[988.0,519.0],[986.0,519.0],[986.0,518.0],[985.0,518.0],[985.0,517.0],[983.0,517.0],[983.0,518.0],[982.0,518.0],[982.0,519.0],[981.0,519.0],[981.0,518.0],[978.0,518.0],[978.0,517.0],[976.0,517.0],[976.0,523.0],[975.0,523.0],[975.0,525.0],[974.0,525.0],[974.0,526.0],[970.0,526.0],[970.0,527.0],[969.0,527.0],[969.0,528.0],[967.0,528.0],[967.0,529.0],[966.0,529.0],[966.0,530.0],[964.0,530.0],[964.0,531.0],[963.0,531.0],[963.0,532.0],[962.0,532.0],[962.0,533.0],[963.0,533.0],[963.0,537.0],[962.0,537.0],[962.0,538.0],[961.0,538.0],[961.0,539.0],[960.0,539.0],[960.0,541.0],[959.0,541.0],[959.0,542.0],[957.0,542.0],[957.0,543.0],[956.0,543.0],[956.0,544.0],[954.0,544.0],[954.0,545.0],[953.0,545.0],[953.0,546.0],[951.0,546.0],[951.0,547.0],[950.0,547.0],[950.0,548.0],[949.0,548.0],[949.0,549.0],[947.0,549.0],[947.0,548.0],[946.0,548.0],[946.0,545.0],[947.0,545.0],[947.0,537.0],[946.0,537.0],[946.0,536.0],[945.0,536.0],[945.0,535.0],[944.0,535.0],[944.0,539.0],[943.0,539.0],[943.0,540.0],[942.0,540.0],[942.0,541.0],[941.0,541.0],[941.0,542.0],[940.0,542.0],[940.0,543.0],[939.0,543.0],[939.0,544.0],[936.0,544.0],[936.0,543.0],[935.0,543.0],[935.0,542.0],[934.0,542.0],[934.0,541.0],[932.0,541.0],[932.0,542.0],[930.0,542.0],[930.0,541.0],[929.0,541.0],[929.0,540.0],[928.0,540.0],[928.0,539.0],[926.0,539.0],[926.0,538.0],[925.0,538.0],[925.0,537.0],[921.0,537.0],[921.0,538.0],[919.0,538.0],[919.0,539.0],[917.0,539.0],[917.0,540.0],[915.0,540.0],[915.0,541.0],[914.0,541.0],[914.0,543.0],[913.0,543.0],[913.0,544.0],[917.0,544.0],[917.0,543.0],[920.0,543.0],[920.0,542.0],[922.0,542.0],[922.0,543.0],[923.0,543.0],[923.0,544.0],[924.0,544.0],[924.0,545.0],[928.0,545.0],[928.0,546.0],[929.0,546.0],[929.0,547.0],[930.0,547.0],[930.0,549.0],[929.0,549.0],[929.0,550.0],[928.0,550.0],[928.0,553.0],[927.0,553.0],[927.0,556.0],[926.0,556.0],[926.0,557.0],[925.0,557.0],[925.0,558.0],[924.0,558.0],[924.0,560.0],[923.0,560.0],[923.0,561.0],[921.0,561.0],[921.0,562.0],[920.0,562.0],[920.0,564.0],[919.0,564.0],[919.0,565.0],[918.0,565.0],[918.0,566.0],[919.0,566.0],[919.0,571.0],[918.0,571.0],[918.0,572.0],[917.0,572.0],[917.0,573.0],[916.0,573.0],[916.0,574.0],[915.0,574.0],[915.0,575.0],[914.0,575.0],[914.0,577.0],[913.0,577.0],[913.0,579.0],[912.0,579.0],[912.0,580.0],[911.0,580.0],[911.0,581.0],[910.0,581.0],[910.0,582.0],[909.0,582.0],[909.0,583.0],[907.0,583.0],[907.0,584.0],[903.0,584.0],[903.0,583.0],[900.0,583.0],[900.0,584.0],[901.0,584.0],[901.0,587.0],[900.0,587.0],[900.0,589.0],[899.0,589.0],[899.0,590.0],[897.0,590.0],[897.0,591.0],[896.0,591.0],[896.0,592.0],[895.0,592.0],[895.0,593.0],[894.0,593.0],[894.0,594.0],[891.0,594.0],[891.0,593.0],[888.0,593.0],[888.0,592.0],[885.0,592.0],[885.0,591.0],[882.0,591.0],[882.0,592.0],[881.0,592.0],[881.0,591.0],[879.0,591.0],[879.0,592.0],[878.0,592.0],[878.0,591.0],[877.0,591.0],[877.0,590.0]],[[685.0,403.0],[685.0,402.0],[684.0,402.0],[684.0,403.0],[685.0,403.0]],[[684.0,406.0],[684.0,403.0],[683.0,403.0],[683.0,405.0],[682.0,405.0],[682.0,406.0],[684.0,406.0]],[[722.0,736.0],[722.0,737.0],[724.0,737.0],[724.0,738.0],[725.0,738.0],[725.0,739.0],[726.0,739.0],[726.0,740.0],[730.0,740.0],[730.0,741.0],[733.0,741.0],[733.0,742.0],[734.0,742.0],[734.0,743.0],[736.0,743.0],[736.0,742.0],[738.0,742.0],[738.0,741.0],[739.0,741.0],[739.0,742.0],[740.0,742.0],[740.0,743.0],[742.0,743.0],[742.0,741.0],[743.0,741.0],[743.0,739.0],[741.0,739.0],[741.0,738.0],[739.0,738.0],[739.0,739.0],[735.0,739.0],[735.0,738.0],[734.0,738.0],[734.0,737.0],[728.0,737.0],[728.0,736.0],[722.0,736.0]],[[355.0,584.0],[355.0,585.0],[352.0,585.0],[352.0,586.0],[351.0,586.0],[351.0,585.0],[349.0,585.0],[349.0,586.0],[345.0,586.0],[345.0,587.0],[348.0,587.0],[348.0,588.0],[349.0,588.0],[349.0,591.0],[348.0,591.0],[348.0,592.0],[350.0,592.0],[350.0,593.0],[351.0,593.0],[351.0,594.0],[352.0,594.0],[352.0,592.0],[353.0,592.0],[353.0,590.0],[354.0,590.0],[354.0,589.0],[356.0,589.0],[356.0,587.0],[357.0,587.0],[357.0,586.0],[358.0,586.0],[358.0,585.0],[359.0,585.0],[359.0,583.0],[360.0,583.0],[360.0,582.0],[361.0,582.0],[361.0,581.0],[362.0,581.0],[362.0,580.0],[358.0,580.0],[358.0,583.0],[357.0,583.0],[357.0,584.0],[355.0,584.0]],[[379.0,511.0],[379.0,512.0],[380.0,512.0],[380.0,510.0],[379.0,510.0],[379.0,509.0],[378.0,509.0],[378.0,508.0],[377.0,508.0],[377.0,510.0],[378.0,510.0],[378.0,511.0],[379.0,511.0]],[[394.0,626.0],[394.0,627.0],[397.0,627.0],[397.0,626.0],[394.0,626.0]],[[681.0,675.0],[681.0,674.0],[680.0,674.0],[680.0,672.0],[679.0,672.0],[679.0,670.0],[677.0,670.0],[677.0,669.0],[673.0,669.0],[673.0,671.0],[674.0,671.0],[674.0,672.0],[675.0,672.0],[675.0,674.0],[678.0,674.0],[678.0,675.0],[680.0,675.0],[680.0,676.0],[682.0,676.0],[682.0,675.0],[681.0,675.0]],[[805.0,702.0],[805.0,703.0],[806.0,703.0],[806.0,702.0],[805.0,702.0]],[[830.0,379.0],[830.0,380.0],[831.0,380.0],[831.0,379.0],[830.0,379.0]]],[[[875.0,599.0],[875.0,600.0],[872.0,600.0],[872.0,599.0],[871.0,599.0],[871.0,596.0],[872.0,596.0],[872.0,595.0],[875.0,595.0],[875.0,596.0],[876.0,596.0],[876.0,597.0],[877.0,597.0],[877.0,598.0],[876.0,598.0],[876.0,599.0],[875.0,599.0]]],[[[894.0,601.0],[893.0,601.0],[893.0,602.0],[890.0,602.0],[890.0,601.0],[888.0,601.0],[888.0,600.0],[887.0,600.0],[887.0,599.0],[888.0,599.0],[888.0,598.0],[889.0,598.0],[889.0,597.0],[891.0,597.0],[891.0,596.0],[892.0,596.0],[892.0,597.0],[893.0,597.0],[893.0,598.0],[894.0,598.0],[894.0,599.0],[895.0,599.0],[895.0,600.0],[894.0,600.0],[894.0,601.0]]],[[[899.0,613.0],[898.0,613.0],[898.0,614.0],[894.0,614.0],[894.0,613.0],[893.0,613.0],[893.0,612.0],[892.0,612.0],[892.0,611.0],[893.0,611.0],[893.0,610.0],[894.0,610.0],[894.0,609.0],[898.0,609.0],[898.0,608.0],[901.0,608.0],[901.0,609.0],[902.0,609.0],[902.0,610.0],[901.0,610.0],[901.0,611.0],[900.0,611.0],[900.0,612.0],[899.0,612.0],[899.0,613.0]]],[[[631.0,684.0],[631.0,683.0],[630.0,683.0],[630.0,682.0],[629.0,682.0],[629.0,681.0],[628.0,681.0],[628.0,678.0],[629.0,678.0],[629.0,677.0],[631.0,677.0],[631.0,678.0],[633.0,678.0],[633.0,679.0],[634.0,679.0],[634.0,683.0],[633.0,683.0],[633.0,684.0],[631.0,684.0]]],[[[772.0,701.0],[770.0,701.0],[770.0,700.0],[769.0,700.0],[769.0,699.0],[768.0,699.0],[768.0,698.0],[767.0,698.0],[767.0,695.0],[768.0,695.0],[768.0,694.0],[769.0,694.0],[769.0,693.0],[770.0,693.0],[770.0,683.0],[771.0,683.0],[771.0,681.0],[772.0,681.0],[772.0,680.0],[773.0,680.0],[773.0,679.0],[774.0,679.0],[774.0,678.0],[775.0,678.0],[775.0,677.0],[777.0,677.0],[777.0,675.0],[778.0,675.0],[778.0,674.0],[779.0,674.0],[779.0,675.0],[780.0,675.0],[780.0,676.0],[784.0,676.0],[784.0,677.0],[785.0,677.0],[785.0,678.0],[784.0,678.0],[784.0,680.0],[783.0,680.0],[783.0,682.0],[782.0,682.0],[782.0,684.0],[781.0,684.0],[781.0,685.0],[782.0,685.0],[782.0,687.0],[781.0,687.0],[781.0,688.0],[780.0,688.0],[780.0,689.0],[779.0,689.0],[779.0,690.0],[776.0,690.0],[776.0,692.0],[775.0,692.0],[775.0,694.0],[774.0,694.0],[774.0,696.0],[773.0,696.0],[773.0,700.0],[772.0,700.0],[772.0,701.0]]],[[[661.0,707.0],[653.0,707.0],[653.0,708.0],[649.0,708.0],[649.0,707.0],[648.0,707.0],[648.0,705.0],[647.0,705.0],[647.0,703.0],[648.0,703.0],[648.0,702.0],[649.0,702.0],[649.0,701.0],[650.0,701.0],[650.0,700.0],[652.0,700.0],[652.0,699.0],[654.0,699.0],[654.0,698.0],[655.0,698.0],[655.0,697.0],[659.0,697.0],[659.0,698.0],[661.0,698.0],[661.0,699.0],[662.0,699.0],[662.0,700.0],[663.0,700.0],[663.0,703.0],[667.0,703.0],[667.0,704.0],[668.0,704.0],[668.0,705.0],[670.0,705.0],[670.0,706.0],[673.0,706.0],[673.0,707.0],[674.0,707.0],[674.0,711.0],[673.0,711.0],[673.0,712.0],[669.0,712.0],[669.0,711.0],[665.0,711.0],[665.0,710.0],[663.0,710.0],[663.0,709.0],[662.0,709.0],[662.0,708.0],[661.0,708.0],[661.0,707.0]]],[[[871.0,716.0],[871.0,715.0],[870.0,715.0],[870.0,714.0],[869.0,714.0],[869.0,713.0],[868.0,713.0],[868.0,710.0],[869.0,710.0],[869.0,709.0],[872.0,709.0],[872.0,710.0],[874.0,710.0],[874.0,711.0],[876.0,711.0],[876.0,712.0],[879.0,712.0],[879.0,713.0],[881.0,713.0],[881.0,714.0],[884.0,714.0],[884.0,715.0],[887.0,715.0],[887.0,716.0],[891.0,716.0],[891.0,717.0],[892.0,717.0],[892.0,718.0],[893.0,718.0],[893.0,720.0],[892.0,720.0],[892.0,721.0],[891.0,721.0],[891.0,722.0],[882.0,722.0],[882.0,721.0],[880.0,721.0],[880.0,720.0],[879.0,720.0],[879.0,719.0],[876.0,719.0],[876.0,718.0],[873.0,718.0],[873.0,717.0],[872.0,717.0],[872.0,716.0],[871.0,716.0]]],[[[889.0,744.0],[886.0,744.0],[886.0,743.0],[885.0,743.0],[885.0,742.0],[884.0,742.0],[884.0,741.0],[883.0,741.0],[883.0,740.0],[884.0,740.0],[884.0,739.0],[885.0,739.0],[885.0,738.0],[886.0,738.0],[886.0,739.0],[895.0,739.0],[895.0,740.0],[896.0,740.0],[896.0,741.0],[897.0,741.0],[897.0,743.0],[898.0,743.0],[898.0,744.0],[897.0,744.0],[897.0,745.0],[896.0,745.0],[896.0,746.0],[894.0,746.0],[894.0,745.0],[889.0,745.0],[889.0,744.0]]],[[[768.0,812.0],[767.0,812.0],[767.0,811.0],[766.0,811.0],[766.0,810.0],[765.0,810.0],[765.0,809.0],[764.0,809.0],[764.0,807.0],[765.0,807.0],[765.0,806.0],[769.0,806.0],[769.0,807.0],[771.0,807.0],[771.0,808.0],[774.0,808.0],[774.0,809.0],[776.0,809.0],[776.0,810.0],[777.0,810.0],[777.0,811.0],[776.0,811.0],[776.0,812.0],[775.0,812.0],[775.0,813.0],[768.0,813.0],[768.0,812.0]]],[[[600.0,855.0],[600.0,854.0],[595.0,854.0],[595.0,853.0],[594.0,853.0],[594.0,852.0],[593.0,852.0],[593.0,851.0],[594.0,851.0],[594.0,850.0],[595.0,850.0],[595.0,848.0],[596.0,848.0],[596.0,847.0],[597.0,847.0],[597.0,842.0],[598.0,842.0],[598.0,841.0],[600.0,841.0],[600.0,839.0],[601.0,839.0],[601.0,837.0],[602.0,837.0],[602.0,836.0],[603.0,836.0],[603.0,835.0],[604.0,835.0],[604.0,834.0],[606.0,834.0],[606.0,835.0],[607.0,835.0],[607.0,836.0],[608.0,836.0],[608.0,837.0],[609.0,837.0],[609.0,840.0],[608.0,840.0],[608.0,843.0],[609.0,843.0],[609.0,844.0],[611.0,844.0],[611.0,843.0],[614.0,843.0],[614.0,842.0],[616.0,842.0],[616.0,841.0],[619.0,841.0],[619.0,840.0],[621.0,840.0],[621.0,839.0],[622.0,839.0],[622.0,840.0],[623.0,840.0],[623.0,841.0],[625.0,841.0],[625.0,842.0],[626.0,842.0],[626.0,844.0],[625.0,844.0],[625.0,845.0],[624.0,845.0],[624.0,846.0],[621.0,846.0],[621.0,847.0],[618.0,847.0],[618.0,848.0],[617.0,848.0],[617.0,851.0],[616.0,851.0],[616.0,852.0],[615.0,852.0],[615.0,853.0],[609.0,853.0],[609.0,854.0],[606.0,854.0],[606.0,855.0],[600.0,855.0]]],[[[653.0,868.0],[651.0,868.0],[651.0,867.0],[648.0,867.0],[648.0,866.0],[646.0,866.0],[646.0,865.0],[645.0,865.0],[645.0,861.0],[646.0,861.0],[646.0,860.0],[650.0,860.0],[650.0,861.0],[651.0,861.0],[651.0,862.0],[653.0,862.0],[653.0,863.0],[654.0,863.0],[654.0,864.0],[655.0,864.0],[655.0,866.0],[654.0,866.0],[654.0,867.0],[653.0,867.0],[653.0,868.0]]],[[[643.0,883.0],[642.0,883.0],[642.0,884.0],[641.0,884.0],[641.0,883.0],[640.0,883.0],[640.0,882.0],[639.0,882.0],[639.0,880.0],[640.0,880.0],[640.0,879.0],[641.0,879.0],[641.0,878.0],[642.0,878.0],[642.0,877.0],[646.0,877.0],[646.0,876.0],[648.0,876.0],[648.0,875.0],[649.0,875.0],[649.0,876.0],[651.0,876.0],[651.0,877.0],[652.0,877.0],[652.0,879.0],[655.0,879.0],[655.0,880.0],[656.0,880.0],[656.0,883.0],[655.0,883.0],[655.0,884.0],[648.0,884.0],[648.0,883.0],[647.0,883.0],[647.0,882.0],[643.0,882.0],[643.0,883.0]]],[[[631.0,886.0],[631.0,887.0],[628.0,887.0],[628.0,886.0],[627.0,886.0],[627.0,885.0],[626.0,885.0],[626.0,883.0],[627.0,883.0],[627.0,882.0],[629.0,882.0],[629.0,881.0],[631.0,881.0],[631.0,882.0],[633.0,882.0],[633.0,883.0],[634.0,883.0],[634.0,885.0],[633.0,885.0],[633.0,886.0],[631.0,886.0]]],[[[648.0,897.0],[645.0,897.0],[645.0,896.0],[640.0,896.0],[640.0,895.0],[639.0,895.0],[639.0,894.0],[638.0,894.0],[638.0,892.0],[639.0,892.0],[639.0,891.0],[640.0,891.0],[640.0,890.0],[642.0,890.0],[642.0,891.0],[646.0,891.0],[646.0,892.0],[647.0,892.0],[647.0,893.0],[648.0,893.0],[648.0,894.0],[649.0,894.0],[649.0,896.0],[648.0,896.0],[648.0,897.0]]],[[[641.0,917.0],[640.0,917.0],[640.0,918.0],[639.0,918.0],[639.0,919.0],[637.0,919.0],[637.0,918.0],[636.0,918.0],[636.0,910.0],[637.0,910.0],[637.0,909.0],[638.0,909.0],[638.0,908.0],[639.0,908.0],[639.0,907.0],[640.0,907.0],[640.0,906.0],[641.0,906.0],[641.0,905.0],[644.0,905.0],[644.0,906.0],[649.0,906.0],[649.0,904.0],[650.0,904.0],[650.0,903.0],[651.0,903.0],[651.0,902.0],[653.0,902.0],[653.0,903.0],[654.0,903.0],[654.0,904.0],[655.0,904.0],[655.0,905.0],[656.0,905.0],[656.0,908.0],[655.0,908.0],[655.0,911.0],[654.0,911.0],[654.0,912.0],[651.0,912.0],[651.0,913.0],[648.0,913.0],[648.0,914.0],[646.0,914.0],[646.0,913.0],[645.0,913.0],[645.0,914.0],[642.0,914.0],[642.0,916.0],[641.0,916.0],[641.0,917.0]]],[[[800.0,969.0],[800.0,968.0],[799.0,968.0],[799.0,967.0],[798.0,967.0],[798.0,966.0],[797.0,966.0],[797.0,963.0],[798.0,963.0],[798.0,962.0],[800.0,962.0],[800.0,961.0],[799.0,961.0],[799.0,960.0],[800.0,960.0],[800.0,959.0],[801.0,959.0],[801.0,956.0],[802.0,956.0],[802.0,954.0],[803.0,954.0],[803.0,953.0],[802.0,953.0],[802.0,952.0],[803.0,952.0],[803.0,951.0],[805.0,951.0],[805.0,949.0],[806.0,949.0],[806.0,948.0],[807.0,948.0],[807.0,949.0],[809.0,949.0],[809.0,950.0],[810.0,950.0],[810.0,951.0],[809.0,951.0],[809.0,952.0],[811.0,952.0],[811.0,953.0],[812.0,953.0],[812.0,955.0],[811.0,955.0],[811.0,956.0],[810.0,956.0],[810.0,958.0],[809.0,958.0],[809.0,959.0],[808.0,959.0],[808.0,960.0],[809.0,960.0],[809.0,961.0],[810.0,961.0],[810.0,962.0],[811.0,962.0],[811.0,963.0],[812.0,963.0],[812.0,964.0],[813.0,964.0],[813.0,965.0],[814.0,965.0],[814.0,966.0],[815.0,966.0],[815.0,970.0],[814.0,970.0],[814.0,971.0],[809.0,971.0],[809.0,970.0],[802.0,970.0],[802.0,969.0],[800.0,969.0]]],[[[644.0,970.0],[642.0,970.0],[642.0,969.0],[641.0,969.0],[641.0,968.0],[639.0,968.0],[639.0,967.0],[638.0,967.0],[638.0,963.0],[639.0,963.0],[639.0,962.0],[642.0,962.0],[642.0,963.0],[644.0,963.0],[644.0,964.0],[645.0,964.0],[645.0,966.0],[646.0,966.0],[646.0,968.0],[645.0,968.0],[645.0,969.0],[644.0,969.0],[644.0,970.0]]],[[[619.0,995.0],[616.0,995.0],[616.0,994.0],[614.0,994.0],[614.0,993.0],[613.0,993.0],[613.0,989.0],[612.0,989.0],[612.0,988.0],[613.0,988.0],[613.0,984.0],[614.0,984.0],[614.0,983.0],[615.0,983.0],[615.0,984.0],[616.0,984.0],[616.0,986.0],[618.0,986.0],[618.0,987.0],[619.0,987.0],[619.0,988.0],[620.0,988.0],[620.0,989.0],[621.0,989.0],[621.0,990.0],[622.0,990.0],[622.0,991.0],[623.0,991.0],[623.0,992.0],[622.0,992.0],[622.0,993.0],[621.0,993.0],[621.0,994.0],[619.0,994.0],[619.0,995.0]]],[[[640.0,994.0],[640.0,993.0],[639.0,993.0],[639.0,992.0],[638.0,992.0],[638.0,990.0],[637.0,990.0],[637.0,988.0],[638.0,988.0],[638.0,985.0],[639.0,985.0],[639.0,984.0],[640.0,984.0],[640.0,985.0],[644.0,985.0],[644.0,986.0],[645.0,986.0],[645.0,987.0],[646.0,987.0],[646.0,988.0],[645.0,988.0],[645.0,989.0],[644.0,989.0],[644.0,992.0],[643.0,992.0],[643.0,993.0],[642.0,993.0],[642.0,994.0],[640.0,994.0]]],[[[792.0,1019.0],[788.0,1019.0],[788.0,1020.0],[786.0,1020.0],[786.0,1019.0],[785.0,1019.0],[785.0,1017.0],[784.0,1017.0],[784.0,1016.0],[785.0,1016.0],[785.0,1015.0],[786.0,1015.0],[786.0,1014.0],[787.0,1014.0],[787.0,1013.0],[789.0,1013.0],[789.0,1011.0],[788.0,1011.0],[788.0,1007.0],[789.0,1007.0],[789.0,1004.0],[790.0,1004.0],[790.0,1003.0],[791.0,1003.0],[791.0,1002.0],[792.0,1002.0],[792.0,1001.0],[796.0,1001.0],[796.0,1000.0],[798.0,1000.0],[798.0,999.0],[800.0,999.0],[800.0,998.0],[805.0,998.0],[805.0,997.0],[806.0,997.0],[806.0,996.0],[807.0,996.0],[807.0,994.0],[805.0,994.0],[805.0,993.0],[804.0,993.0],[804.0,992.0],[803.0,992.0],[803.0,990.0],[802.0,990.0],[802.0,989.0],[801.0,989.0],[801.0,984.0],[802.0,984.0],[802.0,983.0],[803.0,983.0],[803.0,982.0],[804.0,982.0],[804.0,981.0],[806.0,981.0],[806.0,979.0],[807.0,979.0],[807.0,978.0],[808.0,978.0],[808.0,977.0],[810.0,977.0],[810.0,978.0],[811.0,978.0],[811.0,979.0],[814.0,979.0],[814.0,978.0],[816.0,978.0],[816.0,977.0],[817.0,977.0],[817.0,976.0],[818.0,976.0],[818.0,975.0],[820.0,975.0],[820.0,974.0],[825.0,974.0],[825.0,973.0],[826.0,973.0],[826.0,972.0],[825.0,972.0],[825.0,971.0],[823.0,971.0],[823.0,970.0],[822.0,970.0],[822.0,969.0],[821.0,969.0],[821.0,968.0],[820.0,968.0],[820.0,967.0],[819.0,967.0],[819.0,965.0],[818.0,965.0],[818.0,964.0],[819.0,964.0],[819.0,962.0],[820.0,962.0],[820.0,961.0],[821.0,961.0],[821.0,960.0],[820.0,960.0],[820.0,959.0],[821.0,959.0],[821.0,958.0],[820.0,958.0],[820.0,955.0],[821.0,955.0],[821.0,954.0],[822.0,954.0],[822.0,953.0],[823.0,953.0],[823.0,954.0],[824.0,954.0],[824.0,956.0],[825.0,956.0],[825.0,961.0],[826.0,961.0],[826.0,963.0],[825.0,963.0],[825.0,964.0],[826.0,964.0],[826.0,966.0],[830.0,966.0],[830.0,961.0],[831.0,961.0],[831.0,960.0],[830.0,960.0],[830.0,959.0],[831.0,959.0],[831.0,958.0],[832.0,958.0],[832.0,957.0],[837.0,957.0],[837.0,958.0],[838.0,958.0],[838.0,959.0],[840.0,959.0],[840.0,957.0],[841.0,957.0],[841.0,956.0],[842.0,956.0],[842.0,955.0],[847.0,955.0],[847.0,954.0],[848.0,954.0],[848.0,953.0],[849.0,953.0],[849.0,952.0],[851.0,952.0],[851.0,949.0],[848.0,949.0],[848.0,948.0],[847.0,948.0],[847.0,947.0],[846.0,947.0],[846.0,946.0],[845.0,946.0],[845.0,945.0],[846.0,945.0],[846.0,943.0],[847.0,943.0],[847.0,942.0],[848.0,942.0],[848.0,940.0],[849.0,940.0],[849.0,939.0],[850.0,939.0],[850.0,938.0],[851.0,938.0],[851.0,937.0],[852.0,937.0],[852.0,935.0],[853.0,935.0],[853.0,934.0],[854.0,934.0],[854.0,933.0],[855.0,933.0],[855.0,932.0],[856.0,932.0],[856.0,931.0],[857.0,931.0],[857.0,932.0],[859.0,932.0],[859.0,933.0],[860.0,933.0],[860.0,936.0],[859.0,936.0],[859.0,937.0],[858.0,937.0],[858.0,938.0],[859.0,938.0],[859.0,939.0],[858.0,939.0],[858.0,940.0],[866.0,940.0],[866.0,939.0],[865.0,939.0],[865.0,938.0],[866.0,938.0],[866.0,937.0],[867.0,937.0],[867.0,936.0],[868.0,936.0],[868.0,935.0],[870.0,935.0],[870.0,936.0],[872.0,936.0],[872.0,937.0],[874.0,937.0],[874.0,938.0],[875.0,938.0],[875.0,939.0],[876.0,939.0],[876.0,940.0],[877.0,940.0],[877.0,941.0],[878.0,941.0],[878.0,942.0],[879.0,942.0],[879.0,941.0],[880.0,941.0],[880.0,940.0],[882.0,940.0],[882.0,939.0],[883.0,939.0],[883.0,937.0],[884.0,937.0],[884.0,936.0],[885.0,936.0],[885.0,935.0],[886.0,935.0],[886.0,936.0],[891.0,936.0],[891.0,935.0],[893.0,935.0],[893.0,934.0],[899.0,934.0],[899.0,935.0],[901.0,935.0],[901.0,936.0],[907.0,936.0],[907.0,937.0],[908.0,937.0],[908.0,939.0],[907.0,939.0],[907.0,940.0],[906.0,940.0],[906.0,941.0],[903.0,941.0],[903.0,942.0],[900.0,942.0],[900.0,941.0],[899.0,941.0],[899.0,942.0],[897.0,942.0],[897.0,943.0],[896.0,943.0],[896.0,944.0],[895.0,944.0],[895.0,945.0],[894.0,945.0],[894.0,947.0],[895.0,947.0],[895.0,948.0],[896.0,948.0],[896.0,949.0],[899.0,949.0],[899.0,950.0],[900.0,950.0],[900.0,951.0],[899.0,951.0],[899.0,952.0],[898.0,952.0],[898.0,953.0],[897.0,953.0],[897.0,954.0],[896.0,954.0],[896.0,955.0],[895.0,955.0],[895.0,956.0],[894.0,956.0],[894.0,957.0],[895.0,957.0],[895.0,958.0],[897.0,958.0],[897.0,957.0],[898.0,957.0],[898.0,956.0],[900.0,956.0],[900.0,955.0],[901.0,955.0],[901.0,954.0],[902.0,954.0],[902.0,953.0],[903.0,953.0],[903.0,952.0],[906.0,952.0],[906.0,951.0],[907.0,951.0],[907.0,949.0],[906.0,949.0],[906.0,945.0],[907.0,945.0],[907.0,944.0],[909.0,944.0],[909.0,943.0],[911.0,943.0],[911.0,942.0],[912.0,942.0],[912.0,941.0],[913.0,941.0],[913.0,939.0],[914.0,939.0],[914.0,937.0],[915.0,937.0],[915.0,936.0],[918.0,936.0],[918.0,937.0],[920.0,937.0],[920.0,938.0],[921.0,938.0],[921.0,940.0],[920.0,940.0],[920.0,941.0],[918.0,941.0],[918.0,942.0],[917.0,942.0],[917.0,943.0],[916.0,943.0],[916.0,944.0],[915.0,944.0],[915.0,945.0],[914.0,945.0],[914.0,947.0],[915.0,947.0],[915.0,948.0],[914.0,948.0],[914.0,950.0],[915.0,950.0],[915.0,951.0],[916.0,951.0],[916.0,952.0],[919.0,952.0],[919.0,953.0],[921.0,953.0],[921.0,954.0],[922.0,954.0],[922.0,955.0],[921.0,955.0],[921.0,956.0],[919.0,956.0],[919.0,957.0],[918.0,957.0],[918.0,958.0],[920.0,958.0],[920.0,959.0],[921.0,959.0],[921.0,960.0],[922.0,960.0],[922.0,959.0],[924.0,959.0],[924.0,958.0],[925.0,958.0],[925.0,957.0],[927.0,957.0],[927.0,956.0],[928.0,956.0],[928.0,955.0],[929.0,955.0],[929.0,954.0],[931.0,954.0],[931.0,952.0],[930.0,952.0],[930.0,951.0],[931.0,951.0],[931.0,950.0],[932.0,950.0],[932.0,947.0],[931.0,947.0],[931.0,945.0],[930.0,945.0],[930.0,941.0],[931.0,941.0],[931.0,940.0],[933.0,940.0],[933.0,939.0],[934.0,939.0],[934.0,940.0],[935.0,940.0],[935.0,941.0],[936.0,941.0],[936.0,942.0],[938.0,942.0],[938.0,943.0],[939.0,943.0],[939.0,946.0],[938.0,946.0],[938.0,949.0],[944.0,949.0],[944.0,948.0],[945.0,948.0],[945.0,947.0],[947.0,947.0],[947.0,946.0],[949.0,946.0],[949.0,947.0],[950.0,947.0],[950.0,951.0],[951.0,951.0],[951.0,953.0],[950.0,953.0],[950.0,954.0],[953.0,954.0],[953.0,955.0],[955.0,955.0],[955.0,956.0],[957.0,956.0],[957.0,957.0],[958.0,957.0],[958.0,958.0],[959.0,958.0],[959.0,959.0],[960.0,959.0],[960.0,960.0],[961.0,960.0],[961.0,961.0],[962.0,961.0],[962.0,962.0],[963.0,962.0],[963.0,964.0],[965.0,964.0],[965.0,965.0],[972.0,965.0],[972.0,964.0],[974.0,964.0],[974.0,963.0],[975.0,963.0],[975.0,962.0],[977.0,962.0],[977.0,963.0],[978.0,963.0],[978.0,964.0],[979.0,964.0],[979.0,971.0],[980.0,971.0],[980.0,972.0],[982.0,972.0],[982.0,973.0],[984.0,973.0],[984.0,972.0],[986.0,972.0],[986.0,973.0],[989.0,973.0],[989.0,974.0],[993.0,974.0],[993.0,972.0],[994.0,972.0],[994.0,971.0],[995.0,971.0],[995.0,970.0],[996.0,970.0],[996.0,969.0],[997.0,969.0],[997.0,970.0],[998.0,970.0],[998.0,971.0],[999.0,971.0],[999.0,972.0],[1000.0,972.0],[1000.0,974.0],[999.0,974.0],[999.0,975.0],[998.0,975.0],[998.0,979.0],[1000.0,979.0],[1000.0,980.0],[1002.0,980.0],[1002.0,981.0],[1003.0,981.0],[1003.0,982.0],[1004.0,982.0],[1004.0,983.0],[1003.0,983.0],[1003.0,984.0],[1001.0,984.0],[1001.0,985.0],[999.0,985.0],[999.0,986.0],[997.0,986.0],[997.0,987.0],[996.0,987.0],[996.0,986.0],[995.0,986.0],[995.0,985.0],[991.0,985.0],[991.0,984.0],[990.0,984.0],[990.0,985.0],[989.0,985.0],[989.0,984.0],[986.0,984.0],[986.0,985.0],[983.0,985.0],[983.0,986.0],[982.0,986.0],[982.0,987.0],[983.0,987.0],[983.0,989.0],[982.0,989.0],[982.0,990.0],[983.0,990.0],[983.0,991.0],[987.0,991.0],[987.0,990.0],[991.0,990.0],[991.0,991.0],[992.0,991.0],[992.0,992.0],[994.0,992.0],[994.0,993.0],[995.0,993.0],[995.0,994.0],[996.0,994.0],[996.0,995.0],[997.0,995.0],[997.0,998.0],[998.0,998.0],[998.0,999.0],[999.0,999.0],[999.0,1000.0],[1000.0,1000.0],[1000.0,999.0],[1003.0,999.0],[1003.0,1000.0],[1004.0,1000.0],[1004.0,1001.0],[1006.0,1001.0],[1006.0,1002.0],[1007.0,1002.0],[1007.0,1004.0],[1006.0,1004.0],[1006.0,1005.0],[1000.0,1005.0],[1000.0,1006.0],[999.0,1006.0],[999.0,1008.0],[1000.0,1008.0],[1000.0,1010.0],[999.0,1010.0],[999.0,1011.0],[997.0,1011.0],[997.0,1012.0],[995.0,1012.0],[995.0,1011.0],[992.0,1011.0],[992.0,1012.0],[990.0,1012.0],[990.0,1011.0],[988.0,1011.0],[988.0,1010.0],[983.0,1010.0],[983.0,1009.0],[981.0,1009.0],[981.0,1008.0],[978.0,1008.0],[978.0,1009.0],[977.0,1009.0],[977.0,1010.0],[976.0,1010.0],[976.0,1011.0],[970.0,1011.0],[970.0,1012.0],[969.0,1012.0],[969.0,1013.0],[968.0,1013.0],[968.0,1014.0],[964.0,1014.0],[964.0,1015.0],[963.0,1015.0],[963.0,1017.0],[964.0,1017.0],[964.0,1022.0],[965.0,1022.0],[965.0,1021.0],[966.0,1021.0],[966.0,1020.0],[968.0,1020.0],[968.0,1019.0],[972.0,1019.0],[972.0,1018.0],[975.0,1018.0],[975.0,1017.0],[976.0,1017.0],[976.0,1016.0],[978.0,1016.0],[978.0,1015.0],[984.0,1015.0],[984.0,1014.0],[985.0,1014.0],[985.0,1015.0],[989.0,1015.0],[989.0,1016.0],[994.0,1016.0],[994.0,1017.0],[998.0,1017.0],[998.0,1016.0],[1001.0,1016.0],[1001.0,1015.0],[1002.0,1015.0],[1002.0,1016.0],[1003.0,1016.0],[1003.0,1017.0],[1004.0,1017.0],[1004.0,1018.0],[1003.0,1018.0],[1003.0,1019.0],[1000.0,1019.0],[1000.0,1020.0],[999.0,1020.0],[999.0,1021.0],[998.0,1021.0],[998.0,1022.0],[997.0,1022.0],[997.0,1023.0],[996.0,1023.0],[996.0,1024.0],[995.0,1024.0],[995.0,1025.0],[985.0,1025.0],[985.0,1026.0],[984.0,1026.0],[984.0,1027.0],[983.0,1027.0],[983.0,1028.0],[984.0,1028.0],[984.0,1030.0],[985.0,1030.0],[985.0,1032.0],[986.0,1032.0],[986.0,1034.0],[987.0,1034.0],[987.0,1035.0],[988.0,1035.0],[988.0,1036.0],[990.0,1036.0],[990.0,1037.0],[991.0,1037.0],[991.0,1038.0],[990.0,1038.0],[990.0,1039.0],[986.0,1039.0],[986.0,1038.0],[981.0,1038.0],[981.0,1037.0],[980.0,1037.0],[980.0,1036.0],[979.0,1036.0],[979.0,1035.0],[978.0,1035.0],[978.0,1034.0],[977.0,1034.0],[977.0,1033.0],[975.0,1033.0],[975.0,1034.0],[974.0,1034.0],[974.0,1037.0],[973.0,1037.0],[973.0,1038.0],[972.0,1038.0],[972.0,1039.0],[970.0,1039.0],[970.0,1040.0],[966.0,1040.0],[966.0,1041.0],[963.0,1041.0],[963.0,1042.0],[961.0,1042.0],[961.0,1043.0],[960.0,1043.0],[960.0,1044.0],[959.0,1044.0],[959.0,1046.0],[960.0,1046.0],[960.0,1049.0],[959.0,1049.0],[959.0,1050.0],[955.0,1050.0],[955.0,1049.0],[954.0,1049.0],[954.0,1047.0],[951.0,1047.0],[951.0,1048.0],[948.0,1048.0],[948.0,1049.0],[947.0,1049.0],[947.0,1050.0],[946.0,1050.0],[946.0,1049.0],[945.0,1049.0],[945.0,1048.0],[944.0,1048.0],[944.0,1047.0],[943.0,1047.0],[943.0,1046.0],[942.0,1046.0],[942.0,1047.0],[941.0,1047.0],[941.0,1048.0],[942.0,1048.0],[942.0,1049.0],[941.0,1049.0],[941.0,1050.0],[937.0,1050.0],[937.0,1051.0],[936.0,1051.0],[936.0,1054.0],[935.0,1054.0],[935.0,1055.0],[934.0,1055.0],[934.0,1056.0],[932.0,1056.0],[932.0,1055.0],[931.0,1055.0],[931.0,1052.0],[932.0,1052.0],[932.0,1048.0],[931.0,1048.0],[931.0,1047.0],[930.0,1047.0],[930.0,1046.0],[928.0,1046.0],[928.0,1047.0],[927.0,1047.0],[927.0,1049.0],[929.0,1049.0],[929.0,1050.0],[930.0,1050.0],[930.0,1052.0],[929.0,1052.0],[929.0,1053.0],[927.0,1053.0],[927.0,1055.0],[926.0,1055.0],[926.0,1057.0],[927.0,1057.0],[927.0,1058.0],[926.0,1058.0],[926.0,1059.0],[924.0,1059.0],[924.0,1060.0],[922.0,1060.0],[922.0,1059.0],[921.0,1059.0],[921.0,1060.0],[920.0,1060.0],[920.0,1061.0],[919.0,1061.0],[919.0,1063.0],[918.0,1063.0],[918.0,1064.0],[917.0,1064.0],[917.0,1066.0],[918.0,1066.0],[918.0,1069.0],[917.0,1069.0],[917.0,1070.0],[915.0,1070.0],[915.0,1075.0],[914.0,1075.0],[914.0,1076.0],[912.0,1076.0],[912.0,1077.0],[910.0,1077.0],[910.0,1076.0],[909.0,1076.0],[909.0,1075.0],[908.0,1075.0],[908.0,1073.0],[907.0,1073.0],[907.0,1072.0],[906.0,1072.0],[906.0,1071.0],[905.0,1071.0],[905.0,1070.0],[904.0,1070.0],[904.0,1068.0],[905.0,1068.0],[905.0,1067.0],[906.0,1067.0],[906.0,1064.0],[904.0,1064.0],[904.0,1063.0],[901.0,1063.0],[901.0,1064.0],[900.0,1064.0],[900.0,1065.0],[899.0,1065.0],[899.0,1066.0],[898.0,1066.0],[898.0,1067.0],[891.0,1067.0],[891.0,1066.0],[889.0,1066.0],[889.0,1065.0],[888.0,1065.0],[888.0,1064.0],[887.0,1064.0],[887.0,1061.0],[885.0,1061.0],[885.0,1062.0],[883.0,1062.0],[883.0,1061.0],[882.0,1061.0],[882.0,1059.0],[881.0,1059.0],[881.0,1058.0],[880.0,1058.0],[880.0,1059.0],[878.0,1059.0],[878.0,1060.0],[875.0,1060.0],[875.0,1059.0],[869.0,1059.0],[869.0,1060.0],[868.0,1060.0],[868.0,1059.0],[867.0,1059.0],[867.0,1058.0],[865.0,1058.0],[865.0,1057.0],[864.0,1057.0],[864.0,1056.0],[865.0,1056.0],[865.0,1055.0],[863.0,1055.0],[863.0,1056.0],[862.0,1056.0],[862.0,1057.0],[860.0,1057.0],[860.0,1056.0],[859.0,1056.0],[859.0,1055.0],[858.0,1055.0],[858.0,1054.0],[857.0,1054.0],[857.0,1053.0],[858.0,1053.0],[858.0,1050.0],[859.0,1050.0],[859.0,1049.0],[858.0,1049.0],[858.0,1048.0],[859.0,1048.0],[859.0,1044.0],[860.0,1044.0],[860.0,1043.0],[861.0,1043.0],[861.0,1042.0],[862.0,1042.0],[862.0,1041.0],[863.0,1041.0],[863.0,1040.0],[859.0,1040.0],[859.0,1041.0],[858.0,1041.0],[858.0,1042.0],[857.0,1042.0],[857.0,1043.0],[856.0,1043.0],[856.0,1044.0],[855.0,1044.0],[855.0,1045.0],[853.0,1045.0],[853.0,1046.0],[849.0,1046.0],[849.0,1047.0],[845.0,1047.0],[845.0,1049.0],[844.0,1049.0],[844.0,1050.0],[842.0,1050.0],[842.0,1051.0],[840.0,1051.0],[840.0,1052.0],[834.0,1052.0],[834.0,1053.0],[833.0,1053.0],[833.0,1054.0],[827.0,1054.0],[827.0,1055.0],[825.0,1055.0],[825.0,1054.0],[824.0,1054.0],[824.0,1055.0],[822.0,1055.0],[822.0,1056.0],[823.0,1056.0],[823.0,1057.0],[822.0,1057.0],[822.0,1058.0],[823.0,1058.0],[823.0,1059.0],[826.0,1059.0],[826.0,1060.0],[827.0,1060.0],[827.0,1063.0],[826.0,1063.0],[826.0,1064.0],[825.0,1064.0],[825.0,1065.0],[821.0,1065.0],[821.0,1064.0],[818.0,1064.0],[818.0,1063.0],[817.0,1063.0],[817.0,1061.0],[816.0,1061.0],[816.0,1060.0],[815.0,1060.0],[815.0,1059.0],[816.0,1059.0],[816.0,1058.0],[815.0,1058.0],[815.0,1057.0],[814.0,1057.0],[814.0,1054.0],[815.0,1054.0],[815.0,1053.0],[814.0,1053.0],[814.0,1052.0],[815.0,1052.0],[815.0,1050.0],[814.0,1050.0],[814.0,1049.0],[813.0,1049.0],[813.0,1048.0],[812.0,1048.0],[812.0,1047.0],[811.0,1047.0],[811.0,1046.0],[810.0,1046.0],[810.0,1045.0],[809.0,1045.0],[809.0,1043.0],[808.0,1043.0],[808.0,1041.0],[807.0,1041.0],[807.0,1039.0],[808.0,1039.0],[808.0,1037.0],[809.0,1037.0],[809.0,1036.0],[810.0,1036.0],[810.0,1035.0],[811.0,1035.0],[811.0,1033.0],[812.0,1033.0],[812.0,1032.0],[811.0,1032.0],[811.0,1030.0],[810.0,1030.0],[810.0,1029.0],[809.0,1029.0],[809.0,1028.0],[810.0,1028.0],[810.0,1027.0],[809.0,1027.0],[809.0,1024.0],[808.0,1024.0],[808.0,1023.0],[807.0,1023.0],[807.0,1022.0],[806.0,1022.0],[806.0,1021.0],[805.0,1021.0],[805.0,1020.0],[803.0,1020.0],[803.0,1021.0],[802.0,1021.0],[802.0,1022.0],[800.0,1022.0],[800.0,1021.0],[799.0,1021.0],[799.0,1020.0],[797.0,1020.0],[797.0,1019.0],[796.0,1019.0],[796.0,1017.0],[797.0,1017.0],[797.0,1015.0],[798.0,1015.0],[798.0,1014.0],[795.0,1014.0],[795.0,1015.0],[794.0,1015.0],[794.0,1017.0],[793.0,1017.0],[793.0,1018.0],[792.0,1018.0],[792.0,1019.0]]],[[[600.0,1009.0],[599.0,1009.0],[599.0,1010.0],[598.0,1010.0],[598.0,1011.0],[595.0,1011.0],[595.0,1010.0],[594.0,1010.0],[594.0,1007.0],[595.0,1007.0],[595.0,1006.0],[596.0,1006.0],[596.0,1005.0],[597.0,1005.0],[597.0,1004.0],[598.0,1004.0],[598.0,1003.0],[599.0,1003.0],[599.0,1002.0],[600.0,1002.0],[600.0,1001.0],[602.0,1001.0],[602.0,1000.0],[604.0,1000.0],[604.0,999.0],[605.0,999.0],[605.0,1000.0],[606.0,1000.0],[606.0,1001.0],[607.0,1001.0],[607.0,1005.0],[606.0,1005.0],[606.0,1006.0],[604.0,1006.0],[604.0,1007.0],[601.0,1007.0],[601.0,1008.0],[600.0,1008.0],[600.0,1009.0]]],[[[780.0,1035.0],[780.0,1034.0],[775.0,1034.0],[775.0,1033.0],[773.0,1033.0],[773.0,1032.0],[772.0,1032.0],[772.0,1030.0],[773.0,1030.0],[773.0,1029.0],[775.0,1029.0],[775.0,1027.0],[776.0,1027.0],[776.0,1026.0],[777.0,1026.0],[777.0,1027.0],[780.0,1027.0],[780.0,1026.0],[781.0,1026.0],[781.0,1024.0],[782.0,1024.0],[782.0,1023.0],[783.0,1023.0],[783.0,1022.0],[785.0,1022.0],[785.0,1023.0],[789.0,1023.0],[789.0,1024.0],[790.0,1024.0],[790.0,1025.0],[791.0,1025.0],[791.0,1026.0],[793.0,1026.0],[793.0,1027.0],[794.0,1027.0],[794.0,1026.0],[795.0,1026.0],[795.0,1025.0],[798.0,1025.0],[798.0,1026.0],[799.0,1026.0],[799.0,1028.0],[800.0,1028.0],[800.0,1029.0],[801.0,1029.0],[801.0,1033.0],[802.0,1033.0],[802.0,1034.0],[801.0,1034.0],[801.0,1036.0],[802.0,1036.0],[802.0,1037.0],[803.0,1037.0],[803.0,1038.0],[804.0,1038.0],[804.0,1040.0],[803.0,1040.0],[803.0,1041.0],[801.0,1041.0],[801.0,1042.0],[800.0,1042.0],[800.0,1041.0],[799.0,1041.0],[799.0,1040.0],[798.0,1040.0],[798.0,1039.0],[797.0,1039.0],[797.0,1038.0],[796.0,1038.0],[796.0,1039.0],[795.0,1039.0],[795.0,1038.0],[794.0,1038.0],[794.0,1037.0],[793.0,1037.0],[793.0,1038.0],[791.0,1038.0],[791.0,1039.0],[790.0,1039.0],[790.0,1038.0],[788.0,1038.0],[788.0,1037.0],[787.0,1037.0],[787.0,1035.0],[785.0,1035.0],[785.0,1036.0],[781.0,1036.0],[781.0,1035.0],[780.0,1035.0]]],[[[805.0,1058.0],[803.0,1058.0],[803.0,1057.0],[802.0,1057.0],[802.0,1056.0],[803.0,1056.0],[803.0,1055.0],[802.0,1055.0],[802.0,1054.0],[803.0,1054.0],[803.0,1053.0],[805.0,1053.0],[805.0,1052.0],[806.0,1052.0],[806.0,1051.0],[808.0,1051.0],[808.0,1050.0],[809.0,1050.0],[809.0,1051.0],[810.0,1051.0],[810.0,1052.0],[811.0,1052.0],[811.0,1057.0],[812.0,1057.0],[812.0,1058.0],[813.0,1058.0],[813.0,1059.0],[812.0,1059.0],[812.0,1060.0],[813.0,1060.0],[813.0,1061.0],[814.0,1061.0],[814.0,1062.0],[815.0,1062.0],[815.0,1063.0],[814.0,1063.0],[814.0,1064.0],[809.0,1064.0],[809.0,1063.0],[808.0,1063.0],[808.0,1060.0],[807.0,1060.0],[807.0,1059.0],[805.0,1059.0],[805.0,1058.0]]],[[[846.0,1064.0],[845.0,1064.0],[845.0,1063.0],[844.0,1063.0],[844.0,1061.0],[843.0,1061.0],[843.0,1060.0],[842.0,1060.0],[842.0,1058.0],[843.0,1058.0],[843.0,1057.0],[845.0,1057.0],[845.0,1056.0],[846.0,1056.0],[846.0,1055.0],[847.0,1055.0],[847.0,1054.0],[848.0,1054.0],[848.0,1055.0],[849.0,1055.0],[849.0,1056.0],[850.0,1056.0],[850.0,1058.0],[851.0,1058.0],[851.0,1059.0],[852.0,1059.0],[852.0,1060.0],[853.0,1060.0],[853.0,1061.0],[855.0,1061.0],[855.0,1062.0],[857.0,1062.0],[857.0,1061.0],[858.0,1061.0],[858.0,1062.0],[859.0,1062.0],[859.0,1063.0],[860.0,1063.0],[860.0,1064.0],[861.0,1064.0],[861.0,1065.0],[860.0,1065.0],[860.0,1066.0],[857.0,1066.0],[857.0,1067.0],[855.0,1067.0],[855.0,1066.0],[849.0,1066.0],[849.0,1065.0],[846.0,1065.0],[846.0,1064.0]]],[[[1188.0,74.0],[1188.0,70.0],[1189.0,70.0],[1189.0,68.0],[1188.0,68.0],[1188.0,66.0],[1187.0,66.0],[1187.0,65.0],[1188.0,65.0],[1188.0,64.0],[1191.0,64.0],[1191.0,63.0],[1192.0,63.0],[1192.0,62.0],[1195.0,62.0],[1195.0,61.0],[1194.0,61.0],[1194.0,60.0],[1195.0,60.0],[1195.0,58.0],[1196.0,58.0],[1196.0,56.0],[1195.0,56.0],[1195.0,53.0],[1194.0,53.0],[1194.0,51.0],[1195.0,51.0],[1195.0,48.0],[1196.0,48.0],[1196.0,47.0],[1197.0,47.0],[1197.0,46.0],[1198.0,46.0],[1198.0,45.0],[1199.0,45.0],[1199.0,44.0],[1203.0,44.0],[1203.0,43.0],[1205.0,43.0],[1205.0,42.0],[1207.0,42.0],[1207.0,41.0],[1208.0,41.0],[1208.0,40.0],[1210.0,40.0],[1210.0,38.0],[1211.0,38.0],[1211.0,37.0],[1212.0,37.0],[1212.0,35.0],[1211.0,35.0],[1211.0,32.0],[1212.0,32.0],[1212.0,31.0],[1216.0,31.0],[1216.0,30.0],[1215.0,30.0],[1215.0,29.0],[1216.0,29.0],[1216.0,28.0],[1219.0,28.0],[1219.0,29.0],[1220.0,29.0],[1220.0,30.0],[1221.0,30.0],[1221.0,31.0],[1224.0,31.0],[1224.0,32.0],[1225.0,32.0],[1225.0,33.0],[1226.0,33.0],[1226.0,34.0],[1228.0,34.0],[1228.0,35.0],[1230.0,35.0],[1230.0,36.0],[1235.0,36.0],[1235.0,37.0],[1236.0,37.0],[1236.0,38.0],[1237.0,38.0],[1237.0,39.0],[1236.0,39.0],[1236.0,40.0],[1235.0,40.0],[1235.0,41.0],[1236.0,41.0],[1236.0,43.0],[1235.0,43.0],[1235.0,45.0],[1234.0,45.0],[1234.0,46.0],[1233.0,46.0],[1233.0,47.0],[1232.0,47.0],[1232.0,48.0],[1233.0,48.0],[1233.0,49.0],[1232.0,49.0],[1232.0,51.0],[1233.0,51.0],[1233.0,52.0],[1234.0,52.0],[1234.0,53.0],[1235.0,53.0],[1235.0,54.0],[1237.0,54.0],[1237.0,55.0],[1239.0,55.0],[1239.0,56.0],[1241.0,56.0],[1241.0,57.0],[1245.0,57.0],[1245.0,58.0],[1246.0,58.0],[1246.0,57.0],[1248.0,57.0],[1248.0,58.0],[1249.0,58.0],[1249.0,59.0],[1250.0,59.0],[1250.0,60.0],[1254.0,60.0],[1254.0,61.0],[1255.0,61.0],[1255.0,63.0],[1256.0,63.0],[1256.0,64.0],[1257.0,64.0],[1257.0,65.0],[1258.0,65.0],[1258.0,66.0],[1261.0,66.0],[1261.0,65.0],[1262.0,65.0],[1262.0,64.0],[1263.0,64.0],[1263.0,65.0],[1267.0,65.0],[1267.0,66.0],[1270.0,66.0],[1270.0,65.0],[1269.0,65.0],[1269.0,64.0],[1270.0,64.0],[1270.0,63.0],[1271.0,63.0],[1271.0,59.0],[1272.0,59.0],[1272.0,58.0],[1269.0,58.0],[1269.0,57.0],[1268.0,57.0],[1268.0,55.0],[1269.0,55.0],[1269.0,54.0],[1271.0,54.0],[1271.0,53.0],[1275.0,53.0],[1275.0,51.0],[1274.0,51.0],[1274.0,50.0],[1273.0,50.0],[1273.0,49.0],[1274.0,49.0],[1274.0,48.0],[1273.0,48.0],[1273.0,47.0],[1274.0,47.0],[1274.0,41.0],[1275.0,41.0],[1275.0,40.0],[1276.0,40.0],[1276.0,39.0],[1277.0,39.0],[1277.0,37.0],[1278.0,37.0],[1278.0,36.0],[1279.0,36.0],[1279.0,35.0],[1285.0,35.0],[1285.0,34.0],[1286.0,34.0],[1286.0,33.0],[1287.0,33.0],[1287.0,34.0],[1288.0,34.0],[1288.0,35.0],[1290.0,35.0],[1290.0,36.0],[1291.0,36.0],[1291.0,37.0],[1290.0,37.0],[1290.0,38.0],[1289.0,38.0],[1289.0,39.0],[1288.0,39.0],[1288.0,40.0],[1287.0,40.0],[1287.0,42.0],[1288.0,42.0],[1288.0,43.0],[1287.0,43.0],[1287.0,44.0],[1284.0,44.0],[1284.0,45.0],[1282.0,45.0],[1282.0,47.0],[1283.0,47.0],[1283.0,48.0],[1288.0,48.0],[1288.0,47.0],[1290.0,47.0],[1290.0,46.0],[1291.0,46.0],[1291.0,47.0],[1292.0,47.0],[1292.0,48.0],[1293.0,48.0],[1293.0,49.0],[1296.0,49.0],[1296.0,50.0],[1299.0,50.0],[1299.0,51.0],[1300.0,51.0],[1300.0,53.0],[1299.0,53.0],[1299.0,54.0],[1298.0,54.0],[1298.0,55.0],[1297.0,55.0],[1297.0,56.0],[1298.0,56.0],[1298.0,58.0],[1297.0,58.0],[1297.0,59.0],[1300.0,59.0],[1300.0,60.0],[1301.0,60.0],[1301.0,63.0],[1303.0,63.0],[1303.0,62.0],[1304.0,62.0],[1304.0,61.0],[1306.0,61.0],[1306.0,62.0],[1308.0,62.0],[1308.0,61.0],[1313.0,61.0],[1313.0,62.0],[1314.0,62.0],[1314.0,63.0],[1315.0,63.0],[1315.0,65.0],[1321.0,65.0],[1321.0,66.0],[1322.0,66.0],[1322.0,67.0],[1326.0,67.0],[1326.0,68.0],[1327.0,68.0],[1327.0,70.0],[1326.0,70.0],[1326.0,72.0],[1327.0,72.0],[1327.0,73.0],[1330.0,73.0],[1330.0,72.0],[1332.0,72.0],[1332.0,73.0],[1333.0,73.0],[1333.0,74.0],[1334.0,74.0],[1334.0,76.0],[1335.0,76.0],[1335.0,78.0],[1339.0,78.0],[1339.0,79.0],[1342.0,79.0],[1342.0,80.0],[1343.0,80.0],[1343.0,82.0],[1342.0,82.0],[1342.0,83.0],[1340.0,83.0],[1340.0,84.0],[1338.0,84.0],[1338.0,85.0],[1337.0,85.0],[1337.0,84.0],[1336.0,84.0],[1336.0,83.0],[1335.0,83.0],[1335.0,84.0],[1333.0,84.0],[1333.0,83.0],[1327.0,83.0],[1327.0,82.0],[1325.0,82.0],[1325.0,81.0],[1324.0,81.0],[1324.0,80.0],[1322.0,80.0],[1322.0,79.0],[1321.0,79.0],[1321.0,77.0],[1316.0,77.0],[1316.0,78.0],[1315.0,78.0],[1315.0,80.0],[1316.0,80.0],[1316.0,81.0],[1317.0,81.0],[1317.0,82.0],[1318.0,82.0],[1318.0,83.0],[1319.0,83.0],[1319.0,84.0],[1320.0,84.0],[1320.0,85.0],[1319.0,85.0],[1319.0,86.0],[1318.0,86.0],[1318.0,87.0],[1317.0,87.0],[1317.0,88.0],[1316.0,88.0],[1316.0,89.0],[1315.0,89.0],[1315.0,90.0],[1313.0,90.0],[1313.0,91.0],[1310.0,91.0],[1310.0,90.0],[1307.0,90.0],[1307.0,93.0],[1309.0,93.0],[1309.0,94.0],[1310.0,94.0],[1310.0,95.0],[1311.0,95.0],[1311.0,96.0],[1310.0,96.0],[1310.0,97.0],[1309.0,97.0],[1309.0,98.0],[1307.0,98.0],[1307.0,100.0],[1308.0,100.0],[1308.0,101.0],[1311.0,101.0],[1311.0,100.0],[1312.0,100.0],[1312.0,99.0],[1313.0,99.0],[1313.0,98.0],[1315.0,98.0],[1315.0,97.0],[1316.0,97.0],[1316.0,96.0],[1318.0,96.0],[1318.0,97.0],[1319.0,97.0],[1319.0,98.0],[1320.0,98.0],[1320.0,99.0],[1321.0,99.0],[1321.0,100.0],[1320.0,100.0],[1320.0,101.0],[1318.0,101.0],[1318.0,102.0],[1317.0,102.0],[1317.0,103.0],[1316.0,103.0],[1316.0,104.0],[1315.0,104.0],[1315.0,105.0],[1313.0,105.0],[1313.0,106.0],[1312.0,106.0],[1312.0,107.0],[1311.0,107.0],[1311.0,109.0],[1312.0,109.0],[1312.0,110.0],[1311.0,110.0],[1311.0,112.0],[1312.0,112.0],[1312.0,113.0],[1313.0,113.0],[1313.0,115.0],[1314.0,115.0],[1314.0,116.0],[1313.0,116.0],[1313.0,117.0],[1312.0,117.0],[1312.0,118.0],[1311.0,118.0],[1311.0,117.0],[1310.0,117.0],[1310.0,116.0],[1309.0,116.0],[1309.0,115.0],[1306.0,115.0],[1306.0,116.0],[1307.0,116.0],[1307.0,117.0],[1306.0,117.0],[1306.0,118.0],[1307.0,118.0],[1307.0,119.0],[1308.0,119.0],[1308.0,120.0],[1309.0,120.0],[1309.0,122.0],[1311.0,122.0],[1311.0,123.0],[1314.0,123.0],[1314.0,124.0],[1315.0,124.0],[1315.0,125.0],[1316.0,125.0],[1316.0,128.0],[1317.0,128.0],[1317.0,130.0],[1318.0,130.0],[1318.0,133.0],[1319.0,133.0],[1319.0,134.0],[1318.0,134.0],[1318.0,135.0],[1315.0,135.0],[1315.0,139.0],[1316.0,139.0],[1316.0,140.0],[1317.0,140.0],[1317.0,142.0],[1318.0,142.0],[1318.0,145.0],[1317.0,145.0],[1317.0,146.0],[1315.0,146.0],[1315.0,148.0],[1314.0,148.0],[1314.0,152.0],[1317.0,152.0],[1317.0,151.0],[1320.0,151.0],[1320.0,152.0],[1321.0,152.0],[1321.0,153.0],[1322.0,153.0],[1322.0,154.0],[1323.0,154.0],[1323.0,155.0],[1322.0,155.0],[1322.0,156.0],[1323.0,156.0],[1323.0,157.0],[1324.0,157.0],[1324.0,158.0],[1326.0,158.0],[1326.0,159.0],[1328.0,159.0],[1328.0,160.0],[1331.0,160.0],[1331.0,159.0],[1330.0,159.0],[1330.0,158.0],[1331.0,158.0],[1331.0,157.0],[1333.0,157.0],[1333.0,156.0],[1335.0,156.0],[1335.0,157.0],[1336.0,157.0],[1336.0,158.0],[1337.0,158.0],[1337.0,164.0],[1338.0,164.0],[1338.0,166.0],[1337.0,166.0],[1337.0,167.0],[1338.0,167.0],[1338.0,171.0],[1337.0,171.0],[1337.0,172.0],[1336.0,172.0],[1336.0,171.0],[1335.0,171.0],[1335.0,170.0],[1334.0,170.0],[1334.0,169.0],[1327.0,169.0],[1327.0,168.0],[1325.0,168.0],[1325.0,169.0],[1326.0,169.0],[1326.0,170.0],[1325.0,170.0],[1325.0,171.0],[1324.0,171.0],[1324.0,172.0],[1325.0,172.0],[1325.0,173.0],[1324.0,173.0],[1324.0,174.0],[1323.0,174.0],[1323.0,175.0],[1322.0,175.0],[1322.0,176.0],[1320.0,176.0],[1320.0,175.0],[1318.0,175.0],[1318.0,174.0],[1317.0,174.0],[1317.0,172.0],[1316.0,172.0],[1316.0,173.0],[1313.0,173.0],[1313.0,172.0],[1312.0,172.0],[1312.0,171.0],[1311.0,171.0],[1311.0,170.0],[1305.0,170.0],[1305.0,169.0],[1304.0,169.0],[1304.0,168.0],[1303.0,168.0],[1303.0,169.0],[1302.0,169.0],[1302.0,168.0],[1301.0,168.0],[1301.0,166.0],[1299.0,166.0],[1299.0,165.0],[1298.0,165.0],[1298.0,164.0],[1299.0,164.0],[1299.0,163.0],[1298.0,163.0],[1298.0,161.0],[1296.0,161.0],[1296.0,162.0],[1294.0,162.0],[1294.0,163.0],[1293.0,163.0],[1293.0,164.0],[1292.0,164.0],[1292.0,166.0],[1293.0,166.0],[1293.0,167.0],[1292.0,167.0],[1292.0,168.0],[1290.0,168.0],[1290.0,169.0],[1289.0,169.0],[1289.0,170.0],[1283.0,170.0],[1283.0,169.0],[1281.0,169.0],[1281.0,168.0],[1280.0,168.0],[1280.0,169.0],[1279.0,169.0],[1279.0,170.0],[1278.0,170.0],[1278.0,171.0],[1276.0,171.0],[1276.0,172.0],[1275.0,172.0],[1275.0,173.0],[1274.0,173.0],[1274.0,174.0],[1273.0,174.0],[1273.0,175.0],[1270.0,175.0],[1270.0,174.0],[1267.0,174.0],[1267.0,173.0],[1266.0,173.0],[1266.0,172.0],[1265.0,172.0],[1265.0,171.0],[1263.0,171.0],[1263.0,170.0],[1260.0,170.0],[1260.0,169.0],[1259.0,169.0],[1259.0,165.0],[1260.0,165.0],[1260.0,163.0],[1259.0,163.0],[1259.0,161.0],[1258.0,161.0],[1258.0,160.0],[1257.0,160.0],[1257.0,157.0],[1256.0,157.0],[1256.0,156.0],[1255.0,156.0],[1255.0,154.0],[1254.0,154.0],[1254.0,153.0],[1253.0,153.0],[1253.0,151.0],[1252.0,151.0],[1252.0,150.0],[1251.0,150.0],[1251.0,149.0],[1250.0,149.0],[1250.0,148.0],[1251.0,148.0],[1251.0,147.0],[1252.0,147.0],[1252.0,146.0],[1253.0,146.0],[1253.0,145.0],[1254.0,145.0],[1254.0,146.0],[1255.0,146.0],[1255.0,147.0],[1256.0,147.0],[1256.0,148.0],[1257.0,148.0],[1257.0,149.0],[1261.0,149.0],[1261.0,147.0],[1260.0,147.0],[1260.0,146.0],[1259.0,146.0],[1259.0,144.0],[1260.0,144.0],[1260.0,143.0],[1262.0,143.0],[1262.0,142.0],[1263.0,142.0],[1263.0,141.0],[1264.0,141.0],[1264.0,140.0],[1265.0,140.0],[1265.0,139.0],[1266.0,139.0],[1266.0,138.0],[1268.0,138.0],[1268.0,137.0],[1274.0,137.0],[1274.0,138.0],[1275.0,138.0],[1275.0,140.0],[1276.0,140.0],[1276.0,141.0],[1277.0,141.0],[1277.0,142.0],[1280.0,142.0],[1280.0,141.0],[1279.0,141.0],[1279.0,139.0],[1278.0,139.0],[1278.0,137.0],[1277.0,137.0],[1277.0,136.0],[1276.0,136.0],[1276.0,135.0],[1275.0,135.0],[1275.0,134.0],[1274.0,134.0],[1274.0,133.0],[1273.0,133.0],[1273.0,132.0],[1268.0,132.0],[1268.0,131.0],[1267.0,131.0],[1267.0,130.0],[1264.0,130.0],[1264.0,129.0],[1263.0,129.0],[1263.0,128.0],[1261.0,128.0],[1261.0,127.0],[1260.0,127.0],[1260.0,126.0],[1261.0,126.0],[1261.0,125.0],[1260.0,125.0],[1260.0,123.0],[1261.0,123.0],[1261.0,122.0],[1262.0,122.0],[1262.0,121.0],[1263.0,121.0],[1263.0,120.0],[1264.0,120.0],[1264.0,116.0],[1263.0,116.0],[1263.0,117.0],[1262.0,117.0],[1262.0,118.0],[1261.0,118.0],[1261.0,119.0],[1260.0,119.0],[1260.0,120.0],[1259.0,120.0],[1259.0,121.0],[1258.0,121.0],[1258.0,122.0],[1257.0,122.0],[1257.0,123.0],[1255.0,123.0],[1255.0,124.0],[1252.0,124.0],[1252.0,123.0],[1250.0,123.0],[1250.0,122.0],[1249.0,122.0],[1249.0,120.0],[1250.0,120.0],[1250.0,119.0],[1256.0,119.0],[1256.0,118.0],[1257.0,118.0],[1257.0,117.0],[1258.0,117.0],[1258.0,116.0],[1259.0,116.0],[1259.0,114.0],[1260.0,114.0],[1260.0,113.0],[1261.0,113.0],[1261.0,112.0],[1262.0,112.0],[1262.0,109.0],[1263.0,109.0],[1263.0,107.0],[1264.0,107.0],[1264.0,106.0],[1265.0,106.0],[1265.0,104.0],[1264.0,104.0],[1264.0,102.0],[1265.0,102.0],[1265.0,100.0],[1264.0,100.0],[1264.0,99.0],[1265.0,99.0],[1265.0,98.0],[1266.0,98.0],[1266.0,96.0],[1267.0,96.0],[1267.0,95.0],[1266.0,95.0],[1266.0,94.0],[1265.0,94.0],[1265.0,93.0],[1264.0,93.0],[1264.0,94.0],[1263.0,94.0],[1263.0,95.0],[1262.0,95.0],[1262.0,96.0],[1260.0,96.0],[1260.0,95.0],[1259.0,95.0],[1259.0,94.0],[1255.0,94.0],[1255.0,93.0],[1254.0,93.0],[1254.0,94.0],[1252.0,94.0],[1252.0,95.0],[1251.0,95.0],[1251.0,96.0],[1249.0,96.0],[1249.0,97.0],[1245.0,97.0],[1245.0,96.0],[1244.0,96.0],[1244.0,94.0],[1242.0,94.0],[1242.0,93.0],[1241.0,93.0],[1241.0,92.0],[1240.0,92.0],[1240.0,91.0],[1239.0,91.0],[1239.0,90.0],[1237.0,90.0],[1237.0,91.0],[1236.0,91.0],[1236.0,92.0],[1233.0,92.0],[1233.0,91.0],[1232.0,91.0],[1232.0,90.0],[1230.0,90.0],[1230.0,91.0],[1228.0,91.0],[1228.0,93.0],[1227.0,93.0],[1227.0,94.0],[1226.0,94.0],[1226.0,95.0],[1224.0,95.0],[1224.0,96.0],[1223.0,96.0],[1223.0,99.0],[1224.0,99.0],[1224.0,100.0],[1225.0,100.0],[1225.0,101.0],[1224.0,101.0],[1224.0,102.0],[1221.0,102.0],[1221.0,101.0],[1220.0,101.0],[1220.0,99.0],[1219.0,99.0],[1219.0,98.0],[1218.0,98.0],[1218.0,97.0],[1216.0,97.0],[1216.0,96.0],[1215.0,96.0],[1215.0,95.0],[1216.0,95.0],[1216.0,93.0],[1217.0,93.0],[1217.0,90.0],[1216.0,90.0],[1216.0,91.0],[1215.0,91.0],[1215.0,90.0],[1212.0,90.0],[1212.0,89.0],[1208.0,89.0],[1208.0,90.0],[1207.0,90.0],[1207.0,91.0],[1206.0,91.0],[1206.0,90.0],[1205.0,90.0],[1205.0,88.0],[1202.0,88.0],[1202.0,87.0],[1198.0,87.0],[1198.0,89.0],[1197.0,89.0],[1197.0,90.0],[1196.0,90.0],[1196.0,91.0],[1195.0,91.0],[1195.0,90.0],[1194.0,90.0],[1194.0,87.0],[1195.0,87.0],[1195.0,86.0],[1196.0,86.0],[1196.0,84.0],[1197.0,84.0],[1197.0,83.0],[1196.0,83.0],[1196.0,82.0],[1195.0,82.0],[1195.0,81.0],[1194.0,81.0],[1194.0,80.0],[1193.0,80.0],[1193.0,79.0],[1191.0,79.0],[1191.0,78.0],[1190.0,78.0],[1190.0,75.0],[1189.0,75.0],[1189.0,74.0],[1188.0,74.0]]],[[[980.0,231.0],[969.0,231.0],[969.0,232.0],[966.0,232.0],[966.0,231.0],[965.0,231.0],[965.0,230.0],[964.0,230.0],[964.0,228.0],[965.0,228.0],[965.0,227.0],[966.0,227.0],[966.0,226.0],[970.0,226.0],[970.0,225.0],[971.0,225.0],[971.0,224.0],[973.0,224.0],[973.0,223.0],[975.0,223.0],[975.0,224.0],[977.0,224.0],[977.0,225.0],[978.0,225.0],[978.0,227.0],[979.0,227.0],[979.0,228.0],[984.0,228.0],[984.0,229.0],[985.0,229.0],[985.0,231.0],[984.0,231.0],[984.0,232.0],[980.0,232.0],[980.0,231.0]]],[[[894.0,256.0],[894.0,258.0],[895.0,258.0],[895.0,259.0],[894.0,259.0],[894.0,260.0],[891.0,260.0],[891.0,259.0],[890.0,259.0],[890.0,260.0],[889.0,260.0],[889.0,263.0],[890.0,263.0],[890.0,265.0],[889.0,265.0],[889.0,266.0],[888.0,266.0],[888.0,268.0],[887.0,268.0],[887.0,269.0],[886.0,269.0],[886.0,270.0],[885.0,270.0],[885.0,271.0],[884.0,271.0],[884.0,274.0],[883.0,274.0],[883.0,275.0],[881.0,275.0],[881.0,274.0],[879.0,274.0],[879.0,275.0],[880.0,275.0],[880.0,277.0],[879.0,277.0],[879.0,278.0],[878.0,278.0],[878.0,279.0],[879.0,279.0],[879.0,280.0],[878.0,280.0],[878.0,281.0],[877.0,281.0],[877.0,283.0],[876.0,283.0],[876.0,286.0],[875.0,286.0],[875.0,287.0],[874.0,287.0],[874.0,288.0],[871.0,288.0],[871.0,287.0],[870.0,287.0],[870.0,284.0],[869.0,284.0],[869.0,282.0],[870.0,282.0],[870.0,281.0],[869.0,281.0],[869.0,280.0],[868.0,280.0],[868.0,279.0],[867.0,279.0],[867.0,277.0],[868.0,277.0],[868.0,276.0],[869.0,276.0],[869.0,274.0],[868.0,274.0],[868.0,273.0],[869.0,273.0],[869.0,272.0],[870.0,272.0],[870.0,271.0],[869.0,271.0],[869.0,270.0],[870.0,270.0],[870.0,269.0],[871.0,269.0],[871.0,268.0],[867.0,268.0],[867.0,267.0],[866.0,267.0],[866.0,261.0],[865.0,261.0],[865.0,260.0],[866.0,260.0],[866.0,259.0],[865.0,259.0],[865.0,258.0],[864.0,258.0],[864.0,257.0],[863.0,257.0],[863.0,255.0],[864.0,255.0],[864.0,254.0],[867.0,254.0],[867.0,255.0],[868.0,255.0],[868.0,256.0],[869.0,256.0],[869.0,257.0],[871.0,257.0],[871.0,256.0],[873.0,256.0],[873.0,253.0],[874.0,253.0],[874.0,252.0],[877.0,252.0],[877.0,253.0],[879.0,253.0],[879.0,254.0],[880.0,254.0],[880.0,255.0],[882.0,255.0],[882.0,254.0],[881.0,254.0],[881.0,253.0],[880.0,253.0],[880.0,252.0],[881.0,252.0],[881.0,250.0],[882.0,250.0],[882.0,249.0],[883.0,249.0],[883.0,248.0],[886.0,248.0],[886.0,247.0],[885.0,247.0],[885.0,246.0],[886.0,246.0],[886.0,245.0],[887.0,245.0],[887.0,244.0],[888.0,244.0],[888.0,242.0],[887.0,242.0],[887.0,241.0],[886.0,241.0],[886.0,242.0],[885.0,242.0],[885.0,243.0],[882.0,243.0],[882.0,242.0],[881.0,242.0],[881.0,241.0],[880.0,241.0],[880.0,240.0],[878.0,240.0],[878.0,241.0],[877.0,241.0],[877.0,243.0],[876.0,243.0],[876.0,244.0],[873.0,244.0],[873.0,243.0],[872.0,243.0],[872.0,241.0],[871.0,241.0],[871.0,240.0],[870.0,240.0],[870.0,239.0],[869.0,239.0],[869.0,236.0],[870.0,236.0],[870.0,235.0],[871.0,235.0],[871.0,232.0],[872.0,232.0],[872.0,231.0],[875.0,231.0],[875.0,230.0],[874.0,230.0],[874.0,227.0],[875.0,227.0],[875.0,225.0],[874.0,225.0],[874.0,224.0],[875.0,224.0],[875.0,223.0],[874.0,223.0],[874.0,222.0],[872.0,222.0],[872.0,221.0],[871.0,221.0],[871.0,219.0],[870.0,219.0],[870.0,218.0],[871.0,218.0],[871.0,217.0],[873.0,217.0],[873.0,216.0],[876.0,216.0],[876.0,215.0],[887.0,215.0],[887.0,214.0],[889.0,214.0],[889.0,212.0],[888.0,212.0],[888.0,211.0],[887.0,211.0],[887.0,210.0],[886.0,210.0],[886.0,208.0],[885.0,208.0],[885.0,207.0],[884.0,207.0],[884.0,205.0],[885.0,205.0],[885.0,203.0],[883.0,203.0],[883.0,202.0],[882.0,202.0],[882.0,201.0],[881.0,201.0],[881.0,200.0],[882.0,200.0],[882.0,199.0],[886.0,199.0],[886.0,200.0],[888.0,200.0],[888.0,201.0],[891.0,201.0],[891.0,200.0],[892.0,200.0],[892.0,199.0],[893.0,199.0],[893.0,198.0],[894.0,198.0],[894.0,197.0],[896.0,197.0],[896.0,196.0],[897.0,196.0],[897.0,195.0],[898.0,195.0],[898.0,193.0],[897.0,193.0],[897.0,191.0],[898.0,191.0],[898.0,190.0],[900.0,190.0],[900.0,191.0],[901.0,191.0],[901.0,192.0],[902.0,192.0],[902.0,193.0],[905.0,193.0],[905.0,192.0],[909.0,192.0],[909.0,191.0],[913.0,191.0],[913.0,190.0],[916.0,190.0],[916.0,189.0],[919.0,189.0],[919.0,188.0],[920.0,188.0],[920.0,187.0],[923.0,187.0],[923.0,188.0],[925.0,188.0],[925.0,189.0],[926.0,189.0],[926.0,188.0],[927.0,188.0],[927.0,182.0],[928.0,182.0],[928.0,181.0],[930.0,181.0],[930.0,182.0],[931.0,182.0],[931.0,184.0],[932.0,184.0],[932.0,186.0],[934.0,186.0],[934.0,187.0],[935.0,187.0],[935.0,188.0],[934.0,188.0],[934.0,190.0],[933.0,190.0],[933.0,191.0],[931.0,191.0],[931.0,192.0],[930.0,192.0],[930.0,193.0],[928.0,193.0],[928.0,195.0],[929.0,195.0],[929.0,196.0],[928.0,196.0],[928.0,197.0],[929.0,197.0],[929.0,198.0],[930.0,198.0],[930.0,200.0],[929.0,200.0],[929.0,201.0],[928.0,201.0],[928.0,203.0],[927.0,203.0],[927.0,204.0],[926.0,204.0],[926.0,205.0],[927.0,205.0],[927.0,206.0],[928.0,206.0],[928.0,205.0],[930.0,205.0],[930.0,203.0],[931.0,203.0],[931.0,202.0],[930.0,202.0],[930.0,201.0],[931.0,201.0],[931.0,199.0],[932.0,199.0],[932.0,198.0],[934.0,198.0],[934.0,199.0],[935.0,199.0],[935.0,198.0],[938.0,198.0],[938.0,197.0],[939.0,197.0],[939.0,198.0],[941.0,198.0],[941.0,197.0],[942.0,197.0],[942.0,196.0],[943.0,196.0],[943.0,197.0],[945.0,197.0],[945.0,198.0],[947.0,198.0],[947.0,197.0],[948.0,197.0],[948.0,196.0],[951.0,196.0],[951.0,195.0],[953.0,195.0],[953.0,196.0],[954.0,196.0],[954.0,197.0],[955.0,197.0],[955.0,196.0],[957.0,196.0],[957.0,197.0],[960.0,197.0],[960.0,196.0],[961.0,196.0],[961.0,195.0],[965.0,195.0],[965.0,194.0],[966.0,194.0],[966.0,193.0],[967.0,193.0],[967.0,192.0],[968.0,192.0],[968.0,193.0],[970.0,193.0],[970.0,194.0],[971.0,194.0],[971.0,198.0],[970.0,198.0],[970.0,199.0],[971.0,199.0],[971.0,200.0],[972.0,200.0],[972.0,199.0],[973.0,199.0],[973.0,198.0],[976.0,198.0],[976.0,199.0],[977.0,199.0],[977.0,200.0],[981.0,200.0],[981.0,199.0],[982.0,199.0],[982.0,198.0],[983.0,198.0],[983.0,197.0],[984.0,197.0],[984.0,196.0],[986.0,196.0],[986.0,195.0],[988.0,195.0],[988.0,194.0],[989.0,194.0],[989.0,195.0],[990.0,195.0],[990.0,196.0],[993.0,196.0],[993.0,197.0],[994.0,197.0],[994.0,198.0],[997.0,198.0],[997.0,197.0],[1001.0,197.0],[1001.0,198.0],[1002.0,198.0],[1002.0,200.0],[1001.0,200.0],[1001.0,201.0],[1000.0,201.0],[1000.0,202.0],[995.0,202.0],[995.0,203.0],[993.0,203.0],[993.0,205.0],[992.0,205.0],[992.0,207.0],[994.0,207.0],[994.0,208.0],[995.0,208.0],[995.0,213.0],[996.0,213.0],[996.0,215.0],[995.0,215.0],[995.0,216.0],[992.0,216.0],[992.0,215.0],[991.0,215.0],[991.0,214.0],[990.0,214.0],[990.0,212.0],[989.0,212.0],[989.0,210.0],[988.0,210.0],[988.0,209.0],[985.0,209.0],[985.0,212.0],[984.0,212.0],[984.0,213.0],[983.0,213.0],[983.0,214.0],[982.0,214.0],[982.0,215.0],[981.0,215.0],[981.0,216.0],[979.0,216.0],[979.0,217.0],[977.0,217.0],[977.0,218.0],[975.0,218.0],[975.0,217.0],[971.0,217.0],[971.0,216.0],[969.0,216.0],[969.0,217.0],[968.0,217.0],[968.0,218.0],[962.0,218.0],[962.0,217.0],[961.0,217.0],[961.0,216.0],[960.0,216.0],[960.0,215.0],[959.0,215.0],[959.0,214.0],[958.0,214.0],[958.0,212.0],[957.0,212.0],[957.0,211.0],[958.0,211.0],[958.0,210.0],[960.0,210.0],[960.0,209.0],[962.0,209.0],[962.0,208.0],[964.0,208.0],[964.0,207.0],[963.0,207.0],[963.0,205.0],[961.0,205.0],[961.0,206.0],[960.0,206.0],[960.0,207.0],[959.0,207.0],[959.0,208.0],[956.0,208.0],[956.0,209.0],[955.0,209.0],[955.0,210.0],[954.0,210.0],[954.0,211.0],[955.0,211.0],[955.0,212.0],[954.0,212.0],[954.0,213.0],[950.0,213.0],[950.0,214.0],[949.0,214.0],[949.0,217.0],[948.0,217.0],[948.0,218.0],[946.0,218.0],[946.0,217.0],[945.0,217.0],[945.0,214.0],[944.0,214.0],[944.0,213.0],[943.0,213.0],[943.0,212.0],[942.0,212.0],[942.0,211.0],[941.0,211.0],[941.0,210.0],[936.0,210.0],[936.0,212.0],[935.0,212.0],[935.0,213.0],[936.0,213.0],[936.0,214.0],[935.0,214.0],[935.0,215.0],[931.0,215.0],[931.0,216.0],[930.0,216.0],[930.0,217.0],[929.0,217.0],[929.0,218.0],[928.0,218.0],[928.0,219.0],[927.0,219.0],[927.0,220.0],[926.0,220.0],[926.0,221.0],[925.0,221.0],[925.0,222.0],[923.0,222.0],[923.0,223.0],[919.0,223.0],[919.0,224.0],[918.0,224.0],[918.0,225.0],[916.0,225.0],[916.0,224.0],[915.0,224.0],[915.0,223.0],[914.0,223.0],[914.0,221.0],[913.0,221.0],[913.0,220.0],[911.0,220.0],[911.0,219.0],[910.0,219.0],[910.0,218.0],[909.0,218.0],[909.0,217.0],[907.0,217.0],[907.0,218.0],[906.0,218.0],[906.0,221.0],[907.0,221.0],[907.0,223.0],[906.0,223.0],[906.0,224.0],[905.0,224.0],[905.0,225.0],[903.0,225.0],[903.0,226.0],[899.0,226.0],[899.0,228.0],[900.0,228.0],[900.0,229.0],[899.0,229.0],[899.0,230.0],[897.0,230.0],[897.0,231.0],[896.0,231.0],[896.0,233.0],[895.0,233.0],[895.0,234.0],[896.0,234.0],[896.0,235.0],[897.0,235.0],[897.0,236.0],[896.0,236.0],[896.0,238.0],[897.0,238.0],[897.0,239.0],[898.0,239.0],[898.0,240.0],[897.0,240.0],[897.0,241.0],[895.0,241.0],[895.0,248.0],[896.0,248.0],[896.0,249.0],[895.0,249.0],[895.0,250.0],[892.0,250.0],[892.0,252.0],[893.0,252.0],[893.0,253.0],[892.0,253.0],[892.0,255.0],[893.0,255.0],[893.0,256.0],[894.0,256.0]],[[889.0,259.0],[890.0,259.0],[890.0,258.0],[889.0,258.0],[889.0,259.0]]],[[[903.0,248.0],[903.0,247.0],[904.0,247.0],[904.0,246.0],[903.0,246.0],[903.0,245.0],[902.0,245.0],[902.0,244.0],[903.0,244.0],[903.0,242.0],[904.0,242.0],[904.0,241.0],[906.0,241.0],[906.0,242.0],[908.0,242.0],[908.0,241.0],[910.0,241.0],[910.0,240.0],[911.0,240.0],[911.0,239.0],[912.0,239.0],[912.0,238.0],[913.0,238.0],[913.0,235.0],[914.0,235.0],[914.0,234.0],[916.0,234.0],[916.0,233.0],[918.0,233.0],[918.0,232.0],[919.0,232.0],[919.0,233.0],[924.0,233.0],[924.0,234.0],[926.0,234.0],[926.0,233.0],[927.0,233.0],[927.0,232.0],[928.0,232.0],[928.0,231.0],[933.0,231.0],[933.0,232.0],[935.0,232.0],[935.0,233.0],[936.0,233.0],[936.0,234.0],[935.0,234.0],[935.0,235.0],[933.0,235.0],[933.0,236.0],[929.0,236.0],[929.0,237.0],[928.0,237.0],[928.0,238.0],[927.0,238.0],[927.0,239.0],[925.0,239.0],[925.0,240.0],[924.0,240.0],[924.0,241.0],[923.0,241.0],[923.0,242.0],[920.0,242.0],[920.0,243.0],[918.0,243.0],[918.0,244.0],[917.0,244.0],[917.0,245.0],[916.0,245.0],[916.0,246.0],[915.0,246.0],[915.0,247.0],[911.0,247.0],[911.0,248.0],[910.0,248.0],[910.0,249.0],[909.0,249.0],[909.0,250.0],[906.0,250.0],[906.0,249.0],[904.0,249.0],[904.0,248.0],[903.0,248.0]]],[[[1004.0,232.0],[1005.0,232.0],[1005.0,229.0],[1004.0,229.0],[1004.0,225.0],[1005.0,225.0],[1005.0,224.0],[1004.0,224.0],[1004.0,220.0],[1005.0,220.0],[1005.0,219.0],[1006.0,219.0],[1006.0,220.0],[1007.0,220.0],[1007.0,221.0],[1009.0,221.0],[1009.0,222.0],[1011.0,222.0],[1011.0,223.0],[1012.0,223.0],[1012.0,224.0],[1011.0,224.0],[1011.0,226.0],[1012.0,226.0],[1012.0,234.0],[1013.0,234.0],[1013.0,235.0],[1014.0,235.0],[1014.0,236.0],[1017.0,236.0],[1017.0,233.0],[1018.0,233.0],[1018.0,231.0],[1019.0,231.0],[1019.0,230.0],[1020.0,230.0],[1020.0,226.0],[1021.0,226.0],[1021.0,225.0],[1023.0,225.0],[1023.0,224.0],[1028.0,224.0],[1028.0,225.0],[1030.0,225.0],[1030.0,226.0],[1031.0,226.0],[1031.0,228.0],[1030.0,228.0],[1030.0,229.0],[1031.0,229.0],[1031.0,231.0],[1032.0,231.0],[1032.0,232.0],[1034.0,232.0],[1034.0,233.0],[1035.0,233.0],[1035.0,234.0],[1034.0,234.0],[1034.0,235.0],[1033.0,235.0],[1033.0,236.0],[1032.0,236.0],[1032.0,237.0],[1033.0,237.0],[1033.0,238.0],[1032.0,238.0],[1032.0,244.0],[1033.0,244.0],[1033.0,247.0],[1032.0,247.0],[1032.0,253.0],[1033.0,253.0],[1033.0,254.0],[1034.0,254.0],[1034.0,255.0],[1033.0,255.0],[1033.0,256.0],[1035.0,256.0],[1035.0,257.0],[1036.0,257.0],[1036.0,258.0],[1037.0,258.0],[1037.0,259.0],[1038.0,259.0],[1038.0,262.0],[1037.0,262.0],[1037.0,263.0],[1034.0,263.0],[1034.0,262.0],[1031.0,262.0],[1031.0,261.0],[1030.0,261.0],[1030.0,260.0],[1027.0,260.0],[1027.0,261.0],[1028.0,261.0],[1028.0,263.0],[1027.0,263.0],[1027.0,264.0],[1026.0,264.0],[1026.0,265.0],[1021.0,265.0],[1021.0,264.0],[1019.0,264.0],[1019.0,263.0],[1018.0,263.0],[1018.0,259.0],[1019.0,259.0],[1019.0,258.0],[1017.0,258.0],[1017.0,257.0],[1015.0,257.0],[1015.0,258.0],[1011.0,258.0],[1011.0,257.0],[1010.0,257.0],[1010.0,256.0],[1009.0,256.0],[1009.0,255.0],[1008.0,255.0],[1008.0,254.0],[1009.0,254.0],[1009.0,252.0],[1008.0,252.0],[1008.0,251.0],[1009.0,251.0],[1009.0,250.0],[1014.0,250.0],[1014.0,251.0],[1015.0,251.0],[1015.0,252.0],[1017.0,252.0],[1017.0,251.0],[1018.0,251.0],[1018.0,252.0],[1019.0,252.0],[1019.0,251.0],[1020.0,251.0],[1020.0,250.0],[1021.0,250.0],[1021.0,249.0],[1020.0,249.0],[1020.0,248.0],[1021.0,248.0],[1021.0,247.0],[1023.0,247.0],[1023.0,243.0],[1022.0,243.0],[1022.0,244.0],[1020.0,244.0],[1020.0,243.0],[1018.0,243.0],[1018.0,242.0],[1011.0,242.0],[1011.0,241.0],[1010.0,241.0],[1010.0,240.0],[1009.0,240.0],[1009.0,239.0],[1006.0,239.0],[1006.0,238.0],[1005.0,238.0],[1005.0,237.0],[1006.0,237.0],[1006.0,236.0],[1005.0,236.0],[1005.0,235.0],[1004.0,235.0],[1004.0,232.0]]],[[[1224.0,301.0],[1223.0,301.0],[1223.0,300.0],[1222.0,300.0],[1222.0,299.0],[1221.0,299.0],[1221.0,298.0],[1220.0,298.0],[1220.0,297.0],[1221.0,297.0],[1221.0,296.0],[1228.0,296.0],[1228.0,295.0],[1229.0,295.0],[1229.0,294.0],[1228.0,294.0],[1228.0,292.0],[1229.0,292.0],[1229.0,291.0],[1227.0,291.0],[1227.0,290.0],[1226.0,290.0],[1226.0,287.0],[1225.0,287.0],[1225.0,285.0],[1224.0,285.0],[1224.0,280.0],[1223.0,280.0],[1223.0,279.0],[1222.0,279.0],[1222.0,276.0],[1223.0,276.0],[1223.0,275.0],[1225.0,275.0],[1225.0,274.0],[1228.0,274.0],[1228.0,273.0],[1229.0,273.0],[1229.0,268.0],[1228.0,268.0],[1228.0,266.0],[1229.0,266.0],[1229.0,265.0],[1230.0,265.0],[1230.0,264.0],[1231.0,264.0],[1231.0,261.0],[1232.0,261.0],[1232.0,260.0],[1233.0,260.0],[1233.0,259.0],[1234.0,259.0],[1234.0,258.0],[1237.0,258.0],[1237.0,256.0],[1236.0,256.0],[1236.0,254.0],[1237.0,254.0],[1237.0,253.0],[1238.0,253.0],[1238.0,251.0],[1239.0,251.0],[1239.0,250.0],[1242.0,250.0],[1242.0,249.0],[1243.0,249.0],[1243.0,243.0],[1242.0,243.0],[1242.0,242.0],[1241.0,242.0],[1241.0,241.0],[1240.0,241.0],[1240.0,240.0],[1239.0,240.0],[1239.0,238.0],[1240.0,238.0],[1240.0,237.0],[1242.0,237.0],[1242.0,236.0],[1243.0,236.0],[1243.0,237.0],[1246.0,237.0],[1246.0,236.0],[1247.0,236.0],[1247.0,235.0],[1248.0,235.0],[1248.0,234.0],[1251.0,234.0],[1251.0,233.0],[1252.0,233.0],[1252.0,232.0],[1253.0,232.0],[1253.0,231.0],[1254.0,231.0],[1254.0,230.0],[1255.0,230.0],[1255.0,229.0],[1256.0,229.0],[1256.0,230.0],[1257.0,230.0],[1257.0,235.0],[1256.0,235.0],[1256.0,239.0],[1257.0,239.0],[1257.0,240.0],[1258.0,240.0],[1258.0,241.0],[1257.0,241.0],[1257.0,244.0],[1258.0,244.0],[1258.0,246.0],[1260.0,246.0],[1260.0,247.0],[1262.0,247.0],[1262.0,246.0],[1263.0,246.0],[1263.0,247.0],[1264.0,247.0],[1264.0,246.0],[1266.0,246.0],[1266.0,247.0],[1267.0,247.0],[1267.0,249.0],[1268.0,249.0],[1268.0,250.0],[1269.0,250.0],[1269.0,252.0],[1268.0,252.0],[1268.0,253.0],[1267.0,253.0],[1267.0,254.0],[1268.0,254.0],[1268.0,256.0],[1269.0,256.0],[1269.0,255.0],[1270.0,255.0],[1270.0,254.0],[1272.0,254.0],[1272.0,253.0],[1274.0,253.0],[1274.0,252.0],[1277.0,252.0],[1277.0,251.0],[1280.0,251.0],[1280.0,250.0],[1282.0,250.0],[1282.0,249.0],[1283.0,249.0],[1283.0,247.0],[1284.0,247.0],[1284.0,246.0],[1287.0,246.0],[1287.0,247.0],[1288.0,247.0],[1288.0,249.0],[1287.0,249.0],[1287.0,251.0],[1286.0,251.0],[1286.0,255.0],[1287.0,255.0],[1287.0,254.0],[1290.0,254.0],[1290.0,253.0],[1293.0,253.0],[1293.0,254.0],[1294.0,254.0],[1294.0,256.0],[1295.0,256.0],[1295.0,257.0],[1299.0,257.0],[1299.0,256.0],[1300.0,256.0],[1300.0,255.0],[1302.0,255.0],[1302.0,252.0],[1303.0,252.0],[1303.0,247.0],[1304.0,247.0],[1304.0,246.0],[1308.0,246.0],[1308.0,247.0],[1309.0,247.0],[1309.0,249.0],[1310.0,249.0],[1310.0,251.0],[1311.0,251.0],[1311.0,252.0],[1312.0,252.0],[1312.0,253.0],[1314.0,253.0],[1314.0,252.0],[1315.0,252.0],[1315.0,251.0],[1316.0,251.0],[1316.0,250.0],[1317.0,250.0],[1317.0,249.0],[1318.0,249.0],[1318.0,248.0],[1320.0,248.0],[1320.0,247.0],[1321.0,247.0],[1321.0,246.0],[1325.0,246.0],[1325.0,247.0],[1326.0,247.0],[1326.0,249.0],[1325.0,249.0],[1325.0,250.0],[1324.0,250.0],[1324.0,251.0],[1323.0,251.0],[1323.0,252.0],[1320.0,252.0],[1320.0,254.0],[1319.0,254.0],[1319.0,256.0],[1318.0,256.0],[1318.0,257.0],[1319.0,257.0],[1319.0,258.0],[1320.0,258.0],[1320.0,259.0],[1319.0,259.0],[1319.0,261.0],[1318.0,261.0],[1318.0,262.0],[1316.0,262.0],[1316.0,263.0],[1314.0,263.0],[1314.0,264.0],[1313.0,264.0],[1313.0,265.0],[1311.0,265.0],[1311.0,264.0],[1309.0,264.0],[1309.0,263.0],[1308.0,263.0],[1308.0,261.0],[1307.0,261.0],[1307.0,263.0],[1306.0,263.0],[1306.0,265.0],[1307.0,265.0],[1307.0,266.0],[1308.0,266.0],[1308.0,267.0],[1307.0,267.0],[1307.0,271.0],[1308.0,271.0],[1308.0,272.0],[1307.0,272.0],[1307.0,273.0],[1306.0,273.0],[1306.0,275.0],[1307.0,275.0],[1307.0,276.0],[1306.0,276.0],[1306.0,277.0],[1307.0,277.0],[1307.0,278.0],[1306.0,278.0],[1306.0,280.0],[1308.0,280.0],[1308.0,281.0],[1311.0,281.0],[1311.0,282.0],[1312.0,282.0],[1312.0,283.0],[1311.0,283.0],[1311.0,284.0],[1310.0,284.0],[1310.0,285.0],[1308.0,285.0],[1308.0,291.0],[1309.0,291.0],[1309.0,293.0],[1310.0,293.0],[1310.0,294.0],[1311.0,294.0],[1311.0,295.0],[1310.0,295.0],[1310.0,297.0],[1309.0,297.0],[1309.0,299.0],[1308.0,299.0],[1308.0,301.0],[1309.0,301.0],[1309.0,304.0],[1308.0,304.0],[1308.0,305.0],[1307.0,305.0],[1307.0,306.0],[1306.0,306.0],[1306.0,307.0],[1303.0,307.0],[1303.0,308.0],[1302.0,308.0],[1302.0,311.0],[1303.0,311.0],[1303.0,312.0],[1304.0,312.0],[1304.0,311.0],[1305.0,311.0],[1305.0,310.0],[1306.0,310.0],[1306.0,309.0],[1308.0,309.0],[1308.0,308.0],[1315.0,308.0],[1315.0,307.0],[1317.0,307.0],[1317.0,308.0],[1322.0,308.0],[1322.0,309.0],[1325.0,309.0],[1325.0,308.0],[1326.0,308.0],[1326.0,309.0],[1327.0,309.0],[1327.0,308.0],[1332.0,308.0],[1332.0,309.0],[1333.0,309.0],[1333.0,308.0],[1334.0,308.0],[1334.0,307.0],[1335.0,307.0],[1335.0,306.0],[1336.0,306.0],[1336.0,305.0],[1337.0,305.0],[1337.0,304.0],[1338.0,304.0],[1338.0,303.0],[1342.0,303.0],[1342.0,304.0],[1343.0,304.0],[1343.0,305.0],[1344.0,305.0],[1344.0,306.0],[1345.0,306.0],[1345.0,307.0],[1347.0,307.0],[1347.0,308.0],[1349.0,308.0],[1349.0,309.0],[1350.0,309.0],[1350.0,310.0],[1351.0,310.0],[1351.0,312.0],[1352.0,312.0],[1352.0,313.0],[1355.0,313.0],[1355.0,312.0],[1356.0,312.0],[1356.0,310.0],[1357.0,310.0],[1357.0,309.0],[1358.0,309.0],[1358.0,308.0],[1361.0,308.0],[1361.0,309.0],[1363.0,309.0],[1363.0,310.0],[1364.0,310.0],[1364.0,311.0],[1365.0,311.0],[1365.0,313.0],[1364.0,313.0],[1364.0,315.0],[1365.0,315.0],[1365.0,316.0],[1364.0,316.0],[1364.0,318.0],[1366.0,318.0],[1366.0,319.0],[1370.0,319.0],[1370.0,320.0],[1371.0,320.0],[1371.0,321.0],[1373.0,321.0],[1373.0,322.0],[1374.0,322.0],[1374.0,323.0],[1373.0,323.0],[1373.0,324.0],[1369.0,324.0],[1369.0,325.0],[1368.0,325.0],[1368.0,324.0],[1367.0,324.0],[1367.0,323.0],[1363.0,323.0],[1363.0,322.0],[1362.0,322.0],[1362.0,323.0],[1361.0,323.0],[1361.0,324.0],[1359.0,324.0],[1359.0,329.0],[1360.0,329.0],[1360.0,330.0],[1363.0,330.0],[1363.0,329.0],[1367.0,329.0],[1367.0,330.0],[1368.0,330.0],[1368.0,331.0],[1367.0,331.0],[1367.0,332.0],[1366.0,332.0],[1366.0,333.0],[1364.0,333.0],[1364.0,334.0],[1362.0,334.0],[1362.0,335.0],[1360.0,335.0],[1360.0,336.0],[1358.0,336.0],[1358.0,335.0],[1356.0,335.0],[1356.0,334.0],[1355.0,334.0],[1355.0,333.0],[1353.0,333.0],[1353.0,332.0],[1351.0,332.0],[1351.0,331.0],[1350.0,331.0],[1350.0,330.0],[1349.0,330.0],[1349.0,329.0],[1348.0,329.0],[1348.0,328.0],[1347.0,328.0],[1347.0,325.0],[1346.0,325.0],[1346.0,321.0],[1345.0,321.0],[1345.0,322.0],[1344.0,322.0],[1344.0,323.0],[1343.0,323.0],[1343.0,324.0],[1342.0,324.0],[1342.0,326.0],[1343.0,326.0],[1343.0,328.0],[1342.0,328.0],[1342.0,329.0],[1339.0,329.0],[1339.0,328.0],[1338.0,328.0],[1338.0,327.0],[1337.0,327.0],[1337.0,326.0],[1336.0,326.0],[1336.0,325.0],[1335.0,325.0],[1335.0,324.0],[1333.0,324.0],[1333.0,326.0],[1332.0,326.0],[1332.0,330.0],[1331.0,330.0],[1331.0,331.0],[1328.0,331.0],[1328.0,333.0],[1327.0,333.0],[1327.0,334.0],[1326.0,334.0],[1326.0,335.0],[1325.0,335.0],[1325.0,334.0],[1323.0,334.0],[1323.0,333.0],[1322.0,333.0],[1322.0,334.0],[1321.0,334.0],[1321.0,335.0],[1319.0,335.0],[1319.0,334.0],[1318.0,334.0],[1318.0,333.0],[1316.0,333.0],[1316.0,332.0],[1315.0,332.0],[1315.0,331.0],[1312.0,331.0],[1312.0,332.0],[1310.0,332.0],[1310.0,333.0],[1309.0,333.0],[1309.0,332.0],[1305.0,332.0],[1305.0,331.0],[1303.0,331.0],[1303.0,330.0],[1302.0,330.0],[1302.0,331.0],[1300.0,331.0],[1300.0,332.0],[1299.0,332.0],[1299.0,331.0],[1297.0,331.0],[1297.0,330.0],[1295.0,330.0],[1295.0,329.0],[1293.0,329.0],[1293.0,328.0],[1292.0,328.0],[1292.0,327.0],[1293.0,327.0],[1293.0,325.0],[1292.0,325.0],[1292.0,324.0],[1291.0,324.0],[1291.0,323.0],[1290.0,323.0],[1290.0,321.0],[1287.0,321.0],[1287.0,322.0],[1284.0,322.0],[1284.0,323.0],[1283.0,323.0],[1283.0,322.0],[1282.0,322.0],[1282.0,321.0],[1281.0,321.0],[1281.0,319.0],[1280.0,319.0],[1280.0,321.0],[1279.0,321.0],[1279.0,322.0],[1274.0,322.0],[1274.0,323.0],[1269.0,323.0],[1269.0,324.0],[1264.0,324.0],[1264.0,325.0],[1262.0,325.0],[1262.0,324.0],[1261.0,324.0],[1261.0,323.0],[1260.0,323.0],[1260.0,322.0],[1259.0,322.0],[1259.0,317.0],[1258.0,317.0],[1258.0,316.0],[1259.0,316.0],[1259.0,315.0],[1260.0,315.0],[1260.0,314.0],[1259.0,314.0],[1259.0,311.0],[1260.0,311.0],[1260.0,310.0],[1261.0,310.0],[1261.0,309.0],[1262.0,309.0],[1262.0,307.0],[1261.0,307.0],[1261.0,306.0],[1260.0,306.0],[1260.0,307.0],[1259.0,307.0],[1259.0,308.0],[1258.0,308.0],[1258.0,309.0],[1255.0,309.0],[1255.0,308.0],[1254.0,308.0],[1254.0,306.0],[1252.0,306.0],[1252.0,305.0],[1251.0,305.0],[1251.0,304.0],[1250.0,304.0],[1250.0,302.0],[1249.0,302.0],[1249.0,301.0],[1245.0,301.0],[1245.0,302.0],[1244.0,302.0],[1244.0,303.0],[1243.0,303.0],[1243.0,305.0],[1242.0,305.0],[1242.0,306.0],[1237.0,306.0],[1237.0,307.0],[1236.0,307.0],[1236.0,308.0],[1233.0,308.0],[1233.0,307.0],[1232.0,307.0],[1232.0,306.0],[1231.0,306.0],[1231.0,305.0],[1229.0,305.0],[1229.0,304.0],[1226.0,304.0],[1226.0,303.0],[1225.0,303.0],[1225.0,302.0],[1224.0,302.0],[1224.0,301.0]]],[[[1175.0,302.0],[1175.0,303.0],[1173.0,303.0],[1173.0,304.0],[1167.0,304.0],[1167.0,303.0],[1166.0,303.0],[1166.0,302.0],[1167.0,302.0],[1167.0,301.0],[1169.0,301.0],[1169.0,299.0],[1170.0,299.0],[1170.0,297.0],[1171.0,297.0],[1171.0,296.0],[1172.0,296.0],[1172.0,295.0],[1177.0,295.0],[1177.0,294.0],[1178.0,294.0],[1178.0,293.0],[1179.0,293.0],[1179.0,292.0],[1181.0,292.0],[1181.0,287.0],[1180.0,287.0],[1180.0,286.0],[1179.0,286.0],[1179.0,284.0],[1180.0,284.0],[1180.0,283.0],[1181.0,283.0],[1181.0,282.0],[1180.0,282.0],[1180.0,279.0],[1181.0,279.0],[1181.0,278.0],[1182.0,278.0],[1182.0,277.0],[1183.0,277.0],[1183.0,276.0],[1185.0,276.0],[1185.0,277.0],[1186.0,277.0],[1186.0,278.0],[1188.0,278.0],[1188.0,279.0],[1189.0,279.0],[1189.0,278.0],[1194.0,278.0],[1194.0,277.0],[1195.0,277.0],[1195.0,276.0],[1200.0,276.0],[1200.0,275.0],[1201.0,275.0],[1201.0,274.0],[1202.0,274.0],[1202.0,273.0],[1203.0,273.0],[1203.0,274.0],[1204.0,274.0],[1204.0,277.0],[1203.0,277.0],[1203.0,278.0],[1202.0,278.0],[1202.0,280.0],[1201.0,280.0],[1201.0,281.0],[1199.0,281.0],[1199.0,282.0],[1197.0,282.0],[1197.0,283.0],[1194.0,283.0],[1194.0,284.0],[1195.0,284.0],[1195.0,286.0],[1194.0,286.0],[1194.0,287.0],[1196.0,287.0],[1196.0,286.0],[1198.0,286.0],[1198.0,287.0],[1201.0,287.0],[1201.0,288.0],[1202.0,288.0],[1202.0,293.0],[1203.0,293.0],[1203.0,295.0],[1204.0,295.0],[1204.0,297.0],[1205.0,297.0],[1205.0,298.0],[1206.0,298.0],[1206.0,299.0],[1207.0,299.0],[1207.0,300.0],[1208.0,300.0],[1208.0,301.0],[1209.0,301.0],[1209.0,302.0],[1211.0,302.0],[1211.0,303.0],[1212.0,303.0],[1212.0,304.0],[1213.0,304.0],[1213.0,305.0],[1214.0,305.0],[1214.0,307.0],[1213.0,307.0],[1213.0,308.0],[1210.0,308.0],[1210.0,307.0],[1208.0,307.0],[1208.0,306.0],[1207.0,306.0],[1207.0,305.0],[1200.0,305.0],[1200.0,304.0],[1198.0,304.0],[1198.0,303.0],[1196.0,303.0],[1196.0,302.0],[1195.0,302.0],[1195.0,301.0],[1192.0,301.0],[1192.0,300.0],[1191.0,300.0],[1191.0,299.0],[1190.0,299.0],[1190.0,298.0],[1189.0,298.0],[1189.0,295.0],[1187.0,295.0],[1187.0,296.0],[1186.0,296.0],[1186.0,297.0],[1185.0,297.0],[1185.0,298.0],[1184.0,298.0],[1184.0,299.0],[1181.0,299.0],[1181.0,300.0],[1180.0,300.0],[1180.0,301.0],[1179.0,301.0],[1179.0,302.0],[1175.0,302.0]]],[[[1021.0,296.0],[1018.0,296.0],[1018.0,297.0],[1016.0,297.0],[1016.0,298.0],[1015.0,298.0],[1015.0,297.0],[1014.0,297.0],[1014.0,294.0],[1015.0,294.0],[1015.0,293.0],[1016.0,293.0],[1016.0,292.0],[1020.0,292.0],[1020.0,291.0],[1022.0,291.0],[1022.0,292.0],[1023.0,292.0],[1023.0,294.0],[1022.0,294.0],[1022.0,295.0],[1021.0,295.0],[1021.0,296.0]]],[[[1111.0,315.0],[1110.0,315.0],[1110.0,312.0],[1109.0,312.0],[1109.0,311.0],[1108.0,311.0],[1108.0,310.0],[1107.0,310.0],[1107.0,305.0],[1108.0,305.0],[1108.0,303.0],[1109.0,303.0],[1109.0,302.0],[1110.0,302.0],[1110.0,303.0],[1111.0,303.0],[1111.0,304.0],[1112.0,304.0],[1112.0,306.0],[1113.0,306.0],[1113.0,309.0],[1114.0,309.0],[1114.0,313.0],[1115.0,313.0],[1115.0,316.0],[1114.0,316.0],[1114.0,317.0],[1113.0,317.0],[1113.0,316.0],[1111.0,316.0],[1111.0,315.0]]],[[[1037.0,320.0],[1037.0,319.0],[1036.0,319.0],[1036.0,318.0],[1035.0,318.0],[1035.0,317.0],[1034.0,317.0],[1034.0,310.0],[1035.0,310.0],[1035.0,308.0],[1036.0,308.0],[1036.0,307.0],[1038.0,307.0],[1038.0,308.0],[1039.0,308.0],[1039.0,316.0],[1040.0,316.0],[1040.0,318.0],[1041.0,318.0],[1041.0,319.0],[1042.0,319.0],[1042.0,320.0],[1041.0,320.0],[1041.0,321.0],[1039.0,321.0],[1039.0,320.0],[1037.0,320.0]]],[[[1053.0,333.0],[1052.0,333.0],[1052.0,332.0],[1051.0,332.0],[1051.0,331.0],[1050.0,331.0],[1050.0,330.0],[1049.0,330.0],[1049.0,327.0],[1050.0,327.0],[1050.0,323.0],[1051.0,323.0],[1051.0,322.0],[1052.0,322.0],[1052.0,321.0],[1056.0,321.0],[1056.0,320.0],[1057.0,320.0],[1057.0,321.0],[1058.0,321.0],[1058.0,322.0],[1059.0,322.0],[1059.0,325.0],[1060.0,325.0],[1060.0,326.0],[1061.0,326.0],[1061.0,327.0],[1060.0,327.0],[1060.0,328.0],[1059.0,328.0],[1059.0,329.0],[1058.0,329.0],[1058.0,330.0],[1057.0,330.0],[1057.0,331.0],[1058.0,331.0],[1058.0,333.0],[1059.0,333.0],[1059.0,335.0],[1060.0,335.0],[1060.0,337.0],[1061.0,337.0],[1061.0,338.0],[1062.0,338.0],[1062.0,339.0],[1061.0,339.0],[1061.0,340.0],[1060.0,340.0],[1060.0,342.0],[1061.0,342.0],[1061.0,343.0],[1060.0,343.0],[1060.0,345.0],[1059.0,345.0],[1059.0,346.0],[1057.0,346.0],[1057.0,345.0],[1056.0,345.0],[1056.0,343.0],[1055.0,343.0],[1055.0,341.0],[1054.0,341.0],[1054.0,339.0],[1055.0,339.0],[1055.0,338.0],[1054.0,338.0],[1054.0,334.0],[1053.0,334.0],[1053.0,333.0]]],[[[1243.0,359.0],[1242.0,359.0],[1242.0,358.0],[1241.0,358.0],[1241.0,356.0],[1239.0,356.0],[1239.0,355.0],[1238.0,355.0],[1238.0,353.0],[1239.0,353.0],[1239.0,352.0],[1240.0,352.0],[1240.0,353.0],[1242.0,353.0],[1242.0,352.0],[1245.0,352.0],[1245.0,351.0],[1246.0,351.0],[1246.0,350.0],[1247.0,350.0],[1247.0,349.0],[1248.0,349.0],[1248.0,347.0],[1249.0,347.0],[1249.0,346.0],[1250.0,346.0],[1250.0,345.0],[1253.0,345.0],[1253.0,346.0],[1254.0,346.0],[1254.0,347.0],[1258.0,347.0],[1258.0,341.0],[1259.0,341.0],[1259.0,340.0],[1260.0,340.0],[1260.0,341.0],[1262.0,341.0],[1262.0,342.0],[1264.0,342.0],[1264.0,341.0],[1266.0,341.0],[1266.0,342.0],[1267.0,342.0],[1267.0,343.0],[1268.0,343.0],[1268.0,344.0],[1269.0,344.0],[1269.0,347.0],[1268.0,347.0],[1268.0,350.0],[1271.0,350.0],[1271.0,351.0],[1272.0,351.0],[1272.0,357.0],[1273.0,357.0],[1273.0,358.0],[1275.0,358.0],[1275.0,359.0],[1276.0,359.0],[1276.0,360.0],[1278.0,360.0],[1278.0,361.0],[1279.0,361.0],[1279.0,362.0],[1278.0,362.0],[1278.0,363.0],[1277.0,363.0],[1277.0,364.0],[1275.0,364.0],[1275.0,363.0],[1273.0,363.0],[1273.0,362.0],[1266.0,362.0],[1266.0,361.0],[1265.0,361.0],[1265.0,360.0],[1262.0,360.0],[1262.0,359.0],[1261.0,359.0],[1261.0,358.0],[1260.0,358.0],[1260.0,354.0],[1259.0,354.0],[1259.0,353.0],[1257.0,353.0],[1257.0,355.0],[1256.0,355.0],[1256.0,357.0],[1255.0,357.0],[1255.0,358.0],[1254.0,358.0],[1254.0,359.0],[1253.0,359.0],[1253.0,360.0],[1251.0,360.0],[1251.0,359.0],[1250.0,359.0],[1250.0,358.0],[1249.0,358.0],[1249.0,356.0],[1248.0,356.0],[1248.0,357.0],[1247.0,357.0],[1247.0,358.0],[1246.0,358.0],[1246.0,359.0],[1245.0,359.0],[1245.0,360.0],[1243.0,360.0],[1243.0,359.0]]],[[[1322.0,367.0],[1322.0,366.0],[1321.0,366.0],[1321.0,365.0],[1316.0,365.0],[1316.0,364.0],[1315.0,364.0],[1315.0,363.0],[1316.0,363.0],[1316.0,362.0],[1317.0,362.0],[1317.0,360.0],[1318.0,360.0],[1318.0,358.0],[1319.0,358.0],[1319.0,357.0],[1320.0,357.0],[1320.0,356.0],[1322.0,356.0],[1322.0,355.0],[1330.0,355.0],[1330.0,353.0],[1331.0,353.0],[1331.0,352.0],[1330.0,352.0],[1330.0,349.0],[1331.0,349.0],[1331.0,348.0],[1332.0,348.0],[1332.0,349.0],[1333.0,349.0],[1333.0,350.0],[1334.0,350.0],[1334.0,352.0],[1335.0,352.0],[1335.0,355.0],[1336.0,355.0],[1336.0,356.0],[1335.0,356.0],[1335.0,357.0],[1334.0,357.0],[1334.0,358.0],[1335.0,358.0],[1335.0,360.0],[1336.0,360.0],[1336.0,361.0],[1337.0,361.0],[1337.0,362.0],[1338.0,362.0],[1338.0,363.0],[1339.0,363.0],[1339.0,364.0],[1340.0,364.0],[1340.0,365.0],[1341.0,365.0],[1341.0,366.0],[1342.0,366.0],[1342.0,367.0],[1347.0,367.0],[1347.0,368.0],[1348.0,368.0],[1348.0,370.0],[1347.0,370.0],[1347.0,371.0],[1346.0,371.0],[1346.0,372.0],[1341.0,372.0],[1341.0,371.0],[1339.0,371.0],[1339.0,370.0],[1338.0,370.0],[1338.0,369.0],[1335.0,369.0],[1335.0,368.0],[1334.0,368.0],[1334.0,366.0],[1333.0,366.0],[1333.0,364.0],[1332.0,364.0],[1332.0,363.0],[1330.0,363.0],[1330.0,364.0],[1329.0,364.0],[1329.0,365.0],[1328.0,365.0],[1328.0,366.0],[1324.0,366.0],[1324.0,367.0],[1322.0,367.0]]],[[[1048.0,380.0],[1047.0,380.0],[1047.0,377.0],[1046.0,377.0],[1046.0,375.0],[1045.0,375.0],[1045.0,373.0],[1044.0,373.0],[1044.0,369.0],[1045.0,369.0],[1045.0,368.0],[1046.0,368.0],[1046.0,366.0],[1047.0,366.0],[1047.0,365.0],[1048.0,365.0],[1048.0,366.0],[1049.0,366.0],[1049.0,367.0],[1050.0,367.0],[1050.0,372.0],[1051.0,372.0],[1051.0,373.0],[1053.0,373.0],[1053.0,374.0],[1054.0,374.0],[1054.0,375.0],[1055.0,375.0],[1055.0,376.0],[1056.0,376.0],[1056.0,377.0],[1057.0,377.0],[1057.0,379.0],[1056.0,379.0],[1056.0,380.0],[1054.0,380.0],[1054.0,381.0],[1052.0,381.0],[1052.0,382.0],[1050.0,382.0],[1050.0,381.0],[1048.0,381.0],[1048.0,380.0]]],[[[1228.0,379.0],[1226.0,379.0],[1226.0,380.0],[1222.0,380.0],[1222.0,379.0],[1221.0,379.0],[1221.0,377.0],[1220.0,377.0],[1220.0,375.0],[1221.0,375.0],[1221.0,374.0],[1222.0,374.0],[1222.0,373.0],[1223.0,373.0],[1223.0,374.0],[1230.0,374.0],[1230.0,373.0],[1232.0,373.0],[1232.0,372.0],[1233.0,372.0],[1233.0,371.0],[1234.0,371.0],[1234.0,370.0],[1238.0,370.0],[1238.0,371.0],[1239.0,371.0],[1239.0,372.0],[1240.0,372.0],[1240.0,375.0],[1239.0,375.0],[1239.0,376.0],[1238.0,376.0],[1238.0,377.0],[1237.0,377.0],[1237.0,378.0],[1236.0,378.0],[1236.0,379.0],[1235.0,379.0],[1235.0,380.0],[1234.0,380.0],[1234.0,381.0],[1229.0,381.0],[1229.0,380.0],[1228.0,380.0],[1228.0,379.0]]],[[[1077.0,398.0],[1077.0,397.0],[1076.0,397.0],[1076.0,396.0],[1074.0,396.0],[1074.0,395.0],[1073.0,395.0],[1073.0,387.0],[1074.0,387.0],[1074.0,386.0],[1075.0,386.0],[1075.0,385.0],[1079.0,385.0],[1079.0,384.0],[1081.0,384.0],[1081.0,385.0],[1082.0,385.0],[1082.0,386.0],[1083.0,386.0],[1083.0,392.0],[1084.0,392.0],[1084.0,394.0],[1085.0,394.0],[1085.0,395.0],[1086.0,395.0],[1086.0,396.0],[1085.0,396.0],[1085.0,397.0],[1084.0,397.0],[1084.0,398.0],[1081.0,398.0],[1081.0,399.0],[1079.0,399.0],[1079.0,398.0],[1077.0,398.0]]],[[[1018.0,431.0],[1013.0,431.0],[1013.0,432.0],[1012.0,432.0],[1012.0,431.0],[1011.0,431.0],[1011.0,429.0],[1010.0,429.0],[1010.0,425.0],[1011.0,425.0],[1011.0,424.0],[1018.0,424.0],[1018.0,423.0],[1019.0,423.0],[1019.0,422.0],[1022.0,422.0],[1022.0,421.0],[1023.0,421.0],[1023.0,420.0],[1024.0,420.0],[1024.0,419.0],[1025.0,419.0],[1025.0,418.0],[1028.0,418.0],[1028.0,419.0],[1031.0,419.0],[1031.0,420.0],[1032.0,420.0],[1032.0,421.0],[1031.0,421.0],[1031.0,422.0],[1029.0,422.0],[1029.0,423.0],[1026.0,423.0],[1026.0,424.0],[1025.0,424.0],[1025.0,425.0],[1024.0,425.0],[1024.0,426.0],[1023.0,426.0],[1023.0,427.0],[1021.0,427.0],[1021.0,428.0],[1020.0,428.0],[1020.0,429.0],[1019.0,429.0],[1019.0,430.0],[1018.0,430.0],[1018.0,431.0]]],[[[1212.0,428.0],[1209.0,428.0],[1209.0,429.0],[1207.0,429.0],[1207.0,430.0],[1203.0,430.0],[1203.0,429.0],[1202.0,429.0],[1202.0,427.0],[1203.0,427.0],[1203.0,426.0],[1207.0,426.0],[1207.0,425.0],[1208.0,425.0],[1208.0,424.0],[1210.0,424.0],[1210.0,423.0],[1212.0,423.0],[1212.0,422.0],[1213.0,422.0],[1213.0,423.0],[1216.0,423.0],[1216.0,422.0],[1218.0,422.0],[1218.0,423.0],[1219.0,423.0],[1219.0,424.0],[1220.0,424.0],[1220.0,425.0],[1221.0,425.0],[1221.0,426.0],[1220.0,426.0],[1220.0,427.0],[1219.0,427.0],[1219.0,428.0],[1215.0,428.0],[1215.0,429.0],[1212.0,429.0],[1212.0,428.0]]],[[[1047.0,447.0],[1047.0,445.0],[1045.0,445.0],[1045.0,444.0],[1044.0,444.0],[1044.0,442.0],[1043.0,442.0],[1043.0,440.0],[1044.0,440.0],[1044.0,439.0],[1046.0,439.0],[1046.0,440.0],[1047.0,440.0],[1047.0,441.0],[1050.0,441.0],[1050.0,442.0],[1052.0,442.0],[1052.0,443.0],[1053.0,443.0],[1053.0,445.0],[1056.0,445.0],[1056.0,446.0],[1057.0,446.0],[1057.0,447.0],[1058.0,447.0],[1058.0,449.0],[1057.0,449.0],[1057.0,450.0],[1055.0,450.0],[1055.0,451.0],[1052.0,451.0],[1052.0,450.0],[1050.0,450.0],[1050.0,449.0],[1049.0,449.0],[1049.0,448.0],[1048.0,448.0],[1048.0,447.0],[1047.0,447.0]]],[[[1068.0,470.0],[1067.0,470.0],[1067.0,469.0],[1065.0,469.0],[1065.0,468.0],[1064.0,468.0],[1064.0,467.0],[1063.0,467.0],[1063.0,466.0],[1064.0,466.0],[1064.0,465.0],[1065.0,465.0],[1065.0,464.0],[1066.0,464.0],[1066.0,463.0],[1067.0,463.0],[1067.0,462.0],[1068.0,462.0],[1068.0,459.0],[1069.0,459.0],[1069.0,458.0],[1070.0,458.0],[1070.0,457.0],[1072.0,457.0],[1072.0,458.0],[1073.0,458.0],[1073.0,461.0],[1075.0,461.0],[1075.0,462.0],[1076.0,462.0],[1076.0,464.0],[1077.0,464.0],[1077.0,466.0],[1078.0,466.0],[1078.0,467.0],[1077.0,467.0],[1077.0,468.0],[1075.0,468.0],[1075.0,469.0],[1068.0,469.0],[1068.0,470.0]]],[[[1053.0,565.0],[1052.0,565.0],[1052.0,562.0],[1053.0,562.0],[1053.0,559.0],[1052.0,559.0],[1052.0,558.0],[1051.0,558.0],[1051.0,554.0],[1052.0,554.0],[1052.0,553.0],[1054.0,553.0],[1054.0,554.0],[1055.0,554.0],[1055.0,556.0],[1056.0,556.0],[1056.0,559.0],[1057.0,559.0],[1057.0,560.0],[1056.0,560.0],[1056.0,562.0],[1057.0,562.0],[1057.0,563.0],[1058.0,563.0],[1058.0,564.0],[1059.0,564.0],[1059.0,567.0],[1060.0,567.0],[1060.0,569.0],[1059.0,569.0],[1059.0,570.0],[1057.0,570.0],[1057.0,569.0],[1056.0,569.0],[1056.0,567.0],[1054.0,567.0],[1054.0,566.0],[1053.0,566.0],[1053.0,565.0]]],[[[1071.0,661.0],[1072.0,661.0],[1072.0,660.0],[1075.0,660.0],[1075.0,661.0],[1076.0,661.0],[1076.0,662.0],[1077.0,662.0],[1077.0,660.0],[1078.0,660.0],[1078.0,659.0],[1079.0,659.0],[1079.0,657.0],[1078.0,657.0],[1078.0,649.0],[1079.0,649.0],[1079.0,643.0],[1078.0,643.0],[1078.0,642.0],[1074.0,642.0],[1074.0,643.0],[1073.0,643.0],[1073.0,646.0],[1072.0,646.0],[1072.0,647.0],[1068.0,647.0],[1068.0,648.0],[1067.0,648.0],[1067.0,647.0],[1066.0,647.0],[1066.0,646.0],[1061.0,646.0],[1061.0,647.0],[1058.0,647.0],[1058.0,646.0],[1057.0,646.0],[1057.0,645.0],[1058.0,645.0],[1058.0,644.0],[1059.0,644.0],[1059.0,643.0],[1060.0,643.0],[1060.0,642.0],[1061.0,642.0],[1061.0,639.0],[1060.0,639.0],[1060.0,637.0],[1053.0,637.0],[1053.0,636.0],[1050.0,636.0],[1050.0,637.0],[1045.0,637.0],[1045.0,636.0],[1044.0,636.0],[1044.0,635.0],[1045.0,635.0],[1045.0,634.0],[1046.0,634.0],[1046.0,633.0],[1047.0,633.0],[1047.0,632.0],[1048.0,632.0],[1048.0,627.0],[1049.0,627.0],[1049.0,624.0],[1048.0,624.0],[1048.0,618.0],[1047.0,618.0],[1047.0,615.0],[1046.0,615.0],[1046.0,614.0],[1047.0,614.0],[1047.0,613.0],[1048.0,613.0],[1048.0,609.0],[1047.0,609.0],[1047.0,607.0],[1048.0,607.0],[1048.0,605.0],[1049.0,605.0],[1049.0,600.0],[1050.0,600.0],[1050.0,599.0],[1051.0,599.0],[1051.0,598.0],[1053.0,598.0],[1053.0,597.0],[1054.0,597.0],[1054.0,596.0],[1056.0,596.0],[1056.0,595.0],[1057.0,595.0],[1057.0,594.0],[1060.0,594.0],[1060.0,593.0],[1061.0,593.0],[1061.0,592.0],[1063.0,592.0],[1063.0,591.0],[1064.0,591.0],[1064.0,592.0],[1067.0,592.0],[1067.0,590.0],[1068.0,590.0],[1068.0,589.0],[1071.0,589.0],[1071.0,590.0],[1072.0,590.0],[1072.0,597.0],[1071.0,597.0],[1071.0,600.0],[1070.0,600.0],[1070.0,603.0],[1071.0,603.0],[1071.0,604.0],[1073.0,604.0],[1073.0,605.0],[1074.0,605.0],[1074.0,606.0],[1076.0,606.0],[1076.0,607.0],[1077.0,607.0],[1077.0,606.0],[1083.0,606.0],[1083.0,605.0],[1084.0,605.0],[1084.0,604.0],[1085.0,604.0],[1085.0,603.0],[1086.0,603.0],[1086.0,604.0],[1087.0,604.0],[1087.0,603.0],[1088.0,603.0],[1088.0,604.0],[1089.0,604.0],[1089.0,603.0],[1090.0,603.0],[1090.0,602.0],[1091.0,602.0],[1091.0,601.0],[1092.0,601.0],[1092.0,599.0],[1090.0,599.0],[1090.0,598.0],[1089.0,598.0],[1089.0,595.0],[1088.0,595.0],[1088.0,596.0],[1087.0,596.0],[1087.0,597.0],[1086.0,597.0],[1086.0,598.0],[1083.0,598.0],[1083.0,597.0],[1082.0,597.0],[1082.0,595.0],[1081.0,595.0],[1081.0,594.0],[1082.0,594.0],[1082.0,588.0],[1081.0,588.0],[1081.0,587.0],[1080.0,587.0],[1080.0,586.0],[1079.0,586.0],[1079.0,585.0],[1078.0,585.0],[1078.0,584.0],[1077.0,584.0],[1077.0,582.0],[1076.0,582.0],[1076.0,580.0],[1075.0,580.0],[1075.0,579.0],[1074.0,579.0],[1074.0,578.0],[1073.0,578.0],[1073.0,574.0],[1072.0,574.0],[1072.0,571.0],[1071.0,571.0],[1071.0,567.0],[1070.0,567.0],[1070.0,566.0],[1069.0,566.0],[1069.0,565.0],[1070.0,565.0],[1070.0,560.0],[1069.0,560.0],[1069.0,555.0],[1068.0,555.0],[1068.0,548.0],[1069.0,548.0],[1069.0,547.0],[1071.0,547.0],[1071.0,545.0],[1072.0,545.0],[1072.0,544.0],[1073.0,544.0],[1073.0,543.0],[1076.0,543.0],[1076.0,535.0],[1075.0,535.0],[1075.0,530.0],[1076.0,530.0],[1076.0,527.0],[1077.0,527.0],[1077.0,526.0],[1078.0,526.0],[1078.0,524.0],[1070.0,524.0],[1070.0,523.0],[1069.0,523.0],[1069.0,522.0],[1068.0,522.0],[1068.0,519.0],[1067.0,519.0],[1067.0,516.0],[1068.0,516.0],[1068.0,515.0],[1070.0,515.0],[1070.0,516.0],[1071.0,516.0],[1071.0,518.0],[1073.0,518.0],[1073.0,519.0],[1077.0,519.0],[1077.0,518.0],[1078.0,518.0],[1078.0,516.0],[1079.0,516.0],[1079.0,514.0],[1080.0,514.0],[1080.0,513.0],[1081.0,513.0],[1081.0,509.0],[1080.0,509.0],[1080.0,508.0],[1078.0,508.0],[1078.0,507.0],[1072.0,507.0],[1072.0,508.0],[1068.0,508.0],[1068.0,507.0],[1067.0,507.0],[1067.0,508.0],[1065.0,508.0],[1065.0,507.0],[1063.0,507.0],[1063.0,508.0],[1062.0,508.0],[1062.0,507.0],[1061.0,507.0],[1061.0,506.0],[1060.0,506.0],[1060.0,499.0],[1057.0,499.0],[1057.0,500.0],[1056.0,500.0],[1056.0,501.0],[1053.0,501.0],[1053.0,500.0],[1052.0,500.0],[1052.0,498.0],[1053.0,498.0],[1053.0,497.0],[1054.0,497.0],[1054.0,496.0],[1055.0,496.0],[1055.0,495.0],[1056.0,495.0],[1056.0,494.0],[1057.0,494.0],[1057.0,493.0],[1058.0,493.0],[1058.0,492.0],[1059.0,492.0],[1059.0,483.0],[1060.0,483.0],[1060.0,479.0],[1059.0,479.0],[1059.0,475.0],[1060.0,475.0],[1060.0,473.0],[1061.0,473.0],[1061.0,472.0],[1062.0,472.0],[1062.0,473.0],[1068.0,473.0],[1068.0,474.0],[1070.0,474.0],[1070.0,475.0],[1073.0,475.0],[1073.0,474.0],[1074.0,474.0],[1074.0,473.0],[1075.0,473.0],[1075.0,472.0],[1076.0,472.0],[1076.0,473.0],[1078.0,473.0],[1078.0,474.0],[1079.0,474.0],[1079.0,473.0],[1082.0,473.0],[1082.0,472.0],[1084.0,472.0],[1084.0,471.0],[1085.0,471.0],[1085.0,470.0],[1086.0,470.0],[1086.0,468.0],[1087.0,468.0],[1087.0,467.0],[1088.0,467.0],[1088.0,466.0],[1089.0,466.0],[1089.0,465.0],[1091.0,465.0],[1091.0,464.0],[1092.0,464.0],[1092.0,460.0],[1093.0,460.0],[1093.0,457.0],[1092.0,457.0],[1092.0,456.0],[1091.0,456.0],[1091.0,457.0],[1090.0,457.0],[1090.0,458.0],[1089.0,458.0],[1089.0,459.0],[1088.0,459.0],[1088.0,460.0],[1087.0,460.0],[1087.0,461.0],[1085.0,461.0],[1085.0,462.0],[1084.0,462.0],[1084.0,461.0],[1081.0,461.0],[1081.0,460.0],[1080.0,460.0],[1080.0,459.0],[1081.0,459.0],[1081.0,455.0],[1080.0,455.0],[1080.0,454.0],[1079.0,454.0],[1079.0,453.0],[1078.0,453.0],[1078.0,450.0],[1077.0,450.0],[1077.0,449.0],[1078.0,449.0],[1078.0,448.0],[1080.0,448.0],[1080.0,447.0],[1081.0,447.0],[1081.0,446.0],[1082.0,446.0],[1082.0,447.0],[1083.0,447.0],[1083.0,448.0],[1084.0,448.0],[1084.0,449.0],[1086.0,449.0],[1086.0,450.0],[1087.0,450.0],[1087.0,449.0],[1088.0,449.0],[1088.0,448.0],[1089.0,448.0],[1089.0,447.0],[1090.0,447.0],[1090.0,446.0],[1091.0,446.0],[1091.0,445.0],[1092.0,445.0],[1092.0,444.0],[1093.0,444.0],[1093.0,440.0],[1090.0,440.0],[1090.0,441.0],[1089.0,441.0],[1089.0,442.0],[1088.0,442.0],[1088.0,443.0],[1087.0,443.0],[1087.0,444.0],[1086.0,444.0],[1086.0,443.0],[1085.0,443.0],[1085.0,442.0],[1084.0,442.0],[1084.0,441.0],[1083.0,441.0],[1083.0,440.0],[1077.0,440.0],[1077.0,441.0],[1076.0,441.0],[1076.0,440.0],[1075.0,440.0],[1075.0,439.0],[1074.0,439.0],[1074.0,438.0],[1075.0,438.0],[1075.0,437.0],[1076.0,437.0],[1076.0,436.0],[1077.0,436.0],[1077.0,435.0],[1078.0,435.0],[1078.0,434.0],[1079.0,434.0],[1079.0,431.0],[1078.0,431.0],[1078.0,430.0],[1077.0,430.0],[1077.0,429.0],[1076.0,429.0],[1076.0,427.0],[1077.0,427.0],[1077.0,426.0],[1076.0,426.0],[1076.0,425.0],[1070.0,425.0],[1070.0,426.0],[1067.0,426.0],[1067.0,425.0],[1066.0,425.0],[1066.0,422.0],[1067.0,422.0],[1067.0,420.0],[1068.0,420.0],[1068.0,419.0],[1069.0,419.0],[1069.0,418.0],[1071.0,418.0],[1071.0,419.0],[1075.0,419.0],[1075.0,420.0],[1076.0,420.0],[1076.0,421.0],[1078.0,421.0],[1078.0,420.0],[1079.0,420.0],[1079.0,418.0],[1078.0,418.0],[1078.0,417.0],[1077.0,417.0],[1077.0,414.0],[1076.0,414.0],[1076.0,412.0],[1075.0,412.0],[1075.0,411.0],[1074.0,411.0],[1074.0,410.0],[1075.0,410.0],[1075.0,409.0],[1079.0,409.0],[1079.0,410.0],[1082.0,410.0],[1082.0,408.0],[1083.0,408.0],[1083.0,406.0],[1084.0,406.0],[1084.0,405.0],[1086.0,405.0],[1086.0,406.0],[1088.0,406.0],[1088.0,407.0],[1091.0,407.0],[1091.0,406.0],[1093.0,406.0],[1093.0,405.0],[1094.0,405.0],[1094.0,404.0],[1095.0,404.0],[1095.0,402.0],[1096.0,402.0],[1096.0,400.0],[1097.0,400.0],[1097.0,396.0],[1094.0,396.0],[1094.0,397.0],[1092.0,397.0],[1092.0,396.0],[1091.0,396.0],[1091.0,394.0],[1090.0,394.0],[1090.0,393.0],[1091.0,393.0],[1091.0,391.0],[1092.0,391.0],[1092.0,388.0],[1093.0,388.0],[1093.0,387.0],[1092.0,387.0],[1092.0,385.0],[1091.0,385.0],[1091.0,375.0],[1092.0,375.0],[1092.0,374.0],[1093.0,374.0],[1093.0,375.0],[1094.0,375.0],[1094.0,376.0],[1095.0,376.0],[1095.0,378.0],[1096.0,378.0],[1096.0,380.0],[1097.0,380.0],[1097.0,379.0],[1099.0,379.0],[1099.0,380.0],[1102.0,380.0],[1102.0,381.0],[1103.0,381.0],[1103.0,382.0],[1106.0,382.0],[1106.0,380.0],[1107.0,380.0],[1107.0,378.0],[1108.0,378.0],[1108.0,377.0],[1107.0,377.0],[1107.0,374.0],[1108.0,374.0],[1108.0,373.0],[1109.0,373.0],[1109.0,371.0],[1110.0,371.0],[1110.0,370.0],[1111.0,370.0],[1111.0,369.0],[1112.0,369.0],[1112.0,368.0],[1113.0,368.0],[1113.0,367.0],[1117.0,367.0],[1117.0,366.0],[1120.0,366.0],[1120.0,365.0],[1122.0,365.0],[1122.0,364.0],[1123.0,364.0],[1123.0,361.0],[1124.0,361.0],[1124.0,358.0],[1123.0,358.0],[1123.0,355.0],[1121.0,355.0],[1121.0,356.0],[1122.0,356.0],[1122.0,358.0],[1121.0,358.0],[1121.0,361.0],[1120.0,361.0],[1120.0,362.0],[1115.0,362.0],[1115.0,361.0],[1112.0,361.0],[1112.0,360.0],[1111.0,360.0],[1111.0,359.0],[1108.0,359.0],[1108.0,358.0],[1107.0,358.0],[1107.0,357.0],[1106.0,357.0],[1106.0,356.0],[1105.0,356.0],[1105.0,355.0],[1104.0,355.0],[1104.0,354.0],[1105.0,354.0],[1105.0,353.0],[1107.0,353.0],[1107.0,352.0],[1109.0,352.0],[1109.0,349.0],[1108.0,349.0],[1108.0,347.0],[1107.0,347.0],[1107.0,346.0],[1106.0,346.0],[1106.0,344.0],[1105.0,344.0],[1105.0,343.0],[1104.0,343.0],[1104.0,342.0],[1103.0,342.0],[1103.0,341.0],[1102.0,341.0],[1102.0,339.0],[1103.0,339.0],[1103.0,337.0],[1102.0,337.0],[1102.0,336.0],[1101.0,336.0],[1101.0,335.0],[1100.0,335.0],[1100.0,334.0],[1099.0,334.0],[1099.0,333.0],[1098.0,333.0],[1098.0,332.0],[1099.0,332.0],[1099.0,331.0],[1100.0,331.0],[1100.0,330.0],[1103.0,330.0],[1103.0,331.0],[1104.0,331.0],[1104.0,332.0],[1106.0,332.0],[1106.0,325.0],[1107.0,325.0],[1107.0,324.0],[1108.0,324.0],[1108.0,325.0],[1109.0,325.0],[1109.0,326.0],[1110.0,326.0],[1110.0,327.0],[1115.0,327.0],[1115.0,326.0],[1116.0,326.0],[1116.0,325.0],[1118.0,325.0],[1118.0,324.0],[1120.0,324.0],[1120.0,325.0],[1121.0,325.0],[1121.0,327.0],[1124.0,327.0],[1124.0,325.0],[1125.0,325.0],[1125.0,321.0],[1124.0,321.0],[1124.0,320.0],[1123.0,320.0],[1123.0,318.0],[1122.0,318.0],[1122.0,311.0],[1123.0,311.0],[1123.0,309.0],[1124.0,309.0],[1124.0,304.0],[1121.0,304.0],[1121.0,303.0],[1120.0,303.0],[1120.0,300.0],[1119.0,300.0],[1119.0,298.0],[1118.0,298.0],[1118.0,296.0],[1119.0,296.0],[1119.0,295.0],[1121.0,295.0],[1121.0,296.0],[1122.0,296.0],[1122.0,297.0],[1123.0,297.0],[1123.0,298.0],[1124.0,298.0],[1124.0,299.0],[1126.0,299.0],[1126.0,294.0],[1125.0,294.0],[1125.0,292.0],[1124.0,292.0],[1124.0,288.0],[1125.0,288.0],[1125.0,286.0],[1126.0,286.0],[1126.0,282.0],[1127.0,282.0],[1127.0,281.0],[1129.0,281.0],[1129.0,282.0],[1130.0,282.0],[1130.0,284.0],[1131.0,284.0],[1131.0,286.0],[1136.0,286.0],[1136.0,287.0],[1137.0,287.0],[1137.0,288.0],[1138.0,288.0],[1138.0,295.0],[1140.0,295.0],[1140.0,293.0],[1141.0,293.0],[1141.0,292.0],[1142.0,292.0],[1142.0,291.0],[1143.0,291.0],[1143.0,290.0],[1144.0,290.0],[1144.0,291.0],[1145.0,291.0],[1145.0,299.0],[1146.0,299.0],[1146.0,300.0],[1147.0,300.0],[1147.0,301.0],[1148.0,301.0],[1148.0,307.0],[1147.0,307.0],[1147.0,310.0],[1149.0,310.0],[1149.0,311.0],[1150.0,311.0],[1150.0,310.0],[1151.0,310.0],[1151.0,309.0],[1152.0,309.0],[1152.0,310.0],[1153.0,310.0],[1153.0,311.0],[1154.0,311.0],[1154.0,312.0],[1153.0,312.0],[1153.0,315.0],[1154.0,315.0],[1154.0,318.0],[1153.0,318.0],[1153.0,322.0],[1154.0,322.0],[1154.0,323.0],[1153.0,323.0],[1153.0,324.0],[1152.0,324.0],[1152.0,325.0],[1151.0,325.0],[1151.0,326.0],[1148.0,326.0],[1148.0,327.0],[1146.0,327.0],[1146.0,328.0],[1145.0,328.0],[1145.0,329.0],[1141.0,329.0],[1141.0,330.0],[1140.0,330.0],[1140.0,331.0],[1138.0,331.0],[1138.0,332.0],[1136.0,332.0],[1136.0,333.0],[1135.0,333.0],[1135.0,335.0],[1134.0,335.0],[1134.0,336.0],[1133.0,336.0],[1133.0,338.0],[1132.0,338.0],[1132.0,339.0],[1131.0,339.0],[1131.0,341.0],[1133.0,341.0],[1133.0,340.0],[1134.0,340.0],[1134.0,338.0],[1135.0,338.0],[1135.0,337.0],[1137.0,337.0],[1137.0,336.0],[1138.0,336.0],[1138.0,335.0],[1142.0,335.0],[1142.0,334.0],[1145.0,334.0],[1145.0,333.0],[1146.0,333.0],[1146.0,334.0],[1148.0,334.0],[1148.0,333.0],[1149.0,333.0],[1149.0,332.0],[1150.0,332.0],[1150.0,331.0],[1152.0,331.0],[1152.0,332.0],[1153.0,332.0],[1153.0,334.0],[1154.0,334.0],[1154.0,336.0],[1155.0,336.0],[1155.0,335.0],[1157.0,335.0],[1157.0,334.0],[1158.0,334.0],[1158.0,332.0],[1159.0,332.0],[1159.0,331.0],[1160.0,331.0],[1160.0,330.0],[1161.0,330.0],[1161.0,329.0],[1162.0,329.0],[1162.0,328.0],[1163.0,328.0],[1163.0,327.0],[1165.0,327.0],[1165.0,326.0],[1166.0,326.0],[1166.0,325.0],[1167.0,325.0],[1167.0,326.0],[1169.0,326.0],[1169.0,325.0],[1171.0,325.0],[1171.0,324.0],[1174.0,324.0],[1174.0,323.0],[1175.0,323.0],[1175.0,322.0],[1176.0,322.0],[1176.0,321.0],[1177.0,321.0],[1177.0,320.0],[1178.0,320.0],[1178.0,317.0],[1179.0,317.0],[1179.0,316.0],[1180.0,316.0],[1180.0,317.0],[1181.0,317.0],[1181.0,318.0],[1182.0,318.0],[1182.0,319.0],[1183.0,319.0],[1183.0,320.0],[1187.0,320.0],[1187.0,319.0],[1189.0,319.0],[1189.0,318.0],[1196.0,318.0],[1196.0,319.0],[1197.0,319.0],[1197.0,321.0],[1196.0,321.0],[1196.0,322.0],[1195.0,322.0],[1195.0,323.0],[1193.0,323.0],[1193.0,326.0],[1194.0,326.0],[1194.0,327.0],[1195.0,327.0],[1195.0,328.0],[1194.0,328.0],[1194.0,329.0],[1193.0,329.0],[1193.0,330.0],[1192.0,330.0],[1192.0,331.0],[1190.0,331.0],[1190.0,333.0],[1189.0,333.0],[1189.0,336.0],[1188.0,336.0],[1188.0,339.0],[1187.0,339.0],[1187.0,344.0],[1188.0,344.0],[1188.0,345.0],[1196.0,345.0],[1196.0,344.0],[1199.0,344.0],[1199.0,345.0],[1202.0,345.0],[1202.0,346.0],[1204.0,346.0],[1204.0,345.0],[1205.0,345.0],[1205.0,346.0],[1206.0,346.0],[1206.0,347.0],[1207.0,347.0],[1207.0,348.0],[1208.0,348.0],[1208.0,350.0],[1209.0,350.0],[1209.0,351.0],[1210.0,351.0],[1210.0,352.0],[1211.0,352.0],[1211.0,354.0],[1214.0,354.0],[1214.0,353.0],[1215.0,353.0],[1215.0,351.0],[1216.0,351.0],[1216.0,350.0],[1217.0,350.0],[1217.0,349.0],[1218.0,349.0],[1218.0,348.0],[1219.0,348.0],[1219.0,347.0],[1220.0,347.0],[1220.0,348.0],[1222.0,348.0],[1222.0,347.0],[1230.0,347.0],[1230.0,348.0],[1231.0,348.0],[1231.0,349.0],[1232.0,349.0],[1232.0,353.0],[1231.0,353.0],[1231.0,354.0],[1230.0,354.0],[1230.0,355.0],[1229.0,355.0],[1229.0,356.0],[1228.0,356.0],[1228.0,357.0],[1227.0,357.0],[1227.0,358.0],[1226.0,358.0],[1226.0,359.0],[1224.0,359.0],[1224.0,358.0],[1222.0,358.0],[1222.0,360.0],[1223.0,360.0],[1223.0,362.0],[1224.0,362.0],[1224.0,365.0],[1223.0,365.0],[1223.0,366.0],[1222.0,366.0],[1222.0,367.0],[1216.0,367.0],[1216.0,366.0],[1214.0,366.0],[1214.0,367.0],[1213.0,367.0],[1213.0,368.0],[1211.0,368.0],[1211.0,369.0],[1207.0,369.0],[1207.0,368.0],[1204.0,368.0],[1204.0,367.0],[1202.0,367.0],[1202.0,368.0],[1201.0,368.0],[1201.0,367.0],[1200.0,367.0],[1200.0,366.0],[1198.0,366.0],[1198.0,365.0],[1197.0,365.0],[1197.0,363.0],[1196.0,363.0],[1196.0,362.0],[1195.0,362.0],[1195.0,361.0],[1194.0,361.0],[1194.0,359.0],[1193.0,359.0],[1193.0,358.0],[1192.0,358.0],[1192.0,364.0],[1193.0,364.0],[1193.0,365.0],[1194.0,365.0],[1194.0,366.0],[1195.0,366.0],[1195.0,368.0],[1196.0,368.0],[1196.0,369.0],[1198.0,369.0],[1198.0,370.0],[1199.0,370.0],[1199.0,371.0],[1200.0,371.0],[1200.0,372.0],[1201.0,372.0],[1201.0,373.0],[1202.0,373.0],[1202.0,374.0],[1203.0,374.0],[1203.0,373.0],[1204.0,373.0],[1204.0,374.0],[1205.0,374.0],[1205.0,375.0],[1208.0,375.0],[1208.0,376.0],[1210.0,376.0],[1210.0,377.0],[1211.0,377.0],[1211.0,378.0],[1212.0,378.0],[1212.0,382.0],[1211.0,382.0],[1211.0,383.0],[1212.0,383.0],[1212.0,384.0],[1213.0,384.0],[1213.0,385.0],[1215.0,385.0],[1215.0,384.0],[1216.0,384.0],[1216.0,385.0],[1217.0,385.0],[1217.0,386.0],[1219.0,386.0],[1219.0,387.0],[1220.0,387.0],[1220.0,390.0],[1221.0,390.0],[1221.0,391.0],[1222.0,391.0],[1222.0,393.0],[1224.0,393.0],[1224.0,394.0],[1225.0,394.0],[1225.0,393.0],[1226.0,393.0],[1226.0,392.0],[1227.0,392.0],[1227.0,391.0],[1232.0,391.0],[1232.0,390.0],[1242.0,390.0],[1242.0,391.0],[1243.0,391.0],[1243.0,392.0],[1244.0,392.0],[1244.0,393.0],[1243.0,393.0],[1243.0,397.0],[1242.0,397.0],[1242.0,398.0],[1245.0,398.0],[1245.0,399.0],[1248.0,399.0],[1248.0,400.0],[1250.0,400.0],[1250.0,401.0],[1251.0,401.0],[1251.0,398.0],[1252.0,398.0],[1252.0,397.0],[1253.0,397.0],[1253.0,396.0],[1254.0,396.0],[1254.0,397.0],[1255.0,397.0],[1255.0,398.0],[1256.0,398.0],[1256.0,397.0],[1257.0,397.0],[1257.0,396.0],[1259.0,396.0],[1259.0,395.0],[1261.0,395.0],[1261.0,396.0],[1264.0,396.0],[1264.0,397.0],[1265.0,397.0],[1265.0,398.0],[1269.0,398.0],[1269.0,399.0],[1270.0,399.0],[1270.0,398.0],[1271.0,398.0],[1271.0,396.0],[1268.0,396.0],[1268.0,395.0],[1267.0,395.0],[1267.0,393.0],[1266.0,393.0],[1266.0,392.0],[1265.0,392.0],[1265.0,390.0],[1266.0,390.0],[1266.0,385.0],[1267.0,385.0],[1267.0,384.0],[1270.0,384.0],[1270.0,383.0],[1272.0,383.0],[1272.0,382.0],[1273.0,382.0],[1273.0,381.0],[1275.0,381.0],[1275.0,382.0],[1276.0,382.0],[1276.0,385.0],[1277.0,385.0],[1277.0,387.0],[1278.0,387.0],[1278.0,386.0],[1281.0,386.0],[1281.0,385.0],[1282.0,385.0],[1282.0,384.0],[1284.0,384.0],[1284.0,383.0],[1286.0,383.0],[1286.0,384.0],[1287.0,384.0],[1287.0,385.0],[1286.0,385.0],[1286.0,389.0],[1285.0,389.0],[1285.0,390.0],[1286.0,390.0],[1286.0,391.0],[1290.0,391.0],[1290.0,392.0],[1291.0,392.0],[1291.0,391.0],[1293.0,391.0],[1293.0,392.0],[1294.0,392.0],[1294.0,394.0],[1295.0,394.0],[1295.0,395.0],[1296.0,395.0],[1296.0,396.0],[1297.0,396.0],[1297.0,398.0],[1298.0,398.0],[1298.0,401.0],[1297.0,401.0],[1297.0,402.0],[1295.0,402.0],[1295.0,401.0],[1293.0,401.0],[1293.0,400.0],[1291.0,400.0],[1291.0,403.0],[1293.0,403.0],[1293.0,404.0],[1294.0,404.0],[1294.0,405.0],[1296.0,405.0],[1296.0,406.0],[1297.0,406.0],[1297.0,408.0],[1304.0,408.0],[1304.0,409.0],[1305.0,409.0],[1305.0,411.0],[1306.0,411.0],[1306.0,414.0],[1307.0,414.0],[1307.0,415.0],[1308.0,415.0],[1308.0,417.0],[1309.0,417.0],[1309.0,420.0],[1308.0,420.0],[1308.0,421.0],[1307.0,421.0],[1307.0,420.0],[1304.0,420.0],[1304.0,419.0],[1303.0,419.0],[1303.0,418.0],[1302.0,418.0],[1302.0,417.0],[1301.0,417.0],[1301.0,418.0],[1300.0,418.0],[1300.0,419.0],[1299.0,419.0],[1299.0,420.0],[1297.0,420.0],[1297.0,419.0],[1296.0,419.0],[1296.0,417.0],[1294.0,417.0],[1294.0,418.0],[1293.0,418.0],[1293.0,420.0],[1292.0,420.0],[1292.0,421.0],[1289.0,421.0],[1289.0,420.0],[1288.0,420.0],[1288.0,419.0],[1287.0,419.0],[1287.0,418.0],[1286.0,418.0],[1286.0,417.0],[1282.0,417.0],[1282.0,418.0],[1281.0,418.0],[1281.0,417.0],[1280.0,417.0],[1280.0,415.0],[1278.0,415.0],[1278.0,414.0],[1275.0,414.0],[1275.0,415.0],[1274.0,415.0],[1274.0,419.0],[1273.0,419.0],[1273.0,420.0],[1272.0,420.0],[1272.0,419.0],[1270.0,419.0],[1270.0,421.0],[1269.0,421.0],[1269.0,422.0],[1270.0,422.0],[1270.0,425.0],[1269.0,425.0],[1269.0,426.0],[1263.0,426.0],[1263.0,425.0],[1262.0,425.0],[1262.0,424.0],[1261.0,424.0],[1261.0,423.0],[1260.0,423.0],[1260.0,422.0],[1259.0,422.0],[1259.0,421.0],[1260.0,421.0],[1260.0,420.0],[1261.0,420.0],[1261.0,418.0],[1255.0,418.0],[1255.0,419.0],[1251.0,419.0],[1251.0,420.0],[1249.0,420.0],[1249.0,421.0],[1248.0,421.0],[1248.0,422.0],[1243.0,422.0],[1243.0,423.0],[1239.0,423.0],[1239.0,422.0],[1234.0,422.0],[1234.0,421.0],[1232.0,421.0],[1232.0,420.0],[1231.0,420.0],[1231.0,419.0],[1226.0,419.0],[1226.0,418.0],[1224.0,418.0],[1224.0,417.0],[1222.0,417.0],[1222.0,416.0],[1221.0,416.0],[1221.0,415.0],[1220.0,415.0],[1220.0,412.0],[1219.0,412.0],[1219.0,410.0],[1218.0,410.0],[1218.0,409.0],[1217.0,409.0],[1217.0,410.0],[1216.0,410.0],[1216.0,412.0],[1215.0,412.0],[1215.0,413.0],[1214.0,413.0],[1214.0,414.0],[1212.0,414.0],[1212.0,415.0],[1211.0,415.0],[1211.0,416.0],[1210.0,416.0],[1210.0,415.0],[1208.0,415.0],[1208.0,416.0],[1207.0,416.0],[1207.0,417.0],[1204.0,417.0],[1204.0,416.0],[1198.0,416.0],[1198.0,415.0],[1197.0,415.0],[1197.0,405.0],[1194.0,405.0],[1194.0,406.0],[1193.0,406.0],[1193.0,407.0],[1192.0,407.0],[1192.0,406.0],[1191.0,406.0],[1191.0,407.0],[1190.0,407.0],[1190.0,408.0],[1189.0,408.0],[1189.0,407.0],[1188.0,407.0],[1188.0,406.0],[1186.0,406.0],[1186.0,405.0],[1184.0,405.0],[1184.0,406.0],[1183.0,406.0],[1183.0,409.0],[1182.0,409.0],[1182.0,410.0],[1181.0,410.0],[1181.0,411.0],[1179.0,411.0],[1179.0,412.0],[1178.0,412.0],[1178.0,413.0],[1173.0,413.0],[1173.0,412.0],[1172.0,412.0],[1172.0,410.0],[1171.0,410.0],[1171.0,409.0],[1168.0,409.0],[1168.0,410.0],[1163.0,410.0],[1163.0,411.0],[1161.0,411.0],[1161.0,410.0],[1160.0,410.0],[1160.0,409.0],[1159.0,409.0],[1159.0,408.0],[1158.0,408.0],[1158.0,409.0],[1157.0,409.0],[1157.0,411.0],[1156.0,411.0],[1156.0,412.0],[1155.0,412.0],[1155.0,413.0],[1152.0,413.0],[1152.0,416.0],[1153.0,416.0],[1153.0,417.0],[1163.0,417.0],[1163.0,418.0],[1165.0,418.0],[1165.0,419.0],[1166.0,419.0],[1166.0,420.0],[1167.0,420.0],[1167.0,421.0],[1168.0,421.0],[1168.0,422.0],[1170.0,422.0],[1170.0,423.0],[1171.0,423.0],[1171.0,424.0],[1173.0,424.0],[1173.0,425.0],[1174.0,425.0],[1174.0,427.0],[1177.0,427.0],[1177.0,426.0],[1180.0,426.0],[1180.0,425.0],[1184.0,425.0],[1184.0,426.0],[1185.0,426.0],[1185.0,427.0],[1184.0,427.0],[1184.0,432.0],[1186.0,432.0],[1186.0,433.0],[1188.0,433.0],[1188.0,434.0],[1189.0,434.0],[1189.0,435.0],[1192.0,435.0],[1192.0,436.0],[1198.0,436.0],[1198.0,437.0],[1202.0,437.0],[1202.0,436.0],[1204.0,436.0],[1204.0,435.0],[1210.0,435.0],[1210.0,436.0],[1211.0,436.0],[1211.0,435.0],[1213.0,435.0],[1213.0,436.0],[1214.0,436.0],[1214.0,439.0],[1215.0,439.0],[1215.0,440.0],[1219.0,440.0],[1219.0,439.0],[1221.0,439.0],[1221.0,436.0],[1222.0,436.0],[1222.0,435.0],[1226.0,435.0],[1226.0,436.0],[1230.0,436.0],[1230.0,433.0],[1231.0,433.0],[1231.0,432.0],[1233.0,432.0],[1233.0,433.0],[1234.0,433.0],[1234.0,438.0],[1235.0,438.0],[1235.0,439.0],[1237.0,439.0],[1237.0,438.0],[1241.0,438.0],[1241.0,439.0],[1242.0,439.0],[1242.0,440.0],[1243.0,440.0],[1243.0,441.0],[1244.0,441.0],[1244.0,442.0],[1245.0,442.0],[1245.0,443.0],[1247.0,443.0],[1247.0,444.0],[1248.0,444.0],[1248.0,443.0],[1252.0,443.0],[1252.0,442.0],[1253.0,442.0],[1253.0,440.0],[1254.0,440.0],[1254.0,439.0],[1257.0,439.0],[1257.0,438.0],[1258.0,438.0],[1258.0,437.0],[1259.0,437.0],[1259.0,436.0],[1260.0,436.0],[1260.0,437.0],[1261.0,437.0],[1261.0,439.0],[1262.0,439.0],[1262.0,440.0],[1261.0,440.0],[1261.0,442.0],[1260.0,442.0],[1260.0,443.0],[1259.0,443.0],[1259.0,447.0],[1260.0,447.0],[1260.0,448.0],[1261.0,448.0],[1261.0,449.0],[1262.0,449.0],[1262.0,448.0],[1266.0,448.0],[1266.0,449.0],[1267.0,449.0],[1267.0,450.0],[1269.0,450.0],[1269.0,451.0],[1271.0,451.0],[1271.0,452.0],[1274.0,452.0],[1274.0,451.0],[1275.0,451.0],[1275.0,450.0],[1276.0,450.0],[1276.0,449.0],[1277.0,449.0],[1277.0,441.0],[1278.0,441.0],[1278.0,440.0],[1279.0,440.0],[1279.0,439.0],[1282.0,439.0],[1282.0,438.0],[1284.0,438.0],[1284.0,437.0],[1285.0,437.0],[1285.0,438.0],[1288.0,438.0],[1288.0,437.0],[1290.0,437.0],[1290.0,436.0],[1291.0,436.0],[1291.0,435.0],[1290.0,435.0],[1290.0,432.0],[1289.0,432.0],[1289.0,431.0],[1288.0,431.0],[1288.0,429.0],[1289.0,429.0],[1289.0,428.0],[1291.0,428.0],[1291.0,427.0],[1293.0,427.0],[1293.0,428.0],[1294.0,428.0],[1294.0,429.0],[1296.0,429.0],[1296.0,430.0],[1299.0,430.0],[1299.0,429.0],[1305.0,429.0],[1305.0,428.0],[1306.0,428.0],[1306.0,427.0],[1307.0,427.0],[1307.0,426.0],[1308.0,426.0],[1308.0,425.0],[1317.0,425.0],[1317.0,424.0],[1318.0,424.0],[1318.0,423.0],[1319.0,423.0],[1319.0,422.0],[1320.0,422.0],[1320.0,421.0],[1322.0,421.0],[1322.0,422.0],[1323.0,422.0],[1323.0,423.0],[1324.0,423.0],[1324.0,427.0],[1328.0,427.0],[1328.0,426.0],[1330.0,426.0],[1330.0,425.0],[1331.0,425.0],[1331.0,424.0],[1332.0,424.0],[1332.0,423.0],[1333.0,423.0],[1333.0,422.0],[1335.0,422.0],[1335.0,421.0],[1336.0,421.0],[1336.0,420.0],[1337.0,420.0],[1337.0,419.0],[1339.0,419.0],[1339.0,418.0],[1342.0,418.0],[1342.0,419.0],[1343.0,419.0],[1343.0,420.0],[1342.0,420.0],[1342.0,421.0],[1341.0,421.0],[1341.0,422.0],[1340.0,422.0],[1340.0,423.0],[1339.0,423.0],[1339.0,426.0],[1340.0,426.0],[1340.0,427.0],[1342.0,427.0],[1342.0,426.0],[1349.0,426.0],[1349.0,425.0],[1350.0,425.0],[1350.0,426.0],[1351.0,426.0],[1351.0,427.0],[1357.0,427.0],[1357.0,428.0],[1358.0,428.0],[1358.0,429.0],[1359.0,429.0],[1359.0,428.0],[1360.0,428.0],[1360.0,427.0],[1361.0,427.0],[1361.0,428.0],[1362.0,428.0],[1362.0,429.0],[1363.0,429.0],[1363.0,430.0],[1364.0,430.0],[1364.0,431.0],[1365.0,431.0],[1365.0,432.0],[1366.0,432.0],[1366.0,431.0],[1368.0,431.0],[1368.0,430.0],[1369.0,430.0],[1369.0,426.0],[1368.0,426.0],[1368.0,425.0],[1367.0,425.0],[1367.0,424.0],[1366.0,424.0],[1366.0,422.0],[1365.0,422.0],[1365.0,420.0],[1364.0,420.0],[1364.0,418.0],[1365.0,418.0],[1365.0,417.0],[1366.0,417.0],[1366.0,416.0],[1367.0,416.0],[1367.0,415.0],[1369.0,415.0],[1369.0,408.0],[1370.0,408.0],[1370.0,407.0],[1371.0,407.0],[1371.0,406.0],[1372.0,406.0],[1372.0,405.0],[1373.0,405.0],[1373.0,403.0],[1372.0,403.0],[1372.0,402.0],[1373.0,402.0],[1373.0,395.0],[1372.0,395.0],[1372.0,388.0],[1371.0,388.0],[1371.0,386.0],[1372.0,386.0],[1372.0,384.0],[1373.0,384.0],[1373.0,383.0],[1374.0,383.0],[1374.0,382.0],[1380.0,382.0],[1380.0,381.0],[1381.0,381.0],[1381.0,380.0],[1382.0,380.0],[1382.0,379.0],[1383.0,379.0],[1383.0,378.0],[1384.0,378.0],[1384.0,370.0],[1385.0,370.0],[1385.0,369.0],[1387.0,369.0],[1387.0,370.0],[1390.0,370.0],[1390.0,371.0],[1391.0,371.0],[1391.0,370.0],[1392.0,370.0],[1392.0,371.0],[1395.0,371.0],[1395.0,369.0],[1396.0,369.0],[1396.0,366.0],[1397.0,366.0],[1397.0,364.0],[1398.0,364.0],[1398.0,360.0],[1399.0,360.0],[1399.0,358.0],[1400.0,358.0],[1400.0,355.0],[1401.0,355.0],[1401.0,354.0],[1402.0,354.0],[1402.0,353.0],[1403.0,353.0],[1403.0,351.0],[1404.0,351.0],[1404.0,349.0],[1405.0,349.0],[1405.0,347.0],[1406.0,347.0],[1406.0,345.0],[1407.0,345.0],[1407.0,344.0],[1408.0,344.0],[1408.0,343.0],[1409.0,343.0],[1409.0,341.0],[1410.0,341.0],[1410.0,339.0],[1411.0,339.0],[1411.0,338.0],[1413.0,338.0],[1413.0,339.0],[1414.0,339.0],[1414.0,348.0],[1415.0,348.0],[1415.0,351.0],[1417.0,351.0],[1417.0,350.0],[1419.0,350.0],[1419.0,349.0],[1420.0,349.0],[1420.0,343.0],[1421.0,343.0],[1421.0,342.0],[1422.0,342.0],[1422.0,341.0],[1423.0,341.0],[1423.0,339.0],[1424.0,339.0],[1424.0,336.0],[1425.0,336.0],[1425.0,333.0],[1424.0,333.0],[1424.0,332.0],[1425.0,332.0],[1425.0,329.0],[1426.0,329.0],[1426.0,328.0],[1427.0,328.0],[1427.0,327.0],[1428.0,327.0],[1428.0,326.0],[1431.0,326.0],[1431.0,325.0],[1433.0,325.0],[1433.0,323.0],[1434.0,323.0],[1434.0,318.0],[1433.0,318.0],[1433.0,317.0],[1434.0,317.0],[1434.0,316.0],[1436.0,316.0],[1436.0,317.0],[1437.0,317.0],[1437.0,318.0],[1439.0,318.0],[1439.0,319.0],[1440.0,319.0],[1440.0,320.0],[1442.0,320.0],[1442.0,319.0],[1446.0,319.0],[1446.0,318.0],[1447.0,318.0],[1447.0,317.0],[1449.0,317.0],[1449.0,316.0],[1451.0,316.0],[1451.0,315.0],[1453.0,315.0],[1453.0,314.0],[1454.0,314.0],[1454.0,313.0],[1457.0,313.0],[1457.0,314.0],[1458.0,314.0],[1458.0,315.0],[1459.0,315.0],[1459.0,316.0],[1458.0,316.0],[1458.0,317.0],[1457.0,317.0],[1457.0,318.0],[1456.0,318.0],[1456.0,326.0],[1455.0,326.0],[1455.0,327.0],[1454.0,327.0],[1454.0,329.0],[1453.0,329.0],[1453.0,330.0],[1452.0,330.0],[1452.0,333.0],[1451.0,333.0],[1451.0,340.0],[1452.0,340.0],[1452.0,341.0],[1453.0,341.0],[1453.0,340.0],[1457.0,340.0],[1457.0,339.0],[1458.0,339.0],[1458.0,340.0],[1461.0,340.0],[1461.0,341.0],[1462.0,341.0],[1462.0,342.0],[1461.0,342.0],[1461.0,343.0],[1460.0,343.0],[1460.0,344.0],[1459.0,344.0],[1459.0,345.0],[1456.0,345.0],[1456.0,346.0],[1453.0,346.0],[1453.0,350.0],[1452.0,350.0],[1452.0,351.0],[1449.0,351.0],[1449.0,352.0],[1446.0,352.0],[1446.0,353.0],[1443.0,353.0],[1443.0,354.0],[1437.0,354.0],[1437.0,355.0],[1435.0,355.0],[1435.0,356.0],[1434.0,356.0],[1434.0,357.0],[1433.0,357.0],[1433.0,358.0],[1431.0,358.0],[1431.0,359.0],[1427.0,359.0],[1427.0,360.0],[1424.0,360.0],[1424.0,361.0],[1422.0,361.0],[1422.0,362.0],[1421.0,362.0],[1421.0,363.0],[1420.0,363.0],[1420.0,365.0],[1421.0,365.0],[1421.0,366.0],[1424.0,366.0],[1424.0,365.0],[1428.0,365.0],[1428.0,364.0],[1431.0,364.0],[1431.0,363.0],[1433.0,363.0],[1433.0,362.0],[1435.0,362.0],[1435.0,361.0],[1437.0,361.0],[1437.0,360.0],[1441.0,360.0],[1441.0,359.0],[1444.0,359.0],[1444.0,358.0],[1447.0,358.0],[1447.0,357.0],[1448.0,357.0],[1448.0,356.0],[1450.0,356.0],[1450.0,357.0],[1454.0,357.0],[1454.0,356.0],[1455.0,356.0],[1455.0,357.0],[1456.0,357.0],[1456.0,360.0],[1457.0,360.0],[1457.0,361.0],[1456.0,361.0],[1456.0,366.0],[1460.0,366.0],[1460.0,367.0],[1461.0,367.0],[1461.0,368.0],[1462.0,368.0],[1462.0,370.0],[1463.0,370.0],[1463.0,372.0],[1462.0,372.0],[1462.0,374.0],[1461.0,374.0],[1461.0,375.0],[1462.0,375.0],[1462.0,376.0],[1465.0,376.0],[1465.0,375.0],[1468.0,375.0],[1468.0,374.0],[1471.0,374.0],[1471.0,375.0],[1472.0,375.0],[1472.0,377.0],[1471.0,377.0],[1471.0,378.0],[1470.0,378.0],[1470.0,379.0],[1469.0,379.0],[1469.0,383.0],[1468.0,383.0],[1468.0,384.0],[1467.0,384.0],[1467.0,385.0],[1462.0,385.0],[1462.0,386.0],[1455.0,386.0],[1455.0,385.0],[1450.0,385.0],[1450.0,384.0],[1447.0,384.0],[1447.0,386.0],[1446.0,386.0],[1446.0,387.0],[1444.0,387.0],[1444.0,388.0],[1443.0,388.0],[1443.0,389.0],[1442.0,389.0],[1442.0,390.0],[1441.0,390.0],[1441.0,391.0],[1438.0,391.0],[1438.0,390.0],[1434.0,390.0],[1434.0,391.0],[1432.0,391.0],[1432.0,393.0],[1433.0,393.0],[1433.0,394.0],[1436.0,394.0],[1436.0,395.0],[1437.0,395.0],[1437.0,396.0],[1438.0,396.0],[1438.0,398.0],[1437.0,398.0],[1437.0,401.0],[1436.0,401.0],[1436.0,404.0],[1435.0,404.0],[1435.0,405.0],[1434.0,405.0],[1434.0,406.0],[1433.0,406.0],[1433.0,407.0],[1431.0,407.0],[1431.0,408.0],[1430.0,408.0],[1430.0,409.0],[1429.0,409.0],[1429.0,410.0],[1428.0,410.0],[1428.0,411.0],[1427.0,411.0],[1427.0,412.0],[1426.0,412.0],[1426.0,413.0],[1423.0,413.0],[1423.0,416.0],[1422.0,416.0],[1422.0,417.0],[1421.0,417.0],[1421.0,418.0],[1420.0,418.0],[1420.0,420.0],[1419.0,420.0],[1419.0,421.0],[1420.0,421.0],[1420.0,422.0],[1423.0,422.0],[1423.0,423.0],[1424.0,423.0],[1424.0,428.0],[1425.0,428.0],[1425.0,429.0],[1427.0,429.0],[1427.0,430.0],[1428.0,430.0],[1428.0,434.0],[1429.0,434.0],[1429.0,442.0],[1430.0,442.0],[1430.0,441.0],[1431.0,441.0],[1431.0,442.0],[1432.0,442.0],[1432.0,443.0],[1436.0,443.0],[1436.0,442.0],[1437.0,442.0],[1437.0,439.0],[1438.0,439.0],[1438.0,438.0],[1439.0,438.0],[1439.0,437.0],[1442.0,437.0],[1442.0,438.0],[1443.0,438.0],[1443.0,439.0],[1444.0,439.0],[1444.0,440.0],[1445.0,440.0],[1445.0,441.0],[1446.0,441.0],[1446.0,442.0],[1447.0,442.0],[1447.0,443.0],[1448.0,443.0],[1448.0,444.0],[1447.0,444.0],[1447.0,445.0],[1446.0,445.0],[1446.0,446.0],[1445.0,446.0],[1445.0,447.0],[1444.0,447.0],[1444.0,448.0],[1443.0,448.0],[1443.0,450.0],[1442.0,450.0],[1442.0,451.0],[1441.0,451.0],[1441.0,452.0],[1440.0,452.0],[1440.0,453.0],[1439.0,453.0],[1439.0,455.0],[1438.0,455.0],[1438.0,456.0],[1439.0,456.0],[1439.0,459.0],[1440.0,459.0],[1440.0,460.0],[1441.0,460.0],[1441.0,462.0],[1442.0,462.0],[1442.0,463.0],[1441.0,463.0],[1441.0,464.0],[1440.0,464.0],[1440.0,465.0],[1439.0,465.0],[1439.0,473.0],[1440.0,473.0],[1440.0,475.0],[1441.0,475.0],[1441.0,478.0],[1443.0,478.0],[1443.0,479.0],[1445.0,479.0],[1445.0,477.0],[1446.0,477.0],[1446.0,474.0],[1445.0,474.0],[1445.0,471.0],[1446.0,471.0],[1446.0,470.0],[1447.0,470.0],[1447.0,468.0],[1448.0,468.0],[1448.0,464.0],[1447.0,464.0],[1447.0,462.0],[1446.0,462.0],[1446.0,460.0],[1445.0,460.0],[1445.0,459.0],[1444.0,459.0],[1444.0,456.0],[1445.0,456.0],[1445.0,455.0],[1447.0,455.0],[1447.0,450.0],[1448.0,450.0],[1448.0,449.0],[1451.0,449.0],[1451.0,450.0],[1452.0,450.0],[1452.0,456.0],[1453.0,456.0],[1453.0,458.0],[1454.0,458.0],[1454.0,459.0],[1455.0,459.0],[1455.0,460.0],[1456.0,460.0],[1456.0,461.0],[1457.0,461.0],[1457.0,462.0],[1458.0,462.0],[1458.0,463.0],[1459.0,463.0],[1459.0,464.0],[1460.0,464.0],[1460.0,465.0],[1464.0,465.0],[1464.0,466.0],[1465.0,466.0],[1465.0,469.0],[1464.0,469.0],[1464.0,470.0],[1463.0,470.0],[1463.0,472.0],[1462.0,472.0],[1462.0,473.0],[1461.0,473.0],[1461.0,474.0],[1459.0,474.0],[1459.0,473.0],[1453.0,473.0],[1453.0,474.0],[1452.0,474.0],[1452.0,475.0],[1453.0,475.0],[1453.0,477.0],[1454.0,477.0],[1454.0,479.0],[1455.0,479.0],[1455.0,485.0],[1454.0,485.0],[1454.0,489.0],[1453.0,489.0],[1453.0,491.0],[1452.0,491.0],[1452.0,492.0],[1449.0,492.0],[1449.0,494.0],[1448.0,494.0],[1448.0,503.0],[1450.0,503.0],[1450.0,504.0],[1451.0,504.0],[1451.0,505.0],[1453.0,505.0],[1453.0,504.0],[1455.0,504.0],[1455.0,501.0],[1454.0,501.0],[1454.0,496.0],[1455.0,496.0],[1455.0,495.0],[1456.0,495.0],[1456.0,493.0],[1457.0,493.0],[1457.0,492.0],[1461.0,492.0],[1461.0,491.0],[1462.0,491.0],[1462.0,490.0],[1468.0,490.0],[1468.0,491.0],[1471.0,491.0],[1471.0,492.0],[1472.0,492.0],[1472.0,493.0],[1477.0,493.0],[1477.0,494.0],[1478.0,494.0],[1478.0,498.0],[1477.0,498.0],[1477.0,499.0],[1478.0,499.0],[1478.0,500.0],[1484.0,500.0],[1484.0,499.0],[1487.0,499.0],[1487.0,498.0],[1489.0,498.0],[1489.0,496.0],[1490.0,496.0],[1490.0,495.0],[1492.0,495.0],[1492.0,496.0],[1494.0,496.0],[1494.0,495.0],[1496.0,495.0],[1496.0,494.0],[1497.0,494.0],[1497.0,493.0],[1500.0,493.0],[1500.0,492.0],[1502.0,492.0],[1502.0,491.0],[1503.0,491.0],[1503.0,490.0],[1504.0,490.0],[1504.0,489.0],[1505.0,489.0],[1505.0,490.0],[1506.0,490.0],[1506.0,492.0],[1507.0,492.0],[1507.0,497.0],[1508.0,497.0],[1508.0,499.0],[1509.0,499.0],[1509.0,502.0],[1510.0,502.0],[1510.0,505.0],[1511.0,505.0],[1511.0,506.0],[1512.0,506.0],[1512.0,508.0],[1513.0,508.0],[1513.0,509.0],[1515.0,509.0],[1515.0,510.0],[1516.0,510.0],[1516.0,511.0],[1517.0,511.0],[1517.0,513.0],[1521.0,513.0],[1521.0,514.0],[1522.0,514.0],[1522.0,516.0],[1523.0,516.0],[1523.0,518.0],[1525.0,518.0],[1525.0,519.0],[1529.0,519.0],[1529.0,518.0],[1531.0,518.0],[1531.0,517.0],[1533.0,517.0],[1533.0,516.0],[1539.0,516.0],[1539.0,515.0],[1540.0,515.0],[1540.0,516.0],[1543.0,516.0],[1543.0,515.0],[1544.0,515.0],[1544.0,514.0],[1546.0,514.0],[1546.0,513.0],[1547.0,513.0],[1547.0,512.0],[1548.0,512.0],[1548.0,511.0],[1549.0,511.0],[1549.0,510.0],[1552.0,510.0],[1552.0,509.0],[1553.0,509.0],[1553.0,508.0],[1554.0,508.0],[1554.0,509.0],[1555.0,509.0],[1555.0,512.0],[1554.0,512.0],[1554.0,513.0],[1553.0,513.0],[1553.0,514.0],[1552.0,514.0],[1552.0,516.0],[1551.0,516.0],[1551.0,517.0],[1550.0,517.0],[1550.0,518.0],[1551.0,518.0],[1551.0,519.0],[1552.0,519.0],[1552.0,520.0],[1551.0,520.0],[1551.0,522.0],[1552.0,522.0],[1552.0,524.0],[1553.0,524.0],[1553.0,525.0],[1554.0,525.0],[1554.0,526.0],[1555.0,526.0],[1555.0,527.0],[1557.0,527.0],[1557.0,526.0],[1559.0,526.0],[1559.0,525.0],[1560.0,525.0],[1560.0,526.0],[1564.0,526.0],[1564.0,527.0],[1565.0,527.0],[1565.0,528.0],[1566.0,528.0],[1566.0,533.0],[1567.0,533.0],[1567.0,536.0],[1568.0,536.0],[1568.0,538.0],[1569.0,538.0],[1569.0,539.0],[1570.0,539.0],[1570.0,544.0],[1569.0,544.0],[1569.0,546.0],[1568.0,546.0],[1568.0,547.0],[1569.0,547.0],[1569.0,549.0],[1570.0,549.0],[1570.0,552.0],[1571.0,552.0],[1571.0,553.0],[1572.0,553.0],[1572.0,554.0],[1573.0,554.0],[1573.0,556.0],[1574.0,556.0],[1574.0,557.0],[1575.0,557.0],[1575.0,558.0],[1576.0,558.0],[1576.0,563.0],[1575.0,563.0],[1575.0,564.0],[1572.0,564.0],[1572.0,565.0],[1568.0,565.0],[1568.0,564.0],[1565.0,564.0],[1565.0,563.0],[1564.0,563.0],[1564.0,562.0],[1561.0,562.0],[1561.0,563.0],[1559.0,563.0],[1559.0,566.0],[1558.0,566.0],[1558.0,567.0],[1559.0,567.0],[1559.0,571.0],[1563.0,571.0],[1563.0,570.0],[1566.0,570.0],[1566.0,571.0],[1569.0,571.0],[1569.0,572.0],[1570.0,572.0],[1570.0,573.0],[1571.0,573.0],[1571.0,575.0],[1572.0,575.0],[1572.0,577.0],[1571.0,577.0],[1571.0,579.0],[1570.0,579.0],[1570.0,588.0],[1571.0,588.0],[1571.0,590.0],[1570.0,590.0],[1570.0,591.0],[1567.0,591.0],[1567.0,592.0],[1562.0,592.0],[1562.0,595.0],[1563.0,595.0],[1563.0,599.0],[1562.0,599.0],[1562.0,600.0],[1561.0,600.0],[1561.0,601.0],[1560.0,601.0],[1560.0,603.0],[1559.0,603.0],[1559.0,604.0],[1558.0,604.0],[1558.0,605.0],[1559.0,605.0],[1559.0,607.0],[1560.0,607.0],[1560.0,613.0],[1559.0,613.0],[1559.0,615.0],[1560.0,615.0],[1560.0,620.0],[1559.0,620.0],[1559.0,621.0],[1558.0,621.0],[1558.0,622.0],[1556.0,622.0],[1556.0,623.0],[1551.0,623.0],[1551.0,624.0],[1549.0,624.0],[1549.0,626.0],[1548.0,626.0],[1548.0,627.0],[1547.0,627.0],[1547.0,626.0],[1545.0,626.0],[1545.0,625.0],[1542.0,625.0],[1542.0,624.0],[1541.0,624.0],[1541.0,623.0],[1540.0,623.0],[1540.0,622.0],[1539.0,622.0],[1539.0,620.0],[1538.0,620.0],[1538.0,618.0],[1539.0,618.0],[1539.0,613.0],[1538.0,613.0],[1538.0,609.0],[1537.0,609.0],[1537.0,608.0],[1536.0,608.0],[1536.0,609.0],[1534.0,609.0],[1534.0,608.0],[1533.0,608.0],[1533.0,606.0],[1530.0,606.0],[1530.0,607.0],[1529.0,607.0],[1529.0,611.0],[1532.0,611.0],[1532.0,612.0],[1533.0,612.0],[1533.0,613.0],[1534.0,613.0],[1534.0,618.0],[1533.0,618.0],[1533.0,620.0],[1532.0,620.0],[1532.0,623.0],[1533.0,623.0],[1533.0,624.0],[1534.0,624.0],[1534.0,625.0],[1535.0,625.0],[1535.0,626.0],[1536.0,626.0],[1536.0,627.0],[1537.0,627.0],[1537.0,631.0],[1536.0,631.0],[1536.0,632.0],[1534.0,632.0],[1534.0,633.0],[1533.0,633.0],[1533.0,634.0],[1532.0,634.0],[1532.0,635.0],[1530.0,635.0],[1530.0,636.0],[1527.0,636.0],[1527.0,637.0],[1526.0,637.0],[1526.0,641.0],[1527.0,641.0],[1527.0,644.0],[1528.0,644.0],[1528.0,646.0],[1527.0,646.0],[1527.0,647.0],[1526.0,647.0],[1526.0,648.0],[1525.0,648.0],[1525.0,649.0],[1524.0,649.0],[1524.0,650.0],[1523.0,650.0],[1523.0,652.0],[1522.0,652.0],[1522.0,653.0],[1521.0,653.0],[1521.0,654.0],[1520.0,654.0],[1520.0,660.0],[1519.0,660.0],[1519.0,661.0],[1518.0,661.0],[1518.0,662.0],[1517.0,662.0],[1517.0,663.0],[1516.0,663.0],[1516.0,667.0],[1515.0,667.0],[1515.0,668.0],[1513.0,668.0],[1513.0,669.0],[1512.0,669.0],[1512.0,670.0],[1509.0,670.0],[1509.0,669.0],[1505.0,669.0],[1505.0,670.0],[1503.0,670.0],[1503.0,671.0],[1498.0,671.0],[1498.0,672.0],[1499.0,672.0],[1499.0,675.0],[1501.0,675.0],[1501.0,676.0],[1502.0,676.0],[1502.0,677.0],[1503.0,677.0],[1503.0,678.0],[1502.0,678.0],[1502.0,680.0],[1501.0,680.0],[1501.0,681.0],[1499.0,681.0],[1499.0,682.0],[1497.0,682.0],[1497.0,683.0],[1495.0,683.0],[1495.0,684.0],[1493.0,684.0],[1493.0,686.0],[1492.0,686.0],[1492.0,687.0],[1491.0,687.0],[1491.0,688.0],[1490.0,688.0],[1490.0,690.0],[1492.0,690.0],[1492.0,689.0],[1494.0,689.0],[1494.0,688.0],[1497.0,688.0],[1497.0,689.0],[1498.0,689.0],[1498.0,688.0],[1507.0,688.0],[1507.0,689.0],[1508.0,689.0],[1508.0,691.0],[1507.0,691.0],[1507.0,692.0],[1505.0,692.0],[1505.0,694.0],[1504.0,694.0],[1504.0,696.0],[1503.0,696.0],[1503.0,698.0],[1506.0,698.0],[1506.0,699.0],[1508.0,699.0],[1508.0,700.0],[1509.0,700.0],[1509.0,701.0],[1510.0,701.0],[1510.0,702.0],[1511.0,702.0],[1511.0,703.0],[1512.0,703.0],[1512.0,704.0],[1513.0,704.0],[1513.0,705.0],[1512.0,705.0],[1512.0,706.0],[1511.0,706.0],[1511.0,707.0],[1510.0,707.0],[1510.0,708.0],[1509.0,708.0],[1509.0,709.0],[1506.0,709.0],[1506.0,708.0],[1505.0,708.0],[1505.0,707.0],[1499.0,707.0],[1499.0,708.0],[1497.0,708.0],[1497.0,709.0],[1492.0,709.0],[1492.0,711.0],[1491.0,711.0],[1491.0,712.0],[1490.0,712.0],[1490.0,713.0],[1489.0,713.0],[1489.0,714.0],[1487.0,714.0],[1487.0,715.0],[1484.0,715.0],[1484.0,714.0],[1483.0,714.0],[1483.0,710.0],[1482.0,710.0],[1482.0,709.0],[1481.0,709.0],[1481.0,708.0],[1477.0,708.0],[1477.0,707.0],[1476.0,707.0],[1476.0,701.0],[1475.0,701.0],[1475.0,700.0],[1472.0,700.0],[1472.0,701.0],[1471.0,701.0],[1471.0,702.0],[1472.0,702.0],[1472.0,704.0],[1473.0,704.0],[1473.0,706.0],[1474.0,706.0],[1474.0,708.0],[1473.0,708.0],[1473.0,709.0],[1466.0,709.0],[1466.0,708.0],[1465.0,708.0],[1465.0,709.0],[1464.0,709.0],[1464.0,710.0],[1459.0,710.0],[1459.0,711.0],[1458.0,711.0],[1458.0,710.0],[1457.0,710.0],[1457.0,711.0],[1454.0,711.0],[1454.0,712.0],[1453.0,712.0],[1453.0,711.0],[1451.0,711.0],[1451.0,710.0],[1449.0,710.0],[1449.0,709.0],[1446.0,709.0],[1446.0,708.0],[1437.0,708.0],[1437.0,709.0],[1436.0,709.0],[1436.0,710.0],[1438.0,710.0],[1438.0,711.0],[1440.0,711.0],[1440.0,712.0],[1441.0,712.0],[1441.0,713.0],[1442.0,713.0],[1442.0,718.0],[1441.0,718.0],[1441.0,719.0],[1440.0,719.0],[1440.0,720.0],[1439.0,720.0],[1439.0,721.0],[1432.0,721.0],[1432.0,720.0],[1426.0,720.0],[1426.0,719.0],[1423.0,719.0],[1423.0,718.0],[1422.0,718.0],[1422.0,717.0],[1420.0,717.0],[1420.0,716.0],[1419.0,716.0],[1419.0,717.0],[1418.0,717.0],[1418.0,718.0],[1419.0,718.0],[1419.0,720.0],[1420.0,720.0],[1420.0,721.0],[1421.0,721.0],[1421.0,722.0],[1422.0,722.0],[1422.0,723.0],[1423.0,723.0],[1423.0,725.0],[1424.0,725.0],[1424.0,727.0],[1425.0,727.0],[1425.0,728.0],[1426.0,728.0],[1426.0,729.0],[1427.0,729.0],[1427.0,730.0],[1428.0,730.0],[1428.0,735.0],[1427.0,735.0],[1427.0,737.0],[1426.0,737.0],[1426.0,738.0],[1423.0,738.0],[1423.0,737.0],[1420.0,737.0],[1420.0,738.0],[1416.0,738.0],[1416.0,739.0],[1413.0,739.0],[1413.0,740.0],[1411.0,740.0],[1411.0,739.0],[1409.0,739.0],[1409.0,738.0],[1407.0,738.0],[1407.0,737.0],[1403.0,737.0],[1403.0,736.0],[1402.0,736.0],[1402.0,734.0],[1401.0,734.0],[1401.0,728.0],[1400.0,728.0],[1400.0,726.0],[1397.0,726.0],[1397.0,725.0],[1396.0,725.0],[1396.0,724.0],[1395.0,724.0],[1395.0,722.0],[1394.0,722.0],[1394.0,721.0],[1393.0,721.0],[1393.0,719.0],[1390.0,719.0],[1390.0,718.0],[1388.0,718.0],[1388.0,719.0],[1387.0,719.0],[1387.0,720.0],[1384.0,720.0],[1384.0,719.0],[1381.0,719.0],[1381.0,718.0],[1380.0,718.0],[1380.0,717.0],[1379.0,717.0],[1379.0,715.0],[1378.0,715.0],[1378.0,708.0],[1379.0,708.0],[1379.0,707.0],[1380.0,707.0],[1380.0,705.0],[1381.0,705.0],[1381.0,704.0],[1382.0,704.0],[1382.0,703.0],[1383.0,703.0],[1383.0,702.0],[1384.0,702.0],[1384.0,701.0],[1385.0,701.0],[1385.0,700.0],[1384.0,700.0],[1384.0,699.0],[1381.0,699.0],[1381.0,700.0],[1378.0,700.0],[1378.0,701.0],[1374.0,701.0],[1374.0,703.0],[1373.0,703.0],[1373.0,706.0],[1372.0,706.0],[1372.0,707.0],[1366.0,707.0],[1366.0,706.0],[1365.0,706.0],[1365.0,704.0],[1364.0,704.0],[1364.0,702.0],[1362.0,702.0],[1362.0,708.0],[1363.0,708.0],[1363.0,709.0],[1364.0,709.0],[1364.0,711.0],[1366.0,711.0],[1366.0,712.0],[1368.0,712.0],[1368.0,711.0],[1372.0,711.0],[1372.0,712.0],[1373.0,712.0],[1373.0,713.0],[1374.0,713.0],[1374.0,718.0],[1375.0,718.0],[1375.0,721.0],[1376.0,721.0],[1376.0,723.0],[1375.0,723.0],[1375.0,724.0],[1374.0,724.0],[1374.0,725.0],[1373.0,725.0],[1373.0,726.0],[1372.0,726.0],[1372.0,727.0],[1371.0,727.0],[1371.0,728.0],[1370.0,728.0],[1370.0,729.0],[1369.0,729.0],[1369.0,730.0],[1367.0,730.0],[1367.0,731.0],[1366.0,731.0],[1366.0,732.0],[1367.0,732.0],[1367.0,734.0],[1368.0,734.0],[1368.0,736.0],[1369.0,736.0],[1369.0,737.0],[1370.0,737.0],[1370.0,740.0],[1371.0,740.0],[1371.0,741.0],[1372.0,741.0],[1372.0,742.0],[1373.0,742.0],[1373.0,744.0],[1374.0,744.0],[1374.0,749.0],[1373.0,749.0],[1373.0,750.0],[1370.0,750.0],[1370.0,749.0],[1367.0,749.0],[1367.0,748.0],[1363.0,748.0],[1363.0,753.0],[1362.0,753.0],[1362.0,757.0],[1361.0,757.0],[1361.0,759.0],[1360.0,759.0],[1360.0,760.0],[1357.0,760.0],[1357.0,761.0],[1356.0,761.0],[1356.0,762.0],[1351.0,762.0],[1351.0,764.0],[1350.0,764.0],[1350.0,765.0],[1349.0,765.0],[1349.0,766.0],[1348.0,766.0],[1348.0,767.0],[1347.0,767.0],[1347.0,768.0],[1346.0,768.0],[1346.0,770.0],[1345.0,770.0],[1345.0,771.0],[1343.0,771.0],[1343.0,773.0],[1342.0,773.0],[1342.0,775.0],[1341.0,775.0],[1341.0,777.0],[1340.0,777.0],[1340.0,778.0],[1339.0,778.0],[1339.0,779.0],[1338.0,779.0],[1338.0,780.0],[1337.0,780.0],[1337.0,779.0],[1335.0,779.0],[1335.0,778.0],[1334.0,778.0],[1334.0,777.0],[1333.0,777.0],[1333.0,776.0],[1332.0,776.0],[1332.0,775.0],[1328.0,775.0],[1328.0,774.0],[1327.0,774.0],[1327.0,771.0],[1326.0,771.0],[1326.0,764.0],[1325.0,764.0],[1325.0,762.0],[1322.0,762.0],[1322.0,763.0],[1320.0,763.0],[1320.0,764.0],[1318.0,764.0],[1318.0,765.0],[1317.0,765.0],[1317.0,766.0],[1315.0,766.0],[1315.0,767.0],[1314.0,767.0],[1314.0,768.0],[1313.0,768.0],[1313.0,769.0],[1312.0,769.0],[1312.0,771.0],[1313.0,771.0],[1313.0,772.0],[1314.0,772.0],[1314.0,773.0],[1316.0,773.0],[1316.0,772.0],[1317.0,772.0],[1317.0,771.0],[1318.0,771.0],[1318.0,770.0],[1322.0,770.0],[1322.0,771.0],[1323.0,771.0],[1323.0,772.0],[1324.0,772.0],[1324.0,777.0],[1323.0,777.0],[1323.0,781.0],[1322.0,781.0],[1322.0,785.0],[1321.0,785.0],[1321.0,786.0],[1318.0,786.0],[1318.0,787.0],[1316.0,787.0],[1316.0,788.0],[1315.0,788.0],[1315.0,789.0],[1313.0,789.0],[1313.0,790.0],[1312.0,790.0],[1312.0,791.0],[1311.0,791.0],[1311.0,792.0],[1308.0,792.0],[1308.0,793.0],[1304.0,793.0],[1304.0,794.0],[1303.0,794.0],[1303.0,795.0],[1302.0,795.0],[1302.0,798.0],[1306.0,798.0],[1306.0,799.0],[1308.0,799.0],[1308.0,800.0],[1309.0,800.0],[1309.0,801.0],[1310.0,801.0],[1310.0,803.0],[1309.0,803.0],[1309.0,804.0],[1307.0,804.0],[1307.0,812.0],[1306.0,812.0],[1306.0,815.0],[1305.0,815.0],[1305.0,816.0],[1303.0,816.0],[1303.0,815.0],[1302.0,815.0],[1302.0,814.0],[1301.0,814.0],[1301.0,812.0],[1299.0,812.0],[1299.0,813.0],[1297.0,813.0],[1297.0,814.0],[1295.0,814.0],[1295.0,815.0],[1294.0,815.0],[1294.0,816.0],[1293.0,816.0],[1293.0,817.0],[1291.0,817.0],[1291.0,818.0],[1290.0,818.0],[1290.0,819.0],[1288.0,819.0],[1288.0,822.0],[1287.0,822.0],[1287.0,826.0],[1286.0,826.0],[1286.0,827.0],[1279.0,827.0],[1279.0,828.0],[1277.0,828.0],[1277.0,829.0],[1276.0,829.0],[1276.0,832.0],[1277.0,832.0],[1277.0,833.0],[1278.0,833.0],[1278.0,834.0],[1277.0,834.0],[1277.0,835.0],[1275.0,835.0],[1275.0,838.0],[1276.0,838.0],[1276.0,839.0],[1278.0,839.0],[1278.0,840.0],[1279.0,840.0],[1279.0,848.0],[1278.0,848.0],[1278.0,849.0],[1277.0,849.0],[1277.0,848.0],[1275.0,848.0],[1275.0,847.0],[1274.0,847.0],[1274.0,846.0],[1273.0,846.0],[1273.0,845.0],[1272.0,845.0],[1272.0,846.0],[1271.0,846.0],[1271.0,847.0],[1270.0,847.0],[1270.0,848.0],[1268.0,848.0],[1268.0,856.0],[1267.0,856.0],[1267.0,857.0],[1264.0,857.0],[1264.0,858.0],[1260.0,858.0],[1260.0,857.0],[1259.0,857.0],[1259.0,856.0],[1258.0,856.0],[1258.0,854.0],[1259.0,854.0],[1259.0,852.0],[1254.0,852.0],[1254.0,853.0],[1248.0,853.0],[1248.0,852.0],[1247.0,852.0],[1247.0,851.0],[1246.0,851.0],[1246.0,850.0],[1241.0,850.0],[1241.0,851.0],[1239.0,851.0],[1239.0,850.0],[1238.0,850.0],[1238.0,848.0],[1239.0,848.0],[1239.0,846.0],[1240.0,846.0],[1240.0,845.0],[1242.0,845.0],[1242.0,844.0],[1243.0,844.0],[1243.0,845.0],[1244.0,845.0],[1244.0,844.0],[1245.0,844.0],[1245.0,843.0],[1246.0,843.0],[1246.0,842.0],[1245.0,842.0],[1245.0,841.0],[1244.0,841.0],[1244.0,840.0],[1243.0,840.0],[1243.0,839.0],[1233.0,839.0],[1233.0,838.0],[1232.0,838.0],[1232.0,837.0],[1233.0,837.0],[1233.0,836.0],[1234.0,836.0],[1234.0,834.0],[1235.0,834.0],[1235.0,830.0],[1234.0,830.0],[1234.0,826.0],[1232.0,826.0],[1232.0,825.0],[1231.0,825.0],[1231.0,824.0],[1229.0,824.0],[1229.0,823.0],[1228.0,823.0],[1228.0,820.0],[1227.0,820.0],[1227.0,819.0],[1226.0,819.0],[1226.0,817.0],[1225.0,817.0],[1225.0,816.0],[1226.0,816.0],[1226.0,814.0],[1227.0,814.0],[1227.0,812.0],[1228.0,812.0],[1228.0,810.0],[1227.0,810.0],[1227.0,809.0],[1226.0,809.0],[1226.0,810.0],[1225.0,810.0],[1225.0,811.0],[1224.0,811.0],[1224.0,812.0],[1223.0,812.0],[1223.0,813.0],[1222.0,813.0],[1222.0,814.0],[1221.0,814.0],[1221.0,815.0],[1220.0,815.0],[1220.0,816.0],[1218.0,816.0],[1218.0,817.0],[1217.0,817.0],[1217.0,818.0],[1216.0,818.0],[1216.0,817.0],[1214.0,817.0],[1214.0,816.0],[1212.0,816.0],[1212.0,817.0],[1211.0,817.0],[1211.0,818.0],[1206.0,818.0],[1206.0,817.0],[1205.0,817.0],[1205.0,816.0],[1206.0,816.0],[1206.0,813.0],[1204.0,813.0],[1204.0,812.0],[1199.0,812.0],[1199.0,811.0],[1197.0,811.0],[1197.0,812.0],[1196.0,812.0],[1196.0,813.0],[1194.0,813.0],[1194.0,812.0],[1192.0,812.0],[1192.0,813.0],[1191.0,813.0],[1191.0,814.0],[1189.0,814.0],[1189.0,813.0],[1188.0,813.0],[1188.0,814.0],[1186.0,814.0],[1186.0,813.0],[1185.0,813.0],[1185.0,811.0],[1184.0,811.0],[1184.0,808.0],[1185.0,808.0],[1185.0,806.0],[1186.0,806.0],[1186.0,805.0],[1187.0,805.0],[1187.0,803.0],[1188.0,803.0],[1188.0,802.0],[1190.0,802.0],[1190.0,801.0],[1191.0,801.0],[1191.0,800.0],[1190.0,800.0],[1190.0,799.0],[1191.0,799.0],[1191.0,798.0],[1192.0,798.0],[1192.0,797.0],[1195.0,797.0],[1195.0,796.0],[1197.0,796.0],[1197.0,795.0],[1200.0,795.0],[1200.0,796.0],[1201.0,796.0],[1201.0,797.0],[1202.0,797.0],[1202.0,801.0],[1201.0,801.0],[1201.0,802.0],[1200.0,802.0],[1200.0,803.0],[1203.0,803.0],[1203.0,802.0],[1204.0,802.0],[1204.0,800.0],[1203.0,800.0],[1203.0,798.0],[1204.0,798.0],[1204.0,796.0],[1205.0,796.0],[1205.0,793.0],[1206.0,793.0],[1206.0,792.0],[1208.0,792.0],[1208.0,791.0],[1210.0,791.0],[1210.0,790.0],[1211.0,790.0],[1211.0,788.0],[1210.0,788.0],[1210.0,786.0],[1209.0,786.0],[1209.0,787.0],[1207.0,787.0],[1207.0,788.0],[1206.0,788.0],[1206.0,789.0],[1205.0,789.0],[1205.0,790.0],[1201.0,790.0],[1201.0,791.0],[1198.0,791.0],[1198.0,790.0],[1194.0,790.0],[1194.0,789.0],[1191.0,789.0],[1191.0,790.0],[1189.0,790.0],[1189.0,791.0],[1187.0,791.0],[1187.0,792.0],[1185.0,792.0],[1185.0,794.0],[1184.0,794.0],[1184.0,795.0],[1182.0,795.0],[1182.0,794.0],[1181.0,794.0],[1181.0,795.0],[1178.0,795.0],[1178.0,796.0],[1173.0,796.0],[1173.0,795.0],[1172.0,795.0],[1172.0,792.0],[1173.0,792.0],[1173.0,791.0],[1172.0,791.0],[1172.0,788.0],[1171.0,788.0],[1171.0,787.0],[1168.0,787.0],[1168.0,788.0],[1167.0,788.0],[1167.0,787.0],[1166.0,787.0],[1166.0,786.0],[1164.0,786.0],[1164.0,785.0],[1163.0,785.0],[1163.0,784.0],[1162.0,784.0],[1162.0,783.0],[1161.0,783.0],[1161.0,780.0],[1160.0,780.0],[1160.0,779.0],[1159.0,779.0],[1159.0,778.0],[1157.0,778.0],[1157.0,779.0],[1156.0,779.0],[1156.0,780.0],[1155.0,780.0],[1155.0,782.0],[1154.0,782.0],[1154.0,784.0],[1153.0,784.0],[1153.0,785.0],[1145.0,785.0],[1145.0,786.0],[1143.0,786.0],[1143.0,787.0],[1142.0,787.0],[1142.0,788.0],[1140.0,788.0],[1140.0,789.0],[1138.0,789.0],[1138.0,790.0],[1135.0,790.0],[1135.0,791.0],[1134.0,791.0],[1134.0,792.0],[1127.0,792.0],[1127.0,793.0],[1124.0,793.0],[1124.0,792.0],[1123.0,792.0],[1123.0,790.0],[1122.0,790.0],[1122.0,782.0],[1123.0,782.0],[1123.0,781.0],[1124.0,781.0],[1124.0,779.0],[1121.0,779.0],[1121.0,780.0],[1119.0,780.0],[1119.0,782.0],[1118.0,782.0],[1118.0,787.0],[1117.0,787.0],[1117.0,788.0],[1116.0,788.0],[1116.0,789.0],[1115.0,789.0],[1115.0,790.0],[1111.0,790.0],[1111.0,791.0],[1109.0,791.0],[1109.0,792.0],[1106.0,792.0],[1106.0,793.0],[1104.0,793.0],[1104.0,794.0],[1103.0,794.0],[1103.0,795.0],[1101.0,795.0],[1101.0,794.0],[1097.0,794.0],[1097.0,793.0],[1096.0,793.0],[1096.0,792.0],[1097.0,792.0],[1097.0,791.0],[1099.0,791.0],[1099.0,790.0],[1100.0,790.0],[1100.0,789.0],[1101.0,789.0],[1101.0,788.0],[1102.0,788.0],[1102.0,786.0],[1099.0,786.0],[1099.0,785.0],[1098.0,785.0],[1098.0,783.0],[1095.0,783.0],[1095.0,782.0],[1094.0,782.0],[1094.0,778.0],[1095.0,778.0],[1095.0,777.0],[1096.0,777.0],[1096.0,776.0],[1098.0,776.0],[1098.0,771.0],[1099.0,771.0],[1099.0,770.0],[1101.0,770.0],[1101.0,769.0],[1102.0,769.0],[1102.0,768.0],[1103.0,768.0],[1103.0,766.0],[1104.0,766.0],[1104.0,764.0],[1101.0,764.0],[1101.0,765.0],[1099.0,765.0],[1099.0,766.0],[1098.0,766.0],[1098.0,767.0],[1097.0,767.0],[1097.0,768.0],[1096.0,768.0],[1096.0,769.0],[1095.0,769.0],[1095.0,770.0],[1090.0,770.0],[1090.0,771.0],[1084.0,771.0],[1084.0,772.0],[1082.0,772.0],[1082.0,773.0],[1078.0,773.0],[1078.0,772.0],[1077.0,772.0],[1077.0,771.0],[1076.0,771.0],[1076.0,769.0],[1075.0,769.0],[1075.0,768.0],[1074.0,768.0],[1074.0,767.0],[1073.0,767.0],[1073.0,764.0],[1071.0,764.0],[1071.0,765.0],[1070.0,765.0],[1070.0,766.0],[1069.0,766.0],[1069.0,767.0],[1068.0,767.0],[1068.0,770.0],[1067.0,770.0],[1067.0,771.0],[1065.0,771.0],[1065.0,772.0],[1061.0,772.0],[1061.0,773.0],[1060.0,773.0],[1060.0,774.0],[1059.0,774.0],[1059.0,775.0],[1058.0,775.0],[1058.0,776.0],[1055.0,776.0],[1055.0,775.0],[1054.0,775.0],[1054.0,774.0],[1055.0,774.0],[1055.0,773.0],[1056.0,773.0],[1056.0,770.0],[1057.0,770.0],[1057.0,769.0],[1058.0,769.0],[1058.0,767.0],[1059.0,767.0],[1059.0,766.0],[1058.0,766.0],[1058.0,765.0],[1054.0,765.0],[1054.0,764.0],[1053.0,764.0],[1053.0,763.0],[1052.0,763.0],[1052.0,759.0],[1051.0,759.0],[1051.0,758.0],[1052.0,758.0],[1052.0,756.0],[1053.0,756.0],[1053.0,755.0],[1054.0,755.0],[1054.0,754.0],[1055.0,754.0],[1055.0,753.0],[1056.0,753.0],[1056.0,752.0],[1058.0,752.0],[1058.0,751.0],[1060.0,751.0],[1060.0,752.0],[1061.0,752.0],[1061.0,751.0],[1064.0,751.0],[1064.0,750.0],[1066.0,750.0],[1066.0,749.0],[1068.0,749.0],[1068.0,747.0],[1067.0,747.0],[1067.0,746.0],[1062.0,746.0],[1062.0,747.0],[1060.0,747.0],[1060.0,748.0],[1058.0,748.0],[1058.0,747.0],[1057.0,747.0],[1057.0,746.0],[1055.0,746.0],[1055.0,745.0],[1054.0,745.0],[1054.0,744.0],[1050.0,744.0],[1050.0,743.0],[1049.0,743.0],[1049.0,742.0],[1048.0,742.0],[1048.0,741.0],[1041.0,741.0],[1041.0,740.0],[1036.0,740.0],[1036.0,739.0],[1035.0,739.0],[1035.0,738.0],[1036.0,738.0],[1036.0,737.0],[1038.0,737.0],[1038.0,736.0],[1041.0,736.0],[1041.0,733.0],[1040.0,733.0],[1040.0,732.0],[1039.0,732.0],[1039.0,731.0],[1038.0,731.0],[1038.0,727.0],[1037.0,727.0],[1037.0,726.0],[1038.0,726.0],[1038.0,725.0],[1037.0,725.0],[1037.0,724.0],[1036.0,724.0],[1036.0,723.0],[1037.0,723.0],[1037.0,722.0],[1038.0,722.0],[1038.0,721.0],[1040.0,721.0],[1040.0,720.0],[1041.0,720.0],[1041.0,719.0],[1042.0,719.0],[1042.0,718.0],[1043.0,718.0],[1043.0,717.0],[1044.0,717.0],[1044.0,715.0],[1045.0,715.0],[1045.0,714.0],[1046.0,714.0],[1046.0,713.0],[1047.0,713.0],[1047.0,712.0],[1051.0,712.0],[1051.0,711.0],[1052.0,711.0],[1052.0,707.0],[1050.0,707.0],[1050.0,706.0],[1049.0,706.0],[1049.0,705.0],[1045.0,705.0],[1045.0,706.0],[1044.0,706.0],[1044.0,708.0],[1043.0,708.0],[1043.0,709.0],[1042.0,709.0],[1042.0,710.0],[1039.0,710.0],[1039.0,712.0],[1038.0,712.0],[1038.0,713.0],[1037.0,713.0],[1037.0,714.0],[1036.0,714.0],[1036.0,713.0],[1035.0,713.0],[1035.0,710.0],[1034.0,710.0],[1034.0,708.0],[1033.0,708.0],[1033.0,707.0],[1031.0,707.0],[1031.0,706.0],[1030.0,706.0],[1030.0,703.0],[1029.0,703.0],[1029.0,701.0],[1028.0,701.0],[1028.0,699.0],[1029.0,699.0],[1029.0,698.0],[1030.0,698.0],[1030.0,694.0],[1029.0,694.0],[1029.0,692.0],[1028.0,692.0],[1028.0,689.0],[1029.0,689.0],[1029.0,688.0],[1034.0,688.0],[1034.0,689.0],[1035.0,689.0],[1035.0,690.0],[1036.0,690.0],[1036.0,691.0],[1037.0,691.0],[1037.0,690.0],[1039.0,690.0],[1039.0,689.0],[1040.0,689.0],[1040.0,687.0],[1041.0,687.0],[1041.0,685.0],[1042.0,685.0],[1042.0,684.0],[1043.0,684.0],[1043.0,681.0],[1044.0,681.0],[1044.0,679.0],[1045.0,679.0],[1045.0,677.0],[1046.0,677.0],[1046.0,676.0],[1047.0,676.0],[1047.0,675.0],[1048.0,675.0],[1048.0,674.0],[1049.0,674.0],[1049.0,668.0],[1050.0,668.0],[1050.0,666.0],[1051.0,666.0],[1051.0,665.0],[1052.0,665.0],[1052.0,664.0],[1053.0,664.0],[1053.0,665.0],[1054.0,665.0],[1054.0,666.0],[1055.0,666.0],[1055.0,669.0],[1056.0,669.0],[1056.0,671.0],[1057.0,671.0],[1057.0,672.0],[1056.0,672.0],[1056.0,677.0],[1055.0,677.0],[1055.0,680.0],[1056.0,680.0],[1056.0,682.0],[1058.0,682.0],[1058.0,683.0],[1059.0,683.0],[1059.0,684.0],[1060.0,684.0],[1060.0,685.0],[1062.0,685.0],[1062.0,686.0],[1064.0,686.0],[1064.0,684.0],[1065.0,684.0],[1065.0,683.0],[1064.0,683.0],[1064.0,682.0],[1062.0,682.0],[1062.0,681.0],[1061.0,681.0],[1061.0,680.0],[1060.0,680.0],[1060.0,677.0],[1059.0,677.0],[1059.0,675.0],[1060.0,675.0],[1060.0,674.0],[1061.0,674.0],[1061.0,673.0],[1063.0,673.0],[1063.0,672.0],[1064.0,672.0],[1064.0,669.0],[1065.0,669.0],[1065.0,667.0],[1066.0,667.0],[1066.0,666.0],[1067.0,666.0],[1067.0,664.0],[1068.0,664.0],[1068.0,663.0],[1069.0,663.0],[1069.0,662.0],[1070.0,662.0],[1070.0,663.0],[1071.0,663.0],[1071.0,661.0]],[[1078.0,662.0],[1077.0,662.0],[1077.0,666.0],[1076.0,666.0],[1076.0,667.0],[1074.0,667.0],[1074.0,666.0],[1073.0,666.0],[1073.0,665.0],[1072.0,665.0],[1072.0,667.0],[1073.0,667.0],[1073.0,668.0],[1077.0,668.0],[1077.0,669.0],[1078.0,669.0],[1078.0,668.0],[1080.0,668.0],[1080.0,665.0],[1079.0,665.0],[1079.0,664.0],[1078.0,664.0],[1078.0,662.0]],[[1071.0,665.0],[1072.0,665.0],[1072.0,664.0],[1071.0,664.0],[1071.0,665.0]]],[[[966.0,580.0],[965.0,580.0],[965.0,579.0],[966.0,579.0],[966.0,577.0],[965.0,577.0],[965.0,576.0],[964.0,576.0],[964.0,575.0],[965.0,575.0],[965.0,574.0],[966.0,574.0],[966.0,573.0],[967.0,573.0],[967.0,574.0],[968.0,574.0],[968.0,575.0],[969.0,575.0],[969.0,576.0],[970.0,576.0],[970.0,577.0],[971.0,577.0],[971.0,576.0],[972.0,576.0],[972.0,575.0],[971.0,575.0],[971.0,574.0],[972.0,574.0],[972.0,573.0],[973.0,573.0],[973.0,571.0],[972.0,571.0],[972.0,570.0],[971.0,570.0],[971.0,569.0],[972.0,569.0],[972.0,564.0],[973.0,564.0],[973.0,563.0],[974.0,563.0],[974.0,562.0],[975.0,562.0],[975.0,561.0],[974.0,561.0],[974.0,560.0],[975.0,560.0],[975.0,559.0],[976.0,559.0],[976.0,557.0],[977.0,557.0],[977.0,556.0],[976.0,556.0],[976.0,555.0],[977.0,555.0],[977.0,553.0],[978.0,553.0],[978.0,552.0],[979.0,552.0],[979.0,551.0],[980.0,551.0],[980.0,550.0],[981.0,550.0],[981.0,547.0],[980.0,547.0],[980.0,546.0],[974.0,546.0],[974.0,545.0],[973.0,545.0],[973.0,544.0],[974.0,544.0],[974.0,543.0],[976.0,543.0],[976.0,542.0],[979.0,542.0],[979.0,541.0],[980.0,541.0],[980.0,540.0],[982.0,540.0],[982.0,539.0],[983.0,539.0],[983.0,538.0],[984.0,538.0],[984.0,537.0],[986.0,537.0],[986.0,538.0],[988.0,538.0],[988.0,539.0],[993.0,539.0],[993.0,538.0],[996.0,538.0],[996.0,536.0],[997.0,536.0],[997.0,535.0],[998.0,535.0],[998.0,534.0],[1002.0,534.0],[1002.0,535.0],[1003.0,535.0],[1003.0,536.0],[1004.0,536.0],[1004.0,535.0],[1005.0,535.0],[1005.0,534.0],[1006.0,534.0],[1006.0,533.0],[1007.0,533.0],[1007.0,531.0],[1008.0,531.0],[1008.0,527.0],[1009.0,527.0],[1009.0,526.0],[1010.0,526.0],[1010.0,525.0],[1012.0,525.0],[1012.0,526.0],[1013.0,526.0],[1013.0,527.0],[1014.0,527.0],[1014.0,529.0],[1013.0,529.0],[1013.0,530.0],[1014.0,530.0],[1014.0,531.0],[1015.0,531.0],[1015.0,530.0],[1016.0,530.0],[1016.0,529.0],[1018.0,529.0],[1018.0,530.0],[1019.0,530.0],[1019.0,538.0],[1018.0,538.0],[1018.0,539.0],[1019.0,539.0],[1019.0,543.0],[1018.0,543.0],[1018.0,544.0],[1019.0,544.0],[1019.0,545.0],[1020.0,545.0],[1020.0,547.0],[1019.0,547.0],[1019.0,548.0],[1017.0,548.0],[1017.0,549.0],[1018.0,549.0],[1018.0,553.0],[1017.0,553.0],[1017.0,554.0],[1016.0,554.0],[1016.0,556.0],[1015.0,556.0],[1015.0,557.0],[1014.0,557.0],[1014.0,558.0],[1011.0,558.0],[1011.0,560.0],[1010.0,560.0],[1010.0,561.0],[1008.0,561.0],[1008.0,560.0],[1007.0,560.0],[1007.0,561.0],[1006.0,561.0],[1006.0,564.0],[1005.0,564.0],[1005.0,566.0],[1006.0,566.0],[1006.0,570.0],[1010.0,570.0],[1010.0,571.0],[1011.0,571.0],[1011.0,572.0],[1013.0,572.0],[1013.0,573.0],[1014.0,573.0],[1014.0,574.0],[1013.0,574.0],[1013.0,575.0],[1012.0,575.0],[1012.0,576.0],[1007.0,576.0],[1007.0,577.0],[1006.0,577.0],[1006.0,578.0],[1004.0,578.0],[1004.0,582.0],[1005.0,582.0],[1005.0,583.0],[1004.0,583.0],[1004.0,584.0],[1003.0,584.0],[1003.0,585.0],[1004.0,585.0],[1004.0,586.0],[1005.0,586.0],[1005.0,587.0],[1004.0,587.0],[1004.0,588.0],[1002.0,588.0],[1002.0,589.0],[1001.0,589.0],[1001.0,590.0],[998.0,590.0],[998.0,591.0],[997.0,591.0],[997.0,593.0],[996.0,593.0],[996.0,594.0],[995.0,594.0],[995.0,595.0],[992.0,595.0],[992.0,596.0],[989.0,596.0],[989.0,597.0],[990.0,597.0],[990.0,598.0],[992.0,598.0],[992.0,599.0],[993.0,599.0],[993.0,600.0],[995.0,600.0],[995.0,599.0],[996.0,599.0],[996.0,598.0],[997.0,598.0],[997.0,597.0],[999.0,597.0],[999.0,596.0],[1002.0,596.0],[1002.0,595.0],[1003.0,595.0],[1003.0,594.0],[1007.0,594.0],[1007.0,595.0],[1009.0,595.0],[1009.0,596.0],[1010.0,596.0],[1010.0,597.0],[1009.0,597.0],[1009.0,598.0],[1010.0,598.0],[1010.0,599.0],[1011.0,599.0],[1011.0,601.0],[1012.0,601.0],[1012.0,602.0],[1013.0,602.0],[1013.0,603.0],[1016.0,603.0],[1016.0,604.0],[1018.0,604.0],[1018.0,605.0],[1019.0,605.0],[1019.0,606.0],[1018.0,606.0],[1018.0,607.0],[1017.0,607.0],[1017.0,608.0],[1018.0,608.0],[1018.0,609.0],[1017.0,609.0],[1017.0,610.0],[1016.0,610.0],[1016.0,611.0],[1015.0,611.0],[1015.0,612.0],[1014.0,612.0],[1014.0,613.0],[1013.0,613.0],[1013.0,614.0],[1009.0,614.0],[1009.0,615.0],[1007.0,615.0],[1007.0,616.0],[1006.0,616.0],[1006.0,617.0],[1007.0,617.0],[1007.0,618.0],[1006.0,618.0],[1006.0,619.0],[1007.0,619.0],[1007.0,620.0],[1008.0,620.0],[1008.0,621.0],[1010.0,621.0],[1010.0,622.0],[1011.0,622.0],[1011.0,625.0],[1010.0,625.0],[1010.0,626.0],[1008.0,626.0],[1008.0,627.0],[1007.0,627.0],[1007.0,626.0],[999.0,626.0],[999.0,625.0],[997.0,625.0],[997.0,624.0],[995.0,624.0],[995.0,623.0],[994.0,623.0],[994.0,622.0],[993.0,622.0],[993.0,621.0],[994.0,621.0],[994.0,620.0],[995.0,620.0],[995.0,618.0],[996.0,618.0],[996.0,617.0],[997.0,617.0],[997.0,616.0],[996.0,616.0],[996.0,615.0],[993.0,615.0],[993.0,616.0],[992.0,616.0],[992.0,617.0],[991.0,617.0],[991.0,618.0],[989.0,618.0],[989.0,620.0],[988.0,620.0],[988.0,623.0],[989.0,623.0],[989.0,624.0],[990.0,624.0],[990.0,625.0],[989.0,625.0],[989.0,627.0],[990.0,627.0],[990.0,628.0],[991.0,628.0],[991.0,630.0],[990.0,630.0],[990.0,631.0],[991.0,631.0],[991.0,632.0],[990.0,632.0],[990.0,634.0],[989.0,634.0],[989.0,635.0],[988.0,635.0],[988.0,634.0],[987.0,634.0],[987.0,632.0],[986.0,632.0],[986.0,630.0],[985.0,630.0],[985.0,629.0],[984.0,629.0],[984.0,627.0],[982.0,627.0],[982.0,628.0],[981.0,628.0],[981.0,627.0],[980.0,627.0],[980.0,626.0],[978.0,626.0],[978.0,625.0],[977.0,625.0],[977.0,624.0],[976.0,624.0],[976.0,621.0],[977.0,621.0],[977.0,617.0],[976.0,617.0],[976.0,616.0],[974.0,616.0],[974.0,615.0],[973.0,615.0],[973.0,614.0],[972.0,614.0],[972.0,613.0],[969.0,613.0],[969.0,612.0],[968.0,612.0],[968.0,610.0],[969.0,610.0],[969.0,609.0],[972.0,609.0],[972.0,608.0],[973.0,608.0],[973.0,607.0],[974.0,607.0],[974.0,605.0],[975.0,605.0],[975.0,603.0],[974.0,603.0],[974.0,602.0],[975.0,602.0],[975.0,601.0],[976.0,601.0],[976.0,599.0],[977.0,599.0],[977.0,598.0],[976.0,598.0],[976.0,597.0],[973.0,597.0],[973.0,596.0],[972.0,596.0],[972.0,594.0],[971.0,594.0],[971.0,593.0],[970.0,593.0],[970.0,591.0],[969.0,591.0],[969.0,590.0],[968.0,590.0],[968.0,589.0],[967.0,589.0],[967.0,587.0],[966.0,587.0],[966.0,586.0],[965.0,586.0],[965.0,585.0],[966.0,585.0],[966.0,580.0]]],[[[1076.0,652.0],[1075.0,652.0],[1075.0,653.0],[1072.0,653.0],[1072.0,652.0],[1071.0,652.0],[1071.0,651.0],[1070.0,651.0],[1070.0,650.0],[1071.0,650.0],[1071.0,649.0],[1072.0,649.0],[1072.0,648.0],[1073.0,648.0],[1073.0,647.0],[1076.0,647.0],[1076.0,648.0],[1077.0,648.0],[1077.0,651.0],[1076.0,651.0],[1076.0,652.0]]],[[[1050.0,656.0],[1050.0,655.0],[1049.0,655.0],[1049.0,654.0],[1048.0,654.0],[1048.0,653.0],[1047.0,653.0],[1047.0,650.0],[1048.0,650.0],[1048.0,649.0],[1053.0,649.0],[1053.0,650.0],[1055.0,650.0],[1055.0,651.0],[1056.0,651.0],[1056.0,652.0],[1058.0,652.0],[1058.0,653.0],[1059.0,653.0],[1059.0,654.0],[1060.0,654.0],[1060.0,655.0],[1061.0,655.0],[1061.0,656.0],[1060.0,656.0],[1060.0,658.0],[1059.0,658.0],[1059.0,659.0],[1054.0,659.0],[1054.0,658.0],[1053.0,658.0],[1053.0,657.0],[1051.0,657.0],[1051.0,656.0],[1050.0,656.0]]],[[[1065.0,666.0],[1064.0,666.0],[1064.0,667.0],[1062.0,667.0],[1062.0,668.0],[1057.0,668.0],[1057.0,667.0],[1056.0,667.0],[1056.0,664.0],[1057.0,664.0],[1057.0,663.0],[1061.0,663.0],[1061.0,662.0],[1065.0,662.0],[1065.0,663.0],[1066.0,663.0],[1066.0,665.0],[1065.0,665.0],[1065.0,666.0]]],[[[1031.0,684.0],[1030.0,684.0],[1030.0,683.0],[1029.0,683.0],[1029.0,682.0],[1028.0,682.0],[1028.0,680.0],[1027.0,680.0],[1027.0,679.0],[1028.0,679.0],[1028.0,678.0],[1029.0,678.0],[1029.0,677.0],[1030.0,677.0],[1030.0,678.0],[1032.0,678.0],[1032.0,679.0],[1033.0,679.0],[1033.0,680.0],[1034.0,680.0],[1034.0,681.0],[1035.0,681.0],[1035.0,682.0],[1036.0,682.0],[1036.0,683.0],[1037.0,683.0],[1037.0,685.0],[1036.0,685.0],[1036.0,686.0],[1033.0,686.0],[1033.0,685.0],[1031.0,685.0],[1031.0,684.0]]],[[[1009.0,763.0],[1010.0,763.0],[1010.0,765.0],[1009.0,765.0],[1009.0,766.0],[1007.0,766.0],[1007.0,767.0],[1003.0,767.0],[1003.0,768.0],[1004.0,768.0],[1004.0,769.0],[1010.0,769.0],[1010.0,770.0],[1012.0,770.0],[1012.0,771.0],[1013.0,771.0],[1013.0,772.0],[1012.0,772.0],[1012.0,773.0],[1011.0,773.0],[1011.0,774.0],[1010.0,774.0],[1010.0,775.0],[1009.0,775.0],[1009.0,776.0],[1010.0,776.0],[1010.0,777.0],[1011.0,777.0],[1011.0,776.0],[1012.0,776.0],[1012.0,777.0],[1013.0,777.0],[1013.0,776.0],[1019.0,776.0],[1019.0,777.0],[1021.0,777.0],[1021.0,778.0],[1022.0,778.0],[1022.0,776.0],[1023.0,776.0],[1023.0,772.0],[1024.0,772.0],[1024.0,771.0],[1025.0,771.0],[1025.0,770.0],[1029.0,770.0],[1029.0,771.0],[1030.0,771.0],[1030.0,776.0],[1029.0,776.0],[1029.0,779.0],[1030.0,779.0],[1030.0,780.0],[1031.0,780.0],[1031.0,781.0],[1032.0,781.0],[1032.0,783.0],[1031.0,783.0],[1031.0,784.0],[1029.0,784.0],[1029.0,787.0],[1028.0,787.0],[1028.0,788.0],[1027.0,788.0],[1027.0,790.0],[1028.0,790.0],[1028.0,791.0],[1029.0,791.0],[1029.0,792.0],[1030.0,792.0],[1030.0,793.0],[1031.0,793.0],[1031.0,795.0],[1032.0,795.0],[1032.0,796.0],[1031.0,796.0],[1031.0,797.0],[1030.0,797.0],[1030.0,798.0],[1029.0,798.0],[1029.0,797.0],[1028.0,797.0],[1028.0,796.0],[1027.0,796.0],[1027.0,795.0],[1022.0,795.0],[1022.0,794.0],[1018.0,794.0],[1018.0,793.0],[1015.0,793.0],[1015.0,794.0],[1014.0,794.0],[1014.0,795.0],[1015.0,795.0],[1015.0,797.0],[1016.0,797.0],[1016.0,799.0],[1017.0,799.0],[1017.0,800.0],[1019.0,800.0],[1019.0,801.0],[1021.0,801.0],[1021.0,800.0],[1026.0,800.0],[1026.0,801.0],[1027.0,801.0],[1027.0,802.0],[1030.0,802.0],[1030.0,803.0],[1031.0,803.0],[1031.0,805.0],[1032.0,805.0],[1032.0,809.0],[1033.0,809.0],[1033.0,811.0],[1035.0,811.0],[1035.0,812.0],[1040.0,812.0],[1040.0,813.0],[1041.0,813.0],[1041.0,814.0],[1042.0,814.0],[1042.0,816.0],[1043.0,816.0],[1043.0,817.0],[1044.0,817.0],[1044.0,818.0],[1048.0,818.0],[1048.0,817.0],[1049.0,817.0],[1049.0,813.0],[1048.0,813.0],[1048.0,812.0],[1049.0,812.0],[1049.0,811.0],[1050.0,811.0],[1050.0,810.0],[1051.0,810.0],[1051.0,809.0],[1054.0,809.0],[1054.0,808.0],[1055.0,808.0],[1055.0,807.0],[1056.0,807.0],[1056.0,806.0],[1058.0,806.0],[1058.0,805.0],[1059.0,805.0],[1059.0,803.0],[1058.0,803.0],[1058.0,800.0],[1059.0,800.0],[1059.0,798.0],[1060.0,798.0],[1060.0,797.0],[1061.0,797.0],[1061.0,798.0],[1062.0,798.0],[1062.0,801.0],[1063.0,801.0],[1063.0,803.0],[1067.0,803.0],[1067.0,804.0],[1068.0,804.0],[1068.0,805.0],[1069.0,805.0],[1069.0,807.0],[1070.0,807.0],[1070.0,808.0],[1069.0,808.0],[1069.0,809.0],[1070.0,809.0],[1070.0,816.0],[1069.0,816.0],[1069.0,818.0],[1068.0,818.0],[1068.0,820.0],[1067.0,820.0],[1067.0,824.0],[1068.0,824.0],[1068.0,829.0],[1067.0,829.0],[1067.0,830.0],[1066.0,830.0],[1066.0,831.0],[1064.0,831.0],[1064.0,832.0],[1062.0,832.0],[1062.0,833.0],[1061.0,833.0],[1061.0,834.0],[1060.0,834.0],[1060.0,835.0],[1059.0,835.0],[1059.0,836.0],[1058.0,836.0],[1058.0,837.0],[1053.0,837.0],[1053.0,836.0],[1052.0,836.0],[1052.0,835.0],[1051.0,835.0],[1051.0,834.0],[1048.0,834.0],[1048.0,837.0],[1049.0,837.0],[1049.0,839.0],[1048.0,839.0],[1048.0,840.0],[1047.0,840.0],[1047.0,841.0],[1043.0,841.0],[1043.0,840.0],[1042.0,840.0],[1042.0,842.0],[1041.0,842.0],[1041.0,844.0],[1040.0,844.0],[1040.0,845.0],[1039.0,845.0],[1039.0,846.0],[1038.0,846.0],[1038.0,847.0],[1037.0,847.0],[1037.0,848.0],[1030.0,848.0],[1030.0,847.0],[1029.0,847.0],[1029.0,846.0],[1028.0,846.0],[1028.0,845.0],[1024.0,845.0],[1024.0,844.0],[1023.0,844.0],[1023.0,845.0],[1022.0,845.0],[1022.0,846.0],[1021.0,846.0],[1021.0,847.0],[1017.0,847.0],[1017.0,846.0],[1016.0,846.0],[1016.0,845.0],[1015.0,845.0],[1015.0,843.0],[1016.0,843.0],[1016.0,842.0],[1018.0,842.0],[1018.0,841.0],[1019.0,841.0],[1019.0,839.0],[1020.0,839.0],[1020.0,838.0],[1022.0,838.0],[1022.0,837.0],[1023.0,837.0],[1023.0,835.0],[1022.0,835.0],[1022.0,836.0],[1020.0,836.0],[1020.0,835.0],[1019.0,835.0],[1019.0,836.0],[1017.0,836.0],[1017.0,837.0],[1015.0,837.0],[1015.0,838.0],[1014.0,838.0],[1014.0,839.0],[1012.0,839.0],[1012.0,840.0],[1010.0,840.0],[1010.0,841.0],[1009.0,841.0],[1009.0,843.0],[1008.0,843.0],[1008.0,844.0],[1007.0,844.0],[1007.0,846.0],[1006.0,846.0],[1006.0,849.0],[1008.0,849.0],[1008.0,850.0],[1009.0,850.0],[1009.0,854.0],[1008.0,854.0],[1008.0,855.0],[999.0,855.0],[999.0,860.0],[1000.0,860.0],[1000.0,861.0],[1001.0,861.0],[1001.0,862.0],[1002.0,862.0],[1002.0,863.0],[1003.0,863.0],[1003.0,867.0],[1002.0,867.0],[1002.0,868.0],[997.0,868.0],[997.0,867.0],[995.0,867.0],[995.0,866.0],[994.0,866.0],[994.0,865.0],[992.0,865.0],[992.0,864.0],[991.0,864.0],[991.0,863.0],[990.0,863.0],[990.0,860.0],[989.0,860.0],[989.0,857.0],[987.0,857.0],[987.0,856.0],[986.0,856.0],[986.0,855.0],[985.0,855.0],[985.0,854.0],[984.0,854.0],[984.0,852.0],[982.0,852.0],[982.0,851.0],[981.0,851.0],[981.0,850.0],[980.0,850.0],[980.0,849.0],[979.0,849.0],[979.0,848.0],[978.0,848.0],[978.0,846.0],[977.0,846.0],[977.0,844.0],[976.0,844.0],[976.0,842.0],[971.0,842.0],[971.0,841.0],[963.0,841.0],[963.0,842.0],[959.0,842.0],[959.0,841.0],[958.0,841.0],[958.0,840.0],[957.0,840.0],[957.0,839.0],[956.0,839.0],[956.0,837.0],[955.0,837.0],[955.0,835.0],[954.0,835.0],[954.0,831.0],[953.0,831.0],[953.0,829.0],[954.0,829.0],[954.0,826.0],[955.0,826.0],[955.0,825.0],[959.0,825.0],[959.0,826.0],[960.0,826.0],[960.0,828.0],[961.0,828.0],[961.0,829.0],[962.0,829.0],[962.0,830.0],[964.0,830.0],[964.0,831.0],[967.0,831.0],[967.0,828.0],[966.0,828.0],[966.0,827.0],[965.0,827.0],[965.0,826.0],[964.0,826.0],[964.0,825.0],[963.0,825.0],[963.0,824.0],[962.0,824.0],[962.0,823.0],[961.0,823.0],[961.0,822.0],[960.0,822.0],[960.0,821.0],[959.0,821.0],[959.0,819.0],[958.0,819.0],[958.0,815.0],[957.0,815.0],[957.0,814.0],[956.0,814.0],[956.0,812.0],[955.0,812.0],[955.0,810.0],[954.0,810.0],[954.0,808.0],[953.0,808.0],[953.0,807.0],[952.0,807.0],[952.0,805.0],[951.0,805.0],[951.0,802.0],[950.0,802.0],[950.0,796.0],[951.0,796.0],[951.0,794.0],[952.0,794.0],[952.0,793.0],[954.0,793.0],[954.0,792.0],[957.0,792.0],[957.0,793.0],[958.0,793.0],[958.0,792.0],[959.0,792.0],[959.0,791.0],[960.0,791.0],[960.0,789.0],[961.0,789.0],[961.0,785.0],[960.0,785.0],[960.0,782.0],[959.0,782.0],[959.0,781.0],[958.0,781.0],[958.0,780.0],[955.0,780.0],[955.0,779.0],[953.0,779.0],[953.0,778.0],[952.0,778.0],[952.0,775.0],[953.0,775.0],[953.0,774.0],[955.0,774.0],[955.0,773.0],[957.0,773.0],[957.0,774.0],[959.0,774.0],[959.0,775.0],[961.0,775.0],[961.0,776.0],[964.0,776.0],[964.0,775.0],[965.0,775.0],[965.0,774.0],[967.0,774.0],[967.0,773.0],[968.0,773.0],[968.0,772.0],[970.0,772.0],[970.0,771.0],[971.0,771.0],[971.0,772.0],[973.0,772.0],[973.0,773.0],[976.0,773.0],[976.0,774.0],[978.0,774.0],[978.0,775.0],[979.0,775.0],[979.0,774.0],[982.0,774.0],[982.0,775.0],[983.0,775.0],[983.0,776.0],[984.0,776.0],[984.0,777.0],[985.0,777.0],[985.0,776.0],[987.0,776.0],[987.0,774.0],[986.0,774.0],[986.0,773.0],[985.0,773.0],[985.0,772.0],[982.0,772.0],[982.0,771.0],[981.0,771.0],[981.0,770.0],[980.0,770.0],[980.0,768.0],[979.0,768.0],[979.0,767.0],[978.0,767.0],[978.0,766.0],[977.0,766.0],[977.0,765.0],[976.0,765.0],[976.0,763.0],[975.0,763.0],[975.0,762.0],[974.0,762.0],[974.0,759.0],[973.0,759.0],[973.0,758.0],[974.0,758.0],[974.0,757.0],[973.0,757.0],[973.0,755.0],[972.0,755.0],[972.0,748.0],[973.0,748.0],[973.0,747.0],[974.0,747.0],[974.0,746.0],[979.0,746.0],[979.0,747.0],[981.0,747.0],[981.0,748.0],[983.0,748.0],[983.0,747.0],[984.0,747.0],[984.0,748.0],[985.0,748.0],[985.0,749.0],[988.0,749.0],[988.0,750.0],[989.0,750.0],[989.0,751.0],[990.0,751.0],[990.0,752.0],[993.0,752.0],[993.0,753.0],[998.0,753.0],[998.0,752.0],[997.0,752.0],[997.0,751.0],[996.0,751.0],[996.0,750.0],[994.0,750.0],[994.0,749.0],[993.0,749.0],[993.0,748.0],[992.0,748.0],[992.0,747.0],[991.0,747.0],[991.0,746.0],[990.0,746.0],[990.0,743.0],[991.0,743.0],[991.0,742.0],[992.0,742.0],[992.0,740.0],[993.0,740.0],[993.0,739.0],[994.0,739.0],[994.0,737.0],[987.0,737.0],[987.0,736.0],[986.0,736.0],[986.0,735.0],[983.0,735.0],[983.0,736.0],[979.0,736.0],[979.0,735.0],[978.0,735.0],[978.0,736.0],[977.0,736.0],[977.0,735.0],[976.0,735.0],[976.0,736.0],[970.0,736.0],[970.0,737.0],[967.0,737.0],[967.0,738.0],[962.0,738.0],[962.0,741.0],[961.0,741.0],[961.0,743.0],[962.0,743.0],[962.0,745.0],[963.0,745.0],[963.0,746.0],[964.0,746.0],[964.0,749.0],[963.0,749.0],[963.0,750.0],[958.0,750.0],[958.0,749.0],[957.0,749.0],[957.0,748.0],[956.0,748.0],[956.0,747.0],[955.0,747.0],[955.0,746.0],[953.0,746.0],[953.0,745.0],[952.0,745.0],[952.0,746.0],[947.0,746.0],[947.0,745.0],[946.0,745.0],[946.0,744.0],[945.0,744.0],[945.0,743.0],[944.0,743.0],[944.0,742.0],[943.0,742.0],[943.0,739.0],[944.0,739.0],[944.0,737.0],[942.0,737.0],[942.0,738.0],[940.0,738.0],[940.0,739.0],[938.0,739.0],[938.0,738.0],[937.0,738.0],[937.0,736.0],[936.0,736.0],[936.0,735.0],[937.0,735.0],[937.0,732.0],[936.0,732.0],[936.0,731.0],[935.0,731.0],[935.0,730.0],[934.0,730.0],[934.0,728.0],[933.0,728.0],[933.0,727.0],[932.0,727.0],[932.0,725.0],[931.0,725.0],[931.0,724.0],[930.0,724.0],[930.0,723.0],[929.0,723.0],[929.0,721.0],[930.0,721.0],[930.0,720.0],[932.0,720.0],[932.0,715.0],[933.0,715.0],[933.0,711.0],[930.0,711.0],[930.0,713.0],[929.0,713.0],[929.0,714.0],[926.0,714.0],[926.0,715.0],[923.0,715.0],[923.0,716.0],[921.0,716.0],[921.0,715.0],[918.0,715.0],[918.0,714.0],[917.0,714.0],[917.0,713.0],[914.0,713.0],[914.0,712.0],[913.0,712.0],[913.0,710.0],[912.0,710.0],[912.0,706.0],[908.0,706.0],[908.0,705.0],[907.0,705.0],[907.0,704.0],[906.0,704.0],[906.0,702.0],[907.0,702.0],[907.0,701.0],[908.0,701.0],[908.0,700.0],[910.0,700.0],[910.0,699.0],[914.0,699.0],[914.0,700.0],[920.0,700.0],[920.0,699.0],[924.0,699.0],[924.0,698.0],[925.0,698.0],[925.0,696.0],[924.0,696.0],[924.0,695.0],[918.0,695.0],[918.0,694.0],[917.0,694.0],[917.0,693.0],[916.0,693.0],[916.0,692.0],[915.0,692.0],[915.0,691.0],[916.0,691.0],[916.0,689.0],[911.0,689.0],[911.0,690.0],[909.0,690.0],[909.0,689.0],[908.0,689.0],[908.0,688.0],[907.0,688.0],[907.0,687.0],[906.0,687.0],[906.0,685.0],[905.0,685.0],[905.0,683.0],[906.0,683.0],[906.0,682.0],[910.0,682.0],[910.0,681.0],[911.0,681.0],[911.0,680.0],[912.0,680.0],[912.0,678.0],[911.0,678.0],[911.0,677.0],[912.0,677.0],[912.0,676.0],[911.0,676.0],[911.0,675.0],[910.0,675.0],[910.0,674.0],[907.0,674.0],[907.0,673.0],[906.0,673.0],[906.0,671.0],[907.0,671.0],[907.0,668.0],[906.0,668.0],[906.0,667.0],[904.0,667.0],[904.0,666.0],[903.0,666.0],[903.0,663.0],[904.0,663.0],[904.0,662.0],[898.0,662.0],[898.0,661.0],[897.0,661.0],[897.0,660.0],[896.0,660.0],[896.0,658.0],[897.0,658.0],[897.0,656.0],[898.0,656.0],[898.0,652.0],[899.0,652.0],[899.0,651.0],[900.0,651.0],[900.0,650.0],[901.0,650.0],[901.0,649.0],[905.0,649.0],[905.0,647.0],[904.0,647.0],[904.0,646.0],[905.0,646.0],[905.0,645.0],[906.0,645.0],[906.0,644.0],[904.0,644.0],[904.0,643.0],[903.0,643.0],[903.0,642.0],[904.0,642.0],[904.0,641.0],[907.0,641.0],[907.0,642.0],[910.0,642.0],[910.0,641.0],[911.0,641.0],[911.0,640.0],[912.0,640.0],[912.0,639.0],[913.0,639.0],[913.0,636.0],[914.0,636.0],[914.0,635.0],[915.0,635.0],[915.0,634.0],[917.0,634.0],[917.0,633.0],[919.0,633.0],[919.0,632.0],[921.0,632.0],[921.0,631.0],[922.0,631.0],[922.0,629.0],[923.0,629.0],[923.0,628.0],[924.0,628.0],[924.0,627.0],[925.0,627.0],[925.0,625.0],[924.0,625.0],[924.0,624.0],[925.0,624.0],[925.0,623.0],[926.0,623.0],[926.0,622.0],[927.0,622.0],[927.0,621.0],[928.0,621.0],[928.0,620.0],[929.0,620.0],[929.0,621.0],[930.0,621.0],[930.0,622.0],[932.0,622.0],[932.0,623.0],[933.0,623.0],[933.0,625.0],[932.0,625.0],[932.0,626.0],[931.0,626.0],[931.0,628.0],[932.0,628.0],[932.0,629.0],[933.0,629.0],[933.0,630.0],[932.0,630.0],[932.0,632.0],[933.0,632.0],[933.0,640.0],[934.0,640.0],[934.0,643.0],[935.0,643.0],[935.0,642.0],[936.0,642.0],[936.0,641.0],[937.0,641.0],[937.0,640.0],[938.0,640.0],[938.0,639.0],[939.0,639.0],[939.0,636.0],[938.0,636.0],[938.0,635.0],[939.0,635.0],[939.0,634.0],[940.0,634.0],[940.0,633.0],[939.0,633.0],[939.0,632.0],[940.0,632.0],[940.0,631.0],[939.0,631.0],[939.0,630.0],[938.0,630.0],[938.0,629.0],[939.0,629.0],[939.0,628.0],[941.0,628.0],[941.0,627.0],[943.0,627.0],[943.0,626.0],[942.0,626.0],[942.0,625.0],[943.0,625.0],[943.0,622.0],[942.0,622.0],[942.0,621.0],[941.0,621.0],[941.0,620.0],[940.0,620.0],[940.0,619.0],[939.0,619.0],[939.0,618.0],[940.0,618.0],[940.0,617.0],[941.0,617.0],[941.0,616.0],[940.0,616.0],[940.0,615.0],[939.0,615.0],[939.0,613.0],[940.0,613.0],[940.0,612.0],[942.0,612.0],[942.0,611.0],[943.0,611.0],[943.0,610.0],[944.0,610.0],[944.0,609.0],[945.0,609.0],[945.0,608.0],[948.0,608.0],[948.0,607.0],[950.0,607.0],[950.0,606.0],[952.0,606.0],[952.0,605.0],[956.0,605.0],[956.0,606.0],[957.0,606.0],[957.0,607.0],[958.0,607.0],[958.0,608.0],[959.0,608.0],[959.0,611.0],[958.0,611.0],[958.0,612.0],[957.0,612.0],[957.0,613.0],[955.0,613.0],[955.0,614.0],[953.0,614.0],[953.0,617.0],[954.0,617.0],[954.0,618.0],[957.0,618.0],[957.0,619.0],[959.0,619.0],[959.0,620.0],[960.0,620.0],[960.0,621.0],[959.0,621.0],[959.0,623.0],[962.0,623.0],[962.0,622.0],[963.0,622.0],[963.0,621.0],[964.0,621.0],[964.0,620.0],[968.0,620.0],[968.0,621.0],[969.0,621.0],[969.0,622.0],[968.0,622.0],[968.0,626.0],[969.0,626.0],[969.0,628.0],[970.0,628.0],[970.0,630.0],[969.0,630.0],[969.0,631.0],[968.0,631.0],[968.0,633.0],[967.0,633.0],[967.0,635.0],[968.0,635.0],[968.0,636.0],[969.0,636.0],[969.0,637.0],[968.0,637.0],[968.0,638.0],[967.0,638.0],[967.0,639.0],[964.0,639.0],[964.0,640.0],[963.0,640.0],[963.0,642.0],[964.0,642.0],[964.0,643.0],[965.0,643.0],[965.0,644.0],[968.0,644.0],[968.0,645.0],[969.0,645.0],[969.0,646.0],[970.0,646.0],[970.0,653.0],[969.0,653.0],[969.0,654.0],[968.0,654.0],[968.0,655.0],[967.0,655.0],[967.0,656.0],[966.0,656.0],[966.0,657.0],[965.0,657.0],[965.0,658.0],[964.0,658.0],[964.0,659.0],[963.0,659.0],[963.0,660.0],[962.0,660.0],[962.0,661.0],[961.0,661.0],[961.0,664.0],[962.0,664.0],[962.0,667.0],[961.0,667.0],[961.0,668.0],[958.0,668.0],[958.0,669.0],[950.0,669.0],[950.0,670.0],[945.0,670.0],[945.0,671.0],[944.0,671.0],[944.0,672.0],[943.0,672.0],[943.0,674.0],[942.0,674.0],[942.0,676.0],[941.0,676.0],[941.0,684.0],[940.0,684.0],[940.0,687.0],[941.0,687.0],[941.0,688.0],[942.0,688.0],[942.0,689.0],[941.0,689.0],[941.0,691.0],[942.0,691.0],[942.0,692.0],[943.0,692.0],[943.0,693.0],[944.0,693.0],[944.0,695.0],[945.0,695.0],[945.0,696.0],[946.0,696.0],[946.0,697.0],[947.0,697.0],[947.0,694.0],[948.0,694.0],[948.0,692.0],[947.0,692.0],[947.0,691.0],[946.0,691.0],[946.0,690.0],[945.0,690.0],[945.0,688.0],[944.0,688.0],[944.0,684.0],[945.0,684.0],[945.0,683.0],[946.0,683.0],[946.0,682.0],[949.0,682.0],[949.0,681.0],[950.0,681.0],[950.0,679.0],[951.0,679.0],[951.0,678.0],[952.0,678.0],[952.0,677.0],[955.0,677.0],[955.0,678.0],[957.0,678.0],[957.0,679.0],[961.0,679.0],[961.0,678.0],[966.0,678.0],[966.0,679.0],[967.0,679.0],[967.0,680.0],[968.0,680.0],[968.0,682.0],[969.0,682.0],[969.0,683.0],[970.0,683.0],[970.0,684.0],[973.0,684.0],[973.0,683.0],[974.0,683.0],[974.0,682.0],[976.0,682.0],[976.0,681.0],[975.0,681.0],[975.0,680.0],[976.0,680.0],[976.0,678.0],[977.0,678.0],[977.0,677.0],[978.0,677.0],[978.0,676.0],[981.0,676.0],[981.0,677.0],[982.0,677.0],[982.0,678.0],[983.0,678.0],[983.0,679.0],[984.0,679.0],[984.0,682.0],[985.0,682.0],[985.0,683.0],[987.0,683.0],[987.0,684.0],[988.0,684.0],[988.0,685.0],[989.0,685.0],[989.0,687.0],[990.0,687.0],[990.0,688.0],[989.0,688.0],[989.0,693.0],[988.0,693.0],[988.0,694.0],[984.0,694.0],[984.0,696.0],[985.0,696.0],[985.0,697.0],[986.0,697.0],[986.0,698.0],[990.0,698.0],[990.0,699.0],[991.0,699.0],[991.0,700.0],[992.0,700.0],[992.0,703.0],[993.0,703.0],[993.0,706.0],[992.0,706.0],[992.0,708.0],[991.0,708.0],[991.0,712.0],[992.0,712.0],[992.0,717.0],[991.0,717.0],[991.0,720.0],[993.0,720.0],[993.0,719.0],[994.0,719.0],[994.0,718.0],[995.0,718.0],[995.0,717.0],[996.0,717.0],[996.0,715.0],[995.0,715.0],[995.0,714.0],[996.0,714.0],[996.0,712.0],[997.0,712.0],[997.0,711.0],[998.0,711.0],[998.0,710.0],[1002.0,710.0],[1002.0,711.0],[1004.0,711.0],[1004.0,712.0],[1005.0,712.0],[1005.0,713.0],[1004.0,713.0],[1004.0,715.0],[1007.0,715.0],[1007.0,714.0],[1008.0,714.0],[1008.0,715.0],[1009.0,715.0],[1009.0,716.0],[1010.0,716.0],[1010.0,718.0],[1011.0,718.0],[1011.0,720.0],[1012.0,720.0],[1012.0,722.0],[1013.0,722.0],[1013.0,724.0],[1014.0,724.0],[1014.0,725.0],[1015.0,725.0],[1015.0,726.0],[1016.0,726.0],[1016.0,728.0],[1017.0,728.0],[1017.0,732.0],[1016.0,732.0],[1016.0,733.0],[1015.0,733.0],[1015.0,734.0],[1014.0,734.0],[1014.0,735.0],[1009.0,735.0],[1009.0,734.0],[1008.0,734.0],[1008.0,733.0],[1007.0,733.0],[1007.0,734.0],[1004.0,734.0],[1004.0,735.0],[1002.0,735.0],[1002.0,734.0],[1001.0,734.0],[1001.0,733.0],[1000.0,733.0],[1000.0,735.0],[1001.0,735.0],[1001.0,738.0],[1006.0,738.0],[1006.0,737.0],[1008.0,737.0],[1008.0,736.0],[1009.0,736.0],[1009.0,737.0],[1010.0,737.0],[1010.0,738.0],[1011.0,738.0],[1011.0,739.0],[1012.0,739.0],[1012.0,742.0],[1013.0,742.0],[1013.0,744.0],[1014.0,744.0],[1014.0,748.0],[1015.0,748.0],[1015.0,749.0],[1014.0,749.0],[1014.0,752.0],[1013.0,752.0],[1013.0,753.0],[1011.0,753.0],[1011.0,754.0],[1009.0,754.0],[1009.0,755.0],[1008.0,755.0],[1008.0,756.0],[1009.0,756.0],[1009.0,763.0]],[[1002.0,767.0],[1003.0,767.0],[1003.0,766.0],[1002.0,766.0],[1002.0,767.0]],[[1000.0,766.0],[1001.0,766.0],[1001.0,765.0],[1000.0,765.0],[1000.0,766.0]],[[997.0,765.0],[1000.0,765.0],[1000.0,764.0],[998.0,764.0],[998.0,763.0],[996.0,763.0],[996.0,762.0],[995.0,762.0],[995.0,764.0],[997.0,764.0],[997.0,765.0]]],[[[943.0,779.0],[942.0,779.0],[942.0,780.0],[937.0,780.0],[937.0,779.0],[935.0,779.0],[935.0,778.0],[934.0,778.0],[934.0,774.0],[935.0,774.0],[935.0,773.0],[938.0,773.0],[938.0,772.0],[939.0,772.0],[939.0,773.0],[940.0,773.0],[940.0,774.0],[942.0,774.0],[942.0,775.0],[943.0,775.0],[943.0,777.0],[944.0,777.0],[944.0,778.0],[943.0,778.0],[943.0,779.0]]],[[[1159.0,788.0],[1158.0,788.0],[1158.0,789.0],[1157.0,789.0],[1157.0,790.0],[1155.0,790.0],[1155.0,789.0],[1154.0,789.0],[1154.0,787.0],[1155.0,787.0],[1155.0,786.0],[1156.0,786.0],[1156.0,785.0],[1157.0,785.0],[1157.0,784.0],[1158.0,784.0],[1158.0,785.0],[1159.0,785.0],[1159.0,788.0]]],[[[1145.0,787.0],[1145.0,786.0],[1146.0,786.0],[1146.0,787.0],[1147.0,787.0],[1147.0,788.0],[1148.0,788.0],[1148.0,790.0],[1149.0,790.0],[1149.0,789.0],[1150.0,789.0],[1150.0,790.0],[1152.0,790.0],[1152.0,791.0],[1153.0,791.0],[1153.0,795.0],[1152.0,795.0],[1152.0,796.0],[1148.0,796.0],[1148.0,795.0],[1147.0,795.0],[1147.0,794.0],[1146.0,794.0],[1146.0,793.0],[1143.0,793.0],[1143.0,792.0],[1142.0,792.0],[1142.0,791.0],[1141.0,791.0],[1141.0,790.0],[1142.0,790.0],[1142.0,789.0],[1143.0,789.0],[1143.0,788.0],[1144.0,788.0],[1144.0,787.0],[1145.0,787.0]],[[1148.0,791.0],[1148.0,790.0],[1147.0,790.0],[1147.0,791.0],[1148.0,791.0]]],[[[924.0,806.0],[923.0,806.0],[923.0,805.0],[920.0,805.0],[920.0,804.0],[919.0,804.0],[919.0,803.0],[918.0,803.0],[918.0,801.0],[919.0,801.0],[919.0,800.0],[921.0,800.0],[921.0,799.0],[927.0,799.0],[927.0,798.0],[929.0,798.0],[929.0,799.0],[930.0,799.0],[930.0,800.0],[931.0,800.0],[931.0,801.0],[936.0,801.0],[936.0,802.0],[937.0,802.0],[937.0,803.0],[936.0,803.0],[936.0,804.0],[934.0,804.0],[934.0,805.0],[931.0,805.0],[931.0,806.0],[930.0,806.0],[930.0,808.0],[929.0,808.0],[929.0,809.0],[927.0,809.0],[927.0,808.0],[925.0,808.0],[925.0,807.0],[924.0,807.0],[924.0,806.0]]],[[[1178.0,809.0],[1175.0,809.0],[1175.0,808.0],[1173.0,808.0],[1173.0,807.0],[1172.0,807.0],[1172.0,806.0],[1171.0,806.0],[1171.0,803.0],[1172.0,803.0],[1172.0,802.0],[1173.0,802.0],[1173.0,801.0],[1175.0,801.0],[1175.0,802.0],[1176.0,802.0],[1176.0,803.0],[1178.0,803.0],[1178.0,804.0],[1179.0,804.0],[1179.0,806.0],[1180.0,806.0],[1180.0,807.0],[1179.0,807.0],[1179.0,808.0],[1178.0,808.0],[1178.0,809.0]]],[[[1141.0,799.0],[1142.0,799.0],[1142.0,798.0],[1151.0,798.0],[1151.0,797.0],[1154.0,797.0],[1154.0,796.0],[1155.0,796.0],[1155.0,795.0],[1154.0,795.0],[1154.0,793.0],[1155.0,793.0],[1155.0,792.0],[1160.0,792.0],[1160.0,793.0],[1162.0,793.0],[1162.0,794.0],[1163.0,794.0],[1163.0,795.0],[1164.0,795.0],[1164.0,797.0],[1163.0,797.0],[1163.0,798.0],[1162.0,798.0],[1162.0,799.0],[1161.0,799.0],[1161.0,798.0],[1159.0,798.0],[1159.0,800.0],[1160.0,800.0],[1160.0,801.0],[1161.0,801.0],[1161.0,804.0],[1162.0,804.0],[1162.0,806.0],[1163.0,806.0],[1163.0,808.0],[1162.0,808.0],[1162.0,809.0],[1161.0,809.0],[1161.0,810.0],[1162.0,810.0],[1162.0,811.0],[1163.0,811.0],[1163.0,815.0],[1162.0,815.0],[1162.0,816.0],[1161.0,816.0],[1161.0,817.0],[1160.0,817.0],[1160.0,818.0],[1157.0,818.0],[1157.0,819.0],[1156.0,819.0],[1156.0,823.0],[1157.0,823.0],[1157.0,827.0],[1158.0,827.0],[1158.0,830.0],[1157.0,830.0],[1157.0,831.0],[1156.0,831.0],[1156.0,832.0],[1150.0,832.0],[1150.0,831.0],[1148.0,831.0],[1148.0,830.0],[1147.0,830.0],[1147.0,831.0],[1146.0,831.0],[1146.0,832.0],[1145.0,832.0],[1145.0,833.0],[1144.0,833.0],[1144.0,834.0],[1143.0,834.0],[1143.0,835.0],[1142.0,835.0],[1142.0,836.0],[1141.0,836.0],[1141.0,838.0],[1140.0,838.0],[1140.0,839.0],[1138.0,839.0],[1138.0,840.0],[1136.0,840.0],[1136.0,839.0],[1135.0,839.0],[1135.0,838.0],[1134.0,838.0],[1134.0,835.0],[1135.0,835.0],[1135.0,834.0],[1136.0,834.0],[1136.0,830.0],[1135.0,830.0],[1135.0,829.0],[1134.0,829.0],[1134.0,830.0],[1133.0,830.0],[1133.0,831.0],[1132.0,831.0],[1132.0,832.0],[1131.0,832.0],[1131.0,833.0],[1130.0,833.0],[1130.0,834.0],[1127.0,834.0],[1127.0,833.0],[1126.0,833.0],[1126.0,832.0],[1125.0,832.0],[1125.0,826.0],[1126.0,826.0],[1126.0,822.0],[1125.0,822.0],[1125.0,819.0],[1124.0,819.0],[1124.0,812.0],[1125.0,812.0],[1125.0,810.0],[1126.0,810.0],[1126.0,808.0],[1127.0,808.0],[1127.0,807.0],[1129.0,807.0],[1129.0,806.0],[1131.0,806.0],[1131.0,805.0],[1132.0,805.0],[1132.0,804.0],[1134.0,804.0],[1134.0,803.0],[1137.0,803.0],[1137.0,802.0],[1138.0,802.0],[1138.0,801.0],[1137.0,801.0],[1137.0,800.0],[1136.0,800.0],[1136.0,799.0],[1135.0,799.0],[1135.0,798.0],[1134.0,798.0],[1134.0,797.0],[1133.0,797.0],[1133.0,796.0],[1132.0,796.0],[1132.0,795.0],[1133.0,795.0],[1133.0,794.0],[1134.0,794.0],[1134.0,793.0],[1135.0,793.0],[1135.0,794.0],[1138.0,794.0],[1138.0,795.0],[1139.0,795.0],[1139.0,797.0],[1140.0,797.0],[1140.0,798.0],[1141.0,798.0],[1141.0,799.0]],[[1156.0,796.0],[1155.0,796.0],[1155.0,797.0],[1156.0,797.0],[1156.0,796.0]]],[[[1199.0,837.0],[1198.0,837.0],[1198.0,838.0],[1194.0,838.0],[1194.0,837.0],[1192.0,837.0],[1192.0,836.0],[1191.0,836.0],[1191.0,834.0],[1192.0,834.0],[1192.0,832.0],[1193.0,832.0],[1193.0,831.0],[1194.0,831.0],[1194.0,830.0],[1195.0,830.0],[1195.0,827.0],[1194.0,827.0],[1194.0,825.0],[1195.0,825.0],[1195.0,824.0],[1196.0,824.0],[1196.0,823.0],[1197.0,823.0],[1197.0,822.0],[1200.0,822.0],[1200.0,823.0],[1204.0,823.0],[1204.0,824.0],[1205.0,824.0],[1205.0,825.0],[1213.0,825.0],[1213.0,826.0],[1215.0,826.0],[1215.0,827.0],[1216.0,827.0],[1216.0,828.0],[1217.0,828.0],[1217.0,829.0],[1218.0,829.0],[1218.0,830.0],[1217.0,830.0],[1217.0,832.0],[1216.0,832.0],[1216.0,833.0],[1215.0,833.0],[1215.0,834.0],[1214.0,834.0],[1214.0,835.0],[1213.0,835.0],[1213.0,836.0],[1212.0,836.0],[1212.0,837.0],[1211.0,837.0],[1211.0,838.0],[1208.0,838.0],[1208.0,837.0],[1205.0,837.0],[1205.0,836.0],[1204.0,836.0],[1204.0,835.0],[1200.0,835.0],[1200.0,836.0],[1199.0,836.0],[1199.0,837.0]]],[[[1223.0,848.0],[1222.0,848.0],[1222.0,847.0],[1221.0,847.0],[1221.0,846.0],[1220.0,846.0],[1220.0,845.0],[1219.0,845.0],[1219.0,844.0],[1220.0,844.0],[1220.0,843.0],[1221.0,843.0],[1221.0,842.0],[1222.0,842.0],[1222.0,841.0],[1224.0,841.0],[1224.0,840.0],[1227.0,840.0],[1227.0,841.0],[1228.0,841.0],[1228.0,842.0],[1229.0,842.0],[1229.0,843.0],[1230.0,843.0],[1230.0,844.0],[1231.0,844.0],[1231.0,845.0],[1232.0,845.0],[1232.0,847.0],[1231.0,847.0],[1231.0,849.0],[1230.0,849.0],[1230.0,850.0],[1229.0,850.0],[1229.0,851.0],[1228.0,851.0],[1228.0,852.0],[1225.0,852.0],[1225.0,851.0],[1224.0,851.0],[1224.0,849.0],[1223.0,849.0],[1223.0,848.0]]],[[[1022.0,867.0],[1022.0,866.0],[1020.0,866.0],[1020.0,865.0],[1019.0,865.0],[1019.0,864.0],[1018.0,864.0],[1018.0,861.0],[1019.0,861.0],[1019.0,859.0],[1020.0,859.0],[1020.0,857.0],[1021.0,857.0],[1021.0,855.0],[1022.0,855.0],[1022.0,854.0],[1030.0,854.0],[1030.0,855.0],[1031.0,855.0],[1031.0,858.0],[1037.0,858.0],[1037.0,859.0],[1038.0,859.0],[1038.0,860.0],[1043.0,860.0],[1043.0,861.0],[1044.0,861.0],[1044.0,864.0],[1043.0,864.0],[1043.0,865.0],[1034.0,865.0],[1034.0,864.0],[1028.0,864.0],[1028.0,865.0],[1027.0,865.0],[1027.0,866.0],[1026.0,866.0],[1026.0,867.0],[1025.0,867.0],[1025.0,868.0],[1023.0,868.0],[1023.0,867.0],[1022.0,867.0]]],[[[1250.0,865.0],[1248.0,865.0],[1248.0,864.0],[1247.0,864.0],[1247.0,863.0],[1246.0,863.0],[1246.0,862.0],[1245.0,862.0],[1245.0,859.0],[1246.0,859.0],[1246.0,857.0],[1247.0,857.0],[1247.0,856.0],[1248.0,856.0],[1248.0,855.0],[1250.0,855.0],[1250.0,856.0],[1252.0,856.0],[1252.0,857.0],[1253.0,857.0],[1253.0,858.0],[1254.0,858.0],[1254.0,859.0],[1256.0,859.0],[1256.0,860.0],[1259.0,860.0],[1259.0,861.0],[1261.0,861.0],[1261.0,862.0],[1262.0,862.0],[1262.0,863.0],[1263.0,863.0],[1263.0,867.0],[1262.0,867.0],[1262.0,868.0],[1261.0,868.0],[1261.0,869.0],[1259.0,869.0],[1259.0,870.0],[1257.0,870.0],[1257.0,871.0],[1256.0,871.0],[1256.0,872.0],[1253.0,872.0],[1253.0,871.0],[1252.0,871.0],[1252.0,870.0],[1251.0,870.0],[1251.0,868.0],[1252.0,868.0],[1252.0,866.0],[1250.0,866.0],[1250.0,865.0]]],[[[934.0,936.0],[931.0,936.0],[931.0,935.0],[930.0,935.0],[930.0,933.0],[929.0,933.0],[929.0,932.0],[928.0,932.0],[928.0,931.0],[929.0,931.0],[929.0,928.0],[930.0,928.0],[930.0,927.0],[931.0,927.0],[931.0,926.0],[933.0,926.0],[933.0,927.0],[937.0,927.0],[937.0,926.0],[938.0,926.0],[938.0,925.0],[939.0,925.0],[939.0,924.0],[940.0,924.0],[940.0,922.0],[941.0,922.0],[941.0,921.0],[944.0,921.0],[944.0,922.0],[945.0,922.0],[945.0,924.0],[946.0,924.0],[946.0,926.0],[947.0,926.0],[947.0,927.0],[948.0,927.0],[948.0,928.0],[947.0,928.0],[947.0,929.0],[945.0,929.0],[945.0,930.0],[944.0,930.0],[944.0,931.0],[942.0,931.0],[942.0,932.0],[941.0,932.0],[941.0,933.0],[940.0,933.0],[940.0,934.0],[937.0,934.0],[937.0,935.0],[934.0,935.0],[934.0,936.0]]],[[[1712.0,27.0],[1712.0,26.0],[1711.0,26.0],[1711.0,27.0],[1704.0,27.0],[1704.0,26.0],[1703.0,26.0],[1703.0,24.0],[1704.0,24.0],[1704.0,23.0],[1705.0,23.0],[1705.0,22.0],[1706.0,22.0],[1706.0,21.0],[1705.0,21.0],[1705.0,19.0],[1704.0,19.0],[1704.0,16.0],[1705.0,16.0],[1705.0,10.0],[1706.0,10.0],[1706.0,9.0],[1711.0,9.0],[1711.0,10.0],[1712.0,10.0],[1712.0,11.0],[1717.0,11.0],[1717.0,12.0],[1718.0,12.0],[1718.0,13.0],[1720.0,13.0],[1720.0,12.0],[1721.0,12.0],[1721.0,11.0],[1722.0,11.0],[1722.0,6.0],[1721.0,6.0],[1721.0,5.0],[1717.0,5.0],[1717.0,4.0],[1716.0,4.0],[1716.0,2.0],[1715.0,2.0],[1715.0,1.0],[1714.0,1.0],[1714.0,0.0],[1840.0,0.0],[1840.0,2.0],[1839.0,2.0],[1839.0,3.0],[1838.0,3.0],[1838.0,5.0],[1837.0,5.0],[1837.0,7.0],[1838.0,7.0],[1838.0,12.0],[1839.0,12.0],[1839.0,14.0],[1840.0,14.0],[1840.0,15.0],[1841.0,15.0],[1841.0,17.0],[1842.0,17.0],[1842.0,19.0],[1841.0,19.0],[1841.0,22.0],[1840.0,22.0],[1840.0,24.0],[1839.0,24.0],[1839.0,25.0],[1838.0,25.0],[1838.0,26.0],[1834.0,26.0],[1834.0,25.0],[1833.0,25.0],[1833.0,26.0],[1831.0,26.0],[1831.0,25.0],[1830.0,25.0],[1830.0,26.0],[1828.0,26.0],[1828.0,25.0],[1827.0,25.0],[1827.0,24.0],[1825.0,24.0],[1825.0,23.0],[1823.0,23.0],[1823.0,24.0],[1822.0,24.0],[1822.0,23.0],[1819.0,23.0],[1819.0,22.0],[1818.0,22.0],[1818.0,18.0],[1817.0,18.0],[1817.0,17.0],[1816.0,17.0],[1816.0,16.0],[1815.0,16.0],[1815.0,15.0],[1814.0,15.0],[1814.0,14.0],[1809.0,14.0],[1809.0,15.0],[1808.0,15.0],[1808.0,16.0],[1807.0,16.0],[1807.0,18.0],[1806.0,18.0],[1806.0,19.0],[1802.0,19.0],[1802.0,20.0],[1801.0,20.0],[1801.0,21.0],[1798.0,21.0],[1798.0,22.0],[1795.0,22.0],[1795.0,23.0],[1794.0,23.0],[1794.0,22.0],[1793.0,22.0],[1793.0,19.0],[1794.0,19.0],[1794.0,17.0],[1795.0,17.0],[1795.0,15.0],[1796.0,15.0],[1796.0,14.0],[1801.0,14.0],[1801.0,6.0],[1798.0,6.0],[1798.0,5.0],[1795.0,5.0],[1795.0,4.0],[1794.0,4.0],[1794.0,5.0],[1793.0,5.0],[1793.0,6.0],[1792.0,6.0],[1792.0,5.0],[1791.0,5.0],[1791.0,6.0],[1787.0,6.0],[1787.0,7.0],[1786.0,7.0],[1786.0,10.0],[1785.0,10.0],[1785.0,11.0],[1784.0,11.0],[1784.0,13.0],[1783.0,13.0],[1783.0,14.0],[1782.0,14.0],[1782.0,15.0],[1781.0,15.0],[1781.0,17.0],[1780.0,17.0],[1780.0,19.0],[1781.0,19.0],[1781.0,20.0],[1782.0,20.0],[1782.0,21.0],[1784.0,21.0],[1784.0,22.0],[1785.0,22.0],[1785.0,23.0],[1786.0,23.0],[1786.0,24.0],[1785.0,24.0],[1785.0,25.0],[1783.0,25.0],[1783.0,26.0],[1782.0,26.0],[1782.0,27.0],[1781.0,27.0],[1781.0,28.0],[1780.0,28.0],[1780.0,29.0],[1778.0,29.0],[1778.0,30.0],[1773.0,30.0],[1773.0,31.0],[1768.0,31.0],[1768.0,32.0],[1767.0,32.0],[1767.0,31.0],[1766.0,31.0],[1766.0,29.0],[1764.0,29.0],[1764.0,31.0],[1763.0,31.0],[1763.0,32.0],[1762.0,32.0],[1762.0,33.0],[1761.0,33.0],[1761.0,34.0],[1756.0,34.0],[1756.0,35.0],[1755.0,35.0],[1755.0,36.0],[1754.0,36.0],[1754.0,37.0],[1747.0,37.0],[1747.0,38.0],[1739.0,38.0],[1739.0,39.0],[1732.0,39.0],[1732.0,38.0],[1731.0,38.0],[1731.0,37.0],[1732.0,37.0],[1732.0,36.0],[1733.0,36.0],[1733.0,35.0],[1737.0,35.0],[1737.0,34.0],[1738.0,34.0],[1738.0,32.0],[1739.0,32.0],[1739.0,31.0],[1740.0,31.0],[1740.0,30.0],[1743.0,30.0],[1743.0,29.0],[1746.0,29.0],[1746.0,28.0],[1748.0,28.0],[1748.0,27.0],[1749.0,27.0],[1749.0,26.0],[1751.0,26.0],[1751.0,19.0],[1748.0,19.0],[1748.0,20.0],[1745.0,20.0],[1745.0,21.0],[1742.0,21.0],[1742.0,20.0],[1740.0,20.0],[1740.0,19.0],[1739.0,19.0],[1739.0,18.0],[1738.0,18.0],[1738.0,20.0],[1737.0,20.0],[1737.0,21.0],[1736.0,21.0],[1736.0,22.0],[1735.0,22.0],[1735.0,23.0],[1734.0,23.0],[1734.0,24.0],[1733.0,24.0],[1733.0,25.0],[1729.0,25.0],[1729.0,26.0],[1726.0,26.0],[1726.0,27.0],[1725.0,27.0],[1725.0,31.0],[1724.0,31.0],[1724.0,34.0],[1723.0,34.0],[1723.0,36.0],[1722.0,36.0],[1722.0,38.0],[1721.0,38.0],[1721.0,39.0],[1719.0,39.0],[1719.0,40.0],[1717.0,40.0],[1717.0,41.0],[1716.0,41.0],[1716.0,42.0],[1714.0,42.0],[1714.0,43.0],[1713.0,43.0],[1713.0,44.0],[1711.0,44.0],[1711.0,43.0],[1710.0,43.0],[1710.0,42.0],[1708.0,42.0],[1708.0,41.0],[1707.0,41.0],[1707.0,39.0],[1708.0,39.0],[1708.0,38.0],[1709.0,38.0],[1709.0,37.0],[1710.0,37.0],[1710.0,35.0],[1711.0,35.0],[1711.0,34.0],[1712.0,34.0],[1712.0,32.0],[1713.0,32.0],[1713.0,30.0],[1714.0,30.0],[1714.0,28.0],[1713.0,28.0],[1713.0,27.0],[1712.0,27.0]]],[[[1491.0,39.0],[1488.0,39.0],[1488.0,40.0],[1485.0,40.0],[1485.0,39.0],[1481.0,39.0],[1481.0,38.0],[1480.0,38.0],[1480.0,36.0],[1481.0,36.0],[1481.0,33.0],[1482.0,33.0],[1482.0,32.0],[1487.0,32.0],[1487.0,31.0],[1489.0,31.0],[1489.0,30.0],[1490.0,30.0],[1490.0,29.0],[1491.0,29.0],[1491.0,28.0],[1493.0,28.0],[1493.0,27.0],[1494.0,27.0],[1494.0,26.0],[1496.0,26.0],[1496.0,25.0],[1497.0,25.0],[1497.0,24.0],[1499.0,24.0],[1499.0,23.0],[1502.0,23.0],[1502.0,22.0],[1503.0,22.0],[1503.0,20.0],[1504.0,20.0],[1504.0,19.0],[1505.0,19.0],[1505.0,17.0],[1506.0,17.0],[1506.0,16.0],[1508.0,16.0],[1508.0,15.0],[1511.0,15.0],[1511.0,16.0],[1512.0,16.0],[1512.0,19.0],[1511.0,19.0],[1511.0,20.0],[1510.0,20.0],[1510.0,21.0],[1509.0,21.0],[1509.0,22.0],[1508.0,22.0],[1508.0,23.0],[1507.0,23.0],[1507.0,25.0],[1506.0,25.0],[1506.0,29.0],[1509.0,29.0],[1509.0,28.0],[1510.0,28.0],[1510.0,27.0],[1511.0,27.0],[1511.0,26.0],[1512.0,26.0],[1512.0,25.0],[1514.0,25.0],[1514.0,24.0],[1515.0,24.0],[1515.0,23.0],[1516.0,23.0],[1516.0,22.0],[1517.0,22.0],[1517.0,21.0],[1519.0,21.0],[1519.0,20.0],[1520.0,20.0],[1520.0,19.0],[1521.0,19.0],[1521.0,18.0],[1522.0,18.0],[1522.0,17.0],[1524.0,17.0],[1524.0,15.0],[1525.0,15.0],[1525.0,11.0],[1519.0,11.0],[1519.0,12.0],[1517.0,12.0],[1517.0,11.0],[1515.0,11.0],[1515.0,10.0],[1513.0,10.0],[1513.0,9.0],[1512.0,9.0],[1512.0,8.0],[1511.0,8.0],[1511.0,9.0],[1509.0,9.0],[1509.0,10.0],[1508.0,10.0],[1508.0,9.0],[1502.0,9.0],[1502.0,10.0],[1501.0,10.0],[1501.0,11.0],[1499.0,11.0],[1499.0,12.0],[1496.0,12.0],[1496.0,13.0],[1493.0,13.0],[1493.0,14.0],[1491.0,14.0],[1491.0,13.0],[1490.0,13.0],[1490.0,10.0],[1491.0,10.0],[1491.0,7.0],[1492.0,7.0],[1492.0,4.0],[1493.0,4.0],[1493.0,3.0],[1494.0,3.0],[1494.0,2.0],[1496.0,2.0],[1496.0,1.0],[1497.0,1.0],[1497.0,0.0],[1616.0,0.0],[1616.0,2.0],[1617.0,2.0],[1617.0,5.0],[1618.0,5.0],[1618.0,9.0],[1617.0,9.0],[1617.0,11.0],[1616.0,11.0],[1616.0,13.0],[1615.0,13.0],[1615.0,14.0],[1614.0,14.0],[1614.0,16.0],[1613.0,16.0],[1613.0,20.0],[1612.0,20.0],[1612.0,24.0],[1611.0,24.0],[1611.0,27.0],[1610.0,27.0],[1610.0,29.0],[1609.0,29.0],[1609.0,30.0],[1608.0,30.0],[1608.0,31.0],[1607.0,31.0],[1607.0,32.0],[1605.0,32.0],[1605.0,31.0],[1604.0,31.0],[1604.0,30.0],[1603.0,30.0],[1603.0,27.0],[1599.0,27.0],[1599.0,28.0],[1598.0,28.0],[1598.0,29.0],[1597.0,29.0],[1597.0,31.0],[1596.0,31.0],[1596.0,34.0],[1595.0,34.0],[1595.0,36.0],[1594.0,36.0],[1594.0,38.0],[1593.0,38.0],[1593.0,39.0],[1592.0,39.0],[1592.0,40.0],[1591.0,40.0],[1591.0,41.0],[1586.0,41.0],[1586.0,42.0],[1576.0,42.0],[1576.0,43.0],[1575.0,43.0],[1575.0,44.0],[1574.0,44.0],[1574.0,45.0],[1573.0,45.0],[1573.0,46.0],[1567.0,46.0],[1567.0,45.0],[1565.0,45.0],[1565.0,44.0],[1564.0,44.0],[1564.0,43.0],[1563.0,43.0],[1563.0,42.0],[1562.0,42.0],[1562.0,39.0],[1561.0,39.0],[1561.0,37.0],[1560.0,37.0],[1560.0,36.0],[1559.0,36.0],[1559.0,29.0],[1558.0,29.0],[1558.0,27.0],[1557.0,27.0],[1557.0,25.0],[1556.0,25.0],[1556.0,24.0],[1555.0,24.0],[1555.0,22.0],[1553.0,22.0],[1553.0,21.0],[1552.0,21.0],[1552.0,19.0],[1549.0,19.0],[1549.0,20.0],[1547.0,20.0],[1547.0,21.0],[1546.0,21.0],[1546.0,22.0],[1541.0,22.0],[1541.0,21.0],[1537.0,21.0],[1537.0,22.0],[1536.0,22.0],[1536.0,23.0],[1534.0,23.0],[1534.0,24.0],[1533.0,24.0],[1533.0,25.0],[1531.0,25.0],[1531.0,26.0],[1529.0,26.0],[1529.0,27.0],[1528.0,27.0],[1528.0,28.0],[1527.0,28.0],[1527.0,29.0],[1526.0,29.0],[1526.0,30.0],[1525.0,30.0],[1525.0,31.0],[1526.0,31.0],[1526.0,33.0],[1528.0,33.0],[1528.0,34.0],[1532.0,34.0],[1532.0,35.0],[1534.0,35.0],[1534.0,36.0],[1535.0,36.0],[1535.0,37.0],[1537.0,37.0],[1537.0,38.0],[1538.0,38.0],[1538.0,39.0],[1540.0,39.0],[1540.0,40.0],[1541.0,40.0],[1541.0,39.0],[1542.0,39.0],[1542.0,40.0],[1543.0,40.0],[1543.0,39.0],[1545.0,39.0],[1545.0,40.0],[1546.0,40.0],[1546.0,41.0],[1547.0,41.0],[1547.0,47.0],[1546.0,47.0],[1546.0,50.0],[1545.0,50.0],[1545.0,53.0],[1544.0,53.0],[1544.0,54.0],[1543.0,54.0],[1543.0,55.0],[1542.0,55.0],[1542.0,56.0],[1541.0,56.0],[1541.0,57.0],[1540.0,57.0],[1540.0,58.0],[1539.0,58.0],[1539.0,59.0],[1538.0,59.0],[1538.0,60.0],[1529.0,60.0],[1529.0,61.0],[1525.0,61.0],[1525.0,60.0],[1522.0,60.0],[1522.0,59.0],[1521.0,59.0],[1521.0,60.0],[1519.0,60.0],[1519.0,61.0],[1518.0,61.0],[1518.0,62.0],[1517.0,62.0],[1517.0,63.0],[1515.0,63.0],[1515.0,64.0],[1514.0,64.0],[1514.0,63.0],[1512.0,63.0],[1512.0,62.0],[1511.0,62.0],[1511.0,58.0],[1512.0,58.0],[1512.0,57.0],[1515.0,57.0],[1515.0,56.0],[1520.0,56.0],[1520.0,55.0],[1521.0,55.0],[1521.0,54.0],[1522.0,54.0],[1522.0,53.0],[1523.0,53.0],[1523.0,52.0],[1524.0,52.0],[1524.0,51.0],[1525.0,51.0],[1525.0,50.0],[1526.0,50.0],[1526.0,49.0],[1527.0,49.0],[1527.0,47.0],[1528.0,47.0],[1528.0,46.0],[1527.0,46.0],[1527.0,45.0],[1526.0,45.0],[1526.0,44.0],[1524.0,44.0],[1524.0,43.0],[1520.0,43.0],[1520.0,44.0],[1519.0,44.0],[1519.0,45.0],[1516.0,45.0],[1516.0,44.0],[1506.0,44.0],[1506.0,43.0],[1505.0,43.0],[1505.0,44.0],[1504.0,44.0],[1504.0,45.0],[1503.0,45.0],[1503.0,46.0],[1502.0,46.0],[1502.0,47.0],[1500.0,47.0],[1500.0,48.0],[1499.0,48.0],[1499.0,49.0],[1497.0,49.0],[1497.0,50.0],[1494.0,50.0],[1494.0,49.0],[1493.0,49.0],[1493.0,47.0],[1494.0,47.0],[1494.0,46.0],[1495.0,46.0],[1495.0,45.0],[1496.0,45.0],[1496.0,44.0],[1497.0,44.0],[1497.0,42.0],[1498.0,42.0],[1498.0,40.0],[1499.0,40.0],[1499.0,39.0],[1500.0,39.0],[1500.0,38.0],[1501.0,38.0],[1501.0,37.0],[1502.0,37.0],[1502.0,36.0],[1501.0,36.0],[1501.0,35.0],[1499.0,35.0],[1499.0,36.0],[1496.0,36.0],[1496.0,37.0],[1494.0,37.0],[1494.0,38.0],[1491.0,38.0],[1491.0,39.0]]],[[[1627.0,62.0],[1625.0,62.0],[1625.0,61.0],[1624.0,61.0],[1624.0,60.0],[1622.0,60.0],[1622.0,59.0],[1621.0,59.0],[1621.0,57.0],[1622.0,57.0],[1622.0,55.0],[1623.0,55.0],[1623.0,54.0],[1625.0,54.0],[1625.0,55.0],[1627.0,55.0],[1627.0,56.0],[1636.0,56.0],[1636.0,55.0],[1638.0,55.0],[1638.0,54.0],[1640.0,54.0],[1640.0,53.0],[1642.0,53.0],[1642.0,52.0],[1644.0,52.0],[1644.0,51.0],[1645.0,51.0],[1645.0,49.0],[1644.0,49.0],[1644.0,48.0],[1643.0,48.0],[1643.0,47.0],[1639.0,47.0],[1639.0,48.0],[1635.0,48.0],[1635.0,49.0],[1632.0,49.0],[1632.0,50.0],[1631.0,50.0],[1631.0,49.0],[1630.0,49.0],[1630.0,48.0],[1629.0,48.0],[1629.0,46.0],[1630.0,46.0],[1630.0,45.0],[1633.0,45.0],[1633.0,44.0],[1635.0,44.0],[1635.0,43.0],[1638.0,43.0],[1638.0,42.0],[1641.0,42.0],[1641.0,41.0],[1644.0,41.0],[1644.0,42.0],[1645.0,42.0],[1645.0,43.0],[1647.0,43.0],[1647.0,44.0],[1651.0,44.0],[1651.0,45.0],[1652.0,45.0],[1652.0,46.0],[1653.0,46.0],[1653.0,47.0],[1654.0,47.0],[1654.0,48.0],[1656.0,48.0],[1656.0,49.0],[1660.0,49.0],[1660.0,48.0],[1661.0,48.0],[1661.0,43.0],[1660.0,43.0],[1660.0,42.0],[1659.0,42.0],[1659.0,40.0],[1657.0,40.0],[1657.0,39.0],[1653.0,39.0],[1653.0,38.0],[1651.0,38.0],[1651.0,37.0],[1649.0,37.0],[1649.0,36.0],[1648.0,36.0],[1648.0,33.0],[1649.0,33.0],[1649.0,32.0],[1650.0,32.0],[1650.0,31.0],[1651.0,31.0],[1651.0,30.0],[1657.0,30.0],[1657.0,29.0],[1660.0,29.0],[1660.0,28.0],[1662.0,28.0],[1662.0,27.0],[1664.0,27.0],[1664.0,26.0],[1666.0,26.0],[1666.0,25.0],[1668.0,25.0],[1668.0,24.0],[1671.0,24.0],[1671.0,25.0],[1672.0,25.0],[1672.0,26.0],[1673.0,26.0],[1673.0,28.0],[1675.0,28.0],[1675.0,29.0],[1679.0,29.0],[1679.0,30.0],[1680.0,30.0],[1680.0,31.0],[1681.0,31.0],[1681.0,32.0],[1680.0,32.0],[1680.0,33.0],[1678.0,33.0],[1678.0,34.0],[1677.0,34.0],[1677.0,35.0],[1676.0,35.0],[1676.0,36.0],[1675.0,36.0],[1675.0,37.0],[1674.0,37.0],[1674.0,39.0],[1673.0,39.0],[1673.0,40.0],[1672.0,40.0],[1672.0,42.0],[1671.0,42.0],[1671.0,43.0],[1670.0,43.0],[1670.0,46.0],[1672.0,46.0],[1672.0,47.0],[1682.0,47.0],[1682.0,46.0],[1683.0,46.0],[1683.0,45.0],[1692.0,45.0],[1692.0,46.0],[1693.0,46.0],[1693.0,55.0],[1692.0,55.0],[1692.0,56.0],[1690.0,56.0],[1690.0,57.0],[1689.0,57.0],[1689.0,58.0],[1688.0,58.0],[1688.0,59.0],[1687.0,59.0],[1687.0,60.0],[1685.0,60.0],[1685.0,61.0],[1674.0,61.0],[1674.0,62.0],[1673.0,62.0],[1673.0,65.0],[1672.0,65.0],[1672.0,67.0],[1671.0,67.0],[1671.0,68.0],[1670.0,68.0],[1670.0,69.0],[1668.0,69.0],[1668.0,70.0],[1667.0,70.0],[1667.0,71.0],[1665.0,71.0],[1665.0,72.0],[1658.0,72.0],[1658.0,73.0],[1656.0,73.0],[1656.0,72.0],[1651.0,72.0],[1651.0,74.0],[1650.0,74.0],[1650.0,75.0],[1647.0,75.0],[1647.0,74.0],[1646.0,74.0],[1646.0,73.0],[1645.0,73.0],[1645.0,70.0],[1644.0,70.0],[1644.0,64.0],[1643.0,64.0],[1643.0,63.0],[1641.0,63.0],[1641.0,64.0],[1640.0,64.0],[1640.0,65.0],[1639.0,65.0],[1639.0,66.0],[1638.0,66.0],[1638.0,67.0],[1635.0,67.0],[1635.0,68.0],[1631.0,68.0],[1631.0,67.0],[1630.0,67.0],[1630.0,65.0],[1629.0,65.0],[1629.0,63.0],[1627.0,63.0],[1627.0,62.0]]],[[[1716.0,190.0],[1716.0,191.0],[1715.0,191.0],[1715.0,192.0],[1710.0,192.0],[1710.0,191.0],[1709.0,191.0],[1709.0,189.0],[1710.0,189.0],[1710.0,188.0],[1711.0,188.0],[1711.0,187.0],[1710.0,187.0],[1710.0,186.0],[1711.0,186.0],[1711.0,185.0],[1712.0,185.0],[1712.0,181.0],[1713.0,181.0],[1713.0,180.0],[1715.0,180.0],[1715.0,179.0],[1716.0,179.0],[1716.0,180.0],[1717.0,180.0],[1717.0,181.0],[1719.0,181.0],[1719.0,182.0],[1720.0,182.0],[1720.0,183.0],[1721.0,183.0],[1721.0,184.0],[1720.0,184.0],[1720.0,185.0],[1719.0,185.0],[1719.0,187.0],[1720.0,187.0],[1720.0,188.0],[1719.0,188.0],[1719.0,189.0],[1717.0,189.0],[1717.0,190.0],[1716.0,190.0]]],[[[1683.0,199.0],[1682.0,199.0],[1682.0,198.0],[1679.0,198.0],[1679.0,197.0],[1677.0,197.0],[1677.0,196.0],[1676.0,196.0],[1676.0,195.0],[1677.0,195.0],[1677.0,194.0],[1682.0,194.0],[1682.0,193.0],[1683.0,193.0],[1683.0,192.0],[1684.0,192.0],[1684.0,193.0],[1687.0,193.0],[1687.0,192.0],[1688.0,192.0],[1688.0,191.0],[1689.0,191.0],[1689.0,190.0],[1691.0,190.0],[1691.0,191.0],[1692.0,191.0],[1692.0,192.0],[1694.0,192.0],[1694.0,190.0],[1693.0,190.0],[1693.0,186.0],[1694.0,186.0],[1694.0,185.0],[1696.0,185.0],[1696.0,184.0],[1695.0,184.0],[1695.0,183.0],[1696.0,183.0],[1696.0,182.0],[1698.0,182.0],[1698.0,181.0],[1699.0,181.0],[1699.0,180.0],[1701.0,180.0],[1701.0,181.0],[1702.0,181.0],[1702.0,182.0],[1703.0,182.0],[1703.0,183.0],[1702.0,183.0],[1702.0,184.0],[1701.0,184.0],[1701.0,188.0],[1702.0,188.0],[1702.0,189.0],[1701.0,189.0],[1701.0,190.0],[1702.0,190.0],[1702.0,193.0],[1701.0,193.0],[1701.0,196.0],[1702.0,196.0],[1702.0,197.0],[1703.0,197.0],[1703.0,198.0],[1704.0,198.0],[1704.0,200.0],[1705.0,200.0],[1705.0,201.0],[1704.0,201.0],[1704.0,202.0],[1702.0,202.0],[1702.0,203.0],[1700.0,203.0],[1700.0,204.0],[1696.0,204.0],[1696.0,206.0],[1697.0,206.0],[1697.0,207.0],[1696.0,207.0],[1696.0,208.0],[1690.0,208.0],[1690.0,207.0],[1688.0,207.0],[1688.0,206.0],[1687.0,206.0],[1687.0,205.0],[1688.0,205.0],[1688.0,204.0],[1690.0,204.0],[1690.0,203.0],[1691.0,203.0],[1691.0,200.0],[1683.0,200.0],[1683.0,199.0]]],[[[1731.0,206.0],[1729.0,206.0],[1729.0,207.0],[1728.0,207.0],[1728.0,206.0],[1727.0,206.0],[1727.0,203.0],[1726.0,203.0],[1726.0,202.0],[1727.0,202.0],[1727.0,201.0],[1730.0,201.0],[1730.0,200.0],[1731.0,200.0],[1731.0,196.0],[1730.0,196.0],[1730.0,195.0],[1729.0,195.0],[1729.0,193.0],[1730.0,193.0],[1730.0,192.0],[1734.0,192.0],[1734.0,193.0],[1735.0,193.0],[1735.0,194.0],[1736.0,194.0],[1736.0,196.0],[1737.0,196.0],[1737.0,198.0],[1736.0,198.0],[1736.0,202.0],[1737.0,202.0],[1737.0,203.0],[1738.0,203.0],[1738.0,205.0],[1737.0,205.0],[1737.0,206.0],[1736.0,206.0],[1736.0,207.0],[1731.0,207.0],[1731.0,206.0]]],[[[1776.0,206.0],[1776.0,207.0],[1774.0,207.0],[1774.0,206.0],[1773.0,206.0],[1773.0,205.0],[1772.0,205.0],[1772.0,203.0],[1773.0,203.0],[1773.0,202.0],[1774.0,202.0],[1774.0,201.0],[1775.0,201.0],[1775.0,200.0],[1776.0,200.0],[1776.0,199.0],[1781.0,199.0],[1781.0,198.0],[1782.0,198.0],[1782.0,197.0],[1785.0,197.0],[1785.0,198.0],[1790.0,198.0],[1790.0,199.0],[1795.0,199.0],[1795.0,200.0],[1796.0,200.0],[1796.0,201.0],[1795.0,201.0],[1795.0,202.0],[1786.0,202.0],[1786.0,203.0],[1784.0,203.0],[1784.0,204.0],[1783.0,204.0],[1783.0,205.0],[1779.0,205.0],[1779.0,206.0],[1776.0,206.0]]],[[[1733.0,223.0],[1732.0,223.0],[1732.0,224.0],[1730.0,224.0],[1730.0,223.0],[1728.0,223.0],[1728.0,222.0],[1727.0,222.0],[1727.0,218.0],[1728.0,218.0],[1728.0,217.0],[1730.0,217.0],[1730.0,218.0],[1732.0,218.0],[1732.0,219.0],[1733.0,219.0],[1733.0,221.0],[1734.0,221.0],[1734.0,222.0],[1733.0,222.0],[1733.0,223.0]]],[[[1754.0,227.0],[1753.0,227.0],[1753.0,228.0],[1752.0,228.0],[1752.0,227.0],[1751.0,227.0],[1751.0,225.0],[1750.0,225.0],[1750.0,221.0],[1751.0,221.0],[1751.0,220.0],[1753.0,220.0],[1753.0,219.0],[1754.0,219.0],[1754.0,218.0],[1755.0,218.0],[1755.0,217.0],[1756.0,217.0],[1756.0,218.0],[1757.0,218.0],[1757.0,219.0],[1760.0,219.0],[1760.0,220.0],[1761.0,220.0],[1761.0,222.0],[1760.0,222.0],[1760.0,223.0],[1758.0,223.0],[1758.0,224.0],[1757.0,224.0],[1757.0,225.0],[1756.0,225.0],[1756.0,226.0],[1754.0,226.0],[1754.0,227.0]]],[[[1677.0,237.0],[1677.0,236.0],[1675.0,236.0],[1675.0,235.0],[1674.0,235.0],[1674.0,234.0],[1673.0,234.0],[1673.0,232.0],[1674.0,232.0],[1674.0,231.0],[1678.0,231.0],[1678.0,232.0],[1681.0,232.0],[1681.0,231.0],[1684.0,231.0],[1684.0,232.0],[1685.0,232.0],[1685.0,234.0],[1684.0,234.0],[1684.0,235.0],[1683.0,235.0],[1683.0,236.0],[1681.0,236.0],[1681.0,237.0],[1679.0,237.0],[1679.0,238.0],[1678.0,238.0],[1678.0,237.0],[1677.0,237.0]]],[[[1777.0,244.0],[1775.0,244.0],[1775.0,243.0],[1773.0,243.0],[1773.0,242.0],[1771.0,242.0],[1771.0,241.0],[1770.0,241.0],[1770.0,239.0],[1771.0,239.0],[1771.0,238.0],[1774.0,238.0],[1774.0,237.0],[1777.0,237.0],[1777.0,236.0],[1779.0,236.0],[1779.0,237.0],[1780.0,237.0],[1780.0,242.0],[1781.0,242.0],[1781.0,243.0],[1782.0,243.0],[1782.0,244.0],[1781.0,244.0],[1781.0,245.0],[1777.0,245.0],[1777.0,244.0]]],[[[1329.0,293.0],[1328.0,293.0],[1328.0,290.0],[1325.0,290.0],[1325.0,289.0],[1324.0,289.0],[1324.0,288.0],[1323.0,288.0],[1323.0,286.0],[1324.0,286.0],[1324.0,285.0],[1325.0,285.0],[1325.0,283.0],[1326.0,283.0],[1326.0,281.0],[1325.0,281.0],[1325.0,280.0],[1326.0,280.0],[1326.0,278.0],[1327.0,278.0],[1327.0,277.0],[1329.0,277.0],[1329.0,278.0],[1330.0,278.0],[1330.0,279.0],[1331.0,279.0],[1331.0,281.0],[1332.0,281.0],[1332.0,282.0],[1336.0,282.0],[1336.0,281.0],[1338.0,281.0],[1338.0,277.0],[1339.0,277.0],[1339.0,276.0],[1340.0,276.0],[1340.0,275.0],[1341.0,275.0],[1341.0,272.0],[1340.0,272.0],[1340.0,271.0],[1341.0,271.0],[1341.0,270.0],[1340.0,270.0],[1340.0,269.0],[1339.0,269.0],[1339.0,268.0],[1338.0,268.0],[1338.0,266.0],[1339.0,266.0],[1339.0,264.0],[1338.0,264.0],[1338.0,263.0],[1339.0,263.0],[1339.0,262.0],[1344.0,262.0],[1344.0,261.0],[1345.0,261.0],[1345.0,260.0],[1350.0,260.0],[1350.0,261.0],[1351.0,261.0],[1351.0,260.0],[1352.0,260.0],[1352.0,259.0],[1353.0,259.0],[1353.0,260.0],[1354.0,260.0],[1354.0,263.0],[1353.0,263.0],[1353.0,264.0],[1352.0,264.0],[1352.0,266.0],[1351.0,266.0],[1351.0,269.0],[1353.0,269.0],[1353.0,268.0],[1357.0,268.0],[1357.0,267.0],[1359.0,267.0],[1359.0,266.0],[1364.0,266.0],[1364.0,267.0],[1365.0,267.0],[1365.0,268.0],[1367.0,268.0],[1367.0,267.0],[1368.0,267.0],[1368.0,264.0],[1369.0,264.0],[1369.0,263.0],[1371.0,263.0],[1371.0,264.0],[1372.0,264.0],[1372.0,266.0],[1373.0,266.0],[1373.0,268.0],[1374.0,268.0],[1374.0,269.0],[1376.0,269.0],[1376.0,270.0],[1379.0,270.0],[1379.0,269.0],[1382.0,269.0],[1382.0,270.0],[1383.0,270.0],[1383.0,272.0],[1382.0,272.0],[1382.0,274.0],[1383.0,274.0],[1383.0,275.0],[1382.0,275.0],[1382.0,276.0],[1381.0,276.0],[1381.0,278.0],[1382.0,278.0],[1382.0,279.0],[1384.0,279.0],[1384.0,280.0],[1386.0,280.0],[1386.0,281.0],[1387.0,281.0],[1387.0,282.0],[1389.0,282.0],[1389.0,283.0],[1390.0,283.0],[1390.0,284.0],[1389.0,284.0],[1389.0,285.0],[1387.0,285.0],[1387.0,286.0],[1386.0,286.0],[1386.0,285.0],[1381.0,285.0],[1381.0,286.0],[1377.0,286.0],[1377.0,285.0],[1376.0,285.0],[1376.0,283.0],[1374.0,283.0],[1374.0,284.0],[1373.0,284.0],[1373.0,285.0],[1367.0,285.0],[1367.0,284.0],[1366.0,284.0],[1366.0,283.0],[1367.0,283.0],[1367.0,281.0],[1366.0,281.0],[1366.0,280.0],[1364.0,280.0],[1364.0,279.0],[1361.0,279.0],[1361.0,280.0],[1359.0,280.0],[1359.0,281.0],[1355.0,281.0],[1355.0,280.0],[1353.0,280.0],[1353.0,279.0],[1352.0,279.0],[1352.0,280.0],[1351.0,280.0],[1351.0,283.0],[1350.0,283.0],[1350.0,284.0],[1351.0,284.0],[1351.0,285.0],[1352.0,285.0],[1352.0,286.0],[1353.0,286.0],[1353.0,287.0],[1355.0,287.0],[1355.0,286.0],[1356.0,286.0],[1356.0,285.0],[1360.0,285.0],[1360.0,286.0],[1365.0,286.0],[1365.0,287.0],[1366.0,287.0],[1366.0,288.0],[1369.0,288.0],[1369.0,289.0],[1372.0,289.0],[1372.0,290.0],[1373.0,290.0],[1373.0,292.0],[1372.0,292.0],[1372.0,293.0],[1368.0,293.0],[1368.0,292.0],[1367.0,292.0],[1367.0,291.0],[1363.0,291.0],[1363.0,295.0],[1364.0,295.0],[1364.0,296.0],[1365.0,296.0],[1365.0,297.0],[1366.0,297.0],[1366.0,299.0],[1365.0,299.0],[1365.0,300.0],[1358.0,300.0],[1358.0,299.0],[1357.0,299.0],[1357.0,298.0],[1354.0,298.0],[1354.0,297.0],[1353.0,297.0],[1353.0,296.0],[1352.0,296.0],[1352.0,295.0],[1350.0,295.0],[1350.0,294.0],[1349.0,294.0],[1349.0,293.0],[1348.0,293.0],[1348.0,291.0],[1344.0,291.0],[1344.0,292.0],[1343.0,292.0],[1343.0,291.0],[1341.0,291.0],[1341.0,290.0],[1338.0,290.0],[1338.0,292.0],[1337.0,292.0],[1337.0,293.0],[1336.0,293.0],[1336.0,294.0],[1334.0,294.0],[1334.0,295.0],[1332.0,295.0],[1332.0,296.0],[1331.0,296.0],[1331.0,295.0],[1330.0,295.0],[1330.0,294.0],[1329.0,294.0],[1329.0,293.0]]],[[[1667.0,289.0],[1667.0,288.0],[1666.0,288.0],[1666.0,286.0],[1665.0,286.0],[1665.0,285.0],[1664.0,285.0],[1664.0,284.0],[1665.0,284.0],[1665.0,283.0],[1669.0,283.0],[1669.0,284.0],[1671.0,284.0],[1671.0,285.0],[1673.0,285.0],[1673.0,286.0],[1675.0,286.0],[1675.0,285.0],[1677.0,285.0],[1677.0,284.0],[1679.0,284.0],[1679.0,285.0],[1680.0,285.0],[1680.0,286.0],[1681.0,286.0],[1681.0,287.0],[1680.0,287.0],[1680.0,292.0],[1679.0,292.0],[1679.0,293.0],[1677.0,293.0],[1677.0,294.0],[1676.0,294.0],[1676.0,293.0],[1674.0,293.0],[1674.0,292.0],[1671.0,292.0],[1671.0,291.0],[1670.0,291.0],[1670.0,290.0],[1669.0,290.0],[1669.0,289.0],[1667.0,289.0]]],[[[1822.0,336.0],[1821.0,336.0],[1821.0,335.0],[1820.0,335.0],[1820.0,334.0],[1819.0,334.0],[1819.0,333.0],[1818.0,333.0],[1818.0,332.0],[1819.0,332.0],[1819.0,328.0],[1820.0,328.0],[1820.0,327.0],[1823.0,327.0],[1823.0,328.0],[1825.0,328.0],[1825.0,329.0],[1826.0,329.0],[1826.0,333.0],[1829.0,333.0],[1829.0,334.0],[1830.0,334.0],[1830.0,336.0],[1831.0,336.0],[1831.0,338.0],[1832.0,338.0],[1832.0,339.0],[1831.0,339.0],[1831.0,340.0],[1830.0,340.0],[1830.0,341.0],[1829.0,341.0],[1829.0,342.0],[1828.0,342.0],[1828.0,343.0],[1827.0,343.0],[1827.0,344.0],[1826.0,344.0],[1826.0,343.0],[1823.0,343.0],[1823.0,342.0],[1822.0,342.0],[1822.0,338.0],[1823.0,338.0],[1823.0,337.0],[1822.0,337.0],[1822.0,336.0]]],[[[1841.0,353.0],[1842.0,353.0],[1842.0,355.0],[1841.0,355.0],[1841.0,356.0],[1839.0,356.0],[1839.0,355.0],[1838.0,355.0],[1838.0,353.0],[1839.0,353.0],[1839.0,352.0],[1841.0,352.0],[1841.0,353.0]]],[[[1346.0,361.0],[1346.0,360.0],[1345.0,360.0],[1345.0,359.0],[1344.0,359.0],[1344.0,358.0],[1343.0,358.0],[1343.0,355.0],[1344.0,355.0],[1344.0,353.0],[1345.0,353.0],[1345.0,349.0],[1346.0,349.0],[1346.0,348.0],[1347.0,348.0],[1347.0,347.0],[1350.0,347.0],[1350.0,348.0],[1351.0,348.0],[1351.0,351.0],[1352.0,351.0],[1352.0,354.0],[1353.0,354.0],[1353.0,355.0],[1356.0,355.0],[1356.0,354.0],[1357.0,354.0],[1357.0,353.0],[1365.0,353.0],[1365.0,352.0],[1366.0,352.0],[1366.0,353.0],[1367.0,353.0],[1367.0,354.0],[1369.0,354.0],[1369.0,355.0],[1371.0,355.0],[1371.0,356.0],[1373.0,356.0],[1373.0,357.0],[1374.0,357.0],[1374.0,358.0],[1373.0,358.0],[1373.0,359.0],[1369.0,359.0],[1369.0,361.0],[1370.0,361.0],[1370.0,362.0],[1371.0,362.0],[1371.0,363.0],[1372.0,363.0],[1372.0,364.0],[1371.0,364.0],[1371.0,365.0],[1365.0,365.0],[1365.0,364.0],[1364.0,364.0],[1364.0,363.0],[1363.0,363.0],[1363.0,361.0],[1362.0,361.0],[1362.0,360.0],[1361.0,360.0],[1361.0,361.0],[1358.0,361.0],[1358.0,362.0],[1357.0,362.0],[1357.0,363.0],[1355.0,363.0],[1355.0,364.0],[1351.0,364.0],[1351.0,363.0],[1348.0,363.0],[1348.0,362.0],[1347.0,362.0],[1347.0,361.0],[1346.0,361.0]]],[[[1835.0,361.0],[1834.0,361.0],[1834.0,360.0],[1833.0,360.0],[1833.0,359.0],[1831.0,359.0],[1831.0,358.0],[1830.0,358.0],[1830.0,356.0],[1831.0,356.0],[1831.0,355.0],[1833.0,355.0],[1833.0,356.0],[1834.0,356.0],[1834.0,355.0],[1835.0,355.0],[1835.0,356.0],[1836.0,356.0],[1836.0,360.0],[1835.0,360.0],[1835.0,361.0]]],[[[1796.0,371.0],[1794.0,371.0],[1794.0,372.0],[1793.0,372.0],[1793.0,373.0],[1791.0,373.0],[1791.0,372.0],[1790.0,372.0],[1790.0,367.0],[1791.0,367.0],[1791.0,366.0],[1792.0,366.0],[1792.0,364.0],[1793.0,364.0],[1793.0,363.0],[1794.0,363.0],[1794.0,362.0],[1796.0,362.0],[1796.0,361.0],[1797.0,361.0],[1797.0,360.0],[1799.0,360.0],[1799.0,361.0],[1801.0,361.0],[1801.0,356.0],[1802.0,356.0],[1802.0,354.0],[1803.0,354.0],[1803.0,353.0],[1804.0,353.0],[1804.0,352.0],[1805.0,352.0],[1805.0,350.0],[1806.0,350.0],[1806.0,349.0],[1805.0,349.0],[1805.0,346.0],[1806.0,346.0],[1806.0,344.0],[1807.0,344.0],[1807.0,343.0],[1808.0,343.0],[1808.0,342.0],[1810.0,342.0],[1810.0,341.0],[1811.0,341.0],[1811.0,340.0],[1813.0,340.0],[1813.0,339.0],[1814.0,339.0],[1814.0,338.0],[1815.0,338.0],[1815.0,339.0],[1816.0,339.0],[1816.0,340.0],[1818.0,340.0],[1818.0,341.0],[1820.0,341.0],[1820.0,342.0],[1821.0,342.0],[1821.0,344.0],[1820.0,344.0],[1820.0,345.0],[1818.0,345.0],[1818.0,346.0],[1817.0,346.0],[1817.0,349.0],[1816.0,349.0],[1816.0,350.0],[1817.0,350.0],[1817.0,351.0],[1816.0,351.0],[1816.0,352.0],[1814.0,352.0],[1814.0,353.0],[1813.0,353.0],[1813.0,354.0],[1812.0,354.0],[1812.0,355.0],[1808.0,355.0],[1808.0,357.0],[1807.0,357.0],[1807.0,358.0],[1806.0,358.0],[1806.0,360.0],[1807.0,360.0],[1807.0,363.0],[1806.0,363.0],[1806.0,364.0],[1805.0,364.0],[1805.0,365.0],[1806.0,365.0],[1806.0,368.0],[1807.0,368.0],[1807.0,369.0],[1809.0,369.0],[1809.0,368.0],[1810.0,368.0],[1810.0,367.0],[1814.0,367.0],[1814.0,366.0],[1815.0,366.0],[1815.0,367.0],[1816.0,367.0],[1816.0,368.0],[1817.0,368.0],[1817.0,369.0],[1818.0,369.0],[1818.0,372.0],[1819.0,372.0],[1819.0,373.0],[1820.0,373.0],[1820.0,374.0],[1821.0,374.0],[1821.0,377.0],[1820.0,377.0],[1820.0,379.0],[1819.0,379.0],[1819.0,380.0],[1816.0,380.0],[1816.0,379.0],[1812.0,379.0],[1812.0,380.0],[1811.0,380.0],[1811.0,383.0],[1812.0,383.0],[1812.0,385.0],[1811.0,385.0],[1811.0,386.0],[1810.0,386.0],[1810.0,387.0],[1809.0,387.0],[1809.0,388.0],[1808.0,388.0],[1808.0,389.0],[1809.0,389.0],[1809.0,390.0],[1808.0,390.0],[1808.0,391.0],[1806.0,391.0],[1806.0,390.0],[1804.0,390.0],[1804.0,389.0],[1803.0,389.0],[1803.0,388.0],[1804.0,388.0],[1804.0,384.0],[1805.0,384.0],[1805.0,379.0],[1802.0,379.0],[1802.0,378.0],[1800.0,378.0],[1800.0,377.0],[1799.0,377.0],[1799.0,375.0],[1800.0,375.0],[1800.0,373.0],[1799.0,373.0],[1799.0,372.0],[1796.0,372.0],[1796.0,371.0]]],[[[1369.0,379.0],[1369.0,378.0],[1368.0,378.0],[1368.0,377.0],[1367.0,377.0],[1367.0,376.0],[1366.0,376.0],[1366.0,375.0],[1367.0,375.0],[1367.0,373.0],[1368.0,373.0],[1368.0,372.0],[1369.0,372.0],[1369.0,371.0],[1373.0,371.0],[1373.0,370.0],[1374.0,370.0],[1374.0,368.0],[1375.0,368.0],[1375.0,367.0],[1376.0,367.0],[1376.0,365.0],[1375.0,365.0],[1375.0,363.0],[1376.0,363.0],[1376.0,362.0],[1378.0,362.0],[1378.0,361.0],[1379.0,361.0],[1379.0,360.0],[1380.0,360.0],[1380.0,358.0],[1379.0,358.0],[1379.0,357.0],[1380.0,357.0],[1380.0,356.0],[1381.0,356.0],[1381.0,354.0],[1382.0,354.0],[1382.0,353.0],[1383.0,353.0],[1383.0,354.0],[1388.0,354.0],[1388.0,355.0],[1390.0,355.0],[1390.0,356.0],[1391.0,356.0],[1391.0,357.0],[1392.0,357.0],[1392.0,359.0],[1391.0,359.0],[1391.0,362.0],[1390.0,362.0],[1390.0,363.0],[1389.0,363.0],[1389.0,362.0],[1388.0,362.0],[1388.0,363.0],[1386.0,363.0],[1386.0,364.0],[1383.0,364.0],[1383.0,365.0],[1382.0,365.0],[1382.0,367.0],[1381.0,367.0],[1381.0,368.0],[1380.0,368.0],[1380.0,370.0],[1379.0,370.0],[1379.0,371.0],[1378.0,371.0],[1378.0,373.0],[1377.0,373.0],[1377.0,375.0],[1376.0,375.0],[1376.0,376.0],[1375.0,376.0],[1375.0,377.0],[1374.0,377.0],[1374.0,378.0],[1371.0,378.0],[1371.0,379.0],[1369.0,379.0]]],[[[1827.0,373.0],[1824.0,373.0],[1824.0,372.0],[1823.0,372.0],[1823.0,371.0],[1822.0,371.0],[1822.0,370.0],[1821.0,370.0],[1821.0,369.0],[1822.0,369.0],[1822.0,365.0],[1823.0,365.0],[1823.0,363.0],[1822.0,363.0],[1822.0,362.0],[1823.0,362.0],[1823.0,361.0],[1825.0,361.0],[1825.0,360.0],[1827.0,360.0],[1827.0,361.0],[1828.0,361.0],[1828.0,362.0],[1829.0,362.0],[1829.0,365.0],[1828.0,365.0],[1828.0,367.0],[1829.0,367.0],[1829.0,368.0],[1828.0,368.0],[1828.0,369.0],[1827.0,369.0],[1827.0,370.0],[1828.0,370.0],[1828.0,372.0],[1827.0,372.0],[1827.0,373.0]]],[[[1851.0,367.0],[1849.0,367.0],[1849.0,366.0],[1848.0,366.0],[1848.0,365.0],[1849.0,365.0],[1849.0,363.0],[1848.0,363.0],[1848.0,356.0],[1849.0,356.0],[1849.0,355.0],[1850.0,355.0],[1850.0,356.0],[1851.0,356.0],[1851.0,357.0],[1852.0,357.0],[1852.0,359.0],[1853.0,359.0],[1853.0,360.0],[1854.0,360.0],[1854.0,361.0],[1855.0,361.0],[1855.0,362.0],[1859.0,362.0],[1859.0,361.0],[1862.0,361.0],[1862.0,362.0],[1863.0,362.0],[1863.0,363.0],[1862.0,363.0],[1862.0,364.0],[1861.0,364.0],[1861.0,365.0],[1860.0,365.0],[1860.0,366.0],[1859.0,366.0],[1859.0,368.0],[1860.0,368.0],[1860.0,369.0],[1861.0,369.0],[1861.0,370.0],[1860.0,370.0],[1860.0,371.0],[1861.0,371.0],[1861.0,372.0],[1862.0,372.0],[1862.0,373.0],[1863.0,373.0],[1863.0,375.0],[1862.0,375.0],[1862.0,376.0],[1860.0,376.0],[1860.0,377.0],[1858.0,377.0],[1858.0,378.0],[1857.0,378.0],[1857.0,379.0],[1853.0,379.0],[1853.0,378.0],[1852.0,378.0],[1852.0,374.0],[1851.0,374.0],[1851.0,373.0],[1852.0,373.0],[1852.0,371.0],[1851.0,371.0],[1851.0,370.0],[1850.0,370.0],[1850.0,368.0],[1851.0,368.0],[1851.0,367.0]]],[[[1616.0,360.0],[1616.0,359.0],[1614.0,359.0],[1614.0,358.0],[1612.0,358.0],[1612.0,353.0],[1611.0,353.0],[1611.0,350.0],[1612.0,350.0],[1612.0,347.0],[1615.0,347.0],[1615.0,348.0],[1616.0,348.0],[1616.0,349.0],[1618.0,349.0],[1618.0,350.0],[1621.0,350.0],[1621.0,348.0],[1619.0,348.0],[1619.0,343.0],[1618.0,343.0],[1618.0,341.0],[1616.0,341.0],[1616.0,334.0],[1615.0,334.0],[1615.0,332.0],[1613.0,332.0],[1613.0,329.0],[1615.0,329.0],[1615.0,327.0],[1619.0,327.0],[1619.0,329.0],[1620.0,329.0],[1620.0,331.0],[1621.0,331.0],[1621.0,332.0],[1623.0,332.0],[1623.0,335.0],[1624.0,335.0],[1624.0,334.0],[1625.0,334.0],[1625.0,333.0],[1626.0,333.0],[1626.0,332.0],[1628.0,332.0],[1628.0,331.0],[1629.0,331.0],[1629.0,330.0],[1631.0,330.0],[1631.0,329.0],[1634.0,329.0],[1634.0,331.0],[1635.0,331.0],[1635.0,330.0],[1637.0,330.0],[1637.0,329.0],[1638.0,329.0],[1638.0,325.0],[1640.0,325.0],[1640.0,324.0],[1641.0,324.0],[1641.0,323.0],[1640.0,323.0],[1640.0,320.0],[1641.0,320.0],[1641.0,319.0],[1642.0,319.0],[1642.0,315.0],[1640.0,315.0],[1640.0,316.0],[1636.0,316.0],[1636.0,315.0],[1634.0,315.0],[1634.0,312.0],[1633.0,312.0],[1633.0,307.0],[1635.0,307.0],[1635.0,306.0],[1634.0,306.0],[1634.0,303.0],[1636.0,303.0],[1636.0,301.0],[1638.0,301.0],[1638.0,299.0],[1644.0,299.0],[1644.0,298.0],[1645.0,298.0],[1645.0,294.0],[1647.0,294.0],[1647.0,290.0],[1648.0,290.0],[1648.0,287.0],[1649.0,287.0],[1649.0,285.0],[1653.0,285.0],[1653.0,286.0],[1655.0,286.0],[1655.0,293.0],[1657.0,293.0],[1657.0,295.0],[1659.0,295.0],[1659.0,298.0],[1660.0,298.0],[1660.0,299.0],[1661.0,299.0],[1661.0,300.0],[1662.0,300.0],[1662.0,301.0],[1664.0,301.0],[1664.0,302.0],[1671.0,302.0],[1671.0,303.0],[1673.0,303.0],[1673.0,306.0],[1671.0,306.0],[1671.0,308.0],[1672.0,308.0],[1672.0,310.0],[1673.0,310.0],[1673.0,311.0],[1676.0,311.0],[1676.0,310.0],[1680.0,310.0],[1680.0,309.0],[1682.0,309.0],[1682.0,308.0],[1685.0,308.0],[1685.0,307.0],[1687.0,307.0],[1687.0,306.0],[1688.0,306.0],[1688.0,305.0],[1691.0,305.0],[1691.0,304.0],[1692.0,304.0],[1692.0,302.0],[1693.0,302.0],[1693.0,301.0],[1692.0,301.0],[1692.0,295.0],[1694.0,295.0],[1694.0,293.0],[1695.0,293.0],[1695.0,292.0],[1696.0,292.0],[1696.0,291.0],[1695.0,291.0],[1695.0,290.0],[1694.0,290.0],[1694.0,288.0],[1693.0,288.0],[1693.0,280.0],[1692.0,280.0],[1692.0,278.0],[1689.0,278.0],[1689.0,279.0],[1688.0,279.0],[1688.0,280.0],[1687.0,280.0],[1687.0,281.0],[1684.0,281.0],[1684.0,279.0],[1683.0,279.0],[1683.0,278.0],[1682.0,278.0],[1682.0,277.0],[1680.0,277.0],[1680.0,276.0],[1679.0,276.0],[1679.0,275.0],[1677.0,275.0],[1677.0,274.0],[1674.0,274.0],[1674.0,272.0],[1673.0,272.0],[1673.0,270.0],[1671.0,270.0],[1671.0,265.0],[1669.0,265.0],[1669.0,260.0],[1671.0,260.0],[1671.0,259.0],[1672.0,259.0],[1672.0,258.0],[1674.0,258.0],[1674.0,257.0],[1675.0,257.0],[1675.0,256.0],[1676.0,256.0],[1676.0,255.0],[1677.0,255.0],[1677.0,254.0],[1678.0,254.0],[1678.0,253.0],[1679.0,253.0],[1679.0,249.0],[1683.0,249.0],[1683.0,245.0],[1685.0,245.0],[1685.0,244.0],[1687.0,244.0],[1687.0,243.0],[1693.0,243.0],[1693.0,244.0],[1694.0,244.0],[1694.0,243.0],[1701.0,243.0],[1701.0,244.0],[1703.0,244.0],[1703.0,246.0],[1704.0,246.0],[1704.0,244.0],[1706.0,244.0],[1706.0,243.0],[1704.0,243.0],[1704.0,242.0],[1700.0,242.0],[1700.0,240.0],[1699.0,240.0],[1699.0,238.0],[1697.0,238.0],[1697.0,231.0],[1699.0,231.0],[1699.0,230.0],[1700.0,230.0],[1700.0,229.0],[1701.0,229.0],[1701.0,228.0],[1702.0,228.0],[1702.0,227.0],[1713.0,227.0],[1713.0,226.0],[1715.0,226.0],[1715.0,225.0],[1721.0,225.0],[1721.0,226.0],[1724.0,226.0],[1724.0,227.0],[1726.0,227.0],[1726.0,231.0],[1729.0,231.0],[1729.0,235.0],[1733.0,235.0],[1733.0,234.0],[1738.0,234.0],[1738.0,235.0],[1740.0,235.0],[1740.0,237.0],[1741.0,237.0],[1741.0,236.0],[1742.0,236.0],[1742.0,235.0],[1743.0,235.0],[1743.0,234.0],[1744.0,234.0],[1744.0,233.0],[1747.0,233.0],[1747.0,235.0],[1749.0,235.0],[1749.0,236.0],[1757.0,236.0],[1757.0,237.0],[1759.0,237.0],[1759.0,238.0],[1760.0,238.0],[1760.0,239.0],[1761.0,239.0],[1761.0,240.0],[1762.0,240.0],[1762.0,243.0],[1763.0,243.0],[1763.0,244.0],[1765.0,244.0],[1765.0,245.0],[1767.0,245.0],[1767.0,248.0],[1765.0,248.0],[1765.0,250.0],[1764.0,250.0],[1764.0,251.0],[1763.0,251.0],[1763.0,252.0],[1765.0,252.0],[1765.0,253.0],[1769.0,253.0],[1769.0,252.0],[1772.0,252.0],[1772.0,251.0],[1775.0,251.0],[1775.0,252.0],[1777.0,252.0],[1777.0,253.0],[1782.0,253.0],[1782.0,256.0],[1781.0,256.0],[1781.0,261.0],[1780.0,261.0],[1780.0,265.0],[1781.0,265.0],[1781.0,267.0],[1782.0,267.0],[1782.0,268.0],[1784.0,268.0],[1784.0,273.0],[1785.0,273.0],[1785.0,276.0],[1786.0,276.0],[1786.0,278.0],[1792.0,278.0],[1792.0,276.0],[1791.0,276.0],[1791.0,275.0],[1790.0,275.0],[1790.0,274.0],[1789.0,274.0],[1789.0,273.0],[1788.0,273.0],[1788.0,271.0],[1786.0,271.0],[1786.0,268.0],[1789.0,268.0],[1789.0,267.0],[1790.0,267.0],[1790.0,266.0],[1792.0,266.0],[1792.0,265.0],[1794.0,265.0],[1794.0,263.0],[1795.0,263.0],[1795.0,256.0],[1796.0,256.0],[1796.0,254.0],[1791.0,254.0],[1791.0,253.0],[1790.0,253.0],[1790.0,251.0],[1789.0,251.0],[1789.0,247.0],[1788.0,247.0],[1788.0,240.0],[1787.0,240.0],[1787.0,239.0],[1786.0,239.0],[1786.0,236.0],[1787.0,236.0],[1787.0,235.0],[1788.0,235.0],[1788.0,234.0],[1789.0,234.0],[1789.0,233.0],[1790.0,233.0],[1790.0,232.0],[1791.0,232.0],[1791.0,230.0],[1789.0,230.0],[1789.0,229.0],[1786.0,229.0],[1786.0,228.0],[1784.0,228.0],[1784.0,230.0],[1781.0,230.0],[1781.0,228.0],[1779.0,228.0],[1779.0,229.0],[1778.0,229.0],[1778.0,230.0],[1777.0,230.0],[1777.0,232.0],[1776.0,232.0],[1776.0,233.0],[1771.0,233.0],[1771.0,234.0],[1768.0,234.0],[1768.0,229.0],[1770.0,229.0],[1770.0,228.0],[1771.0,228.0],[1771.0,227.0],[1772.0,227.0],[1772.0,225.0],[1773.0,225.0],[1773.0,224.0],[1772.0,224.0],[1772.0,221.0],[1774.0,221.0],[1774.0,216.0],[1775.0,216.0],[1775.0,214.0],[1778.0,214.0],[1778.0,213.0],[1779.0,213.0],[1779.0,212.0],[1780.0,212.0],[1780.0,210.0],[1786.0,210.0],[1786.0,212.0],[1787.0,212.0],[1787.0,211.0],[1793.0,211.0],[1793.0,212.0],[1796.0,212.0],[1796.0,211.0],[1797.0,211.0],[1797.0,210.0],[1803.0,210.0],[1803.0,211.0],[1804.0,211.0],[1804.0,216.0],[1807.0,216.0],[1807.0,218.0],[1812.0,218.0],[1812.0,219.0],[1814.0,219.0],[1814.0,221.0],[1815.0,221.0],[1815.0,223.0],[1816.0,223.0],[1816.0,224.0],[1819.0,224.0],[1819.0,225.0],[1822.0,225.0],[1822.0,229.0],[1821.0,229.0],[1821.0,230.0],[1817.0,230.0],[1817.0,233.0],[1816.0,233.0],[1816.0,234.0],[1820.0,234.0],[1820.0,235.0],[1822.0,235.0],[1822.0,234.0],[1825.0,234.0],[1825.0,233.0],[1826.0,233.0],[1826.0,232.0],[1827.0,232.0],[1827.0,231.0],[1828.0,231.0],[1828.0,228.0],[1832.0,228.0],[1832.0,231.0],[1833.0,231.0],[1833.0,236.0],[1834.0,236.0],[1834.0,247.0],[1836.0,247.0],[1836.0,251.0],[1835.0,251.0],[1835.0,254.0],[1834.0,254.0],[1834.0,256.0],[1831.0,256.0],[1831.0,255.0],[1829.0,255.0],[1829.0,264.0],[1827.0,264.0],[1827.0,265.0],[1829.0,265.0],[1829.0,270.0],[1827.0,270.0],[1827.0,272.0],[1828.0,272.0],[1828.0,273.0],[1832.0,273.0],[1832.0,274.0],[1836.0,274.0],[1836.0,275.0],[1837.0,275.0],[1837.0,274.0],[1838.0,274.0],[1838.0,273.0],[1839.0,273.0],[1839.0,272.0],[1840.0,272.0],[1840.0,270.0],[1841.0,270.0],[1841.0,269.0],[1846.0,269.0],[1846.0,280.0],[1845.0,280.0],[1845.0,281.0],[1847.0,281.0],[1847.0,285.0],[1848.0,285.0],[1848.0,286.0],[1850.0,286.0],[1850.0,287.0],[1853.0,287.0],[1853.0,292.0],[1845.0,292.0],[1845.0,293.0],[1844.0,293.0],[1844.0,294.0],[1843.0,294.0],[1843.0,296.0],[1840.0,296.0],[1840.0,295.0],[1839.0,295.0],[1839.0,294.0],[1838.0,294.0],[1838.0,295.0],[1837.0,295.0],[1837.0,296.0],[1836.0,296.0],[1836.0,297.0],[1835.0,297.0],[1835.0,298.0],[1834.0,298.0],[1834.0,299.0],[1835.0,299.0],[1835.0,303.0],[1836.0,303.0],[1836.0,304.0],[1837.0,304.0],[1837.0,310.0],[1834.0,310.0],[1834.0,309.0],[1833.0,309.0],[1833.0,310.0],[1832.0,310.0],[1832.0,312.0],[1831.0,312.0],[1831.0,314.0],[1830.0,314.0],[1830.0,315.0],[1825.0,315.0],[1825.0,316.0],[1822.0,316.0],[1822.0,317.0],[1817.0,317.0],[1817.0,318.0],[1815.0,318.0],[1815.0,319.0],[1812.0,319.0],[1812.0,320.0],[1811.0,320.0],[1811.0,321.0],[1810.0,321.0],[1810.0,323.0],[1811.0,323.0],[1811.0,324.0],[1812.0,324.0],[1812.0,329.0],[1810.0,329.0],[1810.0,330.0],[1809.0,330.0],[1809.0,331.0],[1808.0,331.0],[1808.0,332.0],[1807.0,332.0],[1807.0,334.0],[1806.0,334.0],[1806.0,335.0],[1805.0,335.0],[1805.0,339.0],[1804.0,339.0],[1804.0,340.0],[1803.0,340.0],[1803.0,343.0],[1801.0,343.0],[1801.0,345.0],[1800.0,345.0],[1800.0,347.0],[1799.0,347.0],[1799.0,348.0],[1798.0,348.0],[1798.0,349.0],[1797.0,349.0],[1797.0,350.0],[1795.0,350.0],[1795.0,351.0],[1793.0,351.0],[1793.0,352.0],[1791.0,352.0],[1791.0,354.0],[1790.0,354.0],[1790.0,355.0],[1789.0,355.0],[1789.0,356.0],[1787.0,356.0],[1787.0,357.0],[1786.0,357.0],[1786.0,359.0],[1785.0,359.0],[1785.0,361.0],[1784.0,361.0],[1784.0,366.0],[1782.0,366.0],[1782.0,367.0],[1783.0,367.0],[1783.0,370.0],[1782.0,370.0],[1782.0,374.0],[1783.0,374.0],[1783.0,375.0],[1785.0,375.0],[1785.0,377.0],[1786.0,377.0],[1786.0,382.0],[1785.0,382.0],[1785.0,386.0],[1786.0,386.0],[1786.0,387.0],[1787.0,387.0],[1787.0,388.0],[1788.0,388.0],[1788.0,389.0],[1789.0,389.0],[1789.0,390.0],[1790.0,390.0],[1790.0,391.0],[1792.0,391.0],[1792.0,392.0],[1793.0,392.0],[1793.0,393.0],[1794.0,393.0],[1794.0,394.0],[1795.0,394.0],[1795.0,395.0],[1796.0,395.0],[1796.0,396.0],[1797.0,396.0],[1797.0,397.0],[1799.0,397.0],[1799.0,400.0],[1800.0,400.0],[1800.0,404.0],[1794.0,404.0],[1794.0,411.0],[1792.0,411.0],[1792.0,412.0],[1790.0,412.0],[1790.0,419.0],[1788.0,419.0],[1788.0,421.0],[1787.0,421.0],[1787.0,422.0],[1786.0,422.0],[1786.0,423.0],[1785.0,423.0],[1785.0,424.0],[1780.0,424.0],[1780.0,423.0],[1779.0,423.0],[1779.0,422.0],[1778.0,422.0],[1778.0,420.0],[1777.0,420.0],[1777.0,419.0],[1775.0,419.0],[1775.0,418.0],[1774.0,418.0],[1774.0,417.0],[1773.0,417.0],[1773.0,416.0],[1769.0,416.0],[1769.0,415.0],[1768.0,415.0],[1768.0,416.0],[1767.0,416.0],[1767.0,418.0],[1763.0,418.0],[1763.0,416.0],[1762.0,416.0],[1762.0,417.0],[1761.0,417.0],[1761.0,420.0],[1760.0,420.0],[1760.0,424.0],[1759.0,424.0],[1759.0,428.0],[1758.0,428.0],[1758.0,431.0],[1756.0,431.0],[1756.0,433.0],[1757.0,433.0],[1757.0,434.0],[1759.0,434.0],[1759.0,438.0],[1756.0,438.0],[1756.0,439.0],[1755.0,439.0],[1755.0,440.0],[1754.0,440.0],[1754.0,442.0],[1751.0,442.0],[1751.0,443.0],[1743.0,443.0],[1743.0,442.0],[1741.0,442.0],[1741.0,441.0],[1740.0,441.0],[1740.0,439.0],[1739.0,439.0],[1739.0,436.0],[1738.0,436.0],[1738.0,435.0],[1737.0,435.0],[1737.0,433.0],[1735.0,433.0],[1735.0,431.0],[1732.0,431.0],[1732.0,430.0],[1731.0,430.0],[1731.0,436.0],[1730.0,436.0],[1730.0,438.0],[1726.0,438.0],[1726.0,437.0],[1724.0,437.0],[1724.0,435.0],[1723.0,435.0],[1723.0,434.0],[1722.0,434.0],[1722.0,432.0],[1719.0,432.0],[1719.0,435.0],[1717.0,435.0],[1717.0,445.0],[1719.0,445.0],[1719.0,446.0],[1720.0,446.0],[1720.0,447.0],[1722.0,447.0],[1722.0,450.0],[1720.0,450.0],[1720.0,451.0],[1718.0,451.0],[1718.0,452.0],[1716.0,452.0],[1716.0,457.0],[1715.0,457.0],[1715.0,466.0],[1714.0,466.0],[1714.0,473.0],[1716.0,473.0],[1716.0,475.0],[1718.0,475.0],[1718.0,483.0],[1717.0,483.0],[1717.0,486.0],[1713.0,486.0],[1713.0,482.0],[1711.0,482.0],[1711.0,481.0],[1709.0,481.0],[1709.0,480.0],[1708.0,480.0],[1708.0,479.0],[1706.0,479.0],[1706.0,478.0],[1705.0,478.0],[1705.0,477.0],[1700.0,477.0],[1700.0,478.0],[1693.0,478.0],[1693.0,479.0],[1691.0,479.0],[1691.0,480.0],[1690.0,480.0],[1690.0,482.0],[1689.0,482.0],[1689.0,484.0],[1686.0,484.0],[1686.0,487.0],[1684.0,487.0],[1684.0,489.0],[1680.0,489.0],[1680.0,488.0],[1679.0,488.0],[1679.0,486.0],[1677.0,486.0],[1677.0,487.0],[1676.0,487.0],[1676.0,491.0],[1677.0,491.0],[1677.0,494.0],[1675.0,494.0],[1675.0,496.0],[1676.0,496.0],[1676.0,499.0],[1677.0,499.0],[1677.0,501.0],[1678.0,501.0],[1678.0,502.0],[1679.0,502.0],[1679.0,503.0],[1681.0,503.0],[1681.0,508.0],[1679.0,508.0],[1679.0,513.0],[1680.0,513.0],[1680.0,514.0],[1682.0,514.0],[1682.0,519.0],[1681.0,519.0],[1681.0,520.0],[1680.0,520.0],[1680.0,522.0],[1679.0,522.0],[1679.0,524.0],[1676.0,524.0],[1676.0,523.0],[1675.0,523.0],[1675.0,522.0],[1674.0,522.0],[1674.0,521.0],[1672.0,521.0],[1672.0,513.0],[1673.0,513.0],[1673.0,506.0],[1672.0,506.0],[1672.0,504.0],[1670.0,504.0],[1670.0,500.0],[1669.0,500.0],[1669.0,498.0],[1667.0,498.0],[1667.0,494.0],[1665.0,494.0],[1665.0,486.0],[1666.0,486.0],[1666.0,484.0],[1665.0,484.0],[1665.0,482.0],[1664.0,482.0],[1664.0,480.0],[1662.0,480.0],[1662.0,476.0],[1663.0,476.0],[1663.0,472.0],[1662.0,472.0],[1662.0,471.0],[1661.0,471.0],[1661.0,470.0],[1659.0,470.0],[1659.0,467.0],[1661.0,467.0],[1661.0,465.0],[1662.0,465.0],[1662.0,463.0],[1663.0,463.0],[1663.0,462.0],[1668.0,462.0],[1668.0,461.0],[1670.0,461.0],[1670.0,455.0],[1669.0,455.0],[1669.0,454.0],[1666.0,454.0],[1666.0,453.0],[1661.0,453.0],[1661.0,452.0],[1660.0,452.0],[1660.0,451.0],[1658.0,451.0],[1658.0,450.0],[1657.0,450.0],[1657.0,449.0],[1655.0,449.0],[1655.0,448.0],[1653.0,448.0],[1653.0,447.0],[1652.0,447.0],[1652.0,445.0],[1648.0,445.0],[1648.0,443.0],[1647.0,443.0],[1647.0,442.0],[1646.0,442.0],[1646.0,440.0],[1645.0,440.0],[1645.0,438.0],[1644.0,438.0],[1644.0,437.0],[1643.0,437.0],[1643.0,436.0],[1641.0,436.0],[1641.0,434.0],[1640.0,434.0],[1640.0,431.0],[1639.0,431.0],[1639.0,426.0],[1637.0,426.0],[1637.0,425.0],[1635.0,425.0],[1635.0,424.0],[1633.0,424.0],[1633.0,418.0],[1635.0,418.0],[1635.0,417.0],[1636.0,417.0],[1636.0,416.0],[1638.0,416.0],[1638.0,415.0],[1640.0,415.0],[1640.0,411.0],[1642.0,411.0],[1642.0,405.0],[1644.0,405.0],[1644.0,404.0],[1645.0,404.0],[1645.0,403.0],[1646.0,403.0],[1646.0,399.0],[1648.0,399.0],[1648.0,398.0],[1649.0,398.0],[1649.0,397.0],[1650.0,397.0],[1650.0,396.0],[1651.0,396.0],[1651.0,394.0],[1652.0,394.0],[1652.0,392.0],[1651.0,392.0],[1651.0,389.0],[1653.0,389.0],[1653.0,386.0],[1655.0,386.0],[1655.0,378.0],[1654.0,378.0],[1654.0,370.0],[1656.0,370.0],[1656.0,369.0],[1655.0,369.0],[1655.0,367.0],[1654.0,367.0],[1654.0,366.0],[1653.0,366.0],[1653.0,370.0],[1649.0,370.0],[1649.0,372.0],[1646.0,372.0],[1646.0,371.0],[1643.0,371.0],[1643.0,372.0],[1640.0,372.0],[1640.0,379.0],[1639.0,379.0],[1639.0,381.0],[1640.0,381.0],[1640.0,384.0],[1634.0,384.0],[1634.0,379.0],[1633.0,379.0],[1633.0,378.0],[1632.0,378.0],[1632.0,377.0],[1630.0,377.0],[1630.0,376.0],[1628.0,376.0],[1628.0,375.0],[1626.0,375.0],[1626.0,372.0],[1625.0,372.0],[1625.0,368.0],[1623.0,368.0],[1623.0,367.0],[1620.0,367.0],[1620.0,362.0],[1619.0,362.0],[1619.0,360.0],[1616.0,360.0]],[[1738.0,240.0],[1739.0,240.0],[1739.0,241.0],[1741.0,241.0],[1741.0,240.0],[1740.0,240.0],[1740.0,239.0],[1738.0,239.0],[1738.0,240.0]]],[[[1831.0,394.0],[1829.0,394.0],[1829.0,395.0],[1827.0,395.0],[1827.0,394.0],[1826.0,394.0],[1826.0,390.0],[1825.0,390.0],[1825.0,387.0],[1826.0,387.0],[1826.0,386.0],[1827.0,386.0],[1827.0,385.0],[1828.0,385.0],[1828.0,384.0],[1829.0,384.0],[1829.0,383.0],[1830.0,383.0],[1830.0,382.0],[1831.0,382.0],[1831.0,379.0],[1832.0,379.0],[1832.0,378.0],[1833.0,378.0],[1833.0,377.0],[1835.0,377.0],[1835.0,376.0],[1838.0,376.0],[1838.0,377.0],[1839.0,377.0],[1839.0,379.0],[1838.0,379.0],[1838.0,381.0],[1837.0,381.0],[1837.0,382.0],[1836.0,382.0],[1836.0,383.0],[1835.0,383.0],[1835.0,385.0],[1834.0,385.0],[1834.0,387.0],[1833.0,387.0],[1833.0,389.0],[1832.0,389.0],[1832.0,390.0],[1831.0,390.0],[1831.0,392.0],[1832.0,392.0],[1832.0,393.0],[1831.0,393.0],[1831.0,394.0]]],[[[1348.0,406.0],[1347.0,406.0],[1347.0,405.0],[1346.0,405.0],[1346.0,404.0],[1343.0,404.0],[1343.0,403.0],[1342.0,403.0],[1342.0,400.0],[1343.0,400.0],[1343.0,399.0],[1344.0,399.0],[1344.0,398.0],[1345.0,398.0],[1345.0,397.0],[1346.0,397.0],[1346.0,396.0],[1347.0,396.0],[1347.0,397.0],[1350.0,397.0],[1350.0,396.0],[1352.0,396.0],[1352.0,397.0],[1353.0,397.0],[1353.0,399.0],[1354.0,399.0],[1354.0,400.0],[1356.0,400.0],[1356.0,401.0],[1357.0,401.0],[1357.0,411.0],[1358.0,411.0],[1358.0,412.0],[1359.0,412.0],[1359.0,414.0],[1358.0,414.0],[1358.0,416.0],[1359.0,416.0],[1359.0,417.0],[1360.0,417.0],[1360.0,418.0],[1359.0,418.0],[1359.0,419.0],[1356.0,419.0],[1356.0,418.0],[1355.0,418.0],[1355.0,416.0],[1354.0,416.0],[1354.0,414.0],[1352.0,414.0],[1352.0,413.0],[1351.0,413.0],[1351.0,411.0],[1350.0,411.0],[1350.0,408.0],[1349.0,408.0],[1349.0,407.0],[1348.0,407.0],[1348.0,406.0]]],[[[1430.0,425.0],[1430.0,424.0],[1429.0,424.0],[1429.0,422.0],[1427.0,422.0],[1427.0,421.0],[1426.0,421.0],[1426.0,418.0],[1427.0,418.0],[1427.0,417.0],[1429.0,417.0],[1429.0,418.0],[1431.0,418.0],[1431.0,419.0],[1433.0,419.0],[1433.0,420.0],[1435.0,420.0],[1435.0,421.0],[1436.0,421.0],[1436.0,422.0],[1437.0,422.0],[1437.0,423.0],[1438.0,423.0],[1438.0,426.0],[1439.0,426.0],[1439.0,427.0],[1440.0,427.0],[1440.0,428.0],[1439.0,428.0],[1439.0,429.0],[1438.0,429.0],[1438.0,430.0],[1436.0,430.0],[1436.0,429.0],[1435.0,429.0],[1435.0,428.0],[1434.0,428.0],[1434.0,427.0],[1433.0,427.0],[1433.0,426.0],[1431.0,426.0],[1431.0,425.0],[1430.0,425.0]]],[[[1802.0,424.0],[1803.0,424.0],[1803.0,423.0],[1804.0,423.0],[1804.0,421.0],[1802.0,421.0],[1802.0,420.0],[1801.0,420.0],[1801.0,417.0],[1802.0,417.0],[1802.0,415.0],[1803.0,415.0],[1803.0,414.0],[1805.0,414.0],[1805.0,413.0],[1807.0,413.0],[1807.0,412.0],[1810.0,412.0],[1810.0,413.0],[1811.0,413.0],[1811.0,412.0],[1812.0,412.0],[1812.0,409.0],[1813.0,409.0],[1813.0,408.0],[1814.0,408.0],[1814.0,407.0],[1819.0,407.0],[1819.0,408.0],[1820.0,408.0],[1820.0,409.0],[1819.0,409.0],[1819.0,410.0],[1820.0,410.0],[1820.0,411.0],[1821.0,411.0],[1821.0,412.0],[1822.0,412.0],[1822.0,413.0],[1825.0,413.0],[1825.0,412.0],[1829.0,412.0],[1829.0,411.0],[1830.0,411.0],[1830.0,412.0],[1832.0,412.0],[1832.0,413.0],[1834.0,413.0],[1834.0,412.0],[1836.0,412.0],[1836.0,411.0],[1838.0,411.0],[1838.0,409.0],[1837.0,409.0],[1837.0,407.0],[1838.0,407.0],[1838.0,406.0],[1839.0,406.0],[1839.0,405.0],[1840.0,405.0],[1840.0,403.0],[1841.0,403.0],[1841.0,401.0],[1842.0,401.0],[1842.0,400.0],[1843.0,400.0],[1843.0,399.0],[1844.0,399.0],[1844.0,397.0],[1842.0,397.0],[1842.0,396.0],[1840.0,396.0],[1840.0,395.0],[1839.0,395.0],[1839.0,394.0],[1840.0,394.0],[1840.0,393.0],[1842.0,393.0],[1842.0,392.0],[1843.0,392.0],[1843.0,391.0],[1844.0,391.0],[1844.0,390.0],[1846.0,390.0],[1846.0,389.0],[1847.0,389.0],[1847.0,388.0],[1848.0,388.0],[1848.0,387.0],[1849.0,387.0],[1849.0,386.0],[1850.0,386.0],[1850.0,385.0],[1853.0,385.0],[1853.0,386.0],[1854.0,386.0],[1854.0,387.0],[1855.0,387.0],[1855.0,388.0],[1856.0,388.0],[1856.0,389.0],[1855.0,389.0],[1855.0,390.0],[1854.0,390.0],[1854.0,391.0],[1855.0,391.0],[1855.0,392.0],[1857.0,392.0],[1857.0,390.0],[1858.0,390.0],[1858.0,389.0],[1860.0,389.0],[1860.0,388.0],[1861.0,388.0],[1861.0,385.0],[1862.0,385.0],[1862.0,383.0],[1863.0,383.0],[1863.0,382.0],[1866.0,382.0],[1866.0,383.0],[1867.0,383.0],[1867.0,385.0],[1869.0,385.0],[1869.0,386.0],[1870.0,386.0],[1870.0,389.0],[1869.0,389.0],[1869.0,391.0],[1870.0,391.0],[1870.0,392.0],[1871.0,392.0],[1871.0,393.0],[1872.0,393.0],[1872.0,394.0],[1873.0,394.0],[1873.0,395.0],[1874.0,395.0],[1874.0,397.0],[1875.0,397.0],[1875.0,398.0],[1874.0,398.0],[1874.0,399.0],[1873.0,399.0],[1873.0,401.0],[1874.0,401.0],[1874.0,402.0],[1876.0,402.0],[1876.0,401.0],[1877.0,401.0],[1877.0,400.0],[1878.0,400.0],[1878.0,399.0],[1880.0,399.0],[1880.0,398.0],[1883.0,398.0],[1883.0,399.0],[1885.0,399.0],[1885.0,400.0],[1886.0,400.0],[1886.0,402.0],[1887.0,402.0],[1887.0,404.0],[1886.0,404.0],[1886.0,411.0],[1885.0,411.0],[1885.0,412.0],[1882.0,412.0],[1882.0,414.0],[1881.0,414.0],[1881.0,415.0],[1882.0,415.0],[1882.0,416.0],[1881.0,416.0],[1881.0,418.0],[1880.0,418.0],[1880.0,419.0],[1878.0,419.0],[1878.0,421.0],[1879.0,421.0],[1879.0,422.0],[1878.0,422.0],[1878.0,423.0],[1879.0,423.0],[1879.0,424.0],[1880.0,424.0],[1880.0,425.0],[1879.0,425.0],[1879.0,426.0],[1880.0,426.0],[1880.0,427.0],[1879.0,427.0],[1879.0,428.0],[1878.0,428.0],[1878.0,429.0],[1877.0,429.0],[1877.0,430.0],[1876.0,430.0],[1876.0,429.0],[1875.0,429.0],[1875.0,430.0],[1874.0,430.0],[1874.0,431.0],[1873.0,431.0],[1873.0,433.0],[1872.0,433.0],[1872.0,434.0],[1871.0,434.0],[1871.0,435.0],[1872.0,435.0],[1872.0,436.0],[1871.0,436.0],[1871.0,438.0],[1870.0,438.0],[1870.0,439.0],[1869.0,439.0],[1869.0,440.0],[1870.0,440.0],[1870.0,442.0],[1869.0,442.0],[1869.0,443.0],[1868.0,443.0],[1868.0,444.0],[1869.0,444.0],[1869.0,445.0],[1868.0,445.0],[1868.0,446.0],[1867.0,446.0],[1867.0,450.0],[1866.0,450.0],[1866.0,451.0],[1865.0,451.0],[1865.0,450.0],[1864.0,450.0],[1864.0,449.0],[1862.0,449.0],[1862.0,450.0],[1860.0,450.0],[1860.0,453.0],[1861.0,453.0],[1861.0,455.0],[1860.0,455.0],[1860.0,456.0],[1859.0,456.0],[1859.0,457.0],[1858.0,457.0],[1858.0,459.0],[1857.0,459.0],[1857.0,461.0],[1858.0,461.0],[1858.0,463.0],[1857.0,463.0],[1857.0,465.0],[1856.0,465.0],[1856.0,466.0],[1855.0,466.0],[1855.0,467.0],[1854.0,467.0],[1854.0,468.0],[1850.0,468.0],[1850.0,469.0],[1849.0,469.0],[1849.0,470.0],[1847.0,470.0],[1847.0,471.0],[1846.0,471.0],[1846.0,472.0],[1845.0,472.0],[1845.0,473.0],[1844.0,473.0],[1844.0,474.0],[1843.0,474.0],[1843.0,473.0],[1842.0,473.0],[1842.0,468.0],[1841.0,468.0],[1841.0,466.0],[1842.0,466.0],[1842.0,465.0],[1843.0,465.0],[1843.0,463.0],[1838.0,463.0],[1838.0,462.0],[1837.0,462.0],[1837.0,461.0],[1835.0,461.0],[1835.0,460.0],[1834.0,460.0],[1834.0,459.0],[1833.0,459.0],[1833.0,458.0],[1832.0,458.0],[1832.0,457.0],[1830.0,457.0],[1830.0,456.0],[1828.0,456.0],[1828.0,457.0],[1827.0,457.0],[1827.0,458.0],[1826.0,458.0],[1826.0,459.0],[1825.0,459.0],[1825.0,460.0],[1824.0,460.0],[1824.0,461.0],[1823.0,461.0],[1823.0,462.0],[1822.0,462.0],[1822.0,461.0],[1821.0,461.0],[1821.0,459.0],[1820.0,459.0],[1820.0,457.0],[1819.0,457.0],[1819.0,455.0],[1820.0,455.0],[1820.0,454.0],[1821.0,454.0],[1821.0,453.0],[1822.0,453.0],[1822.0,451.0],[1821.0,451.0],[1821.0,449.0],[1822.0,449.0],[1822.0,447.0],[1821.0,447.0],[1821.0,445.0],[1819.0,445.0],[1819.0,444.0],[1818.0,444.0],[1818.0,443.0],[1819.0,443.0],[1819.0,441.0],[1815.0,441.0],[1815.0,440.0],[1813.0,440.0],[1813.0,439.0],[1812.0,439.0],[1812.0,438.0],[1811.0,438.0],[1811.0,437.0],[1810.0,437.0],[1810.0,435.0],[1809.0,435.0],[1809.0,433.0],[1810.0,433.0],[1810.0,432.0],[1809.0,432.0],[1809.0,431.0],[1808.0,431.0],[1808.0,429.0],[1809.0,429.0],[1809.0,428.0],[1808.0,428.0],[1808.0,427.0],[1805.0,427.0],[1805.0,426.0],[1803.0,426.0],[1803.0,425.0],[1802.0,425.0],[1802.0,424.0]]],[[[1775.0,448.0],[1772.0,448.0],[1772.0,447.0],[1771.0,447.0],[1771.0,445.0],[1770.0,445.0],[1770.0,440.0],[1769.0,440.0],[1769.0,439.0],[1770.0,439.0],[1770.0,438.0],[1772.0,438.0],[1772.0,437.0],[1774.0,437.0],[1774.0,436.0],[1775.0,436.0],[1775.0,435.0],[1776.0,435.0],[1776.0,434.0],[1777.0,434.0],[1777.0,435.0],[1778.0,435.0],[1778.0,433.0],[1779.0,433.0],[1779.0,432.0],[1780.0,432.0],[1780.0,433.0],[1781.0,433.0],[1781.0,434.0],[1782.0,434.0],[1782.0,435.0],[1783.0,435.0],[1783.0,437.0],[1784.0,437.0],[1784.0,439.0],[1783.0,439.0],[1783.0,440.0],[1781.0,440.0],[1781.0,441.0],[1780.0,441.0],[1780.0,442.0],[1781.0,442.0],[1781.0,443.0],[1780.0,443.0],[1780.0,444.0],[1779.0,444.0],[1779.0,446.0],[1780.0,446.0],[1780.0,447.0],[1781.0,447.0],[1781.0,449.0],[1780.0,449.0],[1780.0,450.0],[1776.0,450.0],[1776.0,449.0],[1775.0,449.0],[1775.0,448.0]]],[[[1728.0,469.0],[1728.0,467.0],[1727.0,467.0],[1727.0,465.0],[1726.0,465.0],[1726.0,464.0],[1725.0,464.0],[1725.0,461.0],[1726.0,461.0],[1726.0,459.0],[1727.0,459.0],[1727.0,457.0],[1726.0,457.0],[1726.0,456.0],[1727.0,456.0],[1727.0,453.0],[1728.0,453.0],[1728.0,452.0],[1729.0,452.0],[1729.0,453.0],[1730.0,453.0],[1730.0,454.0],[1731.0,454.0],[1731.0,456.0],[1732.0,456.0],[1732.0,458.0],[1733.0,458.0],[1733.0,462.0],[1732.0,462.0],[1732.0,465.0],[1733.0,465.0],[1733.0,466.0],[1734.0,466.0],[1734.0,468.0],[1736.0,468.0],[1736.0,469.0],[1737.0,469.0],[1737.0,470.0],[1736.0,470.0],[1736.0,473.0],[1735.0,473.0],[1735.0,474.0],[1733.0,474.0],[1733.0,473.0],[1732.0,473.0],[1732.0,472.0],[1731.0,472.0],[1731.0,471.0],[1730.0,471.0],[1730.0,470.0],[1729.0,470.0],[1729.0,469.0],[1728.0,469.0]]],[[[1474.0,484.0],[1472.0,484.0],[1472.0,483.0],[1470.0,483.0],[1470.0,482.0],[1469.0,482.0],[1469.0,481.0],[1468.0,481.0],[1468.0,479.0],[1469.0,479.0],[1469.0,478.0],[1470.0,478.0],[1470.0,477.0],[1471.0,477.0],[1471.0,476.0],[1474.0,476.0],[1474.0,477.0],[1475.0,477.0],[1475.0,478.0],[1477.0,478.0],[1477.0,479.0],[1479.0,479.0],[1479.0,480.0],[1480.0,480.0],[1480.0,481.0],[1481.0,481.0],[1481.0,484.0],[1480.0,484.0],[1480.0,485.0],[1474.0,485.0],[1474.0,484.0]]],[[[1698.0,501.0],[1697.0,501.0],[1697.0,502.0],[1695.0,502.0],[1695.0,501.0],[1694.0,501.0],[1694.0,500.0],[1693.0,500.0],[1693.0,492.0],[1694.0,492.0],[1694.0,491.0],[1696.0,491.0],[1696.0,490.0],[1697.0,490.0],[1697.0,491.0],[1698.0,491.0],[1698.0,492.0],[1699.0,492.0],[1699.0,494.0],[1700.0,494.0],[1700.0,497.0],[1699.0,497.0],[1699.0,499.0],[1698.0,499.0],[1698.0,501.0]]],[[[1683.0,503.0],[1683.0,502.0],[1682.0,502.0],[1682.0,500.0],[1681.0,500.0],[1681.0,497.0],[1680.0,497.0],[1680.0,495.0],[1681.0,495.0],[1681.0,494.0],[1684.0,494.0],[1684.0,495.0],[1685.0,495.0],[1685.0,496.0],[1686.0,496.0],[1686.0,498.0],[1687.0,498.0],[1687.0,500.0],[1688.0,500.0],[1688.0,501.0],[1687.0,501.0],[1687.0,504.0],[1686.0,504.0],[1686.0,505.0],[1685.0,505.0],[1685.0,504.0],[1684.0,504.0],[1684.0,503.0],[1683.0,503.0]]],[[[1697.0,519.0],[1696.0,519.0],[1696.0,518.0],[1695.0,518.0],[1695.0,517.0],[1694.0,517.0],[1694.0,515.0],[1693.0,515.0],[1693.0,508.0],[1694.0,508.0],[1694.0,507.0],[1698.0,507.0],[1698.0,508.0],[1700.0,508.0],[1700.0,509.0],[1702.0,509.0],[1702.0,510.0],[1711.0,510.0],[1711.0,511.0],[1712.0,511.0],[1712.0,513.0],[1711.0,513.0],[1711.0,515.0],[1710.0,515.0],[1710.0,517.0],[1709.0,517.0],[1709.0,518.0],[1708.0,518.0],[1708.0,519.0],[1707.0,519.0],[1707.0,520.0],[1706.0,520.0],[1706.0,521.0],[1705.0,521.0],[1705.0,524.0],[1704.0,524.0],[1704.0,531.0],[1705.0,531.0],[1705.0,535.0],[1704.0,535.0],[1704.0,537.0],[1705.0,537.0],[1705.0,538.0],[1707.0,538.0],[1707.0,539.0],[1709.0,539.0],[1709.0,540.0],[1710.0,540.0],[1710.0,544.0],[1709.0,544.0],[1709.0,545.0],[1708.0,545.0],[1708.0,546.0],[1706.0,546.0],[1706.0,547.0],[1705.0,547.0],[1705.0,548.0],[1704.0,548.0],[1704.0,550.0],[1703.0,550.0],[1703.0,553.0],[1702.0,553.0],[1702.0,555.0],[1703.0,555.0],[1703.0,563.0],[1702.0,563.0],[1702.0,565.0],[1701.0,565.0],[1701.0,566.0],[1700.0,566.0],[1700.0,567.0],[1699.0,567.0],[1699.0,568.0],[1697.0,568.0],[1697.0,569.0],[1696.0,569.0],[1696.0,568.0],[1695.0,568.0],[1695.0,566.0],[1696.0,566.0],[1696.0,564.0],[1697.0,564.0],[1697.0,558.0],[1696.0,558.0],[1696.0,556.0],[1695.0,556.0],[1695.0,552.0],[1694.0,552.0],[1694.0,550.0],[1695.0,550.0],[1695.0,542.0],[1696.0,542.0],[1696.0,541.0],[1697.0,541.0],[1697.0,536.0],[1698.0,536.0],[1698.0,534.0],[1697.0,534.0],[1697.0,528.0],[1698.0,528.0],[1698.0,526.0],[1699.0,526.0],[1699.0,521.0],[1698.0,521.0],[1698.0,520.0],[1697.0,520.0],[1697.0,519.0]]],[[[1531.0,662.0],[1528.0,662.0],[1528.0,661.0],[1527.0,661.0],[1527.0,659.0],[1526.0,659.0],[1526.0,658.0],[1525.0,658.0],[1525.0,656.0],[1526.0,656.0],[1526.0,655.0],[1527.0,655.0],[1527.0,654.0],[1528.0,654.0],[1528.0,653.0],[1529.0,653.0],[1529.0,652.0],[1530.0,652.0],[1530.0,649.0],[1531.0,649.0],[1531.0,645.0],[1532.0,645.0],[1532.0,644.0],[1533.0,644.0],[1533.0,642.0],[1534.0,642.0],[1534.0,641.0],[1535.0,641.0],[1535.0,640.0],[1536.0,640.0],[1536.0,639.0],[1537.0,639.0],[1537.0,638.0],[1538.0,638.0],[1538.0,636.0],[1539.0,636.0],[1539.0,635.0],[1540.0,635.0],[1540.0,633.0],[1541.0,633.0],[1541.0,632.0],[1542.0,632.0],[1542.0,631.0],[1543.0,631.0],[1543.0,632.0],[1549.0,632.0],[1549.0,633.0],[1550.0,633.0],[1550.0,632.0],[1552.0,632.0],[1552.0,633.0],[1553.0,633.0],[1553.0,634.0],[1555.0,634.0],[1555.0,635.0],[1556.0,635.0],[1556.0,641.0],[1555.0,641.0],[1555.0,642.0],[1554.0,642.0],[1554.0,643.0],[1553.0,643.0],[1553.0,644.0],[1552.0,644.0],[1552.0,645.0],[1551.0,645.0],[1551.0,646.0],[1549.0,646.0],[1549.0,645.0],[1548.0,645.0],[1548.0,644.0],[1547.0,644.0],[1547.0,643.0],[1546.0,643.0],[1546.0,640.0],[1544.0,640.0],[1544.0,647.0],[1545.0,647.0],[1545.0,648.0],[1546.0,648.0],[1546.0,650.0],[1547.0,650.0],[1547.0,652.0],[1546.0,652.0],[1546.0,654.0],[1545.0,654.0],[1545.0,655.0],[1544.0,655.0],[1544.0,656.0],[1537.0,656.0],[1537.0,658.0],[1536.0,658.0],[1536.0,659.0],[1533.0,659.0],[1533.0,660.0],[1532.0,660.0],[1532.0,661.0],[1531.0,661.0],[1531.0,662.0]]],[[[1443.0,728.0],[1443.0,727.0],[1442.0,727.0],[1442.0,726.0],[1443.0,726.0],[1443.0,723.0],[1442.0,723.0],[1442.0,721.0],[1443.0,721.0],[1443.0,720.0],[1446.0,720.0],[1446.0,721.0],[1448.0,721.0],[1448.0,720.0],[1449.0,720.0],[1449.0,719.0],[1450.0,719.0],[1450.0,720.0],[1454.0,720.0],[1454.0,719.0],[1455.0,719.0],[1455.0,720.0],[1456.0,720.0],[1456.0,721.0],[1460.0,721.0],[1460.0,722.0],[1461.0,722.0],[1461.0,723.0],[1465.0,723.0],[1465.0,724.0],[1467.0,724.0],[1467.0,725.0],[1468.0,725.0],[1468.0,726.0],[1469.0,726.0],[1469.0,729.0],[1468.0,729.0],[1468.0,730.0],[1467.0,730.0],[1467.0,731.0],[1461.0,731.0],[1461.0,730.0],[1457.0,730.0],[1457.0,731.0],[1453.0,731.0],[1453.0,730.0],[1451.0,730.0],[1451.0,729.0],[1444.0,729.0],[1444.0,728.0],[1443.0,728.0]]],[[[1378.0,733.0],[1378.0,732.0],[1380.0,732.0],[1380.0,733.0],[1381.0,733.0],[1381.0,734.0],[1382.0,734.0],[1382.0,735.0],[1383.0,735.0],[1383.0,733.0],[1384.0,733.0],[1384.0,731.0],[1385.0,731.0],[1385.0,730.0],[1387.0,730.0],[1387.0,731.0],[1388.0,731.0],[1388.0,732.0],[1389.0,732.0],[1389.0,733.0],[1391.0,733.0],[1391.0,734.0],[1392.0,734.0],[1392.0,735.0],[1394.0,735.0],[1394.0,736.0],[1395.0,736.0],[1395.0,738.0],[1396.0,738.0],[1396.0,739.0],[1397.0,739.0],[1397.0,741.0],[1398.0,741.0],[1398.0,742.0],[1401.0,742.0],[1401.0,743.0],[1402.0,743.0],[1402.0,744.0],[1403.0,744.0],[1403.0,748.0],[1402.0,748.0],[1402.0,749.0],[1400.0,749.0],[1400.0,748.0],[1396.0,748.0],[1396.0,747.0],[1394.0,747.0],[1394.0,746.0],[1392.0,746.0],[1392.0,747.0],[1390.0,747.0],[1390.0,748.0],[1391.0,748.0],[1391.0,749.0],[1392.0,749.0],[1392.0,751.0],[1393.0,751.0],[1393.0,754.0],[1392.0,754.0],[1392.0,755.0],[1391.0,755.0],[1391.0,756.0],[1390.0,756.0],[1390.0,755.0],[1389.0,755.0],[1389.0,754.0],[1388.0,754.0],[1388.0,753.0],[1387.0,753.0],[1387.0,751.0],[1386.0,751.0],[1386.0,749.0],[1385.0,749.0],[1385.0,748.0],[1384.0,748.0],[1384.0,747.0],[1383.0,747.0],[1383.0,746.0],[1382.0,746.0],[1382.0,744.0],[1381.0,744.0],[1381.0,742.0],[1379.0,742.0],[1379.0,743.0],[1377.0,743.0],[1377.0,742.0],[1376.0,742.0],[1376.0,741.0],[1377.0,741.0],[1377.0,740.0],[1378.0,740.0],[1378.0,738.0],[1377.0,738.0],[1377.0,737.0],[1376.0,737.0],[1376.0,734.0],[1377.0,734.0],[1377.0,733.0],[1378.0,733.0]],[[1384.0,735.0],[1383.0,735.0],[1383.0,736.0],[1384.0,736.0],[1384.0,735.0]]],[[[1356.0,778.0],[1355.0,778.0],[1355.0,777.0],[1351.0,777.0],[1351.0,776.0],[1350.0,776.0],[1350.0,774.0],[1349.0,774.0],[1349.0,772.0],[1350.0,772.0],[1350.0,771.0],[1351.0,771.0],[1351.0,770.0],[1352.0,770.0],[1352.0,769.0],[1353.0,769.0],[1353.0,767.0],[1354.0,767.0],[1354.0,766.0],[1360.0,766.0],[1360.0,765.0],[1361.0,765.0],[1361.0,764.0],[1364.0,764.0],[1364.0,763.0],[1365.0,763.0],[1365.0,764.0],[1366.0,764.0],[1366.0,763.0],[1367.0,763.0],[1367.0,764.0],[1368.0,764.0],[1368.0,765.0],[1369.0,765.0],[1369.0,766.0],[1370.0,766.0],[1370.0,768.0],[1369.0,768.0],[1369.0,769.0],[1368.0,769.0],[1368.0,771.0],[1367.0,771.0],[1367.0,772.0],[1366.0,772.0],[1366.0,773.0],[1365.0,773.0],[1365.0,774.0],[1364.0,774.0],[1364.0,775.0],[1362.0,775.0],[1362.0,776.0],[1360.0,776.0],[1360.0,777.0],[1356.0,777.0],[1356.0,778.0]]]]}}]}