{"type":"FeatureCollection","features":[{"type":"Feature","id":"region-border-001-019-001","properties":{"id":"region-border-001-019-001","type":"region-border","countryId":"country-019","leftRegionId":"region-034","rightRegionId":"region-003"},"geometry":{"type":"LineString","coordinates":[[1080.6201716738196,508.2254295532646],[1083.147532188841,506.0522336769759],[1083.147532188841,504.96563573883157],[1083.508583690987,504.96563573883157],[1083.869635193133,503.51683848797245],[1084.591738197425,503.15463917525767],[1084.9527896995708,501.70584192439867],[1086.0359442060085,501.3436426116839],[1086.7580472103004,500.25704467353955],[1087.4801502145922,500.25704467353955],[1088.924356223176,498.80824742268044],[1090.3685622317596,498.44604810996566],[1090.7296137339056,497.7216494845361],[1091.4517167381973,497.7216494845361],[1092.1738197424893,496.63505154639176],[1092.895922746781,496.63505154639176],[1093.256974248927,495.9106529209622],[1093.9790772532187,495.9106529209622],[1094.7011802575107,495.18625429553265],[1095.7843347639484,495.18625429553265],[1095.7843347639484,494.82405498281787],[1096.8674892703862,494.82405498281787],[1096.8674892703862,494.4618556701031],[1097.950643776824,494.4618556701031],[1097.950643776824,494.0996563573883],[1099.7559012875536,494.0996563573883],[1100.4780042918455,494.82405498281787],[1100.4780042918455,495.5484536082474],[1100.8390557939915,495.5484536082474],[1103.005364806867,500.61924398625433],[1104.8106223175964,502.06804123711345],[1104.8106223175964,502.7924398625429],[1107.6990343347638,505.6900343642611],[1107.6990343347638,506.4144329896907],[1110.2263948497853,508.94982817869413],[1110.2263948497853,509.6742268041237],[1117.4474248927038,516.9182130584193],[1118.5305793991415,516.9182130584193],[1119.2526824034335,518.0048109965636],[1119.9747854077252,518.0048109965636],[1120.6968884120172,519.4536082474227]]}},{"type":"Feature","id":"region-border-001-021-001","properties":{"id":"region-border-001-021-001","type":"region-border","countryId":"country-019","leftRegionId":"region-034","rightRegionId":"region-023"},"geometry":{"type":"LineString","coordinates":[[1091.4517167381973,595.8776632302405],[1093.9790772532187,595.1532646048109],[1096.1453862660944,592.9800687285223],[1096.1453862660944,592.2556701030928],[1096.8674892703862,591.893470790378],[1096.8674892703862,591.1690721649485],[1098.3116952789699,589.7202749140894],[1101.5611587982833,589.7202749140894],[1102.644313304721,590.8068728522337],[1103.366416309013,590.8068728522337],[1103.7274678111587,591.5312714776633],[1104.4495708154507,591.5312714776633],[1107.3379828326179,594.4288659793814],[1108.7821888412018,598.413058419244],[1109.5042918454935,598.413058419244],[1110.2263948497853,599.1374570446735],[1110.5874463519312,601.3106529209622],[1111.6706008583692,602.3972508591065],[1111.6706008583692,603.1216494845361],[1112.392703862661,603.4838487972509],[1112.392703862661,604.2082474226804],[1112.753755364807,604.2082474226804],[1112.753755364807,604.93264604811],[1113.8369098712446,606.3814432989691],[1114.9200643776824,606.0192439862543],[1115.2811158798283,603.8460481099656],[1117.086373390558,601.672852233677],[1123.9463519313304,600.9484536082474],[1123.9463519313304,600.2240549828178],[1124.6684549356223,599.4996563573883],[1124.6684549356223,597.6886597938144],[1125.75160944206,596.6020618556701]]}},{"type":"Feature","id":"region-border-001-022-001","properties":{"id":"region-border-001-022-001","type":"region-border","countryId":"country-019","leftRegionId":"region-034","rightRegionId":"region-012"},"geometry":{"type":"LineString","coordinates":[[1120.6968884120172,519.4536082474227],[1120.3358369098712,519.4536082474227],[1120.3358369098712,520.9024054982817],[1119.9747854077252,520.9024054982817],[1119.6137339055795,524.1621993127147],[1119.2526824034335,524.1621993127147],[1118.8916309012875,525.9731958762886],[1118.1695278969958,526.3353951890034],[1118.1695278969958,527.059793814433],[1117.4474248927038,527.059793814433],[1117.086373390558,527.7841924398625],[1115.642167381974,528.1463917525773],[1115.2811158798283,528.8707903780069],[1114.5590128755364,528.8707903780069],[1114.1979613733906,529.5951890034364],[1113.4758583690987,529.5951890034364],[1113.1148068669527,530.319587628866],[1112.392703862661,530.319587628866],[1110.9484978540772,531.7683848797251],[1110.2263948497853,531.7683848797251],[1110.2263948497853,532.1305841924399],[1109.5042918454935,532.1305841924399],[1109.5042918454935,532.4927835051546],[1108.7821888412018,532.4927835051546],[1108.4211373390558,533.2171821305842],[1107.3379828326179,533.579381443299],[1107.3379828326179,534.3037800687285],[1106.6158798283261,535.0281786941581],[1106.6158798283261,537.9257731958763],[1106.976931330472,537.9257731958763],[1106.976931330472,539.0123711340206],[1108.0600858369098,539.7367697594501],[1108.0600858369098,541.547766323024],[1107.3379828326179,542.2721649484536],[1105.5327253218884,542.6343642611683],[1105.5327253218884,544.4453608247422],[1105.8937768240344,544.4453608247422],[1106.2548283261804,545.5319587628866],[1109.1432403433475,546.6185567010309],[1111.6706008583692,549.1539518900344],[1112.031652360515,550.9649484536083],[1112.392703862661,550.9649484536083],[1112.753755364807,552.7759450171822],[1113.1148068669527,552.7759450171822],[1113.1148068669527,553.8625429553265],[1113.8369098712446,554.586941580756],[1112.753755364807,557.846735395189],[1111.6706008583692,558.9333333333333],[1109.5042918454935,559.2955326460481],[1107.3379828326179,561.4687285223367],[1107.3379828326179,563.2797250859106],[1108.4211373390558,564.366323024055],[1112.392703862661,565.8151202749141],[1114.9200643776824,568.3505154639175],[1115.2811158798283,571.2481099656358],[1117.8084763948498,572.3347079037801],[1117.8084763948498,572.6969072164949],[1118.5305793991415,572.6969072164949],[1118.5305793991415,573.0591065292097],[1119.2526824034335,573.0591065292097],[1120.3358369098712,574.5079037800688],[1119.9747854077252,577.0432989690721],[1118.5305793991415,578.4920962199312],[1117.8084763948498,578.4920962199312],[1117.086373390558,579.2164948453608],[1116.00321888412,579.2164948453608],[1114.9200643776824,580.3030927835051],[1114.9200643776824,581.0274914089347],[1112.392703862661,583.5628865979381],[1112.031652360515,585.373883161512],[1112.753755364807,586.0982817869416],[1118.1695278969958,587.5470790378007],[1118.5305793991415,588.2714776632303],[1119.9747854077252,588.633676975945],[1120.6968884120172,589.7202749140894],[1121.418991416309,589.7202749140894],[1121.780042918455,590.4446735395189],[1122.5021459227469,590.4446735395189],[1122.8631974248926,591.1690721649485],[1124.6684549356223,591.893470790378],[1126.112660944206,593.7044673539518],[1125.75160944206,596.6020618556701]]}},{"type":"Feature","id":"region-border-002-007-001","properties":{"id":"region-border-002-007-001","type":"region-border","countryId":"country-019","leftRegionId":"region-028","rightRegionId":"region-021"},"geometry":{"type":"LineString","coordinates":[[1156.4409871244634,692.5848797250859],[1157.1630901287554,693.3092783505155],[1158.246244635193,693.3092783505155],[1158.246244635193,693.6714776632302],[1159.6904506437768,694.033676975945],[1160.0515021459228,694.7580756013746],[1160.7736051502145,694.7580756013746],[1161.4957081545065,695.4824742268041],[1161.1346566523605,698.3800687285224],[1161.4957081545065,698.3800687285224],[1161.8567596566522,701.6398625429553],[1162.2178111587982,701.6398625429553],[1162.5788626609442,703.4508591065292],[1164.3841201716737,704.8996563573883],[1167.994635193133,704.8996563573883],[1167.994635193133,704.5374570446735],[1168.716738197425,704.5374570446735],[1172.68830472103,700.1910652920963],[1172.68830472103,699.1044673539519],[1173.049356223176,699.1044673539519],[1172.68830472103,695.1202749140894],[1173.049356223176,695.1202749140894],[1173.4104077253219,692.9470790378007],[1173.7714592274679,692.9470790378007],[1173.7714592274679,687.514089347079],[1176.2988197424893,684.9786941580755],[1178.4651287553647,684.9786941580755],[1179.9093347639484,686.4274914089347],[1180.2703862660944,687.8762886597938],[1180.9924892703862,688.2384879725086],[1180.9924892703862,688.9628865979381],[1181.3535407725321,688.9628865979381],[1181.3535407725321,689.6872852233677],[1182.075643776824,690.0494845360824],[1182.4366952789699,691.1360824742268],[1186.0,691.49354574838]]}},{"type":"Feature","id":"region-border-002-009-001","properties":{"id":"region-border-002-009-001","type":"region-border","countryId":"country-019","leftRegionId":"region-028","rightRegionId":"region-030"},"geometry":{"type":"LineString","coordinates":[[1087.8412017167382,731.7024054982818],[1088.56330472103,732.0646048109966],[1088.56330472103,732.7890034364261],[1089.2854077253219,733.5134020618557],[1089.2854077253219,734.6],[1090.3685622317596,736.0487972508591],[1091.0906652360513,738.9463917525774],[1092.1738197424893,740.0329896907217],[1093.256974248927,740.0329896907217],[1093.256974248927,740.3951890034365],[1098.3116952789699,740.0329896907217],[1098.3116952789699,739.6707903780069],[1101.2001072961373,738.9463917525774],[1101.2001072961373,738.5841924398626],[1105.8937768240344,738.9463917525774],[1105.8937768240344,738.5841924398626],[1106.976931330472,738.5841924398626],[1106.976931330472,738.2219931271478],[1108.7821888412018,737.859793814433],[1108.7821888412018,737.4975945017183],[1123.2242489270386,736.4109965635739],[1123.2242489270386,736.0487972508591],[1124.6684549356223,735.6865979381444],[1126.4737124463518,733.8756013745705],[1133.6947424892703,734.2378006872852],[1133.6947424892703,733.8756013745705],[1135.861051502146,733.8756013745705],[1135.861051502146,733.5134020618557],[1150.3031115879828,733.8756013745705],[1150.3031115879828,734.2378006872852],[1151.0252145922746,734.2378006872852],[1152.4694206008583,735.3243986254296],[1152.4694206008583,736.0487972508591],[1154.1384391371205,737.7231217257591]]}},{"type":"Feature","id":"region-border-002-018-001","properties":{"id":"region-border-002-018-001","type":"region-border","countryId":"country-019","leftRegionId":"region-028","rightRegionId":"region-024"},"geometry":{"type":"LineString","coordinates":[[1116.364270386266,685.7030927835051],[1117.086373390558,689.3250859106529],[1117.4474248927038,689.3250859106529],[1118.1695278969958,691.4982817869416],[1118.8916309012875,691.8604810996563],[1118.8916309012875,692.5848797250859],[1119.6137339055795,692.5848797250859],[1119.6137339055795,692.9470790378007],[1121.418991416309,692.2226804123711],[1121.780042918455,691.4982817869416],[1124.3074034334763,691.4982817869416],[1126.112660944206,689.6872852233677],[1127.9179184549357,689.3250859106529],[1129.0010729613734,687.8762886597938],[1129.0010729613734,686.0652920962199],[1129.3621244635192,686.0652920962199],[1129.3621244635192,684.9786941580755],[1129.7231759656652,684.9786941580755],[1130.0842274678112,683.5298969072164],[1131.5284334763949,682.4432989690722],[1135.861051502146,682.4432989690722],[1135.861051502146,682.805498281787],[1136.5831545064377,682.805498281787],[1138.3884120171674,684.6164948453608],[1138.7494635193134,688.2384879725086],[1139.1105150214592,688.2384879725086],[1139.1105150214592,689.3250859106529],[1139.8326180257511,689.6872852233677],[1139.8326180257511,690.4116838487972],[1140.5547210300429,690.4116838487972],[1141.2768240343348,691.4982817869416],[1143.4431330472103,691.8604810996563],[1143.8041845493563,693.3092783505155],[1144.1652360515022,693.3092783505155],[1144.1652360515022,694.3958762886598],[1145.24839055794,695.4824742268041],[1147.0536480686694,695.4824742268041],[1147.0536480686694,695.8446735395189],[1148.4978540772531,695.8446735395189],[1148.4978540772531,696.2068728522337],[1150.3031115879828,696.5690721649485],[1150.3031115879828,696.9312714776632],[1152.1083690987125,696.9312714776632],[1153.1915236051502,695.8446735395189],[1153.913626609442,695.8446735395189],[1154.99678111588,694.7580756013746],[1155.3578326180257,693.3092783505155],[1156.4409871244634,692.5848797250859]]}},{"type":"Feature","id":"region-border-002-024-001","properties":{"id":"region-border-002-024-001","type":"region-border","countryId":"country-019","leftRegionId":"region-028","rightRegionId":"region-029"},"geometry":{"type":"LineString","coordinates":[[1095.4232832618027,706.7106529209622],[1095.7843347639484,708.1594501718213],[1096.5064377682402,708.1594501718213],[1096.8674892703862,708.8838487972508],[1101.2001072961373,709.6082474226804],[1101.922210300429,710.33264604811],[1101.922210300429,712.1436426116838],[1100.1169527896996,713.592439862543],[1099.7559012875536,715.4034364261169],[1099.3948497854076,715.4034364261169],[1099.3948497854076,716.852233676976],[1098.3116952789699,718.3010309278351],[1093.256974248927,719.0254295532646],[1092.1738197424893,720.1120274914089],[1092.1738197424893,720.8364261168385],[1091.0906652360513,722.2852233676977],[1091.0906652360513,723.371821305842],[1090.7296137339056,723.371821305842],[1090.7296137339056,724.0962199312714],[1089.6464592274679,725.5450171821306],[1089.2854077253219,728.080412371134],[1088.924356223176,728.080412371134],[1088.924356223176,729.1670103092783],[1088.56330472103,729.1670103092783],[1088.56330472103,730.2536082474227],[1088.2022532188842,730.2536082474227],[1087.8412017167382,731.7024054982818]]}},{"type":"Feature","id":"region-border-002-027-001","properties":{"id":"region-border-002-027-001","type":"region-border","countryId":"country-019","leftRegionId":"region-028","rightRegionId":"region-027"},"geometry":{"type":"LineString","coordinates":[[1095.4232832618027,706.7106529209622],[1096.1453862660944,706.3484536082474],[1096.1453862660944,705.6240549828178],[1096.8674892703862,704.8996563573883],[1097.5895922746781,700.1910652920963],[1097.950643776824,700.1910652920963],[1097.950643776824,697.6556701030928],[1098.3116952789699,697.6556701030928],[1098.6727467811158,695.8446735395189],[1099.7559012875536,694.7580756013746],[1101.922210300429,694.033676975945],[1103.7274678111587,691.8604810996563],[1108.4211373390558,691.8604810996563],[1108.4211373390558,692.2226804123711],[1109.5042918454935,691.8604810996563],[1110.5874463519312,690.4116838487972],[1110.5874463519312,688.2384879725086],[1111.6706008583692,686.7896907216494],[1113.4758583690987,686.4274914089347],[1113.4758583690987,686.0652920962199],[1116.364270386266,685.7030927835051]]}},{"type":"Feature","id":"region-border-003-008-001","properties":{"id":"region-border-003-008-001","type":"region-border","countryId":"country-019","leftRegionId":"region-010","rightRegionId":"region-009"},"geometry":{"type":"LineString","coordinates":[[1190.3798283261804,505.6900343642611],[1190.7408798283261,505.6900343642611],[1191.101931330472,504.241237113402],[1193.9903433476395,502.06804123711345],[1200.489270386266,502.06804123711345],[1200.489270386266,502.4302405498281],[1201.5724248927038,502.7924398625429],[1202.6555793991415,505.32783505154634],[1204.0997854077252,506.4144329896907],[1205.543991416309,506.4144329896907],[1205.543991416309,506.0522336769759],[1207.3492489270386,505.6900343642611],[1207.3492489270386,505.32783505154634],[1209.1545064377683,505.32783505154634],[1210.237660944206,506.4144329896907],[1210.9597639484978,506.4144329896907],[1211.3208154506437,507.501030927835],[1211.6818669527897,507.501030927835],[1211.3208154506437,509.3120274914089],[1210.9597639484978,509.3120274914089],[1210.9597639484978,511.84742268041236],[1211.3208154506437,511.84742268041236],[1212.4039699570815,514.7450171821306],[1212.0429184549357,514.7450171821306],[1211.6818669527897,515.8316151202749],[1208.0713519313304,516.5560137457045],[1205.182939914163,519.8158075601375],[1204.4608369098712,519.8158075601375],[1204.0997854077252,520.540206185567],[1203.3776824034335,520.540206185567],[1202.6555793991415,521.2646048109965],[1200.850321888412,521.6268041237113],[1200.850321888412,521.2646048109965],[1199.767167381974,521.2646048109965],[1199.767167381974,520.9024054982817],[1198.3229613733906,520.9024054982817],[1197.9619098712446,519.8158075601375],[1196.156652360515,518.0048109965636],[1196.156652360515,515.8316151202749],[1196.517703862661,515.8316151202749],[1196.517703862661,514.3828178694158],[1196.8787553648067,514.3828178694158],[1196.8787553648067,513.2962199312715],[1197.2398068669527,513.2962199312715],[1197.2398068669527,512.2096219931271],[1197.6008583690987,512.2096219931271],[1197.2398068669527,511.1230240549828],[1192.1850858369098,510.39862542955325],[1190.3798283261804,508.2254295532646],[1190.3798283261804,505.6900343642611]]}},{"type":"Feature","id":"region-border-004-006-001","properties":{"id":"region-border-004-006-001","type":"region-border","countryId":"country-019","leftRegionId":"region-020","rightRegionId":"region-022"},"geometry":{"type":"LineString","coordinates":[[1198.3229613733906,635.719587628866],[1198.3229613733906,636.4439862542955],[1197.2398068669527,636.8061855670103],[1195.4345493562232,638.6171821305842],[1195.4345493562232,639.7037800687285],[1195.0734978540772,639.7037800687285],[1195.0734978540772,641.8769759450172],[1195.4345493562232,641.8769759450172],[1195.4345493562232,642.9635738831615],[1195.7956008583692,642.9635738831615],[1195.7956008583692,644.0501718213059],[1196.156652360515,644.0501718213059],[1196.156652360515,645.498969072165],[1195.7956008583692,645.498969072165],[1195.4345493562232,646.9477663230241],[1194.7124463519312,647.3099656357388],[1194.7124463519312,648.0343642611683],[1193.9903433476395,648.7587628865979],[1193.9903433476395,649.8453608247422]]}},{"type":"Feature","id":"region-border-004-007-001","properties":{"id":"region-border-004-007-001","type":"region-border","countryId":"country-019","leftRegionId":"region-020","rightRegionId":"region-021"},"geometry":{"type":"LineString","coordinates":[[1193.9903433476395,649.8453608247422],[1196.517703862661,650.9319587628866],[1197.2398068669527,651.6563573883161],[1197.2398068669527,653.1051546391752],[1196.517703862661,653.8295532646048],[1194.3513948497853,654.5539518900343],[1192.9071888412018,656.0027491408935],[1192.9071888412018,656.727147766323],[1192.1850858369098,657.0893470790378],[1192.5461373390558,660.3491408934708],[1193.2682403433475,661.0735395189004],[1197.2398068669527,661.4357388316151],[1197.2398068669527,661.7979381443299],[1200.12821888412,661.0735395189004],[1200.850321888412,659.986941580756],[1203.3776824034335,659.986941580756],[1203.7387339055795,660.3491408934708],[1204.4608369098712,665.0577319587629],[1205.182939914163,665.0577319587629],[1205.905042918455,665.7821305841924],[1208.7934549356223,666.1443298969072],[1209.1545064377683,666.8687285223367],[1210.237660944206,667.2309278350515],[1210.237660944206,667.955326460481],[1210.9597639484978,668.6797250859106],[1210.9597639484978,670.1285223367697],[1212.0429184549357,670.4907216494845],[1212.0429184549357,670.8529209621993],[1213.4871244635192,670.8529209621993],[1214.2092274678112,671.5773195876288],[1214.2092274678112,672.3017182130584],[1215.2923819742489,673.7505154639175],[1215.2923819742489,674.8371134020618],[1215.6534334763949,674.8371134020618],[1216.0144849785406,682.0810996563574],[1216.3755364806866,682.0810996563574],[1216.7365879828326,684.9786941580755],[1217.0976394849786,684.9786941580755],[1217.1047189261972,685.0]]}},{"type":"Feature","id":"region-border-004-014-001","properties":{"id":"region-border-004-014-001","type":"region-border","countryId":"country-019","leftRegionId":"region-020","rightRegionId":"region-019"},"geometry":{"type":"LineString","coordinates":[[1198.3229613733906,635.719587628866],[1200.12821888412,635.719587628866],[1200.12821888412,636.0817869415807],[1201.5724248927038,636.4439862542955],[1201.9334763948498,637.1683848797251],[1203.3776824034335,637.5305841924398],[1203.7387339055795,638.2549828178694],[1204.4608369098712,638.2549828178694],[1204.8218884120172,639.3415807560137],[1205.182939914163,639.3415807560137],[1205.182939914163,641.5147766323024],[1205.905042918455,642.239175257732],[1206.6271459227469,642.239175257732],[1207.7103004291846,643.3257731958763],[1210.5987124463518,644.0501718213059],[1210.9597639484978,645.8611683848798],[1211.3208154506437,645.8611683848798],[1211.6818669527897,649.1209621993127],[1212.7650214592275,649.4831615120274],[1212.7650214592275,649.8453608247422],[1216.0144849785406,649.8453608247422],[1216.0144849785406,650.207560137457],[1216.7365879828326,650.207560137457],[1217.0976394849786,651.6563573883161],[1217.4586909871246,651.6563573883161],[1217.4586909871246,652.7429553264604],[1217.8197424892703,652.7429553264604],[1217.4586909871246,654.5539518900343],[1217.0976394849786,654.5539518900343],[1217.0976394849786,655.6405498281787],[1217.4586909871246,655.6405498281787],[1217.8197424892703,657.0893470790378],[1218.902896995708,657.4515463917526],[1219.263948497854,658.1759450171821],[1222.1523605150214,658.9003436426117],[1222.1523605150214,659.2625429553265],[1223.9576180257511,658.9003436426117],[1224.6797210300429,658.1759450171821],[1225.4018240343348,655.2783505154639],[1225.7628755364806,655.2783505154639],[1226.1239270386266,652.0185567010309],[1226.4849785407725,652.0185567010309],[1227.5681330472103,649.1209621993127],[1229.012339055794,647.6721649484535],[1229.012339055794,646.9477663230241],[1230.8175965665237,645.498969072165],[1231.1786480686694,643.6879725085911],[1231.9007510729614,642.9635738831615],[1231.9007510729614,641.8769759450172],[1232.2618025751071,641.8769759450172],[1232.2618025751071,640.7903780068729],[1232.6228540772531,640.7903780068729],[1232.983905579399,639.7037800687285],[1234.4281115879828,639.7037800687285],[1234.4281115879828,639.3415807560137],[1241.2880901287554,639.7037800687285],[1241.2880901287554,639.3415807560137],[1243.0933476394848,639.3415807560137],[1243.0933476394848,638.979381443299],[1244.1765021459228,638.979381443299],[1244.1765021459228,638.6171821305842],[1247.425965665236,638.979381443299],[1247.425965665236,638.6171821305842],[1249.5922746781116,638.6171821305842],[1249.5922746781116,638.2549828178694],[1250.6754291845493,638.2549828178694],[1250.6754291845493,637.8927835051546],[1254.6469957081545,637.8927835051546],[1254.6469957081545,638.2549828178694],[1256.0912017167382,638.6171821305842],[1258.2575107296138,641.5147766323024],[1257.8964592274679,643.3257731958763],[1257.174356223176,644.0501718213059],[1256.4522532188842,644.0501718213059],[1256.0912017167382,645.1367697594502],[1255.7301502145922,645.1367697594502],[1256.4522532188842,647.3099656357388],[1257.8964592274679,648.3965635738831],[1262.9511802575107,648.3965635738831],[1263.3122317596567,649.4831615120274],[1263.6732832618027,649.4831615120274],[1263.6732832618027,652.3807560137457],[1265.4785407725321,652.7429553264604],[1265.4785407725321,652.3807560137457],[1267.2837982832618,652.3807560137457],[1267.2837982832618,652.0185567010309],[1269.0890557939915,652.0185567010309],[1269.0890557939915,651.6563573883161],[1270.894313304721,651.6563573883161],[1270.894313304721,651.2941580756013],[1273.4216738197424,650.9319587628866],[1273.7827253218884,649.1209621993127],[1274.1437768240344,649.1209621993127],[1274.1437768240344,646.9477663230241],[1273.7827253218884,646.9477663230241],[1273.7827253218884,646.2233676975945],[1272.6995708154507,644.7745704467354],[1272.6995708154507,642.9635738831615],[1274.8658798283261,640.7903780068729],[1274.8658798283261,640.0659793814433],[1275.5879828326179,639.7037800687285],[1275.5879828326179,638.979381443299],[1275.9490343347638,638.979381443299],[1276.3100858369098,637.5305841924398],[1277.0321888412018,637.1683848797251],[1277.0321888412018,637.0]]}},{"type":"Feature","id":"region-border-005-013-001","properties":{"id":"region-border-005-013-001","type":"region-border","countryId":"country-019","leftRegionId":"region-005","rightRegionId":"region-015"},"geometry":{"type":"LineString","coordinates":[[1344.5488197424893,465.485910652921],[1344.9098712446353,467.2969072164948],[1344.5488197424893,467.2969072164948],[1343.4656652360513,475.9896907216495]]}},{"type":"Feature","id":"region-border-005-020-001","properties":{"id":"region-border-005-020-001","type":"region-border","countryId":"country-019","leftRegionId":"region-005","rightRegionId":"region-004"},"geometry":{"type":"LineString","coordinates":[[1326.5355954808374,427.0],[1326.857296137339,432.1635738831615],[1327.9404506437768,432.52577319587624],[1327.9404506437768,432.887972508591],[1330.1067596566522,433.2501718213058],[1331.5509656652362,434.6989690721649],[1331.912017167382,436.5099656357388],[1332.273068669528,436.5099656357388],[1332.273068669528,439.04536082474226],[1331.912017167382,439.04536082474226],[1331.912017167382,440.1319587628866],[1331.5509656652362,440.1319587628866],[1331.1899141630902,442.30515463917527],[1330.8288626609442,442.30515463917527],[1331.1899141630902,448.46254295532646],[1331.5509656652362,448.46254295532646],[1332.6341201716737,451.36013745704463],[1335.883583690987,454.61993127147764],[1335.883583690987,455.3443298969072],[1338.7719957081545,457.51752577319587],[1338.7719957081545,458.24192439862543],[1339.4940987124464,458.966323024055],[1340.2162017167382,462.5883161512028],[1340.93830472103,463.31271477663233],[1341.6604077253219,463.31271477663233],[1342.3825107296138,464.39931271477667],[1343.1046137339056,464.39931271477667],[1343.8267167381973,465.485910652921],[1344.5488197424893,465.485910652921]]}},{"type":"Feature","id":"region-border-005-023-001","properties":{"id":"region-border-005-023-001","type":"region-border","countryId":"country-019","leftRegionId":"region-005","rightRegionId":"region-016"},"geometry":{"type":"LineString","coordinates":[[1312.776287553648,499.1704467353952],[1316.7478540772531,499.53264604811],[1318.1920600858368,500.61924398625433],[1319.2752145922746,500.61924398625433],[1319.2752145922746,500.9814432989691],[1320.3583690987125,500.9814432989691],[1320.3583690987125,501.3436426116839],[1321.4415236051502,501.3436426116839],[1321.4415236051502,501.70584192439867],[1324.6909871244634,501.3436426116839],[1325.0520386266094,500.25704467353955],[1325.4130901287554,500.25704467353955],[1325.4130901287554,499.1704467353952],[1325.7741416309013,499.1704467353952],[1326.1351931330473,495.5484536082474],[1326.496244635193,495.5484536082474],[1326.496244635193,494.0996563573883],[1326.857296137339,494.0996563573883],[1327.2183476394848,492.2886597938144],[1328.6625536480688,491.92646048109964],[1330.1067596566522,490.8398625429553],[1330.1067596566522,490.11546391752574],[1329.3846566523605,489.3910652920962],[1328.3015021459228,489.3910652920962],[1328.3015021459228,489.0288659793814],[1327.2183476394848,488.66666666666663],[1327.5793991416308,486.1312714776632],[1332.9951716738196,481.78487972508594],[1335.161480686695,476.71408934707904],[1336.605686695279,475.2652920962199],[1340.577253218884,475.2652920962199],[1340.577253218884,475.6274914089347],[1343.4656652360513,475.9896907216495]]}},{"type":"Feature","id":"region-border-005-026-001","properties":{"id":"region-border-005-026-001","type":"region-border","countryId":"country-019","leftRegionId":"region-005","rightRegionId":"region-006"},"geometry":{"type":"LineString","coordinates":[[1283.5311158798283,439.04536082474226],[1283.5311158798283,441.21855670103093],[1283.1700643776824,441.21855670103093],[1283.1700643776824,443.7539518900344],[1283.5311158798283,444.11615120274917],[1285.336373390558,444.47835051546394],[1285.336373390558,444.11615120274917],[1287.1416309012875,444.11615120274917],[1287.1416309012875,443.7539518900344],[1290.7521459227469,443.7539518900344],[1291.1131974248926,444.8405498281787],[1290.7521459227469,444.8405498281787],[1290.391094420601,448.1003436426117],[1291.4742489270386,448.46254295532646],[1291.4742489270386,448.82474226804123],[1294.362660944206,449.186941580756],[1294.362660944206,449.91134020618557],[1294.7237124463518,449.91134020618557],[1294.362660944206,451.7223367697594],[1294.00160944206,451.7223367697594],[1294.00160944206,452.44673539518897],[1292.9184549356223,453.8955326460481],[1292.9184549356223,455.706529209622],[1292.5574034334763,455.706529209622],[1292.5574034334763,458.6041237113402],[1292.9184549356223,458.6041237113402],[1293.6405579399143,462.226116838488],[1293.2795064377683,462.226116838488],[1293.2795064377683,463.31271477663233],[1292.9184549356223,463.31271477663233],[1291.8353004291844,466.21030927835045],[1290.7521459227469,467.2969072164948],[1290.7521459227469,468.3835051546391],[1291.4742489270386,468.7457044673539],[1291.8353004291844,470.194501718213],[1294.00160944206,472.3676975945017],[1294.7237124463518,472.3676975945017],[1295.4458154506437,473.45429553264603],[1296.1679184549357,473.45429553264603],[1297.2510729613732,474.54089347079037],[1298.3342274678112,477.0762886597938],[1299.0563304721031,477.0762886597938],[1299.0563304721031,477.4384879725086],[1299.7784334763949,477.4384879725086],[1301.2226394849786,478.52508591065293],[1301.5836909871246,480.6982817869416],[1301.9447424892703,480.6982817869416],[1301.9447424892703,482.5092783505155],[1302.3057939914163,482.5092783505155],[1302.3057939914163,485.4068728522336],[1302.666845493562,485.4068728522336],[1302.666845493562,486.85567010309273],[1303.027896995708,486.85567010309273],[1303.75,489.0288659793814],[1305.1942060085837,490.4776632302405],[1307.3605150214592,490.8398625429553],[1310.2489270386266,493.013058419244],[1310.2489270386266,493.73745704467353],[1312.0541845493563,495.18625429553265],[1312.0541845493563,496.272852233677],[1312.4152360515022,496.272852233677],[1312.4152360515022,497.3594501718213],[1312.776287553648,497.3594501718213],[1312.776287553648,499.1704467353952]]}},{"type":"Feature","id":"region-border-006-007-001","properties":{"id":"region-border-006-007-001","type":"region-border","countryId":"country-019","leftRegionId":"region-022","rightRegionId":"region-021"},"geometry":{"type":"LineString","coordinates":[[1164.023068669528,648.7587628865979],[1164.7451716738196,648.7587628865979],[1165.1062231759656,649.4831615120274],[1167.272532188841,649.8453608247422],[1167.272532188841,650.207560137457],[1170.1609442060085,649.8453608247422],[1170.1609442060085,650.207560137457],[1171.6051502145922,650.207560137457],[1171.6051502145922,650.5697594501718],[1172.68830472103,650.5697594501718],[1172.68830472103,650.9319587628866],[1173.7714592274679,650.9319587628866],[1173.7714592274679,651.2941580756013],[1177.381974248927,651.6563573883161],[1177.381974248927,651.2941580756013],[1179.1872317596567,651.2941580756013],[1180.2703862660944,650.207560137457],[1179.9093347639484,648.7587628865979],[1178.4651287553647,647.3099656357388],[1178.4651287553647,646.2233676975945],[1179.1872317596567,645.498969072165],[1180.2703862660944,645.498969072165],[1180.2703862660944,645.1367697594502],[1182.075643776824,645.1367697594502],[1182.075643776824,645.498969072165],[1182.7977467811158,645.498969072165],[1182.7977467811158,645.8611683848798],[1183.5198497854076,645.8611683848798],[1183.5198497854076,646.2233676975945],[1184.2419527896996,646.2233676975945],[1184.2419527896996,646.5855670103093],[1184.9640557939915,646.5855670103093],[1186.408261802575,647.6721649484535],[1189.2966738197424,648.3965635738831],[1189.6577253218884,649.1209621993127],[1190.3798283261804,649.1209621993127],[1191.101931330472,649.8453608247422],[1192.1850858369098,649.8453608247422],[1192.1850858369098,650.207560137457],[1193.9903433476395,649.8453608247422]]}},{"type":"Feature","id":"region-border-006-014-001","properties":{"id":"region-border-006-014-001","type":"region-border","countryId":"country-019","leftRegionId":"region-022","rightRegionId":"region-019"},"geometry":{"type":"LineString","coordinates":[[1200.489270386266,611.0900343642611],[1200.12821888412,620.5072164948454],[1199.767167381974,620.5072164948454],[1199.4061158798283,622.3182130584192],[1197.2398068669527,624.1292096219931],[1197.2398068669527,624.8536082474227],[1196.517703862661,625.2158075601375],[1196.517703862661,625.940206185567],[1195.4345493562232,627.3890034364262],[1195.4345493562232,629.5621993127147],[1196.8787553648067,631.0109965635738],[1196.517703862661,634.2707903780068],[1197.2398068669527,634.9951890034364],[1197.9619098712446,634.9951890034364],[1198.3229613733906,635.719587628866]]}},{"type":"Feature","id":"region-border-006-017-001","properties":{"id":"region-border-006-017-001","type":"region-border","countryId":"country-019","leftRegionId":"region-022","rightRegionId":"region-013"},"geometry":{"type":"LineString","coordinates":[[1160.7736051502145,603.8460481099656],[1163.662017167382,604.5704467353952],[1163.662017167382,604.2082474226804],[1165.1062231759656,603.8460481099656],[1166.1893776824033,602.3972508591065],[1167.994635193133,602.0350515463917],[1172.3272532188842,606.3814432989691],[1173.049356223176,606.3814432989691],[1173.049356223176,606.7436426116839],[1173.7714592274679,606.7436426116839],[1173.7714592274679,607.1058419243986],[1174.4935622317596,607.1058419243986],[1174.4935622317596,607.4680412371134],[1175.2156652360513,607.4680412371134],[1175.2156652360513,607.8302405498282],[1175.9377682403433,607.8302405498282],[1175.9377682403433,608.192439862543],[1176.6598712446353,608.192439862543],[1178.1040772532187,609.2790378006873],[1180.2703862660944,608.9168384879725],[1180.9924892703862,608.192439862543],[1182.4366952789699,608.192439862543],[1185.3251072961373,611.8144329896907],[1186.047210300429,611.8144329896907],[1186.769313304721,612.5388316151202],[1187.8524678111587,612.5388316151202],[1187.8524678111587,612.901030927835],[1189.2966738197424,612.5388316151202],[1190.3798283261804,611.4522336769759],[1191.101931330472,609.2790378006873],[1191.8240343347638,608.9168384879725],[1191.8240343347638,608.192439862543],[1192.5461373390558,607.4680412371134],[1193.6292918454935,607.4680412371134],[1193.6292918454935,607.1058419243986],[1196.517703862661,606.0192439862543],[1197.9619098712446,607.4680412371134],[1198.6840128755364,609.6412371134021],[1199.767167381974,610.0034364261169],[1200.489270386266,611.0900343642611]]}},{"type":"Feature","id":"region-border-006-018-001","properties":{"id":"region-border-006-018-001","type":"region-border","countryId":"country-019","leftRegionId":"region-022","rightRegionId":"region-024"},"geometry":{"type":"LineString","coordinates":[[1140.9157725321888,628.1134020618557],[1141.2768240343348,628.8378006872853],[1144.1652360515022,629.9243986254295],[1145.24839055794,631.0109965635738],[1145.24839055794,631.7353951890034],[1145.9704935622317,632.4597938144329],[1146.3315450643777,636.4439862542955],[1149.219957081545,640.0659793814433],[1152.4694206008583,640.4281786941581],[1152.4694206008583,640.0659793814433],[1153.552575107296,640.0659793814433],[1153.552575107296,639.7037800687285],[1154.635729613734,639.7037800687285],[1154.635729613734,639.3415807560137],[1157.885193133047,639.3415807560137],[1157.885193133047,639.7037800687285],[1160.4125536480688,640.0659793814433],[1161.4957081545065,644.4123711340206],[1161.8567596566522,644.4123711340206],[1161.8567596566522,645.1367697594502],[1162.2178111587982,645.1367697594502],[1162.2178111587982,645.8611683848798],[1162.5788626609442,645.8611683848798],[1162.5788626609442,646.5855670103093],[1162.9399141630902,646.5855670103093],[1162.9399141630902,647.3099656357388],[1163.662017167382,647.6721649484535],[1164.023068669528,648.7587628865979]]}},{"type":"Feature","id":"region-border-006-021-001","properties":{"id":"region-border-006-021-001","type":"region-border","countryId":"country-019","leftRegionId":"region-022","rightRegionId":"region-023"},"geometry":{"type":"LineString","coordinates":[[1139.1105150214592,601.3106529209622],[1138.0273605150214,602.3972508591065],[1135.138948497854,603.4838487972509],[1134.777896995708,604.93264604811],[1138.0273605150214,608.192439862543],[1138.0273605150214,608.9168384879725],[1138.7494635193134,609.6412371134021],[1138.7494635193134,610.7278350515464],[1139.4715665236051,611.4522336769759],[1139.4715665236051,612.5388316151202],[1139.8326180257511,612.5388316151202],[1140.1936695278969,621.2316151202749],[1140.5547210300429,621.2316151202749],[1140.5547210300429,621.9560137457045],[1141.6378755364806,623.4048109965636],[1141.6378755364806,624.4914089347079],[1141.9989270386266,624.4914089347079],[1141.9989270386266,626.6646048109966],[1141.2768240343348,627.0268041237114],[1140.9157725321888,628.1134020618557]]}},{"type":"Feature","id":"region-border-006-022-001","properties":{"id":"region-border-006-022-001","type":"region-border","countryId":"country-019","leftRegionId":"region-022","rightRegionId":"region-012"},"geometry":{"type":"LineString","coordinates":[[1139.1105150214592,601.3106529209622],[1143.0820815450643,602.0350515463917],[1144.1652360515022,603.4838487972509],[1144.526287553648,605.2948453608248],[1146.3315450643777,606.7436426116839],[1154.635729613734,607.4680412371134],[1154.635729613734,607.8302405498282],[1156.8020386266094,607.8302405498282],[1156.8020386266094,608.192439862543],[1157.885193133047,608.192439862543],[1159.6904506437768,606.7436426116839],[1160.0515021459228,604.2082474226804],[1160.7736051502145,603.8460481099656]]}},{"type":"Feature","id":"region-border-007-018-001","properties":{"id":"region-border-007-018-001","type":"region-border","countryId":"country-019","leftRegionId":"region-021","rightRegionId":"region-024"},"geometry":{"type":"LineString","coordinates":[[1164.023068669528,648.7587628865979],[1162.5788626609442,649.1209621993127],[1162.5788626609442,649.4831615120274],[1159.3293991416308,649.4831615120274],[1159.3293991416308,649.8453608247422],[1158.607296137339,649.8453608247422],[1158.9683476394848,652.7429553264604],[1159.6904506437768,653.1051546391752],[1160.4125536480688,654.9161512027491],[1161.8567596566522,656.0027491408935],[1161.8567596566522,656.727147766323],[1164.023068669528,658.5381443298969],[1164.3841201716737,659.986941580756],[1163.300965665236,661.4357388316151],[1162.5788626609442,661.4357388316151],[1161.8567596566522,662.1601374570447],[1160.4125536480688,662.1601374570447],[1157.5241416309013,664.3333333333334],[1157.1630901287554,666.1443298969072],[1156.8020386266094,666.1443298969072],[1156.8020386266094,667.5931271477663],[1156.4409871244634,667.5931271477663],[1156.4409871244634,668.6797250859106],[1156.0799356223176,668.6797250859106],[1156.0799356223176,679.545704467354],[1156.4409871244634,679.545704467354],[1156.0799356223176,682.805498281787],[1156.4409871244634,682.805498281787],[1156.4409871244634,684.9786941580755],[1158.607296137339,687.8762886597938],[1158.246244635193,689.3250859106529],[1157.5241416309013,689.6872852233677],[1157.5241416309013,690.4116838487972],[1156.4409871244634,691.4982817869416],[1156.4409871244634,692.5848797250859]]}},{"type":"Feature","id":"region-border-008-010-001","properties":{"id":"region-border-008-010-001","type":"region-border","countryId":"country-019","leftRegionId":"region-009","rightRegionId":"region-011"},"geometry":{"type":"LineString","coordinates":[[1165.1062231759656,510.39862542955325],[1167.994635193133,510.760824742268],[1167.994635193133,510.39862542955325],[1169.0777896995708,510.39862542955325],[1169.0777896995708,510.03642611683847],[1173.4104077253219,510.03642611683847],[1175.2156652360513,511.4852233676976],[1175.2156652360513,512.2096219931271],[1176.2988197424893,513.6584192439863],[1177.743025751073,513.6584192439863],[1178.1040772532187,512.9340206185567],[1178.8261802575107,512.9340206185567],[1179.1872317596567,512.2096219931271],[1179.9093347639484,512.2096219931271],[1180.6314377682402,511.4852233676976],[1183.1587982832618,511.4852233676976],[1186.047210300429,513.6584192439863],[1186.408261802575,514.7450171821306],[1186.047210300429,514.7450171821306],[1185.6861587982833,516.1938144329897],[1183.5198497854076,517.280412371134],[1183.5198497854076,519.0914089347079],[1184.2419527896996,519.4536082474227],[1185.3251072961373,522.7134020618556],[1186.769313304721,523.8],[1188.5745708154507,523.8],[1188.5745708154507,523.4378006872852],[1189.6577253218884,523.4378006872852],[1189.6577253218884,523.0756013745704],[1192.5461373390558,523.0756013745704],[1193.6292918454935,524.5243986254295],[1193.6292918454935,525.6109965635738],[1192.9071888412018,526.3353951890034],[1192.1850858369098,529.2329896907216],[1192.9071888412018,529.9573883161512],[1193.2682403433475,532.8549828178694],[1193.6292918454935,532.8549828178694],[1193.6292918454935,534.3037800687285],[1193.9903433476395,534.3037800687285],[1193.9903433476395,536.839175257732],[1193.6292918454935,536.839175257732],[1193.6292918454935,539.0123711340206],[1193.2682403433475,539.0123711340206],[1193.2682403433475,542.9965635738831],[1193.9903433476395,543.7209621993127],[1195.7956008583692,544.0831615120275],[1195.7956008583692,543.7209621993127],[1196.8787553648067,543.7209621993127],[1198.3229613733906,542.2721649484536],[1200.489270386266,541.9099656357388],[1200.489270386266,542.2721649484536],[1201.5724248927038,542.2721649484536],[1203.3776824034335,544.807560137457],[1204.0997854077252,544.807560137457],[1205.543991416309,546.2563573883161],[1206.266094420601,546.2563573883161],[1206.9881974248926,546.9807560137457],[1208.0713519313304,546.9807560137457],[1208.7934549356223,547.7051546391752],[1210.237660944206,546.9807560137457],[1210.237660944206,545.5319587628866],[1210.9597639484978,544.807560137457],[1212.4039699570815,544.807560137457],[1212.7650214592275,545.5319587628866],[1213.4871244635192,545.5319587628866],[1215.2923819742489,547.3429553264605],[1215.2923819742489,548.4295532646048],[1215.6534334763949,548.4295532646048],[1215.2923819742489,552.0515463917526],[1215.6534334763949,552.0515463917526],[1216.0144849785406,553.5003436426117],[1217.0976394849786,554.586941580756],[1222.5134120171674,554.2247422680413],[1222.5134120171674,553.8625429553265],[1223.2355150214592,553.8625429553265],[1223.5965665236051,553.1381443298969],[1224.6797210300429,552.7759450171822]]}},{"type":"Feature","id":"region-border-008-012-001","properties":{"id":"region-border-008-012-001","type":"region-border","countryId":"country-019","leftRegionId":"region-009","rightRegionId":"region-014"},"geometry":{"type":"LineString","coordinates":[[1224.6797210300429,552.7759450171822],[1225.0407725321888,552.0515463917526],[1226.4849785407725,552.0515463917526],[1226.4849785407725,551.6893470790378],[1227.5681330472103,551.6893470790378],[1228.2902360515022,550.9649484536083],[1230.0954935622317,546.6185567010309],[1231.1786480686694,545.8941580756014],[1231.5396995708154,544.807560137457],[1233.706008583691,544.4453608247422]]}},{"type":"Feature","id":"region-border-008-016-001","properties":{"id":"region-border-008-016-001","type":"region-border","countryId":"country-019","leftRegionId":"region-009","rightRegionId":"region-008"},"geometry":{"type":"LineString","coordinates":[[1173.049356223176,476.71408934707904],[1174.8546137339056,476.71408934707904],[1174.8546137339056,476.35189003436426],[1176.2988197424893,475.9896907216495],[1179.1872317596567,473.09209621993125],[1180.9924892703862,473.09209621993125],[1181.3535407725321,474.1786941580756],[1182.075643776824,474.54089347079037],[1182.075643776824,475.2652920962199],[1182.7977467811158,475.6274914089347],[1182.7977467811158,476.35189003436426],[1183.5198497854076,477.0762886597938],[1184.9640557939915,477.4384879725086],[1184.9640557939915,477.8006872852234],[1186.047210300429,477.8006872852234],[1187.8524678111587,475.2652920962199],[1188.5745708154507,475.2652920962199],[1189.2966738197424,474.54089347079037],[1190.3798283261804,474.54089347079037],[1191.8240343347638,475.9896907216495],[1191.8240343347638,476.71408934707904],[1192.5461373390558,476.71408934707904],[1193.2682403433475,477.8006872852234],[1193.9903433476395,477.8006872852234],[1195.7956008583692,479.61168384879727],[1195.7956008583692,480.3360824742268],[1196.8787553648067,481.0604810996564],[1196.8787553648067,481.78487972508594],[1197.9619098712446,482.8714776632303],[1198.6840128755364,482.8714776632303],[1199.767167381974,484.3202749140893],[1201.5724248927038,485.04467353951884],[1202.6555793991415,486.1312714776632],[1202.6555793991415,486.85567010309273],[1203.3776824034335,487.2178694158075],[1203.3776824034335,487.94226804123707],[1204.0997854077252,487.94226804123707],[1204.0997854077252,488.30446735395185],[1205.182939914163,487.94226804123707],[1205.905042918455,484.3202749140893],[1207.7103004291846,482.5092783505155],[1211.3208154506437,482.5092783505155],[1212.0429184549357,483.23367697594506],[1214.5702789699571,483.59587628865984]]}},{"type":"Feature","id":"region-border-008-019-001","properties":{"id":"region-border-008-019-001","type":"region-border","countryId":"country-019","leftRegionId":"region-009","rightRegionId":"region-003"},"geometry":{"type":"LineString","coordinates":[[1173.049356223176,476.71408934707904],[1172.68830472103,478.16288659793815],[1172.3272532188842,478.16288659793815],[1172.3272532188842,481.78487972508594],[1172.68830472103,481.78487972508594],[1172.68830472103,482.8714776632303],[1173.049356223176,482.8714776632303],[1173.049356223176,485.04467353951884],[1174.4935622317596,486.49347079037796],[1174.8546137339056,489.0288659793814],[1175.2156652360513,489.0288659793814],[1174.8546137339056,490.11546391752574],[1174.4935622317596,490.11546391752574],[1173.7714592274679,493.37525773195875],[1173.4104077253219,493.37525773195875],[1173.4104077253219,498.80824742268044],[1173.049356223176,498.80824742268044],[1172.68830472103,500.61924398625433],[1171.2440987124464,502.06804123711345],[1169.7998927038625,502.4302405498281],[1169.4388412017167,503.15463917525767],[1168.716738197425,503.15463917525767],[1166.9114806866953,504.96563573883157],[1166.9114806866953,505.6900343642611],[1166.1893776824033,506.4144329896907],[1166.1893776824033,507.501030927835],[1165.8283261802576,507.501030927835],[1165.8283261802576,508.58762886597935],[1165.1062231759656,509.3120274914089],[1165.1062231759656,510.39862542955325]]}},{"type":"Feature","id":"region-border-008-028-001","properties":{"id":"region-border-008-028-001","type":"region-border","countryId":"country-019","leftRegionId":"region-009","rightRegionId":"region-007"},"geometry":{"type":"LineString","coordinates":[[1214.5702789699571,483.59587628865984],[1214.931330472103,484.68247422680406],[1216.3755364806866,485.7690721649484],[1216.3755364806866,489.3910652920962],[1216.0144849785406,489.3910652920962],[1216.0144849785406,491.56426116838486],[1215.6534334763949,491.56426116838486],[1216.0144849785406,494.82405498281787],[1217.4586909871246,496.272852233677],[1218.5418454935623,496.272852233677],[1218.5418454935623,496.63505154639176],[1219.263948497854,496.63505154639176],[1219.263948497854,496.272852233677],[1223.2355150214592,496.63505154639176],[1225.0407725321888,498.0838487972509],[1225.0407725321888,499.1704467353952],[1225.4018240343348,499.1704467353952],[1225.4018240343348,501.3436426116839],[1225.0407725321888,501.3436426116839],[1224.6797210300429,502.7924398625429],[1222.8744635193134,503.51683848797245],[1222.8744635193134,503.87903780068723],[1220.7081545064377,503.87903780068723],[1219.625,504.96563573883157],[1219.625,507.13883161512024],[1219.986051502146,507.13883161512024],[1219.986051502146,508.2254295532646],[1220.3471030042917,508.2254295532646],[1221.0692060085837,514.020618556701],[1220.7081545064377,514.020618556701],[1220.7081545064377,515.1072164948454],[1219.986051502146,515.4694158075602],[1219.986051502146,516.1938144329897],[1218.902896995708,517.6426116838488],[1218.5418454935623,522.3512027491408],[1218.902896995708,522.3512027491408],[1218.902896995708,523.4378006872852],[1219.263948497854,523.4378006872852],[1219.263948497854,524.1621993127147],[1220.3471030042917,525.6109965635738],[1220.3471030042917,527.059793814433],[1221.7913090128754,528.8707903780069],[1222.8744635193134,528.8707903780069],[1222.8744635193134,529.2329896907216],[1223.9576180257511,529.2329896907216],[1223.9576180257511,529.5951890034364],[1224.3186695278969,529.2329896907216],[1226.1239270386266,529.2329896907216],[1226.1239270386266,529.5951890034364],[1229.012339055794,530.6817869415808],[1230.4565450643777,532.1305841924399],[1231.1786480686694,535.3903780068729],[1231.9007510729614,535.7525773195877],[1231.9007510729614,536.4769759450172],[1233.344957081545,537.5635738831616],[1233.344957081545,538.2879725085911],[1234.0670600858368,539.0123711340206],[1234.0670600858368,544.0831615120275],[1233.706008583691,544.4453608247422]]}},{"type":"Feature","id":"region-border-009-024-001","properties":{"id":"region-border-009-024-001","type":"region-border","countryId":"country-019","leftRegionId":"region-030","rightRegionId":"region-029"},"geometry":{"type":"LineString","coordinates":[[1068.0,748.1741323407015],[1068.3444206008583,748.0013745704467],[1068.3444206008583,746.5525773195876],[1068.7054721030042,746.5525773195876],[1068.7054721030042,745.4659793814433],[1068.3444206008583,745.4659793814433],[1068.3444206008583,742.9305841924398],[1068.7054721030042,742.568384879725],[1071.9549356223176,742.2061855670103],[1071.9549356223176,741.8439862542956],[1073.3991416309013,741.4817869415808],[1073.760193133047,740.7573883161513],[1074.482296137339,740.7573883161513],[1074.8433476394848,740.0329896907217],[1075.5654506437768,740.0329896907217],[1075.5654506437768,739.6707903780069],[1076.2875536480688,739.6707903780069],[1077.7317596566522,738.5841924398626],[1079.1759656652362,738.5841924398626],[1079.1759656652362,738.2219931271478],[1080.2591201716737,738.2219931271478],[1080.2591201716737,737.859793814433],[1081.7033261802576,737.4975945017183],[1082.7864806866953,736.0487972508591],[1083.508583690987,736.0487972508591],[1083.508583690987,735.3243986254296],[1087.1190987124464,731.7024054982818],[1087.8412017167382,731.7024054982818]]}},{"type":"Feature","id":"region-border-009-029-001","properties":{"id":"region-border-009-029-001","type":"region-border","countryId":"country-019","leftRegionId":"region-030","rightRegionId":"region-031"},"geometry":{"type":"LineString","coordinates":[[1103.7274678111587,766.4735395189003],[1105.5327253218884,766.4735395189003],[1105.5327253218884,766.1113402061856],[1106.6158798283261,766.1113402061856],[1106.6158798283261,765.7491408934708],[1107.6990343347638,765.7491408934708],[1107.6990343347638,765.386941580756],[1108.7821888412018,765.386941580756],[1108.7821888412018,765.0247422680412],[1109.8653433476395,765.0247422680412],[1109.8653433476395,764.6625429553264],[1111.3095493562232,764.6625429553264],[1111.3095493562232,764.3003436426117],[1116.00321888412,764.3003436426117],[1119.6137339055795,767.1979381443299],[1119.6137339055795,767.9223367697595],[1120.6968884120172,769.3711340206186],[1121.418991416309,769.3711340206186],[1121.418991416309,769.7333333333333],[1125.0295064377683,769.7333333333333],[1126.4737124463518,770.8199312714777],[1127.5568669527897,770.8199312714777],[1127.5568669527897,771.1821305841925],[1128.6400214592275,771.1821305841925],[1128.6400214592275,771.5443298969072],[1130.4452789699571,771.5443298969072],[1130.4452789699571,771.906529209622],[1136.5831545064377,771.906529209622],[1136.5831545064377,771.5443298969072],[1138.0273605150214,771.5443298969072],[1138.0273605150214,771.1821305841925],[1138.7494635193134,771.1821305841925],[1138.7494635193134,770.8199312714777],[1139.4715665236051,770.8199312714777],[1139.4715665236051,770.4577319587629],[1140.1936695278969,770.4577319587629],[1140.1936695278969,770.0955326460481],[1140.9157725321888,770.0955326460481],[1142.3599785407725,769.0089347079038],[1147.0536480686694,769.0089347079038]]}},{"type":"Feature","id":"region-border-010-012-001","properties":{"id":"region-border-010-012-001","type":"region-border","countryId":"country-019","leftRegionId":"region-011","rightRegionId":"region-014"},"geometry":{"type":"LineString","coordinates":[[1224.6797210300429,552.7759450171822],[1225.7628755364806,555.6735395189004],[1225.4018240343348,555.6735395189004],[1225.0407725321888,559.2955326460481],[1224.6797210300429,559.2955326460481],[1224.6797210300429,560.0199312714776],[1223.9576180257511,560.3821305841924],[1223.9576180257511,561.4687285223367],[1223.5965665236051,561.4687285223367],[1223.9576180257511,565.4529209621993],[1225.4018240343348,566.5395189003436],[1226.4849785407725,566.5395189003436],[1226.4849785407725,566.9017182130584],[1227.2070815450643,566.9017182130584],[1227.2070815450643,567.2639175257732],[1227.9291845493563,567.2639175257732],[1229.37339055794,568.3505154639175],[1230.4565450643777,568.3505154639175],[1230.4565450643777,568.7127147766323],[1231.9007510729614,569.0749140893471],[1234.0670600858368,571.6103092783505],[1235.1502145922746,571.9725085910653],[1234.7891630901288,574.145704467354],[1234.0670600858368,574.8701030927834],[1233.344957081545,574.8701030927834],[1232.983905579399,575.594501718213],[1232.2618025751071,575.594501718213],[1231.9007510729614,576.3189003436426],[1231.1786480686694,576.3189003436426],[1230.0954935622317,577.4054982817869],[1229.7344420600857,578.854295532646]]}},{"type":"Feature","id":"region-border-010-017-001","properties":{"id":"region-border-010-017-001","type":"region-border","countryId":"country-019","leftRegionId":"region-011","rightRegionId":"region-013"},"geometry":{"type":"LineString","coordinates":[[1158.9683476394848,582.8384879725086],[1159.3293991416308,582.114089347079],[1161.1346566523605,581.3896907216495],[1162.2178111587982,579.9408934707903],[1162.2178111587982,575.594501718213],[1162.5788626609442,575.594501718213],[1162.5788626609442,574.8701030927834],[1166.1893776824033,573.0591065292097],[1166.1893776824033,572.3347079037801],[1166.9114806866953,571.6103092783505],[1166.9114806866953,568.7127147766323],[1167.272532188841,568.7127147766323],[1167.272532188841,567.626116838488],[1167.994635193133,566.9017182130584],[1170.5219957081545,567.2639175257732],[1170.8830472103004,569.0749140893471],[1171.6051502145922,569.7993127147766],[1172.3272532188842,573.7835051546392],[1174.8546137339056,574.145704467354],[1174.8546137339056,573.7835051546392],[1176.2988197424893,573.7835051546392],[1176.2988197424893,573.4213058419244],[1177.381974248927,573.4213058419244],[1177.381974248927,573.0591065292097],[1178.4651287553647,572.6969072164949],[1178.8261802575107,570.1615120274914],[1179.1872317596567,570.1615120274914],[1179.5482832618027,568.7127147766323],[1180.2703862660944,568.7127147766323],[1180.2703862660944,568.3505154639175],[1182.4366952789699,568.3505154639175],[1182.4366952789699,568.7127147766323],[1183.8809012875536,569.0749140893471],[1184.6030042918455,570.1615120274914],[1185.3251072961373,570.1615120274914],[1185.6861587982833,570.885910652921],[1187.130364806867,570.885910652921],[1188.2135193133047,568.3505154639175],[1190.7408798283261,566.1773195876289],[1192.5461373390558,566.1773195876289],[1192.5461373390558,565.8151202749141],[1203.7387339055795,565.8151202749141],[1203.7387339055795,566.1773195876289],[1205.182939914163,566.5395189003436],[1205.543991416309,567.626116838488],[1205.905042918455,567.626116838488],[1205.543991416309,572.3347079037801],[1205.182939914163,572.3347079037801],[1204.4608369098712,575.9567010309278],[1205.905042918455,577.0432989690721],[1208.7934549356223,577.0432989690721],[1208.7934549356223,577.4054982817869],[1209.87660944206,577.4054982817869],[1209.87660944206,577.7676975945017],[1213.8481759656652,578.4920962199312],[1214.931330472103,579.5786941580756],[1216.0144849785406,582.4762886597938],[1217.0976394849786,583.2006872852234],[1217.0976394849786,583.9250859106529],[1218.5418454935623,585.373883161512],[1221.0692060085837,585.7360824742268],[1221.0692060085837,586.0982817869416],[1222.1523605150214,586.0982817869416],[1222.1523605150214,586.4604810996564],[1223.5965665236051,586.0982817869416],[1224.6797210300429,584.6494845360825],[1225.0407725321888,579.2164948453608],[1225.7628755364806,578.4920962199312],[1229.7344420600857,578.854295532646]]}},{"type":"Feature","id":"region-border-010-019-001","properties":{"id":"region-border-010-019-001","type":"region-border","countryId":"country-019","leftRegionId":"region-011","rightRegionId":"region-003"},"geometry":{"type":"LineString","coordinates":[[1136.5831545064377,532.1305841924399],[1138.3884120171674,532.1305841924399],[1138.3884120171674,532.4927835051546],[1139.8326180257511,532.4927835051546],[1139.8326180257511,532.8549828178694],[1142.7210300429183,532.8549828178694],[1142.7210300429183,533.2171821305842],[1149.9420600858368,532.8549828178694],[1149.9420600858368,532.4927835051546],[1152.4694206008583,532.1305841924399],[1152.4694206008583,531.7683848797251],[1156.8020386266094,531.4061855670103],[1156.8020386266094,531.0439862542955],[1162.2178111587982,530.319587628866],[1162.2178111587982,529.9573883161512],[1163.662017167382,529.9573883161512],[1163.662017167382,529.5951890034364],[1167.633583690987,529.5951890034364],[1167.633583690987,529.2329896907216],[1168.355686695279,529.2329896907216],[1168.716738197425,528.1463917525773],[1169.0777896995708,528.1463917525773],[1169.0777896995708,527.059793814433],[1169.4388412017167,527.059793814433],[1169.4388412017167,525.6109965635738],[1169.7998927038625,525.6109965635738],[1169.4388412017167,523.8],[1167.633583690987,523.0756013745704],[1166.5504291845493,521.9890034364261],[1164.3841201716737,521.6268041237113],[1162.2178111587982,519.0914089347079],[1162.2178111587982,517.280412371134],[1162.5788626609442,517.280412371134],[1162.5788626609442,516.5560137457045],[1163.300965665236,516.1938144329897],[1163.300965665236,515.4694158075602],[1164.3841201716737,514.020618556701],[1164.3841201716737,510.760824742268],[1165.1062231759656,510.39862542955325]]}},{"type":"Feature","id":"region-border-010-022-001","properties":{"id":"region-border-010-022-001","type":"region-border","countryId":"country-019","leftRegionId":"region-011","rightRegionId":"region-012"},"geometry":{"type":"LineString","coordinates":[[1136.5831545064377,532.1305841924399],[1136.2221030042917,532.1305841924399],[1136.2221030042917,533.2171821305842],[1135.861051502146,533.2171821305842],[1135.861051502146,535.7525773195877],[1136.5831545064377,536.1147766323024],[1136.5831545064377,536.839175257732],[1137.3052575107295,536.839175257732],[1137.6663090128754,537.5635738831616],[1138.3884120171674,537.5635738831616],[1138.3884120171674,537.9257731958763],[1139.8326180257511,538.2879725085911],[1140.1936695278969,539.0123711340206],[1141.6378755364806,539.3745704467353],[1142.7210300429183,540.4611683848797],[1142.7210300429183,541.1855670103092],[1143.4431330472103,541.547766323024],[1143.4431330472103,542.2721649484536],[1144.887339055794,543.3587628865979],[1144.887339055794,545.1697594501718],[1144.526287553648,545.1697594501718],[1144.1652360515022,546.6185567010309],[1141.6378755364806,548.7917525773196],[1141.6378755364806,551.6893470790378],[1142.3599785407725,552.0515463917526],[1142.3599785407725,552.7759450171822],[1144.887339055794,555.3113402061856],[1145.6094420600857,555.3113402061856],[1146.3315450643777,556.3979381443299],[1147.0536480686694,556.3979381443299],[1147.7757510729614,557.4845360824742],[1148.4978540772531,557.4845360824742],[1148.858905579399,558.2089347079037],[1149.581008583691,558.2089347079037],[1150.6641630901288,559.2955326460481],[1150.6641630901288,561.106529209622],[1148.1368025751071,563.2797250859106],[1148.1368025751071,565.0907216494845],[1148.4978540772531,565.0907216494845],[1150.6641630901288,570.1615120274914],[1151.7473175965665,571.2481099656358],[1151.3862660944205,576.3189003436426],[1151.7473175965665,576.3189003436426],[1152.1083690987125,577.7676975945017],[1153.552575107296,578.854295532646],[1153.552575107296,579.5786941580756],[1154.635729613734,580.3030927835051],[1154.635729613734,581.0274914089347],[1157.1630901287554,582.114089347079],[1157.5241416309013,582.8384879725086],[1158.9683476394848,582.8384879725086]]}},{"type":"Feature","id":"region-border-011-012-001","properties":{"id":"region-border-011-012-001","type":"region-border","countryId":"country-019","leftRegionId":"region-018","rightRegionId":"region-014"},"geometry":{"type":"LineString","coordinates":[[1239.8438841201717,593.7044673539518],[1239.8438841201717,592.2556701030928],[1241.6491416309013,591.5312714776633],[1242.732296137339,590.4446735395189],[1244.8986051502145,590.4446735395189],[1244.8986051502145,590.8068728522337],[1246.3428111587982,590.8068728522337],[1246.3428111587982,591.1690721649485],[1247.425965665236,591.1690721649485],[1247.425965665236,591.5312714776633],[1248.5091201716737,591.1690721649485],[1248.8701716738196,589.3580756013746],[1249.2312231759656,589.3580756013746],[1249.5922746781116,587.5470790378007],[1249.9533261802576,587.5470790378007],[1250.3143776824033,583.2006872852234],[1252.119635193133,581.0274914089347],[1253.5638412017167,580.6652920962199],[1256.0912017167382,583.5628865979381],[1257.174356223176,583.5628865979381],[1258.6185622317596,582.4762886597938],[1260.7848712446353,582.114089347079],[1261.506974248927,581.3896907216495],[1261.506974248927,577.0432989690721],[1262.5901287553647,575.9567010309278],[1263.6732832618027,575.9567010309278],[1264.7564377682402,574.8701030927834],[1264.7564377682402,574.145704467354],[1265.1174892703862,574.145704467354],[1264.7564377682402,571.2481099656358],[1265.1174892703862,571.2481099656358],[1265.4785407725321,570.1615120274914],[1272.6995708154507,569.7993127147766],[1274.1437768240344,570.885910652921],[1274.1437768240344,571.6103092783505],[1274.8658798283261,572.3347079037801],[1274.8658798283261,575.2323024054982],[1276.3100858369098,576.3189003436426],[1278.1153433476395,576.3189003436426],[1278.1153433476395,576.6810996563573],[1279.1984978540772,576.6810996563573],[1280.642703862661,577.7676975945017],[1282.0869098712446,577.7676975945017],[1282.8090128755366,576.6810996563573],[1287.5026824034335,577.0432989690721],[1287.5026824034335,577.4054982817869],[1288.5858369098712,577.4054982817869],[1288.5858369098712,577.7676975945017],[1290.030042918455,577.7676975945017],[1290.030042918455,577.4054982817869],[1291.4742489270386,577.4054982817869],[1291.4742489270386,577.0432989690721],[1292.5574034334763,577.0432989690721],[1293.2795064377683,576.3189003436426],[1294.362660944206,576.3189003436426],[1295.8068669527897,575.2323024054982],[1296.1679184549357,571.2481099656358],[1296.5289699570815,571.2481099656358],[1296.8900214592275,569.4371134020619]]}},{"type":"Feature","id":"region-border-011-014-001","properties":{"id":"region-border-011-014-001","type":"region-border","countryId":"country-019","leftRegionId":"region-018","rightRegionId":"region-019"},"geometry":{"type":"LineString","coordinates":[[1261.145922746781,612.5388316151202],[1263.3122317596567,612.901030927835],[1266.9227467811158,608.9168384879725],[1269.4501072961373,608.9168384879725],[1270.172210300429,609.6412371134021],[1270.533261802575,611.8144329896907],[1270.894313304721,611.8144329896907],[1270.894313304721,616.160824742268],[1271.255364806867,616.160824742268],[1271.616416309013,617.9718213058419],[1273.4216738197424,617.9718213058419],[1275.226931330472,616.160824742268],[1276.6711373390558,615.7986254295532],[1279.5595493562232,612.901030927835],[1279.5595493562232,612.1766323024054],[1280.642703862661,611.4522336769759],[1280.642703862661,610.7278350515464],[1281.7258583690987,610.3656357388317],[1281.7258583690987,610.0034364261169],[1284.614270386266,610.0034364261169],[1284.614270386266,610.3656357388317],[1285.6974248927038,610.3656357388317],[1285.6974248927038,610.7278350515464],[1286.4195278969955,610.7278350515464],[1287.8637339055795,611.8144329896907],[1288.9468884120172,611.8144329896907],[1289.668991416309,612.5388316151202],[1292.0,613.0065154230684]]}},{"type":"Feature","id":"region-border-011-017-001","properties":{"id":"region-border-011-017-001","type":"region-border","countryId":"country-019","leftRegionId":"region-018","rightRegionId":"region-013"},"geometry":{"type":"LineString","coordinates":[[1239.8438841201717,593.7044673539518],[1240.5659871244634,594.7910652920962],[1241.2880901287554,594.7910652920962],[1242.732296137339,596.6020618556701],[1243.4543991416308,596.6020618556701],[1245.2596566523605,598.413058419244],[1245.2596566523605,599.1374570446735],[1245.9817596566522,599.8618556701031],[1245.9817596566522,600.9484536082474],[1246.3428111587982,600.9484536082474],[1247.425965665236,606.3814432989691],[1248.148068669528,606.7436426116839],[1248.148068669528,607.4680412371134],[1248.8701716738196,608.192439862543],[1257.5354077253219,610.0034364261169],[1257.5354077253219,610.3656357388317],[1258.2575107296138,610.3656357388317],[1258.6185622317596,611.0900343642611],[1260.0627682403433,611.4522336769759],[1261.145922746781,612.5388316151202]]}},{"type":"Feature","id":"region-border-011-030-001","properties":{"id":"region-border-011-030-001","type":"region-border","countryId":"country-019","leftRegionId":"region-018","rightRegionId":"region-017"},"geometry":{"type":"LineString","coordinates":[[1296.8900214592275,569.4371134020619],[1298.6952789699571,570.1615120274914],[1298.6952789699571,570.5237113402062],[1300.8615879828326,570.5237113402062],[1301.5836909871246,571.2481099656358],[1301.5836909871246,571.9725085910653],[1301.9447424892703,571.9725085910653],[1301.9447424892703,573.0591065292097],[1301.5836909871246,573.0591065292097],[1301.9447424892703,575.2323024054982],[1302.666845493562,575.2323024054982],[1303.027896995708,576.3189003436426],[1306.2773605150214,579.2164948453608],[1306.2773605150214,579.9408934707903],[1306.9994635193134,580.3030927835051],[1307.7215665236051,582.114089347079],[1309.8878755364808,583.9250859106529],[1309.8878755364808,584.6494845360825],[1311.570670132583,586.0]]}},{"type":"Feature","id":"region-border-012-017-001","properties":{"id":"region-border-012-017-001","type":"region-border","countryId":"country-019","leftRegionId":"region-014","rightRegionId":"region-013"},"geometry":{"type":"LineString","coordinates":[[1229.7344420600857,578.854295532646],[1230.4565450643777,583.2006872852234],[1231.1786480686694,583.2006872852234],[1232.6228540772531,585.0116838487972],[1233.344957081545,585.0116838487972],[1233.344957081545,585.373883161512],[1234.0670600858368,585.373883161512],[1235.5112660944205,586.4604810996564],[1235.5112660944205,587.5470790378007],[1234.7891630901288,588.2714776632303],[1234.0670600858368,588.2714776632303],[1234.0670600858368,591.1690721649485],[1234.4281115879828,591.1690721649485],[1234.7891630901288,592.6178694158076],[1235.8723175965665,593.7044673539518],[1238.038626609442,594.0666666666666],[1238.038626609442,594.4288659793814],[1239.8438841201717,593.7044673539518]]}},{"type":"Feature","id":"region-border-012-028-001","properties":{"id":"region-border-012-028-001","type":"region-border","countryId":"country-019","leftRegionId":"region-014","rightRegionId":"region-007"},"geometry":{"type":"LineString","coordinates":[[1233.706008583691,544.4453608247422],[1233.706008583691,547.3429553264605],[1235.5112660944205,548.06735395189],[1235.5112660944205,548.4295532646048],[1238.038626609442,548.4295532646048],[1238.038626609442,548.7917525773196],[1241.2880901287554,548.7917525773196],[1243.4543991416308,546.9807560137457],[1243.4543991416308,546.2563573883161],[1244.1765021459228,545.5319587628866],[1246.3428111587982,545.1697594501718],[1247.425965665236,546.6185567010309],[1247.425965665236,547.7051546391752],[1247.787017167382,547.7051546391752],[1247.425965665236,550.9649484536083],[1247.0649141630902,550.9649484536083],[1247.0649141630902,556.7601374570446],[1247.425965665236,556.7601374570446],[1247.787017167382,558.2089347079037],[1250.6754291845493,558.5711340206185],[1250.6754291845493,558.9333333333333],[1252.119635193133,558.9333333333333],[1252.119635193133,559.2955326460481],[1256.81330472103,558.2089347079037],[1257.8964592274679,557.1223367697594],[1258.6185622317596,553.8625429553265],[1259.7017167381973,553.5003436426117],[1259.7017167381973,553.1381443298969],[1267.2837982832618,552.7759450171822],[1267.2837982832618,552.4137457044674],[1269.4501072961373,552.0515463917526],[1269.8111587982833,551.327147766323],[1270.533261802575,551.327147766323],[1270.894313304721,550.6027491408935],[1272.6995708154507,549.8783505154639]]}},{"type":"Feature","id":"region-border-012-030-001","properties":{"id":"region-border-012-030-001","type":"region-border","countryId":"country-019","leftRegionId":"region-014","rightRegionId":"region-017"},"geometry":{"type":"LineString","coordinates":[[1272.6995708154507,549.8783505154639],[1273.0606223175964,549.8783505154639],[1273.0606223175964,550.6027491408935],[1273.7827253218884,550.6027491408935],[1275.5879828326179,552.4137457044674],[1275.9490343347638,554.2247422680413],[1277.0321888412018,554.9491408934708],[1277.0321888412018,555.6735395189004],[1277.7542918454935,556.3979381443299],[1277.7542918454935,560.7443298969072],[1279.1984978540772,562.5553264604811],[1282.4479613733906,563.6419243986254],[1282.4479613733906,563.2797250859106],[1283.5311158798283,563.2797250859106],[1283.5311158798283,562.9175257731958],[1285.336373390558,562.5553264604811],[1286.0584763948498,561.8309278350515],[1288.5858369098712,561.8309278350515],[1290.030042918455,563.2797250859106],[1290.7521459227469,563.2797250859106],[1291.1131974248926,564.0041237113402],[1293.2795064377683,564.7285223367697],[1294.00160944206,565.8151202749141],[1295.8068669527897,566.5395189003436],[1296.1679184549357,567.626116838488],[1296.8900214592275,567.9883161512028],[1296.8900214592275,569.4371134020619]]}},{"type":"Feature","id":"region-border-013-020-001","properties":{"id":"region-border-013-020-001","type":"region-border","countryId":"country-019","leftRegionId":"region-015","rightRegionId":"region-004"},"geometry":{"type":"MultiLineString","coordinates":[[[1344.5488197424893,465.485910652921],[1345.2709227467813,464.76151202749145],[1356.102467811159,465.1237113402062],[1356.102467811159,465.485910652921],[1358.2687768240344,466.21030927835045],[1359.351931330472,467.65910652920957],[1360.0740343347638,467.65910652920957],[1362.2403433476393,470.194501718213],[1364.406652360515,470.5567010309278],[1364.406652360515,470.194501718213],[1366.2119098712446,469.83230240549824],[1367.2950643776824,468.7457044673539],[1368.017167381974,465.485910652921],[1367.6561158798283,465.485910652921],[1367.6561158798283,464.03711340206183],[1366.9340128755366,463.31271477663233],[1366.9340128755366,462.226116838488],[1366.2119098712446,461.50171821305844],[1366.2119098712446,460.4151202749141],[1365.1287553648067,459.32852233676977],[1364.767703862661,456.43092783505153],[1362.6013948497853,453.8955326460481],[1362.9624463519312,451.36013745704463],[1365.4898068669527,449.186941580756],[1365.4898068669527,447.3759450171821],[1364.406652360515,446.2893470790378],[1364.0456008583692,444.8405498281787],[1364.767703862661,444.11615120274917],[1366.2119098712446,444.11615120274917],[1366.2119098712446,443.7539518900344],[1371.6276824034335,443.7539518900344],[1371.9887339055795,444.11615120274917],[1371.9887339055795,443.7539518900344],[1374.155042918455,443.7539518900344],[1374.155042918455,443.3917525773196],[1375.2381974248926,443.3917525773196],[1375.2381974248926,443.02955326460483],[1376.3213519313304,443.02955326460483],[1376.3213519313304,442.66735395189005],[1382.0981759656652,443.3917525773196],[1382.0981759656652,443.02955326460483],[1383.5423819742489,443.02955326460483],[1383.5423819742489,442.66735395189005],[1385.7086909871246,442.30515463917527],[1386.4307939914163,441.5807560137457],[1387.513948497854,441.5807560137457],[1387.513948497854,441.21855670103093],[1388.9581545064377,440.85635738831616],[1390.0413090128754,439.7697594501718],[1390.7634120171674,436.8721649484536],[1392.207618025751,435.4233676975945],[1392.207618025751,434.6989690721649],[1393.2907725321888,433.2501718213058],[1393.2907725321888,432.1635738831615],[1393.6518240343348,432.1635738831615],[1394.3739270386266,429.99037800687285],[1395.0960300429183,429.99037800687285],[1395.0960300429183,429.62817869415807],[1397.6233905579397,429.99037800687285],[1404.4833690987125,436.8721649484536],[1405.2054721030042,436.8721649484536],[1408.0938841201717,439.7697594501718],[1408.8159871244634,439.7697594501718],[1408.8159871244634,440.1319587628866],[1410.2601931330473,440.4941580756014],[1410.621244635193,441.21855670103093],[1413.5096566523605,442.30515463917527],[1415.6759656652362,444.47835051546394],[1418.2033261802576,444.8405498281787],[1419.286480686695,445.927147766323],[1421.4527896995708,446.65154639175256],[1422.1748927038625,447.3759450171821],[1422.5359442060085,448.82474226804123],[1422.8969957081545,448.82474226804123],[1423.2580472103004,450.6357388316151],[1426.5075107296138,450.99793814432985],[1426.5075107296138,451.36013745704463],[1429.0348712446353,451.36013745704463],[1429.756974248927,452.0845360824742],[1430.8401287553647,452.0845360824742],[1430.8401287553647,452.44673539518897],[1432.2843347639484,452.80893470790375],[1432.6453862660944,453.5333333333333],[1433.3674892703862,453.5333333333333],[1433.7285407725321,454.25773195876286],[1434.450643776824,454.25773195876286],[1435.1727467811158,454.9821305841924],[1438.0,455.7556509318921]],[[1438.8931073259985,456.0],[1439.0,456.02924522565155]]]}},{"type":"Feature","id":"region-border-013-023-001","properties":{"id":"region-border-013-023-001","type":"region-border","countryId":"country-019","leftRegionId":"region-015","rightRegionId":"region-016"},"geometry":{"type":"LineString","coordinates":[[1343.4656652360513,475.9896907216495],[1344.9098712446353,477.0762886597938],[1348.8814377682402,477.4384879725086],[1348.8814377682402,477.8006872852234],[1351.0477467811158,478.52508591065293],[1351.7698497854076,479.2494845360825],[1351.7698497854076,480.3360824742268],[1352.1309012875536,480.3360824742268],[1352.1309012875536,483.9580756013746],[1351.7698497854076,483.9580756013746],[1351.4087982832616,488.30446735395185],[1351.0477467811158,488.30446735395185],[1351.0477467811158,489.3910652920962],[1350.325643776824,489.75326460481097],[1350.325643776824,490.4776632302405],[1348.8814377682402,491.92646048109964],[1348.8814377682402,493.013058419244],[1349.9645922746781,493.73745704467353],[1350.325643776824,495.5484536082474],[1350.68669527897,495.5484536082474],[1350.68669527897,497.3594501718213],[1350.325643776824,497.3594501718213],[1350.325643776824,498.0838487972509],[1349.2424892703862,499.53264604811],[1349.2424892703862,503.15463917525767],[1351.0477467811158,505.32783505154634],[1353.2140557939915,505.6900343642611],[1353.2140557939915,505.32783505154634],[1354.297210300429,505.32783505154634],[1354.297210300429,504.96563573883157],[1355.741416309013,504.6034364261168],[1356.102467811159,503.87903780068723],[1361.1571888412018,502.7924398625429],[1361.5182403433478,501.70584192439867],[1361.8792918454935,501.70584192439867],[1361.8792918454935,500.61924398625433],[1362.2403433476393,500.61924398625433],[1362.2403433476393,498.80824742268044],[1363.6845493562232,497.3594501718213],[1366.5729613733906,497.3594501718213],[1366.5729613733906,496.99725085910654],[1373.432939914163,497.3594501718213],[1373.432939914163,497.7216494845361],[1375.2381974248926,497.7216494845361],[1375.5992489270386,498.44604810996566],[1376.3213519313304,498.44604810996566],[1377.4045064377683,499.53264604811],[1377.4045064377683,500.25704467353955],[1378.12660944206,500.61924398625433],[1378.8487124463518,502.7924398625429],[1378.487660944206,502.7924398625429],[1378.487660944206,503.87903780068723],[1377.4045064377683,504.6034364261168],[1377.4045064377683,505.32783505154634],[1376.3213519313304,506.0522336769759],[1376.3213519313304,507.13883161512024],[1377.0434549356223,507.501030927835],[1377.0434549356223,508.2254295532646],[1378.8487124463518,510.03642611683847],[1379.9318669527897,510.39862542955325],[1380.2929184549357,511.4852233676976],[1381.0150214592275,511.4852233676976],[1381.7371244635192,512.5718213058419],[1382.4592274678112,512.5718213058419],[1384.2644849785406,514.7450171821306],[1384.6255364806866,518.3670103092784],[1384.9865879828326,518.3670103092784],[1384.9865879828326,521.2646048109965],[1385.3476394849786,521.2646048109965],[1385.3476394849786,524.1621993127147],[1385.7086909871246,524.1621993127147],[1386.0697424892703,535.3903780068729],[1386.4307939914163,535.3903780068729],[1386.791845493562,537.9257731958763],[1387.152896995708,537.9257731958763],[1388.236051502146,540.8233676975944],[1388.4121240563234,541.0]]}},{"type":"Feature","id":"region-border-014-017-001","properties":{"id":"region-border-014-017-001","type":"region-border","countryId":"country-019","leftRegionId":"region-019","rightRegionId":"region-013"},"geometry":{"type":"LineString","coordinates":[[1200.489270386266,611.0900343642611],[1203.7387339055795,611.0900343642611],[1203.7387339055795,611.4522336769759],[1206.9881974248926,611.8144329896907],[1206.9881974248926,612.1766323024054],[1209.87660944206,611.8144329896907],[1209.87660944206,612.1766323024054],[1211.6818669527897,612.5388316151202],[1211.6818669527897,612.1766323024054],[1212.4039699570815,612.1766323024054],[1212.4039699570815,611.8144329896907],[1213.1260729613734,611.8144329896907],[1214.5702789699571,610.7278350515464],[1218.1807939914163,610.3656357388317],[1219.263948497854,611.8144329896907],[1219.263948497854,612.901030927835],[1219.625,612.901030927835],[1219.263948497854,615.0742268041237],[1218.902896995708,615.0742268041237],[1218.902896995708,619.7828178694158],[1219.263948497854,619.7828178694158],[1219.263948497854,620.5072164948454],[1221.0692060085837,620.8694158075601],[1221.0692060085837,621.2316151202749],[1223.9576180257511,621.2316151202749],[1223.9576180257511,620.8694158075601],[1225.4018240343348,620.8694158075601],[1226.1239270386266,620.1450171821306],[1227.2070815450643,620.1450171821306],[1227.9291845493563,619.420618556701],[1230.0954935622317,619.0584192439862],[1231.1786480686694,617.9718213058419],[1231.9007510729614,615.0742268041237],[1232.2618025751071,615.0742268041237],[1231.9007510729614,610.7278350515464],[1232.6228540772531,610.3656357388317],[1232.6228540772531,609.6412371134021],[1234.0670600858368,608.192439862543],[1237.3165236051502,607.8302405498282],[1238.038626609442,608.5546391752578],[1238.038626609442,611.4522336769759],[1238.399678111588,611.4522336769759],[1238.399678111588,612.5388316151202],[1238.760729613734,612.5388316151202],[1239.12178111588,613.9876288659793],[1240.2049356223176,613.9876288659793],[1240.9270386266094,615.0742268041237],[1242.732296137339,615.4364261168384],[1242.732296137339,615.0742268041237],[1246.3428111587982,613.6254295532646],[1247.0649141630902,614.3498281786941],[1247.0649141630902,617.6096219931271],[1248.148068669528,617.9718213058419],[1248.148068669528,618.3340206185567],[1249.5922746781116,618.3340206185567],[1250.3143776824033,621.2316151202749],[1252.480686695279,623.0426116838488],[1255.0080472103004,623.0426116838488],[1255.0080472103004,622.680412371134],[1258.2575107296138,621.9560137457045],[1259.7017167381973,620.5072164948454],[1260.0627682403433,618.6962199312715],[1260.4238197424893,618.6962199312715],[1261.145922746781,612.5388316151202]]}},{"type":"Feature","id":"region-border-015-018-001","properties":{"id":"region-border-015-018-001","type":"region-border","countryId":"country-019","leftRegionId":"region-025","rightRegionId":"region-024"},"geometry":{"type":"LineString","coordinates":[[1104.8106223175964,629.5621993127147],[1104.4495708154507,637.5305841924398],[1104.0885193133047,637.5305841924398],[1103.366416309013,640.7903780068729],[1102.283261802575,641.8769759450172]]}},{"type":"Feature","id":"region-border-015-021-001","properties":{"id":"region-border-015-021-001","type":"region-border","countryId":"country-019","leftRegionId":"region-025","rightRegionId":"region-023"},"geometry":{"type":"LineString","coordinates":[[1087.8412017167382,604.2082474226804],[1088.2022532188842,604.2082474226804],[1088.56330472103,605.2948453608248],[1089.6464592274679,605.6570446735395],[1089.6464592274679,606.7436426116839],[1090.0075107296138,606.7436426116839],[1090.0075107296138,607.8302405498282],[1090.3685622317596,607.8302405498282],[1090.3685622317596,609.6412371134021],[1090.7296137339056,609.6412371134021],[1091.4517167381973,611.8144329896907],[1092.5348712446353,612.901030927835],[1094.7011802575107,613.6254295532646],[1096.1453862660944,615.0742268041237],[1096.1453862660944,616.160824742268],[1096.5064377682402,616.160824742268],[1096.1453862660944,622.680412371134],[1096.5064377682402,622.680412371134],[1096.5064377682402,623.4048109965636],[1097.5895922746781,624.4914089347079],[1098.3116952789699,624.4914089347079],[1099.7559012875536,626.3024054982818],[1100.4780042918455,626.3024054982818],[1101.5611587982833,627.3890034364262],[1101.5611587982833,628.1134020618557],[1102.283261802575,628.1134020618557],[1103.005364806867,629.1999999999999],[1104.8106223175964,629.5621993127147]]}},{"type":"Feature","id":"region-border-015-025-001","properties":{"id":"region-border-015-025-001","type":"region-border","countryId":"country-019","leftRegionId":"region-025","rightRegionId":"region-026"},"geometry":{"type":"LineString","coordinates":[[1079.0,644.7436247402256],[1080.9812231759656,644.4123711340206],[1081.3422746781116,643.6879725085911],[1083.869635193133,642.9635738831615],[1085.3138412017167,641.5147766323024],[1086.0359442060085,641.5147766323024],[1086.7580472103004,640.7903780068729],[1087.8412017167382,640.7903780068729],[1087.8412017167382,640.4281786941581],[1089.6464592274679,640.4281786941581],[1089.6464592274679,640.0659793814433],[1093.256974248927,640.0659793814433],[1093.256974248927,640.4281786941581],[1095.4232832618027,640.4281786941581],[1095.4232832618027,640.7903780068729],[1097.950643776824,640.7903780068729],[1097.950643776824,641.1525773195876],[1099.7559012875536,641.5147766323024],[1099.7559012875536,641.8769759450172],[1102.283261802575,641.8769759450172]]}},{"type":"Feature","id":"region-border-016-019-001","properties":{"id":"region-border-016-019-001","type":"region-border","countryId":"country-019","leftRegionId":"region-008","rightRegionId":"region-003"},"geometry":{"type":"LineString","coordinates":[[1158.9683476394848,418.0378006872852],[1158.607296137339,418.0378006872852],[1158.607296137339,419.12439862542954],[1158.246244635193,419.12439862542954],[1158.246244635193,419.8487972508591],[1157.885193133047,419.8487972508591],[1157.885193133047,420.57319587628865],[1156.8020386266094,421.659793814433],[1156.4409871244634,423.4707903780069],[1156.0799356223176,423.4707903780069],[1155.7188841201717,427.45498281786945],[1155.3578326180257,427.45498281786945],[1155.7188841201717,434.33676975945014],[1155.3578326180257,434.33676975945014],[1155.3578326180257,435.4233676975945],[1153.552575107296,437.23436426116837],[1153.552575107296,439.7697594501718],[1153.1915236051502,439.7697594501718],[1153.1915236051502,440.85635738831616],[1152.8304721030042,440.85635738831616],[1152.8304721030042,443.02955326460483],[1152.4694206008583,443.02955326460483],[1152.4694206008583,444.11615120274917],[1151.7473175965665,444.8405498281787],[1151.7473175965665,446.2893470790378],[1151.3862660944205,446.2893470790378],[1151.3862660944205,447.01374570446734],[1150.3031115879828,448.46254295532646],[1147.7757510729614,448.82474226804123],[1147.7757510729614,449.186941580756],[1146.6925965665237,449.5491408934708],[1146.3315450643777,451.36013745704463],[1145.9704935622317,451.36013745704463],[1145.9704935622317,453.1711340206185],[1145.6094420600857,453.1711340206185],[1145.24839055794,455.706529209622],[1144.1652360515022,456.7931271477663],[1143.8041845493563,458.24192439862543],[1142.7210300429183,458.966323024055],[1142.7210300429183,459.69072164948454],[1141.2768240343348,460.7773195876289],[1140.9157725321888,464.76151202749145],[1141.2768240343348,464.76151202749145],[1141.2768240343348,465.485910652921],[1142.3599785407725,466.93470790378],[1143.0820815450643,466.93470790378],[1144.526287553648,468.3835051546391],[1145.24839055794,468.3835051546391],[1145.24839055794,468.7457044673539],[1145.9704935622317,468.7457044673539],[1145.9704935622317,469.1079037800687],[1147.4146995708154,469.47010309278346],[1147.7757510729614,470.194501718213],[1149.581008583691,470.5567010309278],[1150.3031115879828,471.28109965635736],[1159.6904506437768,472.3676975945017],[1159.6904506437768,472.72989690721647],[1160.7736051502145,472.72989690721647],[1160.7736051502145,473.09209621993125],[1161.8567596566522,473.09209621993125],[1161.8567596566522,473.45429553264603],[1162.9399141630902,473.45429553264603],[1162.9399141630902,473.8164948453608],[1164.023068669528,473.8164948453608],[1164.023068669528,474.1786941580756],[1165.1062231759656,474.1786941580756],[1165.1062231759656,474.54089347079037],[1169.4388412017167,474.1786941580756],[1169.4388412017167,474.54089347079037],[1170.8830472103004,474.90309278350514],[1171.6051502145922,475.9896907216495],[1172.3272532188842,475.9896907216495],[1173.049356223176,476.71408934707904]]}},{"type":"Feature","id":"region-border-016-026-001","properties":{"id":"region-border-016-026-001","type":"region-border","countryId":"country-019","leftRegionId":"region-008","rightRegionId":"region-006"},"geometry":{"type":"LineString","coordinates":[[1238.760729613734,439.04536082474226],[1239.12178111588,441.21855670103093],[1238.760729613734,441.21855670103093],[1238.399678111588,443.7539518900344],[1238.038626609442,443.7539518900344],[1238.038626609442,446.65154639175256],[1238.399678111588,446.65154639175256],[1238.760729613734,450.6357388316151],[1235.8723175965665,453.5333333333333]]}},{"type":"Feature","id":"region-border-016-028-001","properties":{"id":"region-border-016-028-001","type":"region-border","countryId":"country-019","leftRegionId":"region-008","rightRegionId":"region-007"},"geometry":{"type":"LineString","coordinates":[[1235.8723175965665,453.5333333333333],[1235.8723175965665,453.1711340206185],[1234.7891630901288,453.1711340206185],[1234.0670600858368,452.44673539518897],[1229.37339055794,452.44673539518897],[1229.37339055794,452.80893470790375],[1227.9291845493563,453.1711340206185],[1227.5681330472103,454.9821305841924],[1226.8460300429183,455.3443298969072],[1226.8460300429183,456.06872852233676],[1224.3186695278969,458.6041237113402],[1220.3471030042917,459.69072164948454],[1218.5418454935623,461.13951890034366],[1218.5418454935623,464.03711340206183],[1218.902896995708,464.03711340206183],[1220.3471030042917,467.65910652920957],[1222.1523605150214,469.47010309278346],[1222.5134120171674,472.72989690721647],[1222.1523605150214,472.72989690721647],[1221.7913090128754,474.1786941580756],[1221.0692060085837,474.54089347079037],[1221.0692060085837,475.2652920962199],[1219.986051502146,475.9896907216495],[1218.902896995708,478.52508591065293],[1216.7365879828326,480.3360824742268],[1216.0144849785406,482.5092783505155],[1214.5702789699571,483.59587628865984]]}},{"type":"Feature","id":"region-border-017-022-001","properties":{"id":"region-border-017-022-001","type":"region-border","countryId":"country-019","leftRegionId":"region-013","rightRegionId":"region-012"},"geometry":{"type":"LineString","coordinates":[[1158.9683476394848,582.8384879725086],[1158.9683476394848,583.5628865979381],[1159.6904506437768,584.2872852233677],[1159.6904506437768,586.0982817869416],[1160.0515021459228,586.0982817869416],[1161.8567596566522,590.4446735395189],[1163.662017167382,591.893470790378],[1164.023068669528,594.0666666666666],[1164.3841201716737,594.0666666666666],[1163.662017167382,596.9642611683848],[1161.1346566523605,599.1374570446735],[1160.7736051502145,602.0350515463917],[1160.4125536480688,602.0350515463917],[1160.7736051502145,603.8460481099656]]}},{"type":"Feature","id":"region-border-018-021-001","properties":{"id":"region-border-018-021-001","type":"region-border","countryId":"country-019","leftRegionId":"region-024","rightRegionId":"region-023"},"geometry":{"type":"LineString","coordinates":[[1104.8106223175964,629.5621993127147],[1106.2548283261804,629.1999999999999],[1106.2548283261804,628.8378006872853],[1107.3379828326179,628.8378006872853],[1108.0600858369098,628.1134020618557],[1110.2263948497853,627.7512027491409],[1111.6706008583692,626.6646048109966],[1113.8369098712446,626.6646048109966],[1114.1979613733906,627.7512027491409],[1114.5590128755364,627.7512027491409],[1114.5590128755364,628.8378006872853],[1114.9200643776824,628.8378006872853],[1114.5590128755364,629.1999999999999],[1114.5590128755364,633.5463917525773],[1114.9200643776824,633.5463917525773],[1114.9200643776824,634.6329896907216],[1115.642167381974,634.9951890034364],[1115.642167381974,635.719587628866],[1116.725321888412,636.8061855670103],[1117.4474248927038,636.8061855670103],[1118.8916309012875,637.8927835051546],[1119.9747854077252,637.8927835051546],[1121.418991416309,638.979381443299],[1123.5853004291846,639.3415807560137],[1123.5853004291846,638.979381443299],[1124.6684549356223,638.979381443299],[1124.6684549356223,638.6171821305842],[1127.5568669527897,638.6171821305842],[1127.9179184549357,638.2549828178694],[1127.5568669527897,634.9951890034364],[1128.6400214592275,634.6329896907216],[1129.0010729613734,633.9085910652921],[1129.7231759656652,633.9085910652921],[1134.0557939914163,629.1999999999999],[1138.7494635193134,629.5621993127147],[1138.7494635193134,629.1999999999999],[1139.4715665236051,629.1999999999999],[1140.9157725321888,628.1134020618557]]}},{"type":"Feature","id":"region-border-018-025-001","properties":{"id":"region-border-018-025-001","type":"region-border","countryId":"country-019","leftRegionId":"region-024","rightRegionId":"region-026"},"geometry":{"type":"LineString","coordinates":[[1102.283261802575,641.8769759450172],[1102.644313304721,645.1367697594502],[1103.005364806867,645.1367697594502],[1103.005364806867,647.6721649484535],[1103.366416309013,647.6721649484535],[1103.366416309013,648.7587628865979],[1103.7274678111587,648.7587628865979],[1103.7274678111587,649.8453608247422],[1104.0885193133047,649.8453608247422],[1104.0885193133047,652.3807560137457],[1103.7274678111587,652.3807560137457],[1103.7274678111587,653.46735395189],[1103.366416309013,653.46735395189],[1103.366416309013,657.0893470790378],[1103.7274678111587,657.0893470790378],[1104.0885193133047,659.6247422680412],[1103.7274678111587,659.6247422680412],[1103.366416309013,662.1601374570447],[1103.005364806867,662.1601374570447],[1103.005364806867,663.246735395189],[1102.644313304721,663.246735395189],[1102.644313304721,666.1443298969072],[1103.005364806867,666.1443298969072],[1103.005364806867,666.8687285223367],[1103.7274678111587,667.2309278350515],[1103.7274678111587,667.955326460481],[1104.4495708154507,668.6797250859106],[1105.1716738197424,668.6797250859106],[1106.6158798283261,670.1285223367697],[1108.0600858369098,670.4907216494845],[1108.4211373390558,672.6639175257732]]}},{"type":"Feature","id":"region-border-018-027-001","properties":{"id":"region-border-018-027-001","type":"region-border","countryId":"country-019","leftRegionId":"region-024","rightRegionId":"region-027"},"geometry":{"type":"LineString","coordinates":[[1108.4211373390558,672.6639175257732],[1110.2263948497853,673.026116838488],[1111.6706008583692,674.8371134020618],[1115.2811158798283,675.5615120274914],[1116.725321888412,677.0103092783505],[1116.725321888412,677.7347079037801],[1117.4474248927038,678.4591065292096],[1117.4474248927038,681.3567010309279],[1117.086373390558,681.3567010309279],[1117.086373390558,683.8920962199312],[1116.725321888412,683.8920962199312],[1116.364270386266,685.7030927835051]]}},{"type":"Feature","id":"region-border-019-022-001","properties":{"id":"region-border-019-022-001","type":"region-border","countryId":"country-019","leftRegionId":"region-003","rightRegionId":"region-012"},"geometry":{"type":"LineString","coordinates":[[1120.6968884120172,519.4536082474227],[1121.780042918455,519.4536082474227],[1122.5021459227469,520.540206185567],[1123.2242489270386,520.540206185567],[1123.9463519313304,521.6268041237113],[1124.6684549356223,521.6268041237113],[1125.390557939914,522.7134020618556],[1126.112660944206,522.7134020618556],[1132.6115879828326,529.5951890034364],[1133.3336909871246,529.5951890034364],[1134.4168454935623,530.6817869415808],[1135.861051502146,531.0439862542955],[1136.5831545064377,532.1305841924399]]}},{"type":"Feature","id":"region-border-021-022-001","properties":{"id":"region-border-021-022-001","type":"region-border","countryId":"country-019","leftRegionId":"region-023","rightRegionId":"region-012"},"geometry":{"type":"LineString","coordinates":[[1125.75160944206,596.6020618556701],[1129.3621244635192,597.3264604810996],[1129.3621244635192,597.6886597938144],[1130.806330472103,597.6886597938144],[1130.806330472103,598.0508591065292],[1132.2505364806866,598.0508591065292],[1132.2505364806866,598.413058419244],[1133.6947424892703,598.413058419244],[1133.6947424892703,598.7752577319587],[1135.138948497854,598.7752577319587],[1135.138948497854,599.1374570446735],[1136.5831545064377,599.4996563573883],[1137.3052575107295,600.5862542955326],[1138.3884120171674,600.5862542955326],[1139.1105150214592,601.3106529209622]]}},{"type":"Feature","id":"region-border-023-026-001","properties":{"id":"region-border-023-026-001","type":"region-border","countryId":"country-019","leftRegionId":"region-016","rightRegionId":"region-006"},"geometry":{"type":"LineString","coordinates":[[1288.2247854077254,520.9024054982817],[1288.2247854077254,520.1780068728523],[1289.307939914163,518.7292096219932],[1290.030042918455,518.7292096219932],[1290.7521459227469,518.0048109965636],[1291.8353004291844,518.0048109965636],[1292.5574034334763,517.280412371134],[1293.6405579399143,517.280412371134],[1293.6405579399143,516.9182130584193],[1296.8900214592275,517.6426116838488],[1296.8900214592275,518.0048109965636],[1297.6121244635192,518.0048109965636],[1299.0563304721031,519.0914089347079],[1303.027896995708,519.0914089347079],[1303.027896995708,518.7292096219932],[1304.111051502146,518.7292096219932],[1304.111051502146,518.3670103092784],[1305.5552575107295,518.0048109965636],[1306.6384120171674,516.5560137457045],[1307.3605150214592,516.5560137457045],[1308.082618025751,515.8316151202749],[1308.082618025751,514.7450171821306],[1308.4436695278969,514.7450171821306],[1308.4436695278969,509.3120274914089],[1308.8047210300429,509.3120274914089],[1308.8047210300429,506.0522336769759],[1309.1657725321888,506.0522336769759],[1309.1657725321888,504.241237113402],[1309.5268240343348,504.241237113402],[1309.5268240343348,500.9814432989691],[1309.8878755364808,500.9814432989691],[1309.8878755364808,500.25704467353955],[1312.776287553648,499.1704467353952]]}},{"type":"Feature","id":"region-border-023-028-001","properties":{"id":"region-border-023-028-001","type":"region-border","countryId":"country-019","leftRegionId":"region-016","rightRegionId":"region-007"},"geometry":{"type":"LineString","coordinates":[[1288.2247854077254,520.9024054982817],[1288.5858369098712,523.8],[1288.9468884120172,523.8],[1288.9468884120172,527.4219931271477],[1288.5858369098712,527.4219931271477],[1288.5858369098712,528.1463917525773],[1287.5026824034335,528.5085910652921],[1287.5026824034335,528.8707903780069],[1285.336373390558,528.5085910652921],[1284.25321888412,529.5951890034364],[1282.8090128755366,529.9573883161512],[1282.8090128755366,530.6817869415808],[1282.4479613733906,530.6817869415808],[1283.1700643776824,536.4769759450172],[1284.614270386266,537.5635738831616],[1284.614270386266,538.2879725085911],[1285.6974248927038,539.0123711340206],[1285.6974248927038,540.0989690721649],[1286.0584763948498,540.0989690721649],[1285.6974248927038,541.9099656357388],[1285.336373390558,541.9099656357388],[1285.336373390558,543.7209621993127],[1284.25321888412,544.807560137457]]}},{"type":"Feature","id":"region-border-023-030-001","properties":{"id":"region-border-023-030-001","type":"region-border","countryId":"country-019","leftRegionId":"region-016","rightRegionId":"region-017"},"geometry":{"type":"LineString","coordinates":[[1284.25321888412,544.807560137457],[1285.6974248927038,548.7917525773196],[1287.1416309012875,550.2405498281787],[1288.2247854077254,550.2405498281787],[1289.307939914163,549.1539518900344],[1289.307939914163,548.4295532646048],[1290.030042918455,548.06735395189],[1291.4742489270386,544.0831615120275],[1292.1963519313304,544.0831615120275],[1293.6405579399143,542.9965635738831],[1295.4458154506437,542.9965635738831],[1295.4458154506437,543.3587628865979],[1298.3342274678112,543.7209621993127],[1299.0563304721031,544.807560137457],[1300.1394849785406,544.807560137457],[1300.5005364806866,543.7209621993127],[1301.5836909871246,542.9965635738831],[1302.3057939914163,540.8233676975944],[1303.027896995708,540.4611683848797],[1303.027896995708,539.7367697594501],[1303.75,539.0123711340206],[1303.75,537.9257731958763],[1305.9163090128754,535.7525773195877],[1308.4436695278969,535.3903780068729],[1308.4436695278969,535.7525773195877],[1310.9710300429183,535.7525773195877],[1310.9710300429183,536.1147766323024],[1313.8594420600857,536.1147766323024],[1316.7478540772531,538.2879725085911],[1317.108905579399,539.7367697594501],[1316.7478540772531,539.7367697594501],[1316.7478540772531,540.8233676975944],[1316.3868025751071,540.8233676975944],[1316.3868025751071,541.9099656357388],[1316.0257510729614,541.9099656357388],[1316.0257510729614,542.9965635738831],[1315.6646995708154,542.9965635738831],[1315.6646995708154,545.1697594501718],[1316.7478540772531,545.5319587628866],[1317.108905579399,546.2563573883161],[1318.1920600858368,546.2563573883161],[1318.1920600858368,546.6185567010309],[1322.524678111588,546.2563573883161],[1324.3299356223174,544.4453608247422],[1325.0520386266094,540.8233676975944],[1326.1351931330473,539.7367697594501],[1326.1351931330473,539.0123711340206],[1326.857296137339,539.0123711340206],[1326.857296137339,538.6501718213058],[1330.4678111587982,538.6501718213058],[1330.4678111587982,539.0123711340206],[1331.912017167382,539.3745704467353],[1333.7172746781116,541.1855670103092],[1334.8004291845493,543.7209621993127],[1340.2162017167382,544.4453608247422],[1341.6604077253219,546.2563573883161],[1342.3825107296138,549.5161512027491],[1343.1046137339056,549.5161512027491],[1343.1046137339056,549.8783505154639],[1344.9098712446353,549.8783505154639],[1344.9098712446353,549.5161512027491],[1346.3540772532187,549.5161512027491],[1346.3540772532187,549.1539518900344],[1348.1593347639484,548.7917525773196],[1349.2424892703862,547.7051546391752],[1349.2424892703862,546.9807560137457],[1349.9645922746781,546.6185567010309],[1351.0477467811158,543.7209621993127],[1352.8530042918455,543.7209621993127],[1355.019313304721,545.5319587628866],[1356.8245708154504,551.327147766323],[1358.2687768240344,551.6893470790378],[1358.2687768240344,552.0515463917526],[1359.351931330472,552.0515463917526],[1359.351931330472,552.4137457044674],[1360.4350858369098,552.4137457044674],[1360.4350858369098,552.7759450171822],[1361.5182403433478,552.7759450171822],[1362.6013948497853,554.2247422680413]]}},{"type":"Feature","id":"region-border-024-027-001","properties":{"id":"region-border-024-027-001","type":"region-border","countryId":"country-019","leftRegionId":"region-029","rightRegionId":"region-027"},"geometry":{"type":"LineString","coordinates":[[1065.456008583691,687.1518900343642],[1066.1781115879828,687.514089347079],[1066.9002145922746,689.3250859106529],[1067.6223175965665,689.3250859106529],[1067.9833690987125,690.0494845360824],[1070.149678111588,690.4116838487972],[1071.5938841201717,691.4982817869416],[1073.3991416309013,691.4982817869416],[1074.8433476394848,690.4116838487972],[1079.1759656652362,690.4116838487972],[1079.898068669528,691.1360824742268],[1080.2591201716737,692.5848797250859],[1080.9812231759656,692.9470790378007],[1080.9812231759656,693.6714776632302],[1082.7864806866953,695.4824742268041],[1087.1190987124464,696.2068728522337],[1087.1190987124464,696.5690721649485],[1088.56330472103,696.9312714776632],[1088.924356223176,697.6556701030928],[1089.6464592274679,697.6556701030928],[1090.3685622317596,698.7422680412371],[1091.0906652360513,698.7422680412371],[1092.5348712446353,700.553264604811],[1092.5348712446353,702.7264604810996],[1092.895922746781,702.7264604810996],[1093.256974248927,704.5374570446735],[1095.4232832618027,706.7106529209622]]}},{"type":"Feature","id":"region-border-025-027-001","properties":{"id":"region-border-025-027-001","type":"region-border","countryId":"country-019","leftRegionId":"region-026","rightRegionId":"region-027"},"geometry":{"type":"LineString","coordinates":[[1080.0,665.506579249705],[1080.2591201716737,665.4199312714776],[1080.2591201716737,665.0577319587629],[1084.591738197425,665.0577319587629],[1084.591738197425,665.4199312714776],[1086.7580472103004,666.1443298969072],[1087.1190987124464,666.8687285223367],[1087.8412017167382,666.8687285223367],[1089.6464592274679,668.6797250859106],[1090.3685622317596,668.6797250859106],[1091.4517167381973,669.7663230240549],[1092.895922746781,670.1285223367697],[1094.7011802575107,671.9395189003436],[1095.0622317596567,673.026116838488],[1095.7843347639484,673.026116838488],[1096.5064377682402,673.7505154639175],[1097.5895922746781,673.7505154639175],[1099.0337982832618,674.8371134020618],[1100.1169527896996,674.8371134020618],[1100.8390557939915,675.5615120274914],[1104.0885193133047,674.8371134020618],[1104.0885193133047,674.4749140893471],[1105.8937768240344,674.1127147766323],[1105.8937768240344,673.7505154639175],[1107.3379828326179,673.3883161512027],[1107.6990343347638,672.6639175257732],[1108.4211373390558,672.6639175257732]]}},{"type":"Feature","id":"region-border-026-028-001","properties":{"id":"region-border-026-028-001","type":"region-border","countryId":"country-019","leftRegionId":"region-006","rightRegionId":"region-007"},"geometry":{"type":"LineString","coordinates":[[1235.8723175965665,453.5333333333333],[1236.2333690987125,456.06872852233676],[1236.5944206008583,456.06872852233676],[1236.5944206008583,457.87972508591065],[1236.9554721030042,457.87972508591065],[1236.9554721030042,462.5883161512028],[1236.5944206008583,462.5883161512028],[1236.2333690987125,464.39931271477667],[1235.8723175965665,464.39931271477667],[1235.5112660944205,466.21030927835045],[1235.1502145922746,466.21030927835045],[1235.1502145922746,469.1079037800687],[1235.5112660944205,469.1079037800687],[1235.8723175965665,471.28109965635736],[1236.5944206008583,471.64329896907213],[1236.5944206008583,472.3676975945017],[1237.677575107296,473.8164948453608],[1238.399678111588,473.8164948453608],[1238.399678111588,474.1786941580756],[1239.12178111588,474.1786941580756],[1239.12178111588,474.54089347079037],[1239.8438841201717,474.54089347079037],[1239.8438841201717,474.90309278350514],[1240.5659871244634,474.90309278350514],[1240.5659871244634,475.2652920962199],[1241.2880901287554,475.2652920962199],[1242.732296137339,476.35189003436426],[1242.732296137339,477.0762886597938],[1240.9270386266094,478.16288659793815],[1240.9270386266094,479.2494845360825],[1241.6491416309013,479.61168384879727],[1241.6491416309013,480.3360824742268],[1242.010193133047,480.3360824742268],[1242.371244635193,481.78487972508594],[1243.0933476394848,482.1470790378007],[1243.0933476394848,482.8714776632303],[1244.5375536480688,483.9580756013746],[1245.6207081545065,483.9580756013746],[1247.425965665236,482.1470790378007],[1247.425965665236,481.42268041237116],[1248.148068669528,481.42268041237116],[1248.148068669528,481.0604810996564],[1251.0364806866953,481.0604810996564],[1251.0364806866953,481.42268041237116],[1252.480686695279,481.78487972508594],[1253.5638412017167,482.8714776632303],[1253.5638412017167,483.59587628865984],[1254.2859442060085,484.3202749140893],[1254.2859442060085,485.4068728522336],[1254.6469957081545,485.4068728522336],[1254.2859442060085,490.11546391752574],[1254.6469957081545,490.11546391752574],[1255.0080472103004,491.2020618556701],[1256.81330472103,491.56426116838486],[1256.81330472103,491.92646048109964],[1258.6185622317596,492.2886597938144],[1258.6185622317596,491.92646048109964],[1260.4238197424893,491.56426116838486],[1261.506974248927,490.11546391752574],[1262.2290772532187,490.11546391752574],[1263.3122317596567,489.0288659793814],[1265.8395922746781,489.0288659793814],[1266.9227467811158,490.11546391752574],[1266.9227467811158,490.8398625429553],[1267.6448497854076,491.56426116838486],[1267.6448497854076,492.6508591065292],[1268.0059012875536,492.6508591065292],[1267.6448497854076,495.9106529209622],[1268.0059012875536,495.9106529209622],[1268.0059012875536,496.99725085910654],[1268.7280042918455,497.7216494845361],[1269.4501072961373,501.3436426116839],[1269.8111587982833,501.3436426116839],[1269.8111587982833,502.4302405498281],[1270.172210300429,502.4302405498281],[1270.533261802575,503.87903780068723],[1272.3385193133047,504.6034364261168],[1272.6995708154507,505.32783505154634],[1273.4216738197424,505.32783505154634],[1274.5048283261804,506.4144329896907],[1275.226931330472,508.58762886597935],[1275.9490343347638,508.94982817869413],[1275.9490343347638,509.6742268041237],[1276.6711373390558,510.39862542955325],[1277.3932403433475,514.020618556701],[1277.0321888412018,514.020618556701],[1277.0321888412018,515.1072164948454],[1276.6711373390558,515.1072164948454],[1276.3100858369098,516.9182130584193],[1275.9490343347638,516.9182130584193],[1275.5879828326179,518.7292096219932],[1275.226931330472,518.7292096219932],[1275.226931330472,520.9024054982817],[1275.9490343347638,521.6268041237113],[1277.3932403433475,521.9890034364261],[1277.3932403433475,522.3512027491408],[1278.4763948497853,522.3512027491408],[1278.4763948497853,522.7134020618556],[1280.281652360515,522.3512027491408],[1280.281652360515,521.9890034364261],[1281.0037553648067,521.9890034364261],[1281.7258583690987,521.2646048109965],[1282.8090128755366,521.2646048109965],[1282.8090128755366,520.9024054982817],[1285.336373390558,520.9024054982817],[1285.336373390558,521.2646048109965],[1288.2247854077254,520.9024054982817]]}},{"type":"Feature","id":"region-border-028-030-001","properties":{"id":"region-border-028-030-001","type":"region-border","countryId":"country-019","leftRegionId":"region-007","rightRegionId":"region-017"},"geometry":{"type":"LineString","coordinates":[[1272.6995708154507,549.8783505154639],[1272.6995708154507,548.7917525773196],[1273.7827253218884,547.3429553264605],[1274.5048283261804,547.3429553264605],[1275.9490343347638,545.8941580756014],[1277.0321888412018,545.8941580756014],[1277.0321888412018,545.5319587628866],[1278.4763948497853,545.1697594501718],[1279.9206008583692,543.3587628865979],[1282.4479613733906,543.3587628865979],[1283.5311158798283,544.807560137457],[1284.25321888412,544.807560137457]]}},{"type":"Feature","id":"country-008-mainland-southwest-region-border-004-005-001","properties":{"id":"country-008-mainland-southwest-region-border-004-005-001","type":"region-border","countryId":"country-008","targetComponentId":"mainland-southwest","datasetId":"country-008/mainland-southwest","leftRegionId":"country-008-mainland-southwest-region-004","rightRegionId":"country-008-mainland-southwest-region-005"},"geometry":{"type":"LineString","coordinates":[[526.5144941176487,850.1477647058838],[526.5144941176487,851.9949647058838],[526.6231529411781,851.9949647058838],[526.6231529411781,852.6469176470603],[526.7318117647075,852.6469176470603],[526.7318117647075,852.8642352941191],[526.840470588237,852.8642352941191],[526.840470588237,853.081552941178],[526.9491294117663,853.081552941178],[526.9491294117663,853.2988705882368],[527.0577882352958,853.2988705882368],[527.0577882352958,853.4075294117662],[527.1664470588252,853.4075294117662],[527.1664470588252,853.5161882352957],[527.2751058823546,853.5161882352957],[527.3837647058839,853.7335058823544],[527.6010823529429,853.7335058823544],[527.6010823529429,853.8421647058839],[527.7097411764722,853.8421647058839],[527.7097411764722,853.9508235294132],[527.8184000000017,853.9508235294132],[527.8184000000017,854.0594823529427],[527.9270588235311,854.0594823529427],[527.9270588235311,854.1681411764721],[528.0357176470606,854.1681411764721],[528.0357176470606,854.2768000000015],[528.2530352941193,854.3854588235309],[528.2530352941193,854.6027764705898],[528.3616941176488,854.6027764705898],[528.3616941176488,854.7114352941192],[528.4703529411781,854.7114352941192],[528.4703529411781,854.8200941176485],[528.6876705882371,854.928752941178],[528.6876705882371,855.1460705882369],[528.7963294117664,855.1460705882369],[528.7963294117664,855.2547294117662],[528.9049882352958,855.2547294117662],[528.9049882352958,855.4720470588251],[529.0136470588252,855.4720470588251],[529.0136470588252,857.3192470588253],[528.9049882352958,857.3192470588253],[528.9049882352958,857.8625411764722],[528.7963294117664,857.8625411764722],[528.7963294117664,858.1885176470606],[528.6876705882371,858.1885176470606],[528.6876705882371,858.5144941176486],[528.5790117647075,858.5144941176486],[528.5790117647075,858.840470588237],[528.4703529411781,858.840470588237],[528.4703529411781,859.8184000000016],[528.5790117647075,859.8184000000016],[528.5790117647075,859.9270588235312],[528.7963294117664,859.9270588235312],[528.9049882352958,860.1443764705898],[529.1223058823546,860.1443764705898],[529.1223058823546,860.2530352941193],[529.3396235294134,860.2530352941193],[529.4482823529429,860.4703529411781],[529.6656000000016,860.4703529411781],[529.6656000000016,860.5790117647075],[529.774258823531,860.5790117647075],[529.8829176470606,860.7963294117666],[530.1002352941193,860.7963294117666],[530.1002352941193,860.9049882352957],[530.2088941176487,860.9049882352957],[530.2088941176487,861.1223058823546],[530.4262117647077,861.1223058823546],[530.4262117647077,861.2309647058842],[530.534870588237,861.2309647058842],[530.534870588237,861.3396235294134],[530.6435294117664,861.3396235294134],[530.6435294117664,861.4482823529428],[530.7521882352958,861.4482823529428],[530.7521882352958,861.5569411764723],[530.8608470588252,861.5569411764723],[530.8608470588252,861.6656000000019],[530.9695058823545,861.6656000000019],[531.0781647058842,861.8829176470605],[531.2954823529428,861.8829176470605],[531.2954823529428,861.9915764705898],[531.5128000000017,862.1002352941193],[531.5128000000017,862.3175529411781],[531.6214588235313,862.3175529411781],[531.6214588235313,862.6435294117664],[531.5128000000017,862.6435294117664],[531.5128000000017,862.8608470588252],[531.4041411764723,862.8608470588252],[531.4041411764723,863.078164705884],[531.2954823529428,863.078164705884],[531.2954823529428,863.2954823529428],[531.1868235294135,863.2954823529428],[531.1868235294135,863.7301176470605],[531.0781647058842,863.7301176470605],[531.0781647058842,864.1647529411782],[530.9695058823545,864.1647529411782],[530.9695058823545,864.4907294117664],[530.8608470588252,864.4907294117664],[530.8608470588252,864.5993882352958],[530.7521882352958,864.5993882352958],[530.6435294117664,864.8167058823547],[528.7963294117664,864.8167058823547]]}},{"type":"Feature","id":"country-008-mainland-southwest-region-border-004-010-001","properties":{"id":"country-008-mainland-southwest-region-border-004-010-001","type":"region-border","countryId":"country-008","targetComponentId":"mainland-southwest","datasetId":"country-008/mainland-southwest","leftRegionId":"country-008-mainland-southwest-region-004","rightRegionId":"country-008-mainland-southwest-region-010"},"geometry":{"type":"LineString","coordinates":[[561.1766588235316,850.5824000000014],[561.2853176470611,850.5824000000014],[561.2853176470611,850.7997176470602],[561.3939764705905,850.7997176470602],[561.3939764705905,851.0170352941191],[561.50263529412,851.0170352941191],[561.50263529412,851.3430117647073],[561.6112941176494,851.3430117647073],[561.6112941176494,851.9949647058838],[561.7199529411787,851.9949647058838],[561.7199529411787,852.6469176470603],[561.8286117647082,852.6469176470603],[561.8286117647082,853.2988705882368],[561.9372705882375,853.2988705882368],[561.9372705882375,853.624847058825],[562.045929411767,853.624847058825],[562.045929411767,854.0594823529427],[562.1545882352963,854.0594823529427],[562.1545882352963,854.3854588235309],[562.263247058826,854.3854588235309],[562.263247058826,854.928752941178],[562.3719058823552,854.928752941178],[562.3719058823552,855.3633882352956],[562.4805647058847,855.3633882352956],[562.4805647058847,856.0153411764724],[562.5892235294141,856.0153411764724],[562.5892235294141,856.5586352941192],[562.6978823529435,856.5586352941192],[562.6978823529435,857.1019294117665],[562.806541176473,857.1019294117665],[562.806541176473,857.4279058823545],[562.9152000000023,857.4279058823545],[562.9152000000023,857.9712000000018],[563.0238588235318,857.9712000000018],[563.0238588235318,858.2971764705899],[563.1325176470611,858.2971764705899],[563.1325176470611,858.7318117647075],[563.2411764705905,858.7318117647075],[563.2411764705905,859.1664470588252],[563.3498352941199,859.1664470588252],[563.3498352941199,859.4924235294136],[563.4584941176495,859.4924235294136],[563.4584941176495,859.8184000000016],[563.5671529411788,859.8184000000016],[563.5671529411788,860.1443764705898],[563.6758117647082,860.1443764705898],[563.6758117647082,860.4703529411781],[563.7844705882376,860.4703529411781],[563.7844705882376,860.6876705882369],[563.8931294117671,860.6876705882369],[563.8931294117671,861.0136470588252],[564.0017882352965,861.0136470588252],[564.0017882352965,861.2309647058842],[564.1104470588259,861.2309647058842],[564.1104470588259,861.4482823529428],[564.2191058823553,861.4482823529428],[564.2191058823553,861.8829176470605],[564.3277647058846,861.8829176470605],[564.3277647058846,862.1002352941193],[564.4364235294141,862.1002352941193],[564.4364235294141,862.3175529411781],[564.5450823529434,862.3175529411781],[564.5450823529434,862.6435294117664],[564.653741176473,862.6435294117664],[564.653741176473,862.9695058823546],[564.7624000000023,862.9695058823546],[564.7624000000023,863.2954823529428],[564.8710588235317,863.2954823529428],[564.8710588235317,863.621458823531],[564.9797176470612,863.621458823531],[564.9797176470612,863.9474352941194],[565.0883764705906,863.9474352941194],[565.0883764705906,864.1647529411782],[565.19703529412,864.1647529411782],[565.19703529412,864.4907294117664],[565.3056941176494,864.4907294117664],[565.3056941176494,864.925364705884],[565.4143529411788,864.925364705884],[565.4143529411788,865.2513411764725],[565.5230117647083,865.2513411764725],[565.5230117647083,865.5773176470606],[565.6316705882376,865.5773176470606],[565.6316705882376,865.7946352941194],[565.740329411767,865.7946352941194],[565.740329411767,866.3379294117666],[565.8489882352966,866.3379294117666],[565.8489882352966,866.5552470588254],[565.9576470588258,866.5552470588254],[565.9576470588258,866.8812235294135],[566.0663058823553,866.8812235294135],[566.0663058823553,867.0985411764723],[566.1749647058847,867.0985411764723],[566.1749647058847,867.3158588235311],[566.2836235294142,867.3158588235311],[566.2836235294142,867.53317647059],[566.3922823529437,867.53317647059],[566.3922823529437,867.6418352941196],[566.5009411764729,867.6418352941196],[566.5009411764729,867.8591529411784],[566.7182588235318,867.9678117647077],[566.7182588235318,868.1851294117664]]}},{"type":"Feature","id":"country-008-mainland-southwest-region-border-004-013-001","properties":{"id":"country-008-mainland-southwest-region-border-004-013-001","type":"region-border","countryId":"country-008","targetComponentId":"mainland-southwest","datasetId":"country-008/mainland-southwest","leftRegionId":"country-008-mainland-southwest-region-004","rightRegionId":"country-008-mainland-southwest-region-013"},"geometry":{"type":"LineString","coordinates":[[526.5144941176487,850.1477647058838],[526.840470588237,850.1477647058838],[526.840470588237,850.2564235294134],[527.6010823529429,850.2564235294134],[527.6010823529429,850.3650823529426],[528.4703529411781,850.3650823529426],[528.4703529411781,850.4737411764722],[529.0136470588252,850.4737411764722],[529.0136470588252,850.5824000000014],[529.1223058823546,850.5824000000014],[529.1223058823546,850.4737411764722],[530.9695058823545,850.4737411764722],[530.9695058823545,850.5824000000014],[531.9474352941194,850.5824000000014],[531.9474352941194,850.6910588235311],[532.5993882352958,850.6910588235311],[532.5993882352958,850.7997176470602],[532.9253647058841,850.7997176470602],[532.9253647058841,850.9083764705897],[533.142682352943,850.9083764705897],[533.2513411764724,851.1256941176487],[533.4686588235313,851.1256941176487],[533.4686588235313,851.2343529411779],[533.5773176470606,851.2343529411779],[533.5773176470606,851.3430117647073],[533.7946352941194,851.3430117647073],[533.9032941176488,851.5603294117664],[534.1206117647077,851.5603294117664],[534.1206117647077,851.6689882352956],[534.3379294117665,851.6689882352956],[534.3379294117665,851.777647058825],[534.5552470588253,851.777647058825],[534.6639058823548,851.9949647058838],[534.9898823529429,851.9949647058838],[534.9898823529429,852.1036235294132],[535.4245176470606,852.1036235294132],[535.4245176470606,852.2122823529427],[535.7504941176488,852.2122823529427],[535.7504941176488,852.320941176472],[536.4024470588254,852.320941176472],[536.4024470588254,852.4296000000015],[539.9881882352961,852.4296000000015],[539.9881882352961,852.5382588235309],[540.7488000000019,852.5382588235309],[540.7488000000019,852.6469176470603],[541.0747764705901,852.6469176470603],[541.0747764705901,852.7555764705897],[541.4007529411783,852.7555764705897],[541.4007529411783,852.8642352941191],[541.8353882352959,852.8642352941191],[541.8353882352959,852.9728941176486],[542.1613647058842,852.9728941176486],[542.1613647058842,853.081552941178],[542.4873411764726,853.081552941178],[542.4873411764726,853.1902117647073],[542.7046588235313,853.1902117647073],[542.7046588235313,853.2988705882368],[542.9219764705902,853.2988705882368],[542.9219764705902,853.4075294117662],[543.139294117649,853.4075294117662],[543.139294117649,853.5161882352957],[543.3566117647078,853.5161882352957],[543.3566117647078,853.624847058825],[543.5739294117667,853.624847058825],[543.5739294117667,853.7335058823544],[543.7912470588254,853.7335058823544],[543.7912470588254,853.8421647058839],[543.8999058823549,853.8421647058839],[543.8999058823549,853.9508235294132],[544.1172235294138,853.9508235294132],[544.225882352943,854.1681411764721],[544.443200000002,854.1681411764721],[544.443200000002,854.2768000000015],[544.6605176470608,854.2768000000015],[544.6605176470608,854.3854588235309],[544.986494117649,854.3854588235309],[544.986494117649,854.4941176470603],[545.4211294117666,854.4941176470603],[545.4211294117666,854.6027764705898],[547.3769882352962,854.6027764705898],[547.3769882352962,854.4941176470603],[547.594305882355,854.4941176470603],[547.594305882355,854.3854588235309],[547.8116235294137,854.3854588235309],[547.8116235294137,854.2768000000015],[547.9202823529432,854.2768000000015],[547.9202823529432,854.1681411764721],[548.1376000000021,854.0594823529427],[548.1376000000021,853.8421647058839],[548.2462588235314,853.8421647058839],[548.2462588235314,853.5161882352957],[548.3549176470609,853.5161882352957],[548.3549176470609,852.4296000000015],[548.4635764705904,852.4296000000015],[548.4635764705904,851.777647058825],[548.5722352941197,851.777647058825],[548.5722352941197,851.1256941176487],[548.6808941176491,851.1256941176487],[548.6808941176491,850.9083764705897],[548.7895529411785,850.9083764705897],[548.7895529411785,850.7997176470602],[548.8982117647079,850.7997176470602],[549.0068705882372,850.5824000000014],[549.2241882352962,850.5824000000014],[549.2241882352962,850.4737411764722],[549.4415058823549,850.4737411764722],[549.4415058823549,850.3650823529426],[549.6588235294139,850.3650823529426],[549.6588235294139,850.2564235294134],[550.0934588235315,850.2564235294134],[550.0934588235315,850.1477647058838],[550.5280941176492,850.1477647058838],[550.5280941176492,850.0391058823545],[550.6367529411785,850.0391058823545],[550.6367529411785,849.9304470588249],[550.8540705882375,849.8217882352958],[550.8540705882375,848.8438588235308],[550.9627294117668,848.8438588235308],[550.9627294117668,848.626541176472],[551.1800470588256,848.626541176472],[551.1800470588256,848.5178823529427],[552.7012705882374,848.5178823529427],[552.7012705882374,848.626541176472],[553.5705411764727,848.626541176472],[553.5705411764727,848.7352000000016],[554.2224941176491,848.7352000000016],[554.2224941176491,848.8438588235308],[554.6571294117668,848.8438588235308],[554.6571294117668,848.9525176470604],[554.8744470588257,848.9525176470604],[554.983105882355,849.1698352941193],[555.2004235294139,849.1698352941193],[555.2004235294139,849.3871529411781],[555.3090823529433,849.3871529411781],[555.3090823529433,849.604470588237],[555.4177411764728,849.604470588237],[555.4177411764728,850.9083764705897],[555.526400000002,850.9083764705897],[555.526400000002,851.1256941176487],[555.6350588235316,851.1256941176487],[555.743717647061,851.3430117647073],[555.9610352941198,851.3430117647073],[555.9610352941198,851.4516705882368],[557.1562823529434,851.4516705882368],[557.1562823529434,851.3430117647073],[558.0255529411788,851.3430117647073],[558.0255529411788,851.2343529411779],[558.5688470588257,851.2343529411779],[558.5688470588257,851.1256941176487],[558.7861647058846,851.1256941176487],[558.7861647058846,851.0170352941191],[559.4381176470611,851.0170352941191],[559.4381176470611,850.9083764705897],[559.8727529411788,850.9083764705897],[559.8727529411788,850.7997176470602],[560.4160470588258,850.7997176470602],[560.4160470588258,850.6910588235311],[560.9593411764728,850.6910588235311],[560.9593411764728,850.5824000000014],[561.1766588235316,850.5824000000014]]}},{"type":"Feature","id":"country-008-mainland-southwest-region-border-005-006-001","properties":{"id":"country-008-mainland-southwest-region-border-005-006-001","type":"region-border","countryId":"country-008","targetComponentId":"mainland-southwest","datasetId":"country-008/mainland-southwest","leftRegionId":"country-008-mainland-southwest-region-005","rightRegionId":"country-008-mainland-southwest-region-006"},"geometry":{"type":"LineString","coordinates":[[505.5433411764718,838.4126117647073],[505.5433411764718,838.7385882352953],[505.65200000000124,838.7385882352953],[505.65200000000124,839.3905411764719],[505.76065882353066,839.3905411764719],[505.76065882353066,839.8251764705894],[505.86931764706,839.8251764705894],[505.86931764706,840.2598117647071],[505.97797647058945,840.2598117647071],[505.97797647058945,842.1070117647072],[505.86931764706,842.1070117647072],[505.86931764706,842.4329882352954],[505.76065882353066,842.4329882352954],[505.76065882353066,842.9762823529425],[505.65200000000124,842.9762823529425],[505.65200000000124,843.1936000000013],[505.5433411764718,843.1936000000013],[505.5433411764718,843.4109176470602],[505.4346823529424,843.4109176470602],[505.4346823529424,843.6282352941189],[505.3260235294131,843.6282352941189],[505.3260235294131,843.8455529411777],[505.2173647058835,843.8455529411777],[505.2173647058835,843.9542117647072],[505.00004705882475,844.0628705882366],[505.00004705882475,844.2801882352954],[504.7827294117659,844.3888470588248],[504.7827294117659,844.6061647058837],[504.5654117647071,844.6061647058837],[504.5654117647071,844.8234823529425],[504.4567529411777,844.8234823529425],[504.4567529411777,844.9321411764719],[504.34809411764826,844.9321411764719],[504.34809411764826,845.0408000000014],[504.23943529411883,845.0408000000014],[504.23943529411883,845.1494588235307],[504.1307764705895,845.1494588235307],[504.1307764705895,845.2581176470602],[504.02211764705993,845.2581176470602],[504.02211764705993,845.3667764705896],[503.9134588235306,845.3667764705896],[503.8048000000012,845.5840941176484],[503.5874823529424,845.5840941176484],[503.5874823529424,845.6927529411778],[503.47882352941286,845.6927529411778],[503.37016470588355,845.9100705882366],[503.1528470588247,845.9100705882366],[503.1528470588247,846.0187294117661],[503.0441882352953,846.0187294117661],[502.93552941176597,846.2360470588249],[502.71821176470706,846.2360470588249],[502.60955294117764,846.4533647058837],[502.3922352941188,846.4533647058837],[502.3922352941188,846.5620235294133],[502.2835764705893,846.5620235294133],[502.17491764706,846.7793411764721],[501.95760000000115,846.7793411764721],[501.95760000000115,846.8880000000014],[501.8489411764717,846.8880000000014],[501.7402823529424,847.1053176470602],[501.5229647058835,847.1053176470602],[501.5229647058835,847.2139764705898],[501.30564705882466,847.2139764705898],[501.30564705882466,847.322635294119],[501.08832941176576,847.322635294119],[501.08832941176576,847.4312941176486],[500.97967058823644,847.4312941176486],[500.871011764707,847.6486117647074],[500.65369411764823,847.6486117647074],[500.65369411764823,847.7572705882367],[500.43637647058927,847.7572705882367],[500.32771764705996,847.9745882352955],[500.1104000000011,847.9745882352955],[500.1104000000011,848.0832470588251],[499.89308235294243,848.0832470588251],[499.89308235294243,848.1919058823544],[499.67576470588347,848.1919058823544],[499.56710588235404,848.4092235294131],[499.3497882352953,848.4092235294131],[499.3497882352953,848.5178823529427],[499.1324705882364,848.5178823529427],[499.1324705882364,848.626541176472],[498.91515294117755,848.626541176472],[498.8064941176482,848.8438588235308],[498.58917647058934,848.8438588235308],[498.58917647058934,848.9525176470604],[498.3718588235305,848.9525176470604],[498.3718588235305,849.0611764705897],[498.15454117647175,849.0611764705897],[498.15454117647175,849.1698352941193],[497.93722352941285,849.1698352941193],[497.93722352941285,849.2784941176485],[497.71990588235406,849.2784941176485],[497.71990588235406,849.3871529411781],[497.5025882352953,849.3871529411781],[497.5025882352953,849.4958117647072],[497.28527058823636,849.4958117647072],[497.28527058823636,849.604470588237],[497.17661176470693,849.604470588237],[497.17661176470693,849.7131294117661],[497.0679529411775,849.7131294117661],[497.0679529411775,849.8217882352958],[496.95929411764826,849.8217882352958],[496.95929411764826,849.9304470588249],[496.8506352941186,849.9304470588249],[496.8506352941186,850.0391058823545],[496.63331764705987,850.1477647058838],[496.63331764705987,850.3650823529426],[496.52465882353044,850.3650823529426],[496.52465882353044,850.5824000000014],[496.4160000000011,850.5824000000014],[496.4160000000011,850.7997176470602],[496.3073411764717,850.7997176470602],[496.3073411764717,851.0170352941191],[496.1986823529422,851.0170352941191],[496.1986823529422,851.3430117647073],[496.0900235294128,851.3430117647073],[496.0900235294128,851.5603294117664],[495.9813647058834,851.5603294117664],[495.9813647058834,851.9949647058838],[495.872705882354,851.9949647058838],[495.872705882354,852.2122823529427],[495.76404705882464,852.2122823529427],[495.76404705882464,852.9728941176486],[495.54672941176574,853.081552941178],[495.54672941176574,853.2988705882368],[495.4380705882363,853.2988705882368],[495.4380705882363,853.4075294117662],[495.2207529411775,853.4075294117662],[495.1120941176482,853.624847058825],[494.89477647058925,853.624847058825],[494.89477647058925,853.7335058823544],[494.6774588235304,853.7335058823544],[494.6774588235304,853.8421647058839],[494.4601411764715,853.8421647058839],[494.4601411764715,853.9508235294132],[494.24282352941276,853.9508235294132],[494.24282352941276,854.0594823529427],[494.02550588235397,854.0594823529427],[494.02550588235397,854.1681411764721],[493.8081882352951,854.1681411764721],[493.8081882352951,854.2768000000015],[493.59087058823627,854.2768000000015],[493.59087058823627,854.3854588235309],[493.37355294117754,854.3854588235309],[493.37355294117754,854.4941176470603],[493.15623529411863,854.4941176470603],[493.15623529411863,854.6027764705898],[492.8302588235304,854.6027764705898],[492.8302588235304,854.7114352941192],[492.50428235294214,854.7114352941192],[492.50428235294214,854.8200941176485],[492.17830588235404,854.8200941176485],[492.17830588235404,854.928752941178],[491.9609882352951,854.928752941178],[491.8523294117657,855.1460705882369],[491.63501176470686,855.1460705882369],[491.63501176470686,855.2547294117662],[491.417694117648,855.3633882352956]]}},{"type":"Feature","id":"country-008-mainland-southwest-region-border-005-007-001","properties":{"id":"country-008-mainland-southwest-region-border-005-007-001","type":"region-border","countryId":"country-008","targetComponentId":"mainland-southwest","datasetId":"country-008/mainland-southwest","leftRegionId":"country-008-mainland-southwest-region-005","rightRegionId":"country-008-mainland-southwest-region-007"},"geometry":{"type":"LineString","coordinates":[[505.5433411764718,838.4126117647073],[505.65200000000124,838.4126117647073],[505.65200000000124,838.3039529411776],[508.2598117647071,838.3039529411776],[508.2598117647071,838.1952941176485],[508.5857882352954,838.1952941176485],[508.5857882352954,838.0866352941189],[508.91176470588374,838.0866352941189],[508.91176470588374,837.9779764705896],[509.34640000000127,837.9779764705896],[509.34640000000127,837.86931764706],[509.5637176470601,837.86931764706],[509.5637176470601,837.7606588235308],[509.88969411764833,837.7606588235308],[509.88969411764833,837.6520000000012],[510.2156705882366,837.6520000000012],[510.2156705882366,837.5433411764719],[510.75896470588367,837.5433411764719],[510.75896470588367,837.4346823529423],[512.7148235294131,837.4346823529423],[512.7148235294131,837.5433411764719],[513.2581176470602,837.5433411764719],[513.2581176470602,837.6520000000012],[513.5840941176484,837.6520000000012],[513.5840941176484,837.7606588235308],[513.8014117647073,837.7606588235308],[513.8014117647073,837.86931764706],[514.1273882352955,837.86931764706],[514.1273882352955,837.9779764705896],[514.4533647058837,837.9779764705896],[514.4533647058837,838.0866352941189],[514.6706823529425,838.0866352941189],[514.6706823529425,838.1952941176485],[514.9966588235309,838.1952941176485],[514.9966588235309,838.3039529411776],[515.2139764705896,838.3039529411776],[515.2139764705896,838.4126117647073],[515.4312941176483,838.4126117647073],[515.4312941176483,838.5212705882365],[515.7572705882367,838.5212705882365],[515.7572705882367,838.6299294117662],[516.3005647058837,838.6299294117662],[516.3005647058837,838.7385882352953],[516.7352000000016,838.7385882352953],[516.7352000000016,838.8472470588249],[516.8438588235308,838.8472470588249]]}},{"type":"Feature","id":"country-008-mainland-southwest-region-border-005-012-001","properties":{"id":"country-008-mainland-southwest-region-border-005-012-001","type":"region-border","countryId":"country-008","targetComponentId":"mainland-southwest","datasetId":"country-008/mainland-southwest","leftRegionId":"country-008-mainland-southwest-region-005","rightRegionId":"country-008-mainland-southwest-region-012"},"geometry":{"type":"LineString","coordinates":[[516.8438588235308,838.8472470588249],[516.8438588235308,838.9559058823542],[516.9525176470603,838.9559058823542],[516.9525176470603,841.1290823529424],[516.8438588235308,841.1290823529424],[516.8438588235308,842.6503058823542],[516.9525176470603,842.6503058823542],[516.9525176470603,842.7589647058836],[517.0611764705897,842.7589647058836],[517.0611764705897,842.8676235294131],[517.1698352941191,842.8676235294131],[517.2784941176486,843.0849411764718],[517.4958117647074,843.0849411764718],[517.4958117647074,843.1936000000013],[517.8217882352955,843.1936000000013],[517.8217882352955,843.3022588235307],[518.3650823529426,843.3022588235307],[518.3650823529426,843.4109176470602],[519.5603294117661,843.4109176470602],[519.5603294117661,843.5195764705895],[520.1036235294133,843.5195764705895],[520.1036235294133,843.6282352941189],[520.3209411764722,843.6282352941189],[520.3209411764722,843.7368941176484],[520.5382588235309,843.7368941176484],[520.5382588235309,843.8455529411777],[520.6469176470604,843.8455529411777],[520.6469176470604,843.9542117647072],[520.8642352941192,844.0628705882366],[520.8642352941192,845.4754352941189],[520.9728941176486,845.4754352941189],[520.9728941176486,845.9100705882366],[521.081552941178,845.9100705882366],[521.081552941178,846.1273882352955],[521.1902117647074,846.1273882352955],[521.1902117647074,846.2360470588249],[521.2988705882368,846.2360470588249],[521.2988705882368,846.3447058823543],[521.4075294117662,846.3447058823543],[521.4075294117662,846.4533647058837],[521.5161882352958,846.4533647058837],[521.5161882352958,846.5620235294133],[521.624847058825,846.5620235294133],[521.624847058825,846.6706823529425],[521.7335058823545,846.6706823529425],[521.8421647058839,846.8880000000014],[522.0594823529428,846.8880000000014],[522.0594823529428,846.996658823531],[522.2768000000016,847.1053176470602],[522.2768000000016,847.322635294119],[522.4941176470604,847.4312941176486],[522.4941176470604,847.6486117647074],[522.6027764705897,847.6486117647074],[522.6027764705897,847.8659294117663],[522.7114352941193,847.8659294117663],[522.7114352941193,848.1919058823544],[522.8200941176486,848.1919058823544],[522.8200941176486,849.0611764705897],[522.928752941178,849.0611764705897],[522.928752941178,849.7131294117661],[523.0374117647075,849.7131294117661],[523.0374117647075,849.9304470588249],[523.1460705882369,849.9304470588249],[523.1460705882369,850.0391058823545],[523.2547294117663,850.0391058823545],[523.3633882352957,850.2564235294134],[523.9066823529429,850.2564235294134],[523.9066823529429,850.3650823529426],[525.1019294117664,850.3650823529426],[525.1019294117664,850.2564235294134],[525.4279058823545,850.2564235294134],[525.4279058823545,850.1477647058838],[525.9712000000017,850.1477647058838],[525.9712000000017,850.0391058823545],[526.5144941176487,850.0391058823545]]}},{"type":"Feature","id":"country-008-mainland-southwest-region-border-005-013-001","properties":{"id":"country-008-mainland-southwest-region-border-005-013-001","type":"region-border","countryId":"country-008","targetComponentId":"mainland-southwest","datasetId":"country-008/mainland-southwest","leftRegionId":"country-008-mainland-southwest-region-005","rightRegionId":"country-008-mainland-southwest-region-013"},"geometry":{"type":"LineString","coordinates":[[526.5144941176487,850.0391058823545],[526.5144941176487,850.1477647058838]]}},{"type":"Feature","id":"country-008-mainland-southwest-region-border-006-007-001","properties":{"id":"country-008-mainland-southwest-region-border-006-007-001","type":"region-border","countryId":"country-008","targetComponentId":"mainland-southwest","datasetId":"country-008/mainland-southwest","leftRegionId":"country-008-mainland-southwest-region-006","rightRegionId":"country-008-mainland-southwest-region-007"},"geometry":{"type":"LineString","coordinates":[[498.3718588235305,821.1358588235303],[498.3718588235305,821.2445176470599],[498.2632000000011,821.2445176470599],[498.2632000000011,821.4618352941187],[498.15454117647175,821.4618352941187],[498.15454117647175,821.7878117647068],[498.04588235294216,821.7878117647068],[498.04588235294216,822.0051294117657],[497.8285647058834,822.1137882352953],[497.8285647058834,822.331105882354],[497.71990588235406,822.331105882354],[497.71990588235406,822.6570823529421],[497.6112470588246,822.6570823529421],[497.6112470588246,823.7436705882362],[497.71990588235406,823.7436705882362],[497.71990588235406,824.2869647058833],[497.8285647058834,824.2869647058833],[497.8285647058834,824.721600000001],[497.93722352941285,824.721600000001],[497.93722352941285,824.8302588235304],[498.04588235294216,824.8302588235304],[498.04588235294216,825.0475764705892],[498.15454117647175,825.0475764705892],[498.15454117647175,825.1562352941186],[498.2632000000011,825.1562352941186],[498.2632000000011,825.264894117648],[498.3718588235305,825.264894117648],[498.3718588235305,825.3735529411774],[498.58917647058934,825.4822117647068],[498.58917647058934,826.0255058823539],[498.4805176470599,826.0255058823539],[498.4805176470599,826.2428235294127],[498.3718588235305,826.2428235294127],[498.3718588235305,826.3514823529422],[498.2632000000011,826.3514823529422],[498.15454117647175,826.5688000000009],[497.93722352941285,826.5688000000009],[497.8285647058834,826.7861176470598],[497.6112470588246,826.7861176470598],[497.6112470588246,826.8947764705892],[497.3939294117658,826.8947764705892],[497.3939294117658,827.0034352941186],[497.0679529411775,827.0034352941186],[497.0679529411775,827.1120941176481],[496.8506352941186,827.1120941176481],[496.8506352941186,827.2207529411775],[496.63331764705987,827.2207529411775],[496.63331764705987,827.3294117647068],[496.4160000000011,827.3294117647068],[496.4160000000011,827.4380705882363],[496.3073411764717,827.4380705882363],[496.3073411764717,827.5467294117657],[496.1986823529422,827.5467294117657],[496.1986823529422,827.6553882352952],[496.0900235294128,827.6553882352952],[496.0900235294128,827.7640470588245],[495.872705882354,827.872705882354],[495.872705882354,828.9592941176483],[495.9813647058834,828.9592941176483],[495.9813647058834,829.2852705882364],[496.1986823529422,829.393929411766],[496.1986823529422,829.7199058823539],[496.3073411764717,829.7199058823539],[496.3073411764717,829.8285647058835],[496.52465882353044,829.9372235294128],[496.52465882353044,830.1545411764716],[496.7419764705893,830.1545411764716],[496.8506352941186,830.3718588235305],[497.0679529411775,830.3718588235305],[497.0679529411775,830.4805176470601],[497.28527058823636,830.4805176470601],[497.28527058823636,830.5891764705893],[497.5025882352953,830.5891764705893],[497.6112470588246,830.8064941176481],[497.8285647058834,830.8064941176481],[497.8285647058834,830.9151529411778],[498.04588235294216,830.9151529411778],[498.15454117647175,831.1324705882365],[498.3718588235305,831.1324705882365],[498.3718588235305,831.2411294117658],[498.4805176470599,831.2411294117658],[498.58917647058934,831.4584470588246],[498.8064941176482,831.4584470588246],[498.91515294117755,831.6757647058835],[499.1324705882364,831.6757647058835],[499.1324705882364,831.7844235294131],[499.3497882352953,831.7844235294131],[499.3497882352953,831.8930823529422],[499.67576470588347,831.8930823529422],[499.67576470588347,832.0017411764719],[500.1104000000011,832.0017411764719],[500.1104000000011,832.110400000001],[500.32771764705996,832.110400000001],[500.32771764705996,832.2190588235308],[500.65369411764823,832.2190588235308],[500.65369411764823,832.3277176470599],[501.1969882352953,832.3277176470599],[501.1969882352953,832.4363764705893],[501.4143058823541,832.4363764705893],[501.4143058823541,832.5450352941187],[501.5229647058835,832.5450352941187],[501.5229647058835,832.6536941176483],[501.7402823529424,832.7623529411776],[501.7402823529424,832.871011764707],[501.6316235294128,832.871011764707],[501.6316235294128,833.1969882352952],[501.5229647058835,833.1969882352952],[501.5229647058835,833.414305882354],[501.4143058823541,833.414305882354],[501.4143058823541,833.6316235294129],[501.30564705882466,833.6316235294129],[501.30564705882466,833.7402823529422],[501.1969882352953,833.7402823529422],[501.08832941176576,833.9576000000011],[500.871011764707,833.9576000000011],[500.871011764707,834.0662588235306],[500.65369411764823,834.1749176470599],[500.65369411764823,834.5008941176482],[500.54503529411886,834.5008941176482],[500.54503529411886,835.8048000000011],[500.7623529411776,835.9134588235306],[500.7623529411776,836.1307764705894],[500.871011764707,836.1307764705894],[500.871011764707,836.2394352941188],[500.97967058823644,836.2394352941188],[500.97967058823644,836.3480941176482],[501.08832941176576,836.3480941176482],[501.08832941176576,836.4567529411777],[501.1969882352953,836.4567529411777],[501.1969882352953,836.565411764707],[501.30564705882466,836.565411764707],[501.4143058823541,836.7827294117659],[501.6316235294128,836.7827294117659],[501.6316235294128,836.8913882352953],[501.7402823529424,836.8913882352953],[501.8489411764717,837.1087058823541],[502.0662588235306,837.1087058823541],[502.0662588235306,837.2173647058835],[502.17491764706,837.2173647058835],[502.17491764706,837.3260235294132],[502.2835764705893,837.3260235294132],[502.3922352941188,837.5433411764719],[502.60955294117764,837.5433411764719],[502.71821176470706,837.7606588235308],[503.37016470588355,837.7606588235308],[503.37016470588355,837.86931764706],[504.23943529411883,837.86931764706],[504.23943529411883,837.9779764705896],[504.8913882352953,837.9779764705896],[504.8913882352953,838.0866352941189],[505.1087058823542,838.0866352941189],[505.1087058823542,838.1952941176485],[505.3260235294131,838.1952941176485],[505.3260235294131,838.3039529411776],[505.5433411764718,838.3039529411776],[505.5433411764718,838.4126117647073]]}},{"type":"Feature","id":"country-008-mainland-southwest-region-border-007-008-001","properties":{"id":"country-008-mainland-southwest-region-border-007-008-001","type":"region-border","countryId":"country-008","targetComponentId":"mainland-southwest","datasetId":"country-008/mainland-southwest","leftRegionId":"country-008-mainland-southwest-region-007","rightRegionId":"country-008-mainland-southwest-region-008"},"geometry":{"type":"LineString","coordinates":[[533.2513411764724,819.2886588235305],[533.2513411764724,819.3973176470597],[533.0340235294135,819.5059764705893],[533.0340235294135,819.7232941176482],[532.9253647058841,819.7232941176482],[532.9253647058841,819.940611764707],[532.7080470588253,820.0492705882361],[532.7080470588253,820.266588235295],[532.5993882352958,820.266588235295],[532.5993882352958,820.5925647058834],[532.4907294117664,820.5925647058834],[532.4907294117664,821.6791529411776],[532.3820705882371,821.6791529411776],[532.3820705882371,822.0051294117657],[532.2734117647077,822.0051294117657],[532.2734117647077,822.331105882354],[532.1647529411781,822.331105882354],[532.1647529411781,822.6570823529421],[532.0560941176487,822.6570823529421],[532.0560941176487,823.0917176470598],[531.9474352941194,823.0917176470598],[531.9474352941194,823.3090352941185],[531.83877647059,823.3090352941185],[531.83877647059,823.6350117647069],[531.7301176470605,823.6350117647069],[531.7301176470605,823.7436705882362],[531.6214588235313,823.7436705882362],[531.6214588235313,823.8523294117658],[531.5128000000017,823.8523294117658],[531.5128000000017,823.9609882352951],[531.4041411764723,823.9609882352951],[531.4041411764723,824.0696470588244],[531.2954823529428,824.0696470588244],[531.2954823529428,824.1783058823539],[531.1868235294135,824.1783058823539],[531.0781647058842,824.3956235294127],[530.8608470588252,824.3956235294127],[530.8608470588252,824.6129411764715],[530.6435294117664,824.6129411764715],[530.6435294117664,824.721600000001],[530.4262117647077,824.721600000001],[530.4262117647077,824.8302588235304],[530.2088941176487,824.9389176470597],[530.2088941176487,825.1562352941186],[529.99157647059,825.264894117648],[529.99157647059,825.4822117647068],[529.8829176470606,825.4822117647068],[529.8829176470606,825.6995294117656],[529.774258823531,825.6995294117656],[529.774258823531,825.9168470588245],[529.6656000000016,825.9168470588245],[529.6656000000016,826.3514823529422],[529.5569411764723,826.3514823529422],[529.5569411764723,826.6774588235304],[529.4482823529429,826.6774588235304],[529.4482823529429,827.1120941176481],[529.3396235294134,827.1120941176481],[529.3396235294134,827.4380705882363],[529.2309647058842,827.4380705882363],[529.2309647058842,827.872705882354],[529.1223058823546,827.872705882354],[529.1223058823546,828.3073411764718],[529.0136470588252,828.3073411764718],[529.0136470588252,828.8506352941187],[528.9049882352958,828.8506352941187],[528.9049882352958,829.0679529411775],[528.7963294117664,829.0679529411775],[528.7963294117664,829.5025882352952],[528.6876705882371,829.5025882352952],[528.6876705882371,829.7199058823539],[528.5790117647075,829.7199058823539],[528.5790117647075,830.0458823529424],[528.4703529411781,830.0458823529424],[528.4703529411781,830.3718588235305]]}},{"type":"Feature","id":"country-008-mainland-southwest-region-border-007-012-001","properties":{"id":"country-008-mainland-southwest-region-border-007-012-001","type":"region-border","countryId":"country-008","targetComponentId":"mainland-southwest","datasetId":"country-008/mainland-southwest","leftRegionId":"country-008-mainland-southwest-region-007","rightRegionId":"country-008-mainland-southwest-region-012"},"geometry":{"type":"LineString","coordinates":[[516.8438588235308,838.8472470588249],[516.9525176470603,838.8472470588249],[516.9525176470603,838.7385882352953],[517.0611764705897,838.7385882352953],[517.1698352941191,838.5212705882365],[517.4958117647074,838.5212705882365],[517.4958117647074,838.4126117647073],[517.7131294117662,838.4126117647073],[517.7131294117662,838.3039529411776],[518.0391058823544,838.3039529411776],[518.0391058823544,838.1952941176485],[518.3650823529426,838.1952941176485],[518.3650823529426,838.0866352941189],[518.5824000000015,838.0866352941189],[518.5824000000015,837.9779764705896],[518.9083764705897,837.9779764705896],[518.9083764705897,837.86931764706],[519.1256941176487,837.86931764706],[519.1256941176487,837.7606588235308],[519.4516705882368,837.7606588235308],[519.4516705882368,837.6520000000012],[519.6689882352957,837.6520000000012],[519.6689882352957,837.5433411764719],[519.9949647058838,837.5433411764719],[519.9949647058838,837.4346823529423],[520.2122823529426,837.4346823529423],[520.2122823529426,837.3260235294132],[520.5382588235309,837.3260235294132],[520.5382588235309,837.2173647058835],[520.7555764705897,837.2173647058835],[520.7555764705897,837.1087058823541],[520.9728941176486,837.1087058823541],[520.9728941176486,837.0000470588247],[521.2988705882368,837.0000470588247],[521.2988705882368,836.8913882352953],[521.5161882352958,836.8913882352953],[521.5161882352958,836.7827294117659],[521.9508235294134,836.7827294117659],[521.9508235294134,836.6740705882364],[522.2768000000016,836.6740705882364],[522.2768000000016,836.565411764707],[523.2547294117663,836.565411764707],[523.2547294117663,836.6740705882364],[523.3633882352957,836.6740705882364]]}},{"type":"Feature","id":"country-008-mainland-southwest-region-border-007-014-001","properties":{"id":"country-008-mainland-southwest-region-border-007-014-001","type":"region-border","countryId":"country-008","targetComponentId":"mainland-southwest","datasetId":"country-008/mainland-southwest","leftRegionId":"country-008-mainland-southwest-region-007","rightRegionId":"country-008-mainland-southwest-region-014"},"geometry":{"type":"LineString","coordinates":[[528.4703529411781,830.3718588235305],[528.3616941176488,830.3718588235305],[528.3616941176488,830.4805176470601],[528.0357176470606,830.4805176470601],[528.0357176470606,830.5891764705893],[527.8184000000017,830.5891764705893],[527.8184000000017,830.6978352941189],[526.5144941176487,830.6978352941189],[526.5144941176487,830.8064941176481],[526.079858823531,830.8064941176481],[526.079858823531,830.9151529411778],[525.7538823529428,830.9151529411778],[525.7538823529428,831.0238117647069],[525.536564705884,831.0238117647069],[525.4279058823545,831.2411294117658],[525.2105882352957,831.2411294117658],[525.2105882352957,831.3497882352954],[524.9932705882368,831.3497882352954],[524.9932705882368,831.4584470588246],[524.8846117647074,831.4584470588246],[524.775952941178,831.6757647058835],[524.5586352941192,831.6757647058835],[524.5586352941192,831.7844235294131],[524.44997647059,831.7844235294131],[524.44997647059,831.8930823529422],[524.3413176470604,831.8930823529422],[524.232658823531,832.110400000001],[523.9066823529429,832.110400000001],[523.9066823529429,832.2190588235308],[523.6893647058839,832.2190588235308],[523.6893647058839,832.3277176470599],[523.5807058823546,832.3277176470599],[523.5807058823546,832.5450352941187],[523.4720470588251,832.5450352941187],[523.4720470588251,832.7623529411776],[523.3633882352957,832.7623529411776],[523.3633882352957,833.7402823529422],[523.4720470588251,833.7402823529422],[523.4720470588251,833.9576000000011],[523.5807058823546,833.9576000000011],[523.5807058823546,834.2835764705894],[523.6893647058839,834.2835764705894],[523.6893647058839,834.5008941176482],[523.7980235294133,834.5008941176482],[523.7980235294133,834.8268705882365],[523.9066823529429,834.8268705882365],[523.9066823529429,835.2615058823541],[524.0153411764721,835.2615058823541],[524.0153411764721,835.3701647058836],[523.9066823529429,835.3701647058836],[523.9066823529429,835.8048000000011],[523.7980235294133,835.8048000000011],[523.7980235294133,836.1307764705894],[523.6893647058839,836.1307764705894],[523.6893647058839,836.3480941176482],[523.5807058823546,836.3480941176482],[523.5807058823546,836.4567529411777],[523.4720470588251,836.4567529411777],[523.3633882352957,836.6740705882364]]}},{"type":"Feature","id":"country-008-mainland-southwest-region-border-008-013-001","properties":{"id":"country-008-mainland-southwest-region-border-008-013-001","type":"region-border","countryId":"country-008","targetComponentId":"mainland-southwest","datasetId":"country-008/mainland-southwest","leftRegionId":"country-008-mainland-southwest-region-008","rightRegionId":"country-008-mainland-southwest-region-013"},"geometry":{"type":"LineString","coordinates":[[532.1647529411781,840.0424941176483],[532.1647529411781,840.1511529411779],[532.2734117647077,840.1511529411779],[532.2734117647077,840.2598117647071],[532.3820705882371,840.2598117647071],[532.3820705882371,840.3684705882367],[532.4907294117664,840.3684705882367],[532.4907294117664,840.477129411766],[532.5993882352958,840.477129411766],[532.5993882352958,840.5857882352956],[532.7080470588253,840.5857882352956],[532.7080470588253,840.6944470588248],[532.8167058823548,840.6944470588248],[532.8167058823548,840.8031058823544],[532.9253647058841,840.8031058823544],[532.9253647058841,840.9117647058836],[533.0340235294135,840.9117647058836],[533.0340235294135,841.0204235294132],[533.142682352943,841.0204235294132],[533.2513411764724,841.237741176472],[533.4686588235313,841.237741176472],[533.4686588235313,841.3464000000013],[533.5773176470606,841.3464000000013],[533.5773176470606,841.4550588235309],[533.68597647059,841.4550588235309],[533.7946352941194,841.6723764705895],[534.0119529411784,841.6723764705895],[534.1206117647077,841.8896941176486],[534.3379294117665,841.8896941176486],[534.3379294117665,841.9983529411777],[534.5552470588253,841.9983529411777],[534.5552470588253,842.1070117647072],[534.7725647058842,842.1070117647072],[534.7725647058842,842.2156705882365],[534.9898823529429,842.2156705882365],[534.9898823529429,842.3243294117661],[535.3158588235312,842.3243294117661],[535.3158588235312,842.4329882352954],[536.076470588237,842.4329882352954],[536.076470588237,842.5416470588248],[536.9457411764724,842.5416470588248],[536.9457411764724,842.4329882352954],[537.1630588235312,842.4329882352954],[537.1630588235312,842.3243294117661],[537.38037647059,842.3243294117661],[537.38037647059,842.2156705882365],[537.597694117649,842.2156705882365],[537.7063529411784,841.9983529411777],[537.9236705882371,841.9983529411777],[537.9236705882371,841.8896941176486],[538.0323294117666,841.8896941176486],[538.1409882352959,841.6723764705895],[538.3583058823548,841.6723764705895],[538.3583058823548,841.5637176470601],[538.4669647058842,841.5637176470601],[538.5756235294136,841.3464000000013],[538.7929411764726,841.3464000000013],[538.7929411764726,841.237741176472],[538.901600000002,841.237741176472],[539.0102588235313,841.0204235294132],[539.2275764705901,841.0204235294132],[539.2275764705901,840.9117647058836],[539.3362352941195,840.9117647058836],[539.3362352941195,840.8031058823544],[539.444894117649,840.8031058823544],[539.444894117649,840.6944470588248],[539.5535529411784,840.6944470588248],[539.5535529411784,840.5857882352956],[539.6622117647078,840.5857882352956],[539.6622117647078,840.477129411766],[539.7708705882371,840.477129411766],[539.7708705882371,840.3684705882367],[539.8795294117666,840.3684705882367],[539.8795294117666,840.2598117647071],[539.9881882352961,840.2598117647071],[539.9881882352961,840.1511529411779],[540.0968470588255,840.1511529411779],[540.0968470588255,840.0424941176483],[540.2055058823548,840.0424941176483],[540.2055058823548,839.933835294119],[540.3141647058842,839.933835294119],[540.3141647058842,839.8251764705894],[540.4228235294137,839.8251764705894],[540.4228235294137,839.7165176470603],[540.531482352943,839.7165176470603],[540.531482352943,839.6078588235306],[540.6401411764724,839.6078588235306],[540.7488000000019,839.3905411764719],[540.9661176470607,839.3905411764719],[540.9661176470607,839.2818823529426],[541.0747764705901,839.2818823529426],[541.1834352941196,839.0645647058838],[541.4007529411783,839.0645647058838],[541.4007529411783,838.9559058823542],[541.6180705882372,838.9559058823542],[541.6180705882372,838.8472470588249],[541.8353882352959,838.8472470588249],[541.8353882352959,838.7385882352953],[542.1613647058842,838.7385882352953],[542.1613647058842,838.6299294117662],[542.5960000000019,838.6299294117662],[542.5960000000019,838.5212705882365],[543.4652705882372,838.5212705882365],[543.4652705882372,838.6299294117662],[543.8999058823549,838.6299294117662],[543.8999058823549,838.7385882352953],[544.225882352943,838.7385882352953],[544.225882352943,838.8472470588249],[544.7691764705903,838.8472470588249],[544.7691764705903,838.9559058823542],[545.0951529411784,838.9559058823542],[545.0951529411784,839.0645647058838],[545.5297882352961,839.0645647058838],[545.5297882352961,839.173223529413],[545.747105882355,839.173223529413],[545.747105882355,839.2818823529426],[545.9644235294138,839.2818823529426],[545.9644235294138,839.3905411764719],[546.1817411764725,839.3905411764719],[546.1817411764725,839.4992000000015],[546.3990588235314,839.4992000000015],[546.3990588235314,839.6078588235306],[546.6163764705901,839.6078588235306],[546.6163764705901,839.7165176470603],[546.8336941176491,839.7165176470603],[546.8336941176491,839.8251764705894],[547.1596705882374,839.8251764705894],[547.1596705882374,839.933835294119],[547.4856470588255,839.933835294119],[547.4856470588255,840.0424941176483],[547.9202823529432,840.0424941176483],[547.9202823529432,840.1511529411779],[548.6808941176491,840.1511529411779],[548.6808941176491,840.2598117647071],[548.7895529411785,840.2598117647071],[548.7895529411785,840.1511529411779],[549.2241882352962,840.1511529411779],[549.2241882352962,840.0424941176483],[549.4415058823549,840.0424941176483],[549.4415058823549,839.933835294119],[549.5501647058843,839.933835294119],[549.5501647058843,839.8251764705894],[549.6588235294139,839.8251764705894],[549.6588235294139,839.7165176470603],[549.7674823529433,839.7165176470603],[549.7674823529433,839.6078588235306],[549.8761411764726,839.6078588235306],[549.8761411764726,839.4992000000015],[550.0934588235315,839.3905411764719],[550.0934588235315,839.173223529413],[550.3107764705903,839.0645647058838],[550.3107764705903,838.8472470588249],[550.4194352941197,838.8472470588249],[550.4194352941197,838.6299294117662],[550.5280941176492,838.6299294117662],[550.5280941176492,838.5212705882365],[550.6367529411785,838.5212705882365],[550.6367529411785,838.4126117647073],[550.8540705882375,838.3039529411776],[550.8540705882375,838.0866352941189],[550.9627294117668,838.0866352941189],[550.9627294117668,837.9779764705896],[551.0713882352962,837.9779764705896],[551.0713882352962,837.86931764706],[551.1800470588256,837.86931764706],[551.2887058823551,837.6520000000012],[551.5060235294138,837.6520000000012],[551.5060235294138,837.5433411764719],[552.4839529411786,837.5433411764719],[552.4839529411786,837.6520000000012],[552.7012705882374,837.6520000000012],[552.7012705882374,837.7606588235308],[552.9185882352963,837.7606588235308],[552.9185882352963,837.86931764706],[553.0272470588257,837.86931764706],[553.0272470588257,837.9779764705896],[553.135905882355,837.9779764705896],[553.135905882355,838.0866352941189],[553.2445647058846,838.0866352941189],[553.2445647058846,838.1952941176485],[553.4618823529433,838.3039529411776],[553.4618823529433,838.5212705882365],[553.6792000000021,838.6299294117662],[553.6792000000021,838.8472470588249],[553.7878588235315,838.8472470588249],[553.7878588235315,838.9559058823542],[553.8965176470609,838.9559058823542],[553.8965176470609,839.0645647058838],[554.0051764705904,839.0645647058838],[554.0051764705904,839.173223529413],[554.1138352941198,839.173223529413],[554.1138352941198,839.2818823529426],[554.2224941176491,839.2818823529426],[554.2224941176491,839.3905411764719],[554.3311529411785,839.3905411764719],[554.3311529411785,839.4992000000015],[554.4398117647081,839.4992000000015],[554.4398117647081,839.6078588235306],[554.5484705882375,839.6078588235306],[554.6571294117668,839.8251764705894],[554.8744470588257,839.8251764705894],[554.8744470588257,839.933835294119],[554.983105882355,839.933835294119],[554.983105882355,840.0424941176483],[555.2004235294139,840.0424941176483],[555.2004235294139,840.1511529411779],[555.526400000002,840.1511529411779],[555.526400000002,840.2598117647071],[555.9610352941198,840.2598117647071],[555.9610352941198,840.3684705882367],[556.2870117647082,840.3684705882367],[556.2870117647082,840.2598117647071],[556.7216470588257,840.2598117647071],[556.7216470588257,840.1511529411779],[556.9389647058846,840.1511529411779],[556.9389647058846,840.0424941176483],[557.2649411764728,840.0424941176483],[557.2649411764728,839.933835294119],[557.590917647061,839.933835294119],[557.590917647061,839.8251764705894],[557.8082352941199,839.8251764705894],[557.8082352941199,839.7165176470603],[557.9168941176492,839.7165176470603],[557.9168941176492,839.6078588235306],[558.1342117647081,839.4992000000015],[558.1342117647081,839.0645647058838],[558.2428705882376,839.0645647058838],[558.2428705882376,837.9779764705896],[558.3515294117669,837.9779764705896],[558.3515294117669,837.86931764706],[558.5688470588257,837.86931764706],[558.5688470588257,837.7606588235308],[559.2208000000023,837.7606588235308],[559.2208000000023,837.6520000000012],[559.7640941176492,837.6520000000012],[559.7640941176492,837.5433411764719],[560.0900705882375,837.5433411764719],[560.198729411767,837.3260235294132],[560.4160470588258,837.3260235294132],[560.4160470588258,837.2173647058835],[560.5247058823552,837.2173647058835],[560.5247058823552,837.1087058823541],[560.742023529414,837.0000470588247]]}},{"type":"Feature","id":"country-008-mainland-southwest-region-border-008-014-001","properties":{"id":"country-008-mainland-southwest-region-border-008-014-001","type":"region-border","countryId":"country-008","targetComponentId":"mainland-southwest","datasetId":"country-008/mainland-southwest","leftRegionId":"country-008-mainland-southwest-region-008","rightRegionId":"country-008-mainland-southwest-region-014"},"geometry":{"type":"LineString","coordinates":[[528.4703529411781,830.3718588235305],[528.4703529411781,830.4805176470601],[528.6876705882371,830.4805176470601],[528.6876705882371,830.5891764705893],[528.9049882352958,830.5891764705893],[529.0136470588252,830.8064941176481],[529.2309647058842,830.8064941176481],[529.2309647058842,830.9151529411778],[529.4482823529429,830.9151529411778],[529.5569411764723,831.1324705882365],[529.774258823531,831.1324705882365],[529.774258823531,831.2411294117658],[529.8829176470606,831.2411294117658],[529.8829176470606,831.3497882352954],[529.99157647059,831.3497882352954],[529.99157647059,831.4584470588246],[530.1002352941193,831.4584470588246],[530.1002352941193,831.5671058823542],[530.2088941176487,831.5671058823542],[530.2088941176487,831.6757647058835],[530.3175529411782,831.6757647058835],[530.3175529411782,831.7844235294131],[530.4262117647077,831.7844235294131],[530.4262117647077,831.8930823529422],[530.534870588237,831.8930823529422],[530.6435294117664,832.110400000001],[530.8608470588252,832.110400000001],[530.9695058823545,832.3277176470599],[531.2954823529428,832.3277176470599],[531.4041411764723,832.5450352941187],[531.6214588235313,832.5450352941187],[531.6214588235313,832.6536941176483],[531.83877647059,832.6536941176483],[531.83877647059,832.7623529411776],[531.9474352941194,832.7623529411776],[532.0560941176487,832.9796705882364],[532.2734117647077,832.9796705882364],[532.2734117647077,833.088329411766],[532.4907294117664,833.1969882352952],[532.4907294117664,833.414305882354],[532.7080470588253,833.5229647058835],[532.7080470588253,833.7402823529422],[532.9253647058841,833.8489411764717],[532.9253647058841,834.0662588235306],[533.0340235294135,834.0662588235306],[533.0340235294135,834.2835764705894],[533.2513411764724,834.3922352941188],[533.2513411764724,834.6095529411776],[533.4686588235313,834.718211764707],[533.4686588235313,835.0441882352952],[533.5773176470606,835.0441882352952],[533.5773176470606,835.2615058823541],[533.68597647059,835.2615058823541],[533.68597647059,835.4788235294129],[533.7946352941194,835.4788235294129],[533.7946352941194,835.8048000000011],[533.9032941176488,835.8048000000011],[533.9032941176488,836.565411764707],[534.0119529411784,836.565411764707],[534.0119529411784,836.6740705882364],[533.9032941176488,836.6740705882364],[533.9032941176488,837.7606588235308],[533.7946352941194,837.7606588235308],[533.7946352941194,837.9779764705896],[533.68597647059,837.9779764705896],[533.68597647059,838.1952941176485],[533.5773176470606,838.1952941176485],[533.5773176470606,838.4126117647073],[533.4686588235313,838.4126117647073],[533.4686588235313,838.5212705882365],[533.3600000000016,838.5212705882365],[533.3600000000016,838.6299294117662],[533.2513411764724,838.6299294117662],[533.2513411764724,838.7385882352953],[533.0340235294135,838.8472470588249],[533.0340235294135,839.0645647058838],[532.9253647058841,839.0645647058838],[532.9253647058841,839.173223529413],[532.8167058823548,839.173223529413],[532.8167058823548,839.2818823529426],[532.7080470588253,839.2818823529426],[532.7080470588253,839.3905411764719],[532.5993882352958,839.3905411764719],[532.5993882352958,839.4992000000015],[532.4907294117664,839.4992000000015],[532.4907294117664,839.6078588235306],[532.3820705882371,839.6078588235306],[532.3820705882371,839.7165176470603],[532.1647529411781,839.8251764705894],[532.1647529411781,840.0424941176483]]}},{"type":"Feature","id":"country-008-mainland-southwest-region-border-009-010-001","properties":{"id":"country-008-mainland-southwest-region-border-009-010-001","type":"region-border","countryId":"country-008","targetComponentId":"mainland-southwest","datasetId":"country-008/mainland-southwest","leftRegionId":"country-008-mainland-southwest-region-009","rightRegionId":"country-008-mainland-southwest-region-010"},"geometry":{"type":"LineString","coordinates":[[563.5671529411788,848.0832470588251],[563.8931294117671,848.0832470588251],[563.8931294117671,847.9745882352955],[564.1104470588259,847.9745882352955],[564.1104470588259,847.8659294117663],[564.4364235294141,847.8659294117663],[564.4364235294141,847.7572705882367],[564.653741176473,847.7572705882367],[564.653741176473,847.6486117647074],[565.0883764705906,847.6486117647074],[565.0883764705906,847.5399529411778],[565.3056941176494,847.5399529411778],[565.3056941176494,847.4312941176486],[565.5230117647083,847.4312941176486],[565.5230117647083,847.322635294119],[565.8489882352966,847.322635294119],[565.9576470588258,847.1053176470602],[566.1749647058847,847.1053176470602],[566.2836235294142,846.8880000000014],[566.6096000000024,846.8880000000014],[566.6096000000024,846.7793411764721],[567.4788705882377,846.7793411764721],[567.4788705882377,846.8880000000014],[567.8048470588259,846.8880000000014],[567.8048470588259,846.996658823531],[568.1308235294141,846.996658823531],[568.1308235294141,847.1053176470602],[568.3481411764731,847.1053176470602],[568.3481411764731,847.2139764705898],[568.5654588235318,847.2139764705898],[568.5654588235318,847.322635294119],[568.7827764705908,847.322635294119],[568.7827764705908,847.4312941176486],[569.0000941176495,847.4312941176486],[569.1087529411789,847.6486117647074],[569.3260705882376,847.6486117647074],[569.3260705882376,847.7572705882367],[569.4347294117672,847.7572705882367],[569.4347294117672,847.8659294117663],[569.6520470588259,847.8659294117663],[569.7607058823554,848.0832470588251],[569.9780235294143,848.0832470588251],[569.9780235294143,848.1919058823544],[570.3040000000025,848.1919058823544],[570.3040000000025,848.300564705884],[570.5213176470612,848.300564705884],[570.5213176470612,848.4092235294131],[570.8472941176495,848.4092235294131],[570.8472941176495,848.5178823529427],[571.1732705882379,848.5178823529427],[571.1732705882379,848.626541176472],[571.499247058826,848.626541176472],[571.499247058826,848.7352000000016],[572.803152941179,848.7352000000016],[572.803152941179,848.626541176472],[573.6724235294142,848.626541176472],[573.6724235294142,848.5178823529427],[574.3243764705908,848.5178823529427],[574.3243764705908,848.4092235294131],[574.7590117647085,848.4092235294131],[574.7590117647085,848.300564705884],[575.1936470588261,848.300564705884],[575.1936470588261,848.1919058823544],[575.5196235294143,848.1919058823544],[575.5196235294143,848.0832470588251],[575.8456000000026,848.0832470588251],[575.8456000000026,847.9745882352955],[576.3888941176497,847.9745882352955]]}},{"type":"Feature","id":"country-008-mainland-southwest-region-border-009-013-001","properties":{"id":"country-008-mainland-southwest-region-border-009-013-001","type":"region-border","countryId":"country-008","targetComponentId":"mainland-southwest","datasetId":"country-008/mainland-southwest","leftRegionId":"country-008-mainland-southwest-region-009","rightRegionId":"country-008-mainland-southwest-region-013"},"geometry":{"type":"LineString","coordinates":[[564.9797176470612,842.9762823529425],[564.9797176470612,843.1936000000013],[564.8710588235317,843.1936000000013],[564.8710588235317,844.3888470588248],[564.7624000000023,844.3888470588248],[564.7624000000023,844.6061647058837],[564.653741176473,844.6061647058837],[564.653741176473,844.8234823529425],[564.5450823529434,844.8234823529425],[564.5450823529434,844.9321411764719],[564.3277647058846,844.9321411764719],[564.3277647058846,845.0408000000014],[564.1104470588259,845.0408000000014],[564.1104470588259,845.1494588235307],[563.8931294117671,845.1494588235307],[563.8931294117671,845.2581176470602],[563.7844705882376,845.2581176470602],[563.7844705882376,845.3667764705896],[563.6758117647082,845.3667764705896],[563.5671529411788,845.5840941176484],[563.2411764705905,845.5840941176484],[563.2411764705905,845.6927529411778],[563.1325176470611,845.6927529411778],[563.0238588235318,845.9100705882366],[562.806541176473,845.9100705882366],[562.806541176473,846.0187294117661],[562.6978823529435,846.0187294117661],[562.6978823529435,846.3447058823543],[562.5892235294141,846.3447058823543],[562.5892235294141,846.5620235294133],[562.6978823529435,846.5620235294133],[562.6978823529435,846.996658823531],[562.806541176473,846.996658823531],[562.806541176473,847.1053176470602],[562.9152000000023,847.1053176470602],[562.9152000000023,847.2139764705898],[563.0238588235318,847.2139764705898],[563.0238588235318,847.322635294119],[563.2411764705905,847.4312941176486],[563.2411764705905,847.6486117647074],[563.4584941176495,847.7572705882367],[563.4584941176495,847.9745882352955],[563.5671529411788,847.9745882352955],[563.5671529411788,848.0832470588251]]}},{"type":"Feature","id":"country-008-mainland-southwest-region-border-010-011-001","properties":{"id":"country-008-mainland-southwest-region-border-010-011-001","type":"region-border","countryId":"country-008","targetComponentId":"mainland-southwest","datasetId":"country-008/mainland-southwest","leftRegionId":"country-008-mainland-southwest-region-010","rightRegionId":"country-008-mainland-southwest-region-011"},"geometry":{"type":"LineString","coordinates":[[574.7590117647085,869.2717176470605],[574.7590117647085,868.4024470588253],[574.8676705882378,868.4024470588253],[574.8676705882378,867.9678117647077],[574.9763294117672,867.9678117647077],[574.9763294117672,867.7504941176488],[575.0849882352967,867.7504941176488],[575.0849882352967,867.53317647059],[575.3023058823553,867.4245176470607],[575.3023058823553,867.207200000002],[575.5196235294143,867.0985411764723],[575.5196235294143,866.8812235294135],[575.6282823529438,866.8812235294135],[575.7369411764731,866.6639058823547],[575.9542588235321,866.6639058823547],[576.0629176470613,866.4465882352958],[576.2802352941202,866.4465882352958],[576.3888941176497,866.229270588237],[576.6062117647085,866.229270588237],[576.7148705882379,866.0119529411782],[576.9321882352967,866.0119529411782],[576.9321882352967,865.903294117649],[577.1495058823556,865.903294117649],[577.258164705885,865.6859764705902],[577.4754823529438,865.6859764705902],[577.4754823529438,865.5773176470606],[577.8014588235321,865.5773176470606],[577.8014588235321,865.4686588235313],[578.1274352941202,865.4686588235313],[578.1274352941202,865.3600000000017],[578.3447529411792,865.3600000000017],[578.3447529411792,865.2513411764725],[578.888047058826,865.2513411764725],[578.888047058826,865.1426823529429],[579.2140235294144,865.1426823529429],[579.2140235294144,865.0340235294135],[582.256470588238,865.0340235294135],[582.256470588238,865.1426823529429],[583.7776941176496,865.1426823529429],[583.7776941176496,865.0340235294135],[584.2123294117674,865.0340235294135],[584.2123294117674,864.925364705884],[584.646964705885,864.925364705884],[584.646964705885,864.8167058823547],[584.8642823529439,864.8167058823547],[584.8642823529439,864.7080470588253],[585.0816000000027,864.7080470588253],[585.1902588235321,864.4907294117664],[585.4075764705909,864.4907294117664],[585.4075764705909,864.382070588237],[585.6248941176499,864.382070588237],[585.7335529411791,864.1647529411782],[585.950870588238,864.1647529411782],[585.950870588238,864.0560941176487],[586.1681882352967,864.0560941176487],[586.1681882352967,863.9474352941194],[586.3855058823557,863.9474352941194],[586.3855058823557,863.8387764705899],[586.4941647058852,863.8387764705899],[586.4941647058852,863.7301176470605],[586.6028235294145,863.7301176470605],[586.6028235294145,863.621458823531],[586.711482352944,863.621458823531],[586.8201411764735,863.4041411764723],[587.0374588235322,863.4041411764723],[587.1461176470616,863.1868235294135],[587.3634352941203,863.1868235294135],[587.3634352941203,862.9695058823546],[587.5807529411793,862.8608470588252],[587.5807529411793,862.5348705882369],[587.6894117647087,862.5348705882369],[587.6894117647087,862.3175529411781],[587.798070588238,862.3175529411781],[587.798070588238,861.774258823531]]}},{"type":"Feature","id":"country-008-mainland-southwest-region-border-010-013-001","properties":{"id":"country-008-mainland-southwest-region-border-010-013-001","type":"region-border","countryId":"country-008","targetComponentId":"mainland-southwest","datasetId":"country-008/mainland-southwest","leftRegionId":"country-008-mainland-southwest-region-010","rightRegionId":"country-008-mainland-southwest-region-013"},"geometry":{"type":"LineString","coordinates":[[563.5671529411788,848.0832470588251],[563.5671529411788,848.300564705884],[563.4584941176495,848.300564705884],[563.4584941176495,848.5178823529427],[563.3498352941199,848.5178823529427],[563.3498352941199,848.626541176472],[563.2411764705905,848.626541176472],[563.1325176470611,848.8438588235308],[562.806541176473,848.8438588235308],[562.806541176473,848.9525176470604],[562.4805647058847,848.9525176470604],[562.4805647058847,849.0611764705897],[561.8286117647082,849.0611764705897],[561.8286117647082,849.1698352941193],[561.50263529412,849.1698352941193],[561.50263529412,849.2784941176485],[561.3939764705905,849.2784941176485],[561.3939764705905,849.7131294117661],[561.2853176470611,849.7131294117661],[561.2853176470611,850.3650823529426],[561.1766588235316,850.3650823529426],[561.1766588235316,850.5824000000014]]}},{"type":"Feature","id":"country-008-mainland-southwest-region-border-012-013-001","properties":{"id":"country-008-mainland-southwest-region-border-012-013-001","type":"region-border","countryId":"country-008","targetComponentId":"mainland-southwest","datasetId":"country-008/mainland-southwest","leftRegionId":"country-008-mainland-southwest-region-012","rightRegionId":"country-008-mainland-southwest-region-013"},"geometry":{"type":"LineString","coordinates":[[529.1223058823546,843.1936000000013],[529.1223058823546,843.4109176470602],[529.0136470588252,843.4109176470602],[529.0136470588252,843.8455529411777],[528.9049882352958,843.8455529411777],[528.9049882352958,844.171529411766],[528.7963294117664,844.171529411766],[528.7963294117664,844.4975058823543],[528.5790117647075,844.6061647058837],[528.5790117647075,844.8234823529425],[528.3616941176488,844.9321411764719],[528.3616941176488,845.1494588235307],[528.2530352941193,845.1494588235307],[528.2530352941193,845.2581176470602],[528.0357176470606,845.3667764705896],[528.0357176470606,845.5840941176484],[527.8184000000017,845.6927529411778],[527.8184000000017,845.9100705882366],[527.7097411764722,845.9100705882366],[527.7097411764722,846.0187294117661],[527.6010823529429,846.0187294117661],[527.6010823529429,846.2360470588249],[527.4924235294135,846.2360470588249],[527.4924235294135,846.5620235294133],[527.3837647058839,846.5620235294133],[527.3837647058839,846.8880000000014],[527.2751058823546,846.8880000000014],[527.2751058823546,847.322635294119],[527.1664470588252,847.322635294119],[527.1664470588252,847.6486117647074],[527.0577882352958,847.6486117647074],[527.0577882352958,848.1919058823544],[526.9491294117663,848.1919058823544],[526.9491294117663,848.4092235294131],[526.840470588237,848.4092235294131],[526.840470588237,848.8438588235308],[526.7318117647075,848.8438588235308],[526.7318117647075,849.3871529411781],[526.6231529411781,849.3871529411781],[526.6231529411781,849.7131294117661],[526.5144941176487,849.7131294117661],[526.5144941176487,850.0391058823545]]}},{"type":"Feature","id":"country-008-mainland-southwest-region-border-012-014-001","properties":{"id":"country-008-mainland-southwest-region-border-012-014-001","type":"region-border","countryId":"country-008","targetComponentId":"mainland-southwest","datasetId":"country-008/mainland-southwest","leftRegionId":"country-008-mainland-southwest-region-012","rightRegionId":"country-008-mainland-southwest-region-014"},"geometry":{"type":"LineString","coordinates":[[523.3633882352957,836.6740705882364],[523.3633882352957,837.7606588235308],[523.2547294117663,837.7606588235308],[523.2547294117663,838.1952941176485],[523.1460705882369,838.1952941176485],[523.1460705882369,838.7385882352953],[523.0374117647075,838.7385882352953],[523.0374117647075,839.6078588235306],[523.1460705882369,839.6078588235306],[523.1460705882369,839.933835294119],[523.2547294117663,839.933835294119],[523.3633882352957,840.1511529411779],[523.5807058823546,840.1511529411779],[523.5807058823546,840.2598117647071],[524.1240000000016,840.2598117647071],[524.1240000000016,840.3684705882367],[524.5586352941192,840.3684705882367],[524.5586352941192,840.477129411766],[525.1019294117664,840.477129411766],[525.1019294117664,840.5857882352956],[525.3192470588251,840.5857882352956],[525.3192470588251,840.6944470588248],[525.536564705884,840.6944470588248],[525.536564705884,840.9117647058836],[525.6452235294134,840.9117647058836],[525.6452235294134,841.237741176472],[525.7538823529428,841.237741176472],[525.7538823529428,841.4550588235309],[525.8625411764722,841.4550588235309],[525.8625411764722,841.6723764705895],[525.9712000000017,841.6723764705895],[525.9712000000017,841.8896941176486],[526.079858823531,841.8896941176486],[526.079858823531,841.9983529411777],[526.1885176470603,841.9983529411777],[526.1885176470603,842.1070117647072],[526.29717647059,842.1070117647072],[526.29717647059,842.2156705882365],[526.4058352941192,842.2156705882365],[526.4058352941192,842.3243294117661],[526.5144941176487,842.3243294117661],[526.5144941176487,842.4329882352954],[526.6231529411781,842.4329882352954],[526.7318117647075,842.6503058823542],[526.9491294117663,842.6503058823542],[526.9491294117663,842.7589647058836],[527.2751058823546,842.7589647058836],[527.2751058823546,842.8676235294131],[527.8184000000017,842.8676235294131],[527.8184000000017,842.9762823529425],[528.2530352941193,842.9762823529425],[528.2530352941193,843.0849411764718],[528.9049882352958,843.0849411764718],[528.9049882352958,843.1936000000013],[529.1223058823546,843.1936000000013]]}},{"type":"Feature","id":"country-008-mainland-southwest-region-border-013-014-001","properties":{"id":"country-008-mainland-southwest-region-border-013-014-001","type":"region-border","countryId":"country-008","targetComponentId":"mainland-southwest","datasetId":"country-008/mainland-southwest","leftRegionId":"country-008-mainland-southwest-region-013","rightRegionId":"country-008-mainland-southwest-region-014"},"geometry":{"type":"LineString","coordinates":[[532.1647529411781,840.0424941176483],[531.5128000000017,840.0424941176483],[531.5128000000017,840.1511529411779],[531.4041411764723,840.1511529411779],[531.4041411764723,840.2598117647071],[531.2954823529428,840.2598117647071],[531.2954823529428,840.3684705882367],[531.0781647058842,840.477129411766],[531.0781647058842,840.6944470588248],[530.8608470588252,840.8031058823544],[530.8608470588252,841.0204235294132],[530.7521882352958,841.0204235294132],[530.7521882352958,841.1290823529424],[530.6435294117664,841.1290823529424],[530.6435294117664,841.3464000000013],[530.4262117647077,841.4550588235309],[530.4262117647077,841.6723764705895],[530.3175529411782,841.6723764705895],[530.3175529411782,841.8896941176486],[530.2088941176487,841.8896941176486],[530.2088941176487,842.1070117647072],[530.1002352941193,842.1070117647072],[530.1002352941193,842.2156705882365],[529.8829176470606,842.3243294117661],[529.8829176470606,842.5416470588248],[529.774258823531,842.5416470588248],[529.774258823531,842.6503058823542],[529.6656000000016,842.6503058823542],[529.6656000000016,842.7589647058836],[529.5569411764723,842.7589647058836],[529.5569411764723,842.8676235294131],[529.4482823529429,842.8676235294131],[529.4482823529429,842.9762823529425],[529.3396235294134,842.9762823529425],[529.3396235294134,843.0849411764718],[529.1223058823546,843.1936000000013]]}}]}