{"type":"FeatureCollection","features":[{"type":"Feature","id":"region-034","properties":{"id":"region-034","number":34,"name":"Гесперидия","type":"region","countryId":"country-019","rgb":[33,67,240],"styleIndex":3,"isCapital":false,"capital":false,"labelRank":1,"importance":1,"areaWorld":3744.7247841022045,"labelPointMethod":"representative-point","source":"regions/country-019/regions-mask.png"},"geometry":{"type":"Polygon","coordinates":[[[1080.6201716738196,508.2254295532646],[1083.147532188841,506.0522336769759],[1083.147532188841,504.96563573883157],[1083.508583690987,504.96563573883157],[1083.869635193133,503.51683848797245],[1084.591738197425,503.15463917525767],[1084.9527896995708,501.70584192439867],[1086.0359442060085,501.3436426116839],[1086.7580472103004,500.25704467353955],[1087.4801502145922,500.25704467353955],[1088.924356223176,498.80824742268044],[1090.3685622317596,498.44604810996566],[1090.7296137339056,497.7216494845361],[1091.4517167381973,497.7216494845361],[1092.1738197424893,496.63505154639176],[1092.895922746781,496.63505154639176],[1093.256974248927,495.9106529209622],[1093.9790772532187,495.9106529209622],[1094.7011802575107,495.18625429553265],[1095.7843347639484,495.18625429553265],[1095.7843347639484,494.82405498281787],[1096.8674892703862,494.82405498281787],[1096.8674892703862,494.4618556701031],[1097.950643776824,494.4618556701031],[1097.950643776824,494.0996563573883],[1099.7559012875536,494.0996563573883],[1100.4780042918455,494.82405498281787],[1100.4780042918455,495.5484536082474],[1100.8390557939915,495.5484536082474],[1103.005364806867,500.61924398625433],[1104.8106223175964,502.06804123711345],[1104.8106223175964,502.7924398625429],[1107.6990343347638,505.6900343642611],[1107.6990343347638,506.4144329896907],[1110.2263948497853,508.94982817869413],[1110.2263948497853,509.6742268041237],[1117.4474248927038,516.9182130584193],[1118.5305793991415,516.9182130584193],[1119.2526824034335,518.0048109965636],[1119.9747854077252,518.0048109965636],[1120.6968884120172,519.4536082474227],[1120.3358369098712,519.4536082474227],[1120.3358369098712,520.9024054982817],[1119.9747854077252,520.9024054982817],[1119.6137339055795,524.1621993127147],[1119.2526824034335,524.1621993127147],[1118.8916309012875,525.9731958762886],[1118.1695278969958,526.3353951890034],[1118.1695278969958,527.059793814433],[1117.4474248927038,527.059793814433],[1117.086373390558,527.7841924398625],[1115.642167381974,528.1463917525773],[1115.2811158798283,528.8707903780069],[1114.5590128755364,528.8707903780069],[1114.1979613733906,529.5951890034364],[1113.4758583690987,529.5951890034364],[1113.1148068669527,530.319587628866],[1112.392703862661,530.319587628866],[1110.9484978540772,531.7683848797251],[1110.2263948497853,531.7683848797251],[1110.2263948497853,532.1305841924399],[1109.5042918454935,532.1305841924399],[1109.5042918454935,532.4927835051546],[1108.7821888412018,532.4927835051546],[1108.4211373390558,533.2171821305842],[1107.3379828326179,533.579381443299],[1107.3379828326179,534.3037800687285],[1106.6158798283261,535.0281786941581],[1106.6158798283261,537.9257731958763],[1106.976931330472,537.9257731958763],[1106.976931330472,539.0123711340206],[1108.0600858369098,539.7367697594501],[1108.0600858369098,541.547766323024],[1107.3379828326179,542.2721649484536],[1105.5327253218884,542.6343642611683],[1105.5327253218884,544.4453608247422],[1105.8937768240344,544.4453608247422],[1106.2548283261804,545.5319587628866],[1109.1432403433475,546.6185567010309],[1111.6706008583692,549.1539518900344],[1112.031652360515,550.9649484536083],[1112.392703862661,550.9649484536083],[1112.753755364807,552.7759450171822],[1113.1148068669527,552.7759450171822],[1113.1148068669527,553.8625429553265],[1113.8369098712446,554.586941580756],[1112.753755364807,557.846735395189],[1111.6706008583692,558.9333333333333],[1109.5042918454935,559.2955326460481],[1107.3379828326179,561.4687285223367],[1107.3379828326179,563.2797250859106],[1108.4211373390558,564.366323024055],[1112.392703862661,565.8151202749141],[1114.9200643776824,568.3505154639175],[1115.2811158798283,571.2481099656358],[1117.8084763948498,572.3347079037801],[1117.8084763948498,572.6969072164949],[1118.5305793991415,572.6969072164949],[1118.5305793991415,573.0591065292097],[1119.2526824034335,573.0591065292097],[1120.3358369098712,574.5079037800688],[1119.9747854077252,577.0432989690721],[1118.5305793991415,578.4920962199312],[1117.8084763948498,578.4920962199312],[1117.086373390558,579.2164948453608],[1116.00321888412,579.2164948453608],[1114.9200643776824,580.3030927835051],[1114.9200643776824,581.0274914089347],[1112.392703862661,583.5628865979381],[1112.031652360515,585.373883161512],[1112.753755364807,586.0982817869416],[1118.1695278969958,587.5470790378007],[1118.5305793991415,588.2714776632303],[1119.9747854077252,588.633676975945],[1120.6968884120172,589.7202749140894],[1121.418991416309,589.7202749140894],[1121.780042918455,590.4446735395189],[1122.5021459227469,590.4446735395189],[1122.8631974248926,591.1690721649485],[1124.6684549356223,591.893470790378],[1126.112660944206,593.7044673539518],[1125.75160944206,596.6020618556701],[1124.6684549356223,597.6886597938144],[1124.6684549356223,599.4996563573883],[1123.9463519313304,600.2240549828178],[1123.9463519313304,600.9484536082474],[1117.086373390558,601.672852233677],[1115.2811158798283,603.8460481099656],[1114.9200643776824,606.0192439862543],[1113.8369098712446,606.3814432989691],[1112.753755364807,604.93264604811],[1112.753755364807,604.2082474226804],[1112.392703862661,604.2082474226804],[1112.392703862661,603.4838487972509],[1111.6706008583692,603.1216494845361],[1111.6706008583692,602.3972508591065],[1110.5874463519312,601.3106529209622],[1110.2263948497853,599.1374570446735],[1109.5042918454935,598.413058419244],[1108.7821888412018,598.413058419244],[1107.3379828326179,594.4288659793814],[1104.4495708154507,591.5312714776633],[1103.7274678111587,591.5312714776633],[1103.366416309013,590.8068728522337],[1102.644313304721,590.8068728522337],[1101.5611587982833,589.7202749140894],[1098.3116952789699,589.7202749140894],[1096.8674892703862,591.1690721649485],[1096.8674892703862,591.893470790378],[1096.1453862660944,592.2556701030928],[1096.1453862660944,592.9800687285223],[1093.9790772532187,595.1532646048109],[1091.4517167381973,595.8776632302405],[1089.6464592274679,595.8776632302405],[1088.924356223176,596.9642611683848],[1087.4801502145922,597.3264604810996],[1087.4801502145922,597.6886597938144],[1086.3969957081545,597.6886597938144],[1086.3969957081545,598.0508591065292],[1084.9527896995708,598.0508591065292],[1084.9527896995708,598.413058419244],[1083.508583690987,598.0508591065292],[1082.7864806866953,597.3264604810996],[1082.0643776824033,588.2714776632303],[1080.6201716738196,587.9092783505155],[1080.2591201716737,587.1848797250859],[1079.1759656652362,586.8226804123711],[1078.0928111587982,583.9250859106529],[1077.3707081545065,583.5628865979381],[1077.3707081545065,582.8384879725086],[1076.2875536480688,581.7518900343642],[1076.2875536480688,581.0274914089347],[1075.5654506437768,581.0274914089347],[1074.8433476394848,580.3030927835051],[1074.8433476394848,579.5786941580756],[1074.121244635193,579.2164948453608],[1073.3991416309013,575.594501718213],[1071.5938841201717,573.4213058419244],[1071.5938841201717,566.9017182130584],[1070.510729613734,565.4529209621993],[1070.510729613734,562.1931271477663],[1069.0665236051502,560.7443298969072],[1069.427575107296,557.4845360824742],[1068.3444206008583,556.7601374570446],[1068.7054721030042,550.2405498281787],[1068.3444206008583,550.2405498281787],[1068.3444206008583,548.7917525773196],[1068.7054721030042,548.7917525773196],[1068.7054721030042,548.06735395189],[1070.149678111588,546.9807560137457],[1071.2328326180257,546.9807560137457],[1071.9549356223176,545.1697594501718],[1073.3991416309013,543.7209621993127],[1076.2875536480688,543.7209621993127],[1077.0096566523605,536.4769759450172],[1075.5654506437768,535.3903780068729],[1075.2043991416308,533.9415807560138],[1074.8433476394848,533.9415807560138],[1074.8433476394848,531.7683848797251],[1075.2043991416308,531.7683848797251],[1075.2043991416308,530.6817869415808],[1075.9265021459228,530.319587628866],[1075.9265021459228,529.5951890034364],[1076.2875536480688,529.5951890034364],[1076.2875536480688,528.8707903780069],[1076.6486051502145,528.8707903780069],[1076.6486051502145,528.1463917525773],[1077.0096566523605,528.1463917525773],[1077.0096566523605,527.059793814433],[1077.7317596566522,526.6975945017182],[1077.7317596566522,524.8865979381443],[1077.0096566523605,524.1621993127147],[1071.2328326180257,524.1621993127147],[1071.2328326180257,523.8],[1070.149678111588,523.8],[1069.427575107296,523.0756013745704],[1068.7054721030042,523.0756013745704],[1067.6223175965665,520.1780068728523],[1067.2612660944205,520.1780068728523],[1067.2612660944205,517.280412371134],[1068.3444206008583,515.8316151202749],[1070.149678111588,515.8316151202749],[1070.510729613734,516.9182130584193],[1071.5938841201717,518.0048109965636],[1075.9265021459228,517.6426116838488],[1075.9265021459228,518.0048109965636],[1078.0928111587982,518.0048109965636],[1079.898068669528,513.6584192439863],[1080.6201716738196,513.2962199312715],[1080.9812231759656,511.84742268041236],[1081.3422746781116,511.84742268041236],[1081.3422746781116,510.03642611683847],[1080.9812231759656,510.03642611683847],[1080.6201716738196,508.2254295532646]]]}},{"type":"Feature","id":"region-028","properties":{"id":"region-028","number":28,"name":"Монтания","type":"region","countryId":"country-019","rgb":[33,88,240],"styleIndex":2,"isCapital":false,"capital":false,"labelRank":1,"importance":1,"areaWorld":3686.3330822159705,"labelPointMethod":"representative-point","source":"regions/country-019/regions-mask.png"},"geometry":{"type":"Polygon","coordinates":[[[1154.274678111588,738.5841924398626],[1154.274678111588,737.859793814433],[1152.4694206008583,736.0487972508591],[1152.4694206008583,735.3243986254296],[1151.0252145922746,734.2378006872852],[1150.3031115879828,734.2378006872852],[1150.3031115879828,733.8756013745705],[1135.861051502146,733.5134020618557],[1135.861051502146,733.8756013745705],[1133.6947424892703,733.8756013745705],[1133.6947424892703,734.2378006872852],[1126.4737124463518,733.8756013745705],[1124.6684549356223,735.6865979381444],[1123.2242489270386,736.0487972508591],[1123.2242489270386,736.4109965635739],[1108.7821888412018,737.4975945017183],[1108.7821888412018,737.859793814433],[1106.976931330472,738.2219931271478],[1106.976931330472,738.5841924398626],[1105.8937768240344,738.5841924398626],[1105.8937768240344,738.9463917525774],[1101.2001072961373,738.5841924398626],[1101.2001072961373,738.9463917525774],[1098.3116952789699,739.6707903780069],[1098.3116952789699,740.0329896907217],[1093.256974248927,740.3951890034365],[1093.256974248927,740.0329896907217],[1092.1738197424893,740.0329896907217],[1091.0906652360513,738.9463917525774],[1090.3685622317596,736.0487972508591],[1089.2854077253219,734.6],[1089.2854077253219,733.5134020618557],[1088.56330472103,732.7890034364261],[1088.56330472103,732.0646048109966],[1087.8412017167382,731.7024054982818],[1088.2022532188842,730.2536082474227],[1088.56330472103,730.2536082474227],[1088.56330472103,729.1670103092783],[1088.924356223176,729.1670103092783],[1088.924356223176,728.080412371134],[1089.2854077253219,728.080412371134],[1089.6464592274679,725.5450171821306],[1090.7296137339056,724.0962199312714],[1090.7296137339056,723.371821305842],[1091.0906652360513,723.371821305842],[1091.0906652360513,722.2852233676977],[1092.1738197424893,720.8364261168385],[1092.1738197424893,720.1120274914089],[1093.256974248927,719.0254295532646],[1098.3116952789699,718.3010309278351],[1099.3948497854076,716.852233676976],[1099.3948497854076,715.4034364261169],[1099.7559012875536,715.4034364261169],[1100.1169527896996,713.592439862543],[1101.922210300429,712.1436426116838],[1101.922210300429,710.33264604811],[1101.2001072961373,709.6082474226804],[1096.8674892703862,708.8838487972508],[1096.5064377682402,708.1594501718213],[1095.7843347639484,708.1594501718213],[1095.4232832618027,706.7106529209622],[1096.1453862660944,706.3484536082474],[1096.1453862660944,705.6240549828178],[1096.8674892703862,704.8996563573883],[1097.5895922746781,700.1910652920963],[1097.950643776824,700.1910652920963],[1097.950643776824,697.6556701030928],[1098.3116952789699,697.6556701030928],[1098.6727467811158,695.8446735395189],[1099.7559012875536,694.7580756013746],[1101.922210300429,694.033676975945],[1103.7274678111587,691.8604810996563],[1108.4211373390558,691.8604810996563],[1108.4211373390558,692.2226804123711],[1109.5042918454935,691.8604810996563],[1110.5874463519312,690.4116838487972],[1110.5874463519312,688.2384879725086],[1111.6706008583692,686.7896907216494],[1113.4758583690987,686.4274914089347],[1113.4758583690987,686.0652920962199],[1116.364270386266,685.7030927835051],[1117.086373390558,689.3250859106529],[1117.4474248927038,689.3250859106529],[1118.1695278969958,691.4982817869416],[1118.8916309012875,691.8604810996563],[1118.8916309012875,692.5848797250859],[1119.6137339055795,692.5848797250859],[1119.6137339055795,692.9470790378007],[1121.418991416309,692.2226804123711],[1121.780042918455,691.4982817869416],[1124.3074034334763,691.4982817869416],[1126.112660944206,689.6872852233677],[1127.9179184549357,689.3250859106529],[1129.0010729613734,687.8762886597938],[1129.0010729613734,686.0652920962199],[1129.3621244635192,686.0652920962199],[1129.3621244635192,684.9786941580755],[1129.7231759656652,684.9786941580755],[1130.0842274678112,683.5298969072164],[1131.5284334763949,682.4432989690722],[1135.861051502146,682.4432989690722],[1135.861051502146,682.805498281787],[1136.5831545064377,682.805498281787],[1138.3884120171674,684.6164948453608],[1138.7494635193134,688.2384879725086],[1139.1105150214592,688.2384879725086],[1139.1105150214592,689.3250859106529],[1139.8326180257511,689.6872852233677],[1139.8326180257511,690.4116838487972],[1140.5547210300429,690.4116838487972],[1141.2768240343348,691.4982817869416],[1143.4431330472103,691.8604810996563],[1143.8041845493563,693.3092783505155],[1144.1652360515022,693.3092783505155],[1144.1652360515022,694.3958762886598],[1145.24839055794,695.4824742268041],[1147.0536480686694,695.4824742268041],[1147.0536480686694,695.8446735395189],[1148.4978540772531,695.8446735395189],[1148.4978540772531,696.2068728522337],[1150.3031115879828,696.5690721649485],[1150.3031115879828,696.9312714776632],[1152.1083690987125,696.9312714776632],[1153.1915236051502,695.8446735395189],[1153.913626609442,695.8446735395189],[1154.99678111588,694.7580756013746],[1155.3578326180257,693.3092783505155],[1156.4409871244634,692.5848797250859],[1157.1630901287554,693.3092783505155],[1158.246244635193,693.3092783505155],[1158.246244635193,693.6714776632302],[1159.6904506437768,694.033676975945],[1160.0515021459228,694.7580756013746],[1160.7736051502145,694.7580756013746],[1161.4957081545065,695.4824742268041],[1161.1346566523605,698.3800687285224],[1161.4957081545065,698.3800687285224],[1161.8567596566522,701.6398625429553],[1162.2178111587982,701.6398625429553],[1162.5788626609442,703.4508591065292],[1164.3841201716737,704.8996563573883],[1167.994635193133,704.8996563573883],[1167.994635193133,704.5374570446735],[1168.716738197425,704.5374570446735],[1172.68830472103,700.1910652920963],[1172.68830472103,699.1044673539519],[1173.049356223176,699.1044673539519],[1172.68830472103,695.1202749140894],[1173.049356223176,695.1202749140894],[1173.4104077253219,692.9470790378007],[1173.7714592274679,692.9470790378007],[1173.7714592274679,687.514089347079],[1176.2988197424893,684.9786941580755],[1178.4651287553647,684.9786941580755],[1179.9093347639484,686.4274914089347],[1180.2703862660944,687.8762886597938],[1180.9924892703862,688.2384879725086],[1180.9924892703862,688.9628865979381],[1181.3535407725321,688.9628865979381],[1181.3535407725321,689.6872852233677],[1182.075643776824,690.0494845360824],[1182.4366952789699,691.1360824742268],[1186.047210300429,691.4982817869416],[1187.130364806867,692.5848797250859],[1187.130364806867,692.9470790378007],[1184.9640557939915,693.3092783505155],[1184.2419527896996,694.3958762886598],[1183.5198497854076,694.3958762886598],[1183.1587982832618,695.1202749140894],[1182.4366952789699,695.1202749140894],[1181.3535407725321,696.2068728522337],[1181.3535407725321,698.3800687285224],[1182.075643776824,698.3800687285224],[1183.8809012875536,700.553264604811],[1184.6030042918455,700.553264604811],[1185.6861587982833,701.6398625429553],[1185.6861587982833,702.3642611683848],[1186.408261802575,702.7264604810996],[1186.408261802575,703.4508591065292],[1187.130364806867,703.8130584192439],[1187.130364806867,709.2460481099656],[1186.769313304721,709.2460481099656],[1186.047210300429,712.5058419243986],[1185.3251072961373,712.8680412371134],[1184.9640557939915,714.3168384879725],[1180.9924892703862,718.3010309278351],[1180.9924892703862,719.0254295532646],[1177.381974248927,722.6474226804124],[1177.381974248927,723.371821305842],[1173.049356223176,727.7182130584192],[1172.3272532188842,727.7182130584192],[1172.3272532188842,728.4426116838488],[1167.994635193133,732.7890034364261],[1167.272532188841,732.7890034364261],[1166.9114806866953,733.5134020618557],[1165.8283261802576,733.5134020618557],[1165.1062231759656,734.2378006872852],[1164.023068669528,734.2378006872852],[1164.023068669528,734.6],[1163.300965665236,734.6],[1161.8567596566522,735.6865979381444],[1160.7736051502145,735.6865979381444],[1158.9683476394848,737.1353951890035],[1157.1630901287554,737.1353951890035],[1157.1630901287554,737.4975945017183],[1156.0799356223176,737.4975945017183],[1156.0799356223176,737.859793814433],[1154.274678111588,738.5841924398626]]]}},{"type":"Feature","id":"region-010","properties":{"id":"region-010","number":10,"name":"Клерополь","type":"region","countryId":"country-019","rgb":[33,136,240],"styleIndex":4,"isCapital":true,"capital":true,"labelRank":3,"importance":3,"areaWorld":262.00291598454265,"labelPointMethod":"representative-point","source":"regions/country-019/regions-mask.png"},"geometry":{"type":"Polygon","coordinates":[[[1190.3798283261804,505.6900343642611],[1190.7408798283261,505.6900343642611],[1191.101931330472,504.241237113402],[1193.9903433476395,502.06804123711345],[1200.489270386266,502.06804123711345],[1200.489270386266,502.4302405498281],[1201.5724248927038,502.7924398625429],[1202.6555793991415,505.32783505154634],[1204.0997854077252,506.4144329896907],[1205.543991416309,506.4144329896907],[1205.543991416309,506.0522336769759],[1207.3492489270386,505.6900343642611],[1207.3492489270386,505.32783505154634],[1209.1545064377683,505.32783505154634],[1210.237660944206,506.4144329896907],[1210.9597639484978,506.4144329896907],[1211.3208154506437,507.501030927835],[1211.6818669527897,507.501030927835],[1211.3208154506437,509.3120274914089],[1210.9597639484978,509.3120274914089],[1210.9597639484978,511.84742268041236],[1211.3208154506437,511.84742268041236],[1212.4039699570815,514.7450171821306],[1212.0429184549357,514.7450171821306],[1211.6818669527897,515.8316151202749],[1208.0713519313304,516.5560137457045],[1205.182939914163,519.8158075601375],[1204.4608369098712,519.8158075601375],[1204.0997854077252,520.540206185567],[1203.3776824034335,520.540206185567],[1202.6555793991415,521.2646048109965],[1200.850321888412,521.6268041237113],[1200.850321888412,521.2646048109965],[1199.767167381974,521.2646048109965],[1199.767167381974,520.9024054982817],[1198.3229613733906,520.9024054982817],[1197.9619098712446,519.8158075601375],[1196.156652360515,518.0048109965636],[1196.156652360515,515.8316151202749],[1196.517703862661,515.8316151202749],[1196.517703862661,514.3828178694158],[1196.8787553648067,514.3828178694158],[1196.8787553648067,513.2962199312715],[1197.2398068669527,513.2962199312715],[1197.2398068669527,512.2096219931271],[1197.6008583690987,512.2096219931271],[1197.2398068669527,511.1230240549828],[1192.1850858369098,510.39862542955325],[1190.3798283261804,508.2254295532646],[1190.3798283261804,505.6900343642611]]]}},{"type":"Feature","id":"region-020","properties":{"id":"region-020","number":20,"name":"Астралия","type":"region","countryId":"country-019","rgb":[33,157,240],"styleIndex":4,"isCapital":false,"capital":false,"labelRank":2,"importance":2,"areaWorld":2689.011335626622,"labelPointMethod":"representative-point","source":"regions/country-019/regions-mask.png"},"geometry":{"type":"Polygon","coordinates":[[[1217.4586909871246,686.0652920962199],[1217.0976394849786,684.9786941580755],[1216.7365879828326,684.9786941580755],[1216.3755364806866,682.0810996563574],[1216.0144849785406,682.0810996563574],[1215.6534334763949,674.8371134020618],[1215.2923819742489,674.8371134020618],[1215.2923819742489,673.7505154639175],[1214.2092274678112,672.3017182130584],[1214.2092274678112,671.5773195876288],[1213.4871244635192,670.8529209621993],[1212.0429184549357,670.8529209621993],[1212.0429184549357,670.4907216494845],[1210.9597639484978,670.1285223367697],[1210.9597639484978,668.6797250859106],[1210.237660944206,667.955326460481],[1210.237660944206,667.2309278350515],[1209.1545064377683,666.8687285223367],[1208.7934549356223,666.1443298969072],[1205.905042918455,665.7821305841924],[1205.182939914163,665.0577319587629],[1204.4608369098712,665.0577319587629],[1203.7387339055795,660.3491408934708],[1203.3776824034335,659.986941580756],[1200.850321888412,659.986941580756],[1200.12821888412,661.0735395189004],[1197.2398068669527,661.7979381443299],[1197.2398068669527,661.4357388316151],[1193.2682403433475,661.0735395189004],[1192.5461373390558,660.3491408934708],[1192.1850858369098,657.0893470790378],[1192.9071888412018,656.727147766323],[1192.9071888412018,656.0027491408935],[1194.3513948497853,654.5539518900343],[1196.517703862661,653.8295532646048],[1197.2398068669527,653.1051546391752],[1197.2398068669527,651.6563573883161],[1196.517703862661,650.9319587628866],[1193.9903433476395,649.8453608247422],[1193.9903433476395,648.7587628865979],[1194.7124463519312,648.0343642611683],[1194.7124463519312,647.3099656357388],[1195.4345493562232,646.9477663230241],[1195.7956008583692,645.498969072165],[1196.156652360515,645.498969072165],[1196.156652360515,644.0501718213059],[1195.7956008583692,644.0501718213059],[1195.7956008583692,642.9635738831615],[1195.4345493562232,642.9635738831615],[1195.4345493562232,641.8769759450172],[1195.0734978540772,641.8769759450172],[1195.0734978540772,639.7037800687285],[1195.4345493562232,639.7037800687285],[1195.4345493562232,638.6171821305842],[1197.2398068669527,636.8061855670103],[1198.3229613733906,636.4439862542955],[1198.3229613733906,635.719587628866],[1200.12821888412,635.719587628866],[1200.12821888412,636.0817869415807],[1201.5724248927038,636.4439862542955],[1201.9334763948498,637.1683848797251],[1203.3776824034335,637.5305841924398],[1203.7387339055795,638.2549828178694],[1204.4608369098712,638.2549828178694],[1204.8218884120172,639.3415807560137],[1205.182939914163,639.3415807560137],[1205.182939914163,641.5147766323024],[1205.905042918455,642.239175257732],[1206.6271459227469,642.239175257732],[1207.7103004291846,643.3257731958763],[1210.5987124463518,644.0501718213059],[1210.9597639484978,645.8611683848798],[1211.3208154506437,645.8611683848798],[1211.6818669527897,649.1209621993127],[1212.7650214592275,649.4831615120274],[1212.7650214592275,649.8453608247422],[1216.0144849785406,649.8453608247422],[1216.0144849785406,650.207560137457],[1216.7365879828326,650.207560137457],[1217.0976394849786,651.6563573883161],[1217.4586909871246,651.6563573883161],[1217.4586909871246,652.7429553264604],[1217.8197424892703,652.7429553264604],[1217.4586909871246,654.5539518900343],[1217.0976394849786,654.5539518900343],[1217.0976394849786,655.6405498281787],[1217.4586909871246,655.6405498281787],[1217.8197424892703,657.0893470790378],[1218.902896995708,657.4515463917526],[1219.263948497854,658.1759450171821],[1222.1523605150214,658.9003436426117],[1222.1523605150214,659.2625429553265],[1223.9576180257511,658.9003436426117],[1224.6797210300429,658.1759450171821],[1225.4018240343348,655.2783505154639],[1225.7628755364806,655.2783505154639],[1226.1239270386266,652.0185567010309],[1226.4849785407725,652.0185567010309],[1227.5681330472103,649.1209621993127],[1229.012339055794,647.6721649484535],[1229.012339055794,646.9477663230241],[1230.8175965665237,645.498969072165],[1231.1786480686694,643.6879725085911],[1231.9007510729614,642.9635738831615],[1231.9007510729614,641.8769759450172],[1232.2618025751071,641.8769759450172],[1232.2618025751071,640.7903780068729],[1232.6228540772531,640.7903780068729],[1232.983905579399,639.7037800687285],[1234.4281115879828,639.7037800687285],[1234.4281115879828,639.3415807560137],[1241.2880901287554,639.7037800687285],[1241.2880901287554,639.3415807560137],[1243.0933476394848,639.3415807560137],[1243.0933476394848,638.979381443299],[1244.1765021459228,638.979381443299],[1244.1765021459228,638.6171821305842],[1247.425965665236,638.979381443299],[1247.425965665236,638.6171821305842],[1249.5922746781116,638.6171821305842],[1249.5922746781116,638.2549828178694],[1250.6754291845493,638.2549828178694],[1250.6754291845493,637.8927835051546],[1254.6469957081545,637.8927835051546],[1254.6469957081545,638.2549828178694],[1256.0912017167382,638.6171821305842],[1258.2575107296138,641.5147766323024],[1257.8964592274679,643.3257731958763],[1257.174356223176,644.0501718213059],[1256.4522532188842,644.0501718213059],[1256.0912017167382,645.1367697594502],[1255.7301502145922,645.1367697594502],[1256.4522532188842,647.3099656357388],[1257.8964592274679,648.3965635738831],[1262.9511802575107,648.3965635738831],[1263.3122317596567,649.4831615120274],[1263.6732832618027,649.4831615120274],[1263.6732832618027,652.3807560137457],[1265.4785407725321,652.7429553264604],[1265.4785407725321,652.3807560137457],[1267.2837982832618,652.3807560137457],[1267.2837982832618,652.0185567010309],[1269.0890557939915,652.0185567010309],[1269.0890557939915,651.6563573883161],[1270.894313304721,651.6563573883161],[1270.894313304721,651.2941580756013],[1273.4216738197424,650.9319587628866],[1273.7827253218884,649.1209621993127],[1274.1437768240344,649.1209621993127],[1274.1437768240344,646.9477663230241],[1273.7827253218884,646.9477663230241],[1273.7827253218884,646.2233676975945],[1272.6995708154507,644.7745704467354],[1272.6995708154507,642.9635738831615],[1274.8658798283261,640.7903780068729],[1274.8658798283261,640.0659793814433],[1275.5879828326179,639.7037800687285],[1275.5879828326179,638.979381443299],[1275.9490343347638,638.979381443299],[1276.3100858369098,637.5305841924398],[1277.0321888412018,637.1683848797251],[1277.0321888412018,636.4439862542955],[1277.7542918454935,636.4439862542955],[1278.4763948497853,637.5305841924398],[1279.1984978540772,637.5305841924398],[1281.0037553648067,639.7037800687285],[1281.7258583690987,639.7037800687285],[1282.4479613733906,640.4281786941581],[1282.4479613733906,641.1525773195876],[1283.5311158798283,641.8769759450172],[1283.5311158798283,642.6013745704468],[1284.614270386266,643.3257731958763],[1284.975321888412,648.0343642611683],[1282.8090128755366,650.207560137457],[1279.9206008583692,650.207560137457],[1279.9206008583692,650.5697594501718],[1278.8374463519312,650.5697594501718],[1277.7542918454935,651.6563573883161],[1277.3932403433475,661.0735395189004],[1278.8374463519312,662.1601374570447],[1279.1984978540772,663.6089347079038],[1279.5595493562232,663.6089347079038],[1279.9206008583692,667.5931271477663],[1279.5595493562232,667.5931271477663],[1279.1984978540772,669.7663230240549],[1277.7542918454935,671.215120274914],[1277.7542918454935,671.9395189003436],[1276.6711373390558,672.3017182130584],[1274.5048283261804,674.8371134020618],[1273.7827253218884,674.8371134020618],[1273.4216738197424,675.5615120274914],[1271.9774678111587,675.9237113402062],[1271.9774678111587,676.285910652921],[1271.255364806867,676.285910652921],[1271.255364806867,677.0103092783505],[1270.894313304721,677.0103092783505],[1270.533261802575,680.6323024054983],[1270.894313304721,680.6323024054983],[1271.255364806867,682.805498281787],[1271.616416309013,682.805498281787],[1271.616416309013,688.9628865979381],[1271.255364806867,688.9628865979381],[1270.533261802575,690.773883161512],[1269.8111587982833,690.773883161512],[1269.4501072961373,691.4982817869416],[1265.4785407725321,691.4982817869416],[1265.1174892703862,691.8604810996563],[1265.1174892703862,694.033676975945],[1264.0343347639484,695.1202749140894],[1261.145922746781,695.1202749140894],[1260.0627682403433,694.033676975945],[1259.3406652360513,694.033676975945],[1258.9796137339056,693.3092783505155],[1258.2575107296138,693.3092783505155],[1256.0912017167382,690.773883161512],[1255.3690987124464,690.773883161512],[1253.5638412017167,688.9628865979381],[1252.841738197425,686.0652920962199],[1251.758583690987,684.6164948453608],[1251.758583690987,683.8920962199312],[1251.397532188841,683.8920962199312],[1251.397532188841,683.1676975945018],[1251.0364806866953,683.1676975945018],[1250.6754291845493,680.9945017182131],[1250.3143776824033,680.9945017182131],[1250.3143776824033,678.4591065292096],[1249.5922746781116,677.7347079037801],[1249.5922746781116,677.0103092783505],[1247.0649141630902,674.4749140893471],[1247.0649141630902,670.8529209621993],[1246.3428111587982,670.1285223367697],[1246.3428111587982,669.0419243986254],[1245.9817596566522,669.0419243986254],[1245.2596566523605,667.2309278350515],[1242.732296137339,667.2309278350515],[1242.371244635193,667.955326460481],[1240.9270386266094,668.3175257731958],[1240.2049356223176,674.1127147766323],[1239.4828326180257,674.4749140893471],[1238.760729613734,676.285910652921],[1236.9554721030042,678.0969072164949],[1235.1502145922746,678.4591065292096],[1235.1502145922746,678.0969072164949],[1231.9007510729614,678.0969072164949],[1230.4565450643777,679.1835051546392],[1229.7344420600857,679.1835051546392],[1229.7344420600857,679.545704467354],[1229.012339055794,679.545704467354],[1229.012339055794,679.9079037800688],[1228.2902360515022,679.9079037800688],[1228.2902360515022,680.2701030927835],[1227.5681330472103,680.2701030927835],[1227.5681330472103,680.6323024054983],[1226.8460300429183,680.6323024054983],[1225.4018240343348,682.0810996563574],[1224.3186695278969,682.0810996563574],[1223.5965665236051,683.1676975945018],[1218.5418454935623,685.3408934707903],[1218.1807939914163,686.0652920962199],[1217.4586909871246,686.0652920962199]]]}},{"type":"Feature","id":"region-005","properties":{"id":"region-005","number":5,"name":"Гесперия","type":"region","countryId":"country-019","rgb":[33,205,240],"styleIndex":4,"isCapital":false,"capital":false,"labelRank":2,"importance":2,"areaWorld":2753.789153100223,"labelPointMethod":"representative-point","source":"regions/country-019/regions-mask.png"},"geometry":{"type":"Polygon","coordinates":[[[1326.496244635193,426.3683848797251],[1326.857296137339,432.1635738831615],[1327.9404506437768,432.52577319587624],[1327.9404506437768,432.887972508591],[1330.1067596566522,433.2501718213058],[1331.5509656652362,434.6989690721649],[1331.912017167382,436.5099656357388],[1332.273068669528,436.5099656357388],[1332.273068669528,439.04536082474226],[1331.912017167382,439.04536082474226],[1331.912017167382,440.1319587628866],[1331.5509656652362,440.1319587628866],[1331.1899141630902,442.30515463917527],[1330.8288626609442,442.30515463917527],[1331.1899141630902,448.46254295532646],[1331.5509656652362,448.46254295532646],[1332.6341201716737,451.36013745704463],[1335.883583690987,454.61993127147764],[1335.883583690987,455.3443298969072],[1338.7719957081545,457.51752577319587],[1338.7719957081545,458.24192439862543],[1339.4940987124464,458.966323024055],[1340.2162017167382,462.5883161512028],[1340.93830472103,463.31271477663233],[1341.6604077253219,463.31271477663233],[1342.3825107296138,464.39931271477667],[1343.1046137339056,464.39931271477667],[1343.8267167381973,465.485910652921],[1344.5488197424893,465.485910652921],[1344.9098712446353,467.2969072164948],[1344.5488197424893,467.2969072164948],[1343.4656652360513,475.9896907216495],[1340.577253218884,475.6274914089347],[1340.577253218884,475.2652920962199],[1336.605686695279,475.2652920962199],[1335.161480686695,476.71408934707904],[1332.9951716738196,481.78487972508594],[1327.5793991416308,486.1312714776632],[1327.2183476394848,488.66666666666663],[1328.3015021459228,489.0288659793814],[1328.3015021459228,489.3910652920962],[1329.3846566523605,489.3910652920962],[1330.1067596566522,490.11546391752574],[1330.1067596566522,490.8398625429553],[1328.6625536480688,491.92646048109964],[1327.2183476394848,492.2886597938144],[1326.857296137339,494.0996563573883],[1326.496244635193,494.0996563573883],[1326.496244635193,495.5484536082474],[1326.1351931330473,495.5484536082474],[1325.7741416309013,499.1704467353952],[1325.4130901287554,499.1704467353952],[1325.4130901287554,500.25704467353955],[1325.0520386266094,500.25704467353955],[1324.6909871244634,501.3436426116839],[1321.4415236051502,501.70584192439867],[1321.4415236051502,501.3436426116839],[1320.3583690987125,501.3436426116839],[1320.3583690987125,500.9814432989691],[1319.2752145922746,500.9814432989691],[1319.2752145922746,500.61924398625433],[1318.1920600858368,500.61924398625433],[1316.7478540772531,499.53264604811],[1312.776287553648,499.1704467353952],[1312.776287553648,497.3594501718213],[1312.4152360515022,497.3594501718213],[1312.4152360515022,496.272852233677],[1312.0541845493563,496.272852233677],[1312.0541845493563,495.18625429553265],[1310.2489270386266,493.73745704467353],[1310.2489270386266,493.013058419244],[1307.3605150214592,490.8398625429553],[1305.1942060085837,490.4776632302405],[1303.75,489.0288659793814],[1303.027896995708,486.85567010309273],[1302.666845493562,486.85567010309273],[1302.666845493562,485.4068728522336],[1302.3057939914163,485.4068728522336],[1302.3057939914163,482.5092783505155],[1301.9447424892703,482.5092783505155],[1301.9447424892703,480.6982817869416],[1301.5836909871246,480.6982817869416],[1301.2226394849786,478.52508591065293],[1299.7784334763949,477.4384879725086],[1299.0563304721031,477.4384879725086],[1299.0563304721031,477.0762886597938],[1298.3342274678112,477.0762886597938],[1297.2510729613732,474.54089347079037],[1296.1679184549357,473.45429553264603],[1295.4458154506437,473.45429553264603],[1294.7237124463518,472.3676975945017],[1294.00160944206,472.3676975945017],[1291.8353004291844,470.194501718213],[1291.4742489270386,468.7457044673539],[1290.7521459227469,468.3835051546391],[1290.7521459227469,467.2969072164948],[1291.8353004291844,466.21030927835045],[1292.9184549356223,463.31271477663233],[1293.2795064377683,463.31271477663233],[1293.2795064377683,462.226116838488],[1293.6405579399143,462.226116838488],[1292.9184549356223,458.6041237113402],[1292.5574034334763,458.6041237113402],[1292.5574034334763,455.706529209622],[1292.9184549356223,455.706529209622],[1292.9184549356223,453.8955326460481],[1294.00160944206,452.44673539518897],[1294.00160944206,451.7223367697594],[1294.362660944206,451.7223367697594],[1294.7237124463518,449.91134020618557],[1294.362660944206,449.91134020618557],[1294.362660944206,449.186941580756],[1291.4742489270386,448.82474226804123],[1291.4742489270386,448.46254295532646],[1290.391094420601,448.1003436426117],[1290.7521459227469,444.8405498281787],[1291.1131974248926,444.8405498281787],[1290.7521459227469,443.7539518900344],[1287.1416309012875,443.7539518900344],[1287.1416309012875,444.11615120274917],[1285.336373390558,444.11615120274917],[1285.336373390558,444.47835051546394],[1283.5311158798283,444.11615120274917],[1283.1700643776824,443.7539518900344],[1283.1700643776824,441.21855670103093],[1283.5311158798283,441.21855670103093],[1283.5311158798283,439.04536082474226],[1285.336373390558,438.6831615120275],[1285.336373390558,438.3209621993127],[1286.7805793991415,437.9587628865979],[1287.1416309012875,437.23436426116837],[1287.8637339055795,437.23436426116837],[1288.5858369098712,436.5099656357388],[1289.668991416309,436.5099656357388],[1290.030042918455,435.78556701030925],[1291.4742489270386,435.78556701030925],[1291.4742489270386,433.6123711340206],[1290.391094420601,433.2501718213058],[1289.307939914163,432.1635738831615],[1289.307939914163,431.0769759450172],[1288.9468884120172,431.0769759450172],[1289.307939914163,428.9037800687285],[1291.1131974248926,427.45498281786945],[1294.00160944206,427.45498281786945],[1296.8900214592275,429.62817869415807],[1297.2510729613732,431.0769759450172],[1299.7784334763949,431.0769759450172],[1301.5836909871246,429.2659793814433],[1305.9163090128754,429.62817869415807],[1306.6384120171674,428.9037800687285],[1306.6384120171674,428.17938144329895],[1307.3605150214592,427.45498281786945],[1308.082618025751,427.45498281786945],[1308.8047210300429,426.3683848797251],[1309.5268240343348,426.3683848797251],[1309.8878755364808,425.64398625429556],[1311.3320815450643,425.64398625429556],[1311.3320815450643,425.2817869415808],[1318.1920600858368,425.2817869415808],[1318.9141630901286,424.5573883161512],[1318.9141630901286,423.83298969072166],[1319.9973175965665,423.1085910652921],[1319.9973175965665,422.38419243986255],[1321.0804721030042,422.02199312714777],[1321.0804721030042,421.659793814433],[1323.24678111588,421.659793814433],[1323.9688841201717,422.38419243986255],[1324.6909871244634,426.00618556701033],[1326.496244635193,426.3683848797251]]]}},{"type":"Feature","id":"region-022","properties":{"id":"region-022","number":22,"name":"Небулия","type":"region","countryId":"country-019","rgb":[33,226,240],"styleIndex":1,"isCapital":false,"capital":false,"labelRank":2,"importance":2,"areaWorld":2177.9523654926743,"labelPointMethod":"representative-point","source":"regions/country-019/regions-mask.png"},"geometry":{"type":"Polygon","coordinates":[[[1193.9903433476395,649.8453608247422],[1192.1850858369098,650.207560137457],[1192.1850858369098,649.8453608247422],[1191.101931330472,649.8453608247422],[1190.3798283261804,649.1209621993127],[1189.6577253218884,649.1209621993127],[1189.2966738197424,648.3965635738831],[1186.408261802575,647.6721649484535],[1184.9640557939915,646.5855670103093],[1184.2419527896996,646.5855670103093],[1184.2419527896996,646.2233676975945],[1183.5198497854076,646.2233676975945],[1183.5198497854076,645.8611683848798],[1182.7977467811158,645.8611683848798],[1182.7977467811158,645.498969072165],[1182.075643776824,645.498969072165],[1182.075643776824,645.1367697594502],[1180.2703862660944,645.1367697594502],[1180.2703862660944,645.498969072165],[1179.1872317596567,645.498969072165],[1178.4651287553647,646.2233676975945],[1178.4651287553647,647.3099656357388],[1179.9093347639484,648.7587628865979],[1180.2703862660944,650.207560137457],[1179.1872317596567,651.2941580756013],[1177.381974248927,651.2941580756013],[1177.381974248927,651.6563573883161],[1173.7714592274679,651.2941580756013],[1173.7714592274679,650.9319587628866],[1172.68830472103,650.9319587628866],[1172.68830472103,650.5697594501718],[1171.6051502145922,650.5697594501718],[1171.6051502145922,650.207560137457],[1170.1609442060085,650.207560137457],[1170.1609442060085,649.8453608247422],[1167.272532188841,650.207560137457],[1167.272532188841,649.8453608247422],[1165.1062231759656,649.4831615120274],[1164.7451716738196,648.7587628865979],[1164.023068669528,648.7587628865979],[1163.662017167382,647.6721649484535],[1162.9399141630902,647.3099656357388],[1162.9399141630902,646.5855670103093],[1162.5788626609442,646.5855670103093],[1162.5788626609442,645.8611683848798],[1162.2178111587982,645.8611683848798],[1162.2178111587982,645.1367697594502],[1161.8567596566522,645.1367697594502],[1161.8567596566522,644.4123711340206],[1161.4957081545065,644.4123711340206],[1160.4125536480688,640.0659793814433],[1157.885193133047,639.7037800687285],[1157.885193133047,639.3415807560137],[1154.635729613734,639.3415807560137],[1154.635729613734,639.7037800687285],[1153.552575107296,639.7037800687285],[1153.552575107296,640.0659793814433],[1152.4694206008583,640.0659793814433],[1152.4694206008583,640.4281786941581],[1149.219957081545,640.0659793814433],[1146.3315450643777,636.4439862542955],[1145.9704935622317,632.4597938144329],[1145.24839055794,631.7353951890034],[1145.24839055794,631.0109965635738],[1144.1652360515022,629.9243986254295],[1141.2768240343348,628.8378006872853],[1140.9157725321888,628.1134020618557],[1141.2768240343348,627.0268041237114],[1141.9989270386266,626.6646048109966],[1141.9989270386266,624.4914089347079],[1141.6378755364806,624.4914089347079],[1141.6378755364806,623.4048109965636],[1140.5547210300429,621.9560137457045],[1140.5547210300429,621.2316151202749],[1140.1936695278969,621.2316151202749],[1139.8326180257511,612.5388316151202],[1139.4715665236051,612.5388316151202],[1139.4715665236051,611.4522336769759],[1138.7494635193134,610.7278350515464],[1138.7494635193134,609.6412371134021],[1138.0273605150214,608.9168384879725],[1138.0273605150214,608.192439862543],[1134.777896995708,604.93264604811],[1135.138948497854,603.4838487972509],[1138.0273605150214,602.3972508591065],[1139.1105150214592,601.3106529209622],[1143.0820815450643,602.0350515463917],[1144.1652360515022,603.4838487972509],[1144.526287553648,605.2948453608248],[1146.3315450643777,606.7436426116839],[1154.635729613734,607.4680412371134],[1154.635729613734,607.8302405498282],[1156.8020386266094,607.8302405498282],[1156.8020386266094,608.192439862543],[1157.885193133047,608.192439862543],[1159.6904506437768,606.7436426116839],[1160.0515021459228,604.2082474226804],[1160.7736051502145,603.8460481099656],[1163.662017167382,604.5704467353952],[1163.662017167382,604.2082474226804],[1165.1062231759656,603.8460481099656],[1166.1893776824033,602.3972508591065],[1167.994635193133,602.0350515463917],[1172.3272532188842,606.3814432989691],[1173.049356223176,606.3814432989691],[1173.049356223176,606.7436426116839],[1173.7714592274679,606.7436426116839],[1173.7714592274679,607.1058419243986],[1174.4935622317596,607.1058419243986],[1174.4935622317596,607.4680412371134],[1175.2156652360513,607.4680412371134],[1175.2156652360513,607.8302405498282],[1175.9377682403433,607.8302405498282],[1175.9377682403433,608.192439862543],[1176.6598712446353,608.192439862543],[1178.1040772532187,609.2790378006873],[1180.2703862660944,608.9168384879725],[1180.9924892703862,608.192439862543],[1182.4366952789699,608.192439862543],[1185.3251072961373,611.8144329896907],[1186.047210300429,611.8144329896907],[1186.769313304721,612.5388316151202],[1187.8524678111587,612.5388316151202],[1187.8524678111587,612.901030927835],[1189.2966738197424,612.5388316151202],[1190.3798283261804,611.4522336769759],[1191.101931330472,609.2790378006873],[1191.8240343347638,608.9168384879725],[1191.8240343347638,608.192439862543],[1192.5461373390558,607.4680412371134],[1193.6292918454935,607.4680412371134],[1193.6292918454935,607.1058419243986],[1196.517703862661,606.0192439862543],[1197.9619098712446,607.4680412371134],[1198.6840128755364,609.6412371134021],[1199.767167381974,610.0034364261169],[1200.489270386266,611.0900343642611],[1200.12821888412,620.5072164948454],[1199.767167381974,620.5072164948454],[1199.4061158798283,622.3182130584192],[1197.2398068669527,624.1292096219931],[1197.2398068669527,624.8536082474227],[1196.517703862661,625.2158075601375],[1196.517703862661,625.940206185567],[1195.4345493562232,627.3890034364262],[1195.4345493562232,629.5621993127147],[1196.8787553648067,631.0109965635738],[1196.517703862661,634.2707903780068],[1197.2398068669527,634.9951890034364],[1197.9619098712446,634.9951890034364],[1198.3229613733906,635.719587628866],[1198.3229613733906,636.4439862542955],[1197.2398068669527,636.8061855670103],[1195.4345493562232,638.6171821305842],[1195.4345493562232,639.7037800687285],[1195.0734978540772,639.7037800687285],[1195.0734978540772,641.8769759450172],[1195.4345493562232,641.8769759450172],[1195.4345493562232,642.9635738831615],[1195.7956008583692,642.9635738831615],[1195.7956008583692,644.0501718213059],[1196.156652360515,644.0501718213059],[1196.156652360515,645.498969072165],[1195.7956008583692,645.498969072165],[1195.4345493562232,646.9477663230241],[1194.7124463519312,647.3099656357388],[1194.7124463519312,648.0343642611683],[1193.9903433476395,648.7587628865979],[1193.9903433476395,649.8453608247422]]]}},{"type":"Feature","id":"region-021","properties":{"id":"region-021","number":21,"name":"Лимнида","type":"region","countryId":"country-019","rgb":[33,240,33],"styleIndex":0,"isCapital":false,"capital":false,"labelRank":3,"importance":3,"areaWorld":2129.2071317865793,"labelPointMethod":"representative-point","source":"regions/country-019/regions-mask.png"},"geometry":{"type":"Polygon","coordinates":[[[1187.130364806867,692.5848797250859],[1186.047210300429,691.4982817869416],[1182.4366952789699,691.1360824742268],[1182.075643776824,690.0494845360824],[1181.3535407725321,689.6872852233677],[1181.3535407725321,688.9628865979381],[1180.9924892703862,688.9628865979381],[1180.9924892703862,688.2384879725086],[1180.2703862660944,687.8762886597938],[1179.9093347639484,686.4274914089347],[1178.4651287553647,684.9786941580755],[1176.2988197424893,684.9786941580755],[1173.7714592274679,687.514089347079],[1173.7714592274679,692.9470790378007],[1173.4104077253219,692.9470790378007],[1173.049356223176,695.1202749140894],[1172.68830472103,695.1202749140894],[1173.049356223176,699.1044673539519],[1172.68830472103,699.1044673539519],[1172.68830472103,700.1910652920963],[1168.716738197425,704.5374570446735],[1167.994635193133,704.5374570446735],[1167.994635193133,704.8996563573883],[1164.3841201716737,704.8996563573883],[1162.5788626609442,703.4508591065292],[1162.2178111587982,701.6398625429553],[1161.8567596566522,701.6398625429553],[1161.4957081545065,698.3800687285224],[1161.1346566523605,698.3800687285224],[1161.4957081545065,695.4824742268041],[1160.7736051502145,694.7580756013746],[1160.0515021459228,694.7580756013746],[1159.6904506437768,694.033676975945],[1158.246244635193,693.6714776632302],[1158.246244635193,693.3092783505155],[1157.1630901287554,693.3092783505155],[1156.4409871244634,692.5848797250859],[1156.4409871244634,691.4982817869416],[1157.5241416309013,690.4116838487972],[1157.5241416309013,689.6872852233677],[1158.246244635193,689.3250859106529],[1158.607296137339,687.8762886597938],[1156.4409871244634,684.9786941580755],[1156.4409871244634,682.805498281787],[1156.0799356223176,682.805498281787],[1156.4409871244634,679.545704467354],[1156.0799356223176,679.545704467354],[1156.0799356223176,668.6797250859106],[1156.4409871244634,668.6797250859106],[1156.4409871244634,667.5931271477663],[1156.8020386266094,667.5931271477663],[1156.8020386266094,666.1443298969072],[1157.1630901287554,666.1443298969072],[1157.5241416309013,664.3333333333334],[1160.4125536480688,662.1601374570447],[1161.8567596566522,662.1601374570447],[1162.5788626609442,661.4357388316151],[1163.300965665236,661.4357388316151],[1164.3841201716737,659.986941580756],[1164.023068669528,658.5381443298969],[1161.8567596566522,656.727147766323],[1161.8567596566522,656.0027491408935],[1160.4125536480688,654.9161512027491],[1159.6904506437768,653.1051546391752],[1158.9683476394848,652.7429553264604],[1158.607296137339,649.8453608247422],[1159.3293991416308,649.8453608247422],[1159.3293991416308,649.4831615120274],[1162.5788626609442,649.4831615120274],[1162.5788626609442,649.1209621993127],[1164.023068669528,648.7587628865979],[1164.7451716738196,648.7587628865979],[1165.1062231759656,649.4831615120274],[1167.272532188841,649.8453608247422],[1167.272532188841,650.207560137457],[1170.1609442060085,649.8453608247422],[1170.1609442060085,650.207560137457],[1171.6051502145922,650.207560137457],[1171.6051502145922,650.5697594501718],[1172.68830472103,650.5697594501718],[1172.68830472103,650.9319587628866],[1173.7714592274679,650.9319587628866],[1173.7714592274679,651.2941580756013],[1177.381974248927,651.6563573883161],[1177.381974248927,651.2941580756013],[1179.1872317596567,651.2941580756013],[1180.2703862660944,650.207560137457],[1179.9093347639484,648.7587628865979],[1178.4651287553647,647.3099656357388],[1178.4651287553647,646.2233676975945],[1179.1872317596567,645.498969072165],[1180.2703862660944,645.498969072165],[1180.2703862660944,645.1367697594502],[1182.075643776824,645.1367697594502],[1182.075643776824,645.498969072165],[1182.7977467811158,645.498969072165],[1182.7977467811158,645.8611683848798],[1183.5198497854076,645.8611683848798],[1183.5198497854076,646.2233676975945],[1184.2419527896996,646.2233676975945],[1184.2419527896996,646.5855670103093],[1184.9640557939915,646.5855670103093],[1186.408261802575,647.6721649484535],[1189.2966738197424,648.3965635738831],[1189.6577253218884,649.1209621993127],[1190.3798283261804,649.1209621993127],[1191.101931330472,649.8453608247422],[1192.1850858369098,649.8453608247422],[1192.1850858369098,650.207560137457],[1193.9903433476395,649.8453608247422],[1196.517703862661,650.9319587628866],[1197.2398068669527,651.6563573883161],[1197.2398068669527,653.1051546391752],[1196.517703862661,653.8295532646048],[1194.3513948497853,654.5539518900343],[1192.9071888412018,656.0027491408935],[1192.9071888412018,656.727147766323],[1192.1850858369098,657.0893470790378],[1192.5461373390558,660.3491408934708],[1193.2682403433475,661.0735395189004],[1197.2398068669527,661.4357388316151],[1197.2398068669527,661.7979381443299],[1200.12821888412,661.0735395189004],[1200.850321888412,659.986941580756],[1203.3776824034335,659.986941580756],[1203.7387339055795,660.3491408934708],[1204.4608369098712,665.0577319587629],[1205.182939914163,665.0577319587629],[1205.905042918455,665.7821305841924],[1208.7934549356223,666.1443298969072],[1209.1545064377683,666.8687285223367],[1210.237660944206,667.2309278350515],[1210.237660944206,667.955326460481],[1210.9597639484978,668.6797250859106],[1210.9597639484978,670.1285223367697],[1212.0429184549357,670.4907216494845],[1212.0429184549357,670.8529209621993],[1213.4871244635192,670.8529209621993],[1214.2092274678112,671.5773195876288],[1214.2092274678112,672.3017182130584],[1215.2923819742489,673.7505154639175],[1215.2923819742489,674.8371134020618],[1215.6534334763949,674.8371134020618],[1216.0144849785406,682.0810996563574],[1216.3755364806866,682.0810996563574],[1216.7365879828326,684.9786941580755],[1217.0976394849786,684.9786941580755],[1217.4586909871246,686.0652920962199],[1214.931330472103,688.6006872852233],[1213.4871244635192,688.6006872852233],[1213.4871244635192,688.9628865979381],[1212.4039699570815,688.9628865979381],[1212.4039699570815,689.3250859106529],[1209.87660944206,689.3250859106529],[1209.87660944206,689.6872852233677],[1206.266094420601,689.6872852233677],[1205.543991416309,690.4116838487972],[1205.543991416309,691.1360824742268],[1203.7387339055795,692.9470790378007],[1202.2945278969958,692.9470790378007],[1199.767167381974,690.4116838487972],[1199.767167381974,689.6872852233677],[1199.0450643776824,688.9628865979381],[1197.6008583690987,688.6006872852233],[1197.6008583690987,688.2384879725086],[1192.9071888412018,688.6006872852233],[1191.101931330472,690.4116838487972],[1190.3798283261804,690.4116838487972],[1189.2966738197424,691.8604810996563],[1187.130364806867,692.5848797250859]]]}},{"type":"Feature","id":"region-009","properties":{"id":"region-009","number":9,"name":"Наяда","type":"region","countryId":"country-019","rgb":[33,240,47],"styleIndex":3,"isCapital":false,"capital":false,"labelRank":2,"importance":2,"areaWorld":2541.7617551951957,"labelPointMethod":"representative-point","source":"regions/country-019/regions-mask.png"},"geometry":{"type":"Polygon","coordinates":[[[1165.1062231759656,510.39862542955325],[1165.1062231759656,509.3120274914089],[1165.8283261802576,508.58762886597935],[1165.8283261802576,507.501030927835],[1166.1893776824033,507.501030927835],[1166.1893776824033,506.4144329896907],[1166.9114806866953,505.6900343642611],[1166.9114806866953,504.96563573883157],[1168.716738197425,503.15463917525767],[1169.4388412017167,503.15463917525767],[1169.7998927038625,502.4302405498281],[1171.2440987124464,502.06804123711345],[1172.68830472103,500.61924398625433],[1173.049356223176,498.80824742268044],[1173.4104077253219,498.80824742268044],[1173.4104077253219,493.37525773195875],[1173.7714592274679,493.37525773195875],[1174.4935622317596,490.11546391752574],[1174.8546137339056,490.11546391752574],[1175.2156652360513,489.0288659793814],[1174.8546137339056,489.0288659793814],[1174.4935622317596,486.49347079037796],[1173.049356223176,485.04467353951884],[1173.049356223176,482.8714776632303],[1172.68830472103,482.8714776632303],[1172.68830472103,481.78487972508594],[1172.3272532188842,481.78487972508594],[1172.3272532188842,478.16288659793815],[1172.68830472103,478.16288659793815],[1173.049356223176,476.71408934707904],[1174.8546137339056,476.71408934707904],[1174.8546137339056,476.35189003436426],[1176.2988197424893,475.9896907216495],[1179.1872317596567,473.09209621993125],[1180.9924892703862,473.09209621993125],[1181.3535407725321,474.1786941580756],[1182.075643776824,474.54089347079037],[1182.075643776824,475.2652920962199],[1182.7977467811158,475.6274914089347],[1182.7977467811158,476.35189003436426],[1183.5198497854076,477.0762886597938],[1184.9640557939915,477.4384879725086],[1184.9640557939915,477.8006872852234],[1186.047210300429,477.8006872852234],[1187.8524678111587,475.2652920962199],[1188.5745708154507,475.2652920962199],[1189.2966738197424,474.54089347079037],[1190.3798283261804,474.54089347079037],[1191.8240343347638,475.9896907216495],[1191.8240343347638,476.71408934707904],[1192.5461373390558,476.71408934707904],[1193.2682403433475,477.8006872852234],[1193.9903433476395,477.8006872852234],[1195.7956008583692,479.61168384879727],[1195.7956008583692,480.3360824742268],[1196.8787553648067,481.0604810996564],[1196.8787553648067,481.78487972508594],[1197.9619098712446,482.8714776632303],[1198.6840128755364,482.8714776632303],[1199.767167381974,484.3202749140893],[1201.5724248927038,485.04467353951884],[1202.6555793991415,486.1312714776632],[1202.6555793991415,486.85567010309273],[1203.3776824034335,487.2178694158075],[1203.3776824034335,487.94226804123707],[1204.0997854077252,487.94226804123707],[1204.0997854077252,488.30446735395185],[1205.182939914163,487.94226804123707],[1205.905042918455,484.3202749140893],[1207.7103004291846,482.5092783505155],[1211.3208154506437,482.5092783505155],[1212.0429184549357,483.23367697594506],[1214.5702789699571,483.59587628865984],[1214.931330472103,484.68247422680406],[1216.3755364806866,485.7690721649484],[1216.3755364806866,489.3910652920962],[1216.0144849785406,489.3910652920962],[1216.0144849785406,491.56426116838486],[1215.6534334763949,491.56426116838486],[1216.0144849785406,494.82405498281787],[1217.4586909871246,496.272852233677],[1218.5418454935623,496.272852233677],[1218.5418454935623,496.63505154639176],[1219.263948497854,496.63505154639176],[1219.263948497854,496.272852233677],[1223.2355150214592,496.63505154639176],[1225.0407725321888,498.0838487972509],[1225.0407725321888,499.1704467353952],[1225.4018240343348,499.1704467353952],[1225.4018240343348,501.3436426116839],[1225.0407725321888,501.3436426116839],[1224.6797210300429,502.7924398625429],[1222.8744635193134,503.51683848797245],[1222.8744635193134,503.87903780068723],[1220.7081545064377,503.87903780068723],[1219.625,504.96563573883157],[1219.625,507.13883161512024],[1219.986051502146,507.13883161512024],[1219.986051502146,508.2254295532646],[1220.3471030042917,508.2254295532646],[1221.0692060085837,514.020618556701],[1220.7081545064377,514.020618556701],[1220.7081545064377,515.1072164948454],[1219.986051502146,515.4694158075602],[1219.986051502146,516.1938144329897],[1218.902896995708,517.6426116838488],[1218.5418454935623,522.3512027491408],[1218.902896995708,522.3512027491408],[1218.902896995708,523.4378006872852],[1219.263948497854,523.4378006872852],[1219.263948497854,524.1621993127147],[1220.3471030042917,525.6109965635738],[1220.3471030042917,527.059793814433],[1221.7913090128754,528.8707903780069],[1222.8744635193134,528.8707903780069],[1222.8744635193134,529.2329896907216],[1223.9576180257511,529.2329896907216],[1223.9576180257511,529.5951890034364],[1224.3186695278969,529.2329896907216],[1226.1239270386266,529.2329896907216],[1226.1239270386266,529.5951890034364],[1229.012339055794,530.6817869415808],[1230.4565450643777,532.1305841924399],[1231.1786480686694,535.3903780068729],[1231.9007510729614,535.7525773195877],[1231.9007510729614,536.4769759450172],[1233.344957081545,537.5635738831616],[1233.344957081545,538.2879725085911],[1234.0670600858368,539.0123711340206],[1234.0670600858368,544.0831615120275],[1233.706008583691,544.4453608247422],[1231.5396995708154,544.807560137457],[1231.1786480686694,545.8941580756014],[1230.0954935622317,546.6185567010309],[1228.2902360515022,550.9649484536083],[1227.5681330472103,551.6893470790378],[1226.4849785407725,551.6893470790378],[1226.4849785407725,552.0515463917526],[1225.0407725321888,552.0515463917526],[1224.6797210300429,552.7759450171822],[1223.5965665236051,553.1381443298969],[1223.2355150214592,553.8625429553265],[1222.5134120171674,553.8625429553265],[1222.5134120171674,554.2247422680413],[1217.0976394849786,554.586941580756],[1216.0144849785406,553.5003436426117],[1215.6534334763949,552.0515463917526],[1215.2923819742489,552.0515463917526],[1215.6534334763949,548.4295532646048],[1215.2923819742489,548.4295532646048],[1215.2923819742489,547.3429553264605],[1213.4871244635192,545.5319587628866],[1212.7650214592275,545.5319587628866],[1212.4039699570815,544.807560137457],[1210.9597639484978,544.807560137457],[1210.237660944206,545.5319587628866],[1210.237660944206,546.9807560137457],[1208.7934549356223,547.7051546391752],[1208.0713519313304,546.9807560137457],[1206.9881974248926,546.9807560137457],[1206.266094420601,546.2563573883161],[1205.543991416309,546.2563573883161],[1204.0997854077252,544.807560137457],[1203.3776824034335,544.807560137457],[1201.5724248927038,542.2721649484536],[1200.489270386266,542.2721649484536],[1200.489270386266,541.9099656357388],[1198.3229613733906,542.2721649484536],[1196.8787553648067,543.7209621993127],[1195.7956008583692,543.7209621993127],[1195.7956008583692,544.0831615120275],[1193.9903433476395,543.7209621993127],[1193.2682403433475,542.9965635738831],[1193.2682403433475,539.0123711340206],[1193.6292918454935,539.0123711340206],[1193.6292918454935,536.839175257732],[1193.9903433476395,536.839175257732],[1193.9903433476395,534.3037800687285],[1193.6292918454935,534.3037800687285],[1193.6292918454935,532.8549828178694],[1193.2682403433475,532.8549828178694],[1192.9071888412018,529.9573883161512],[1192.1850858369098,529.2329896907216],[1192.9071888412018,526.3353951890034],[1193.6292918454935,525.6109965635738],[1193.6292918454935,524.5243986254295],[1192.5461373390558,523.0756013745704],[1189.6577253218884,523.0756013745704],[1189.6577253218884,523.4378006872852],[1188.5745708154507,523.4378006872852],[1188.5745708154507,523.8],[1186.769313304721,523.8],[1185.3251072961373,522.7134020618556],[1184.2419527896996,519.4536082474227],[1183.5198497854076,519.0914089347079],[1183.5198497854076,517.280412371134],[1185.6861587982833,516.1938144329897],[1186.047210300429,514.7450171821306],[1186.408261802575,514.7450171821306],[1186.047210300429,513.6584192439863],[1183.1587982832618,511.4852233676976],[1180.6314377682402,511.4852233676976],[1179.9093347639484,512.2096219931271],[1179.1872317596567,512.2096219931271],[1178.8261802575107,512.9340206185567],[1178.1040772532187,512.9340206185567],[1177.743025751073,513.6584192439863],[1176.2988197424893,513.6584192439863],[1175.2156652360513,512.2096219931271],[1175.2156652360513,511.4852233676976],[1173.4104077253219,510.03642611683847],[1169.0777896995708,510.03642611683847],[1169.0777896995708,510.39862542955325],[1167.994635193133,510.39862542955325],[1167.994635193133,510.760824742268],[1165.1062231759656,510.39862542955325]],[[1190.3798283261804,505.6900343642611],[1190.3798283261804,508.2254295532646],[1192.1850858369098,510.39862542955325],[1197.2398068669527,511.1230240549828],[1197.6008583690987,512.2096219931271],[1197.2398068669527,512.2096219931271],[1197.2398068669527,513.2962199312715],[1196.8787553648067,513.2962199312715],[1196.8787553648067,514.3828178694158],[1196.517703862661,514.3828178694158],[1196.517703862661,515.8316151202749],[1196.156652360515,515.8316151202749],[1196.156652360515,518.0048109965636],[1197.9619098712446,519.8158075601375],[1198.3229613733906,520.9024054982817],[1199.767167381974,520.9024054982817],[1199.767167381974,521.2646048109965],[1200.850321888412,521.2646048109965],[1200.850321888412,521.6268041237113],[1202.6555793991415,521.2646048109965],[1203.3776824034335,520.540206185567],[1204.0997854077252,520.540206185567],[1204.4608369098712,519.8158075601375],[1205.182939914163,519.8158075601375],[1208.0713519313304,516.5560137457045],[1211.6818669527897,515.8316151202749],[1212.0429184549357,514.7450171821306],[1212.4039699570815,514.7450171821306],[1211.3208154506437,511.84742268041236],[1210.9597639484978,511.84742268041236],[1210.9597639484978,509.3120274914089],[1211.3208154506437,509.3120274914089],[1211.6818669527897,507.501030927835],[1211.3208154506437,507.501030927835],[1210.9597639484978,506.4144329896907],[1210.237660944206,506.4144329896907],[1209.1545064377683,505.32783505154634],[1207.3492489270386,505.32783505154634],[1207.3492489270386,505.6900343642611],[1205.543991416309,506.0522336769759],[1205.543991416309,506.4144329896907],[1204.0997854077252,506.4144329896907],[1202.6555793991415,505.32783505154634],[1201.5724248927038,502.7924398625429],[1200.489270386266,502.4302405498281],[1200.489270386266,502.06804123711345],[1193.9903433476395,502.06804123711345],[1191.101931330472,504.241237113402],[1190.7408798283261,505.6900343642611],[1190.3798283261804,505.6900343642611]]]}},{"type":"Feature","id":"region-030","properties":{"id":"region-030","number":30,"name":"Меридиония","type":"region","countryId":"country-019","rgb":[33,240,102],"styleIndex":4,"isCapital":false,"capital":false,"labelRank":2,"importance":2,"areaWorld":2833.9879789754077,"labelPointMethod":"representative-point","source":"regions/country-019/regions-mask.png"},"geometry":{"type":"Polygon","coordinates":[[[1067.6223175965665,748.3635738831615],[1068.3444206008583,748.0013745704467],[1068.3444206008583,746.5525773195876],[1068.7054721030042,746.5525773195876],[1068.7054721030042,745.4659793814433],[1068.3444206008583,745.4659793814433],[1068.3444206008583,742.9305841924398],[1068.7054721030042,742.568384879725],[1071.9549356223176,742.2061855670103],[1071.9549356223176,741.8439862542956],[1073.3991416309013,741.4817869415808],[1073.760193133047,740.7573883161513],[1074.482296137339,740.7573883161513],[1074.8433476394848,740.0329896907217],[1075.5654506437768,740.0329896907217],[1075.5654506437768,739.6707903780069],[1076.2875536480688,739.6707903780069],[1077.7317596566522,738.5841924398626],[1079.1759656652362,738.5841924398626],[1079.1759656652362,738.2219931271478],[1080.2591201716737,738.2219931271478],[1080.2591201716737,737.859793814433],[1081.7033261802576,737.4975945017183],[1082.7864806866953,736.0487972508591],[1083.508583690987,736.0487972508591],[1083.508583690987,735.3243986254296],[1087.1190987124464,731.7024054982818],[1087.8412017167382,731.7024054982818],[1088.56330472103,732.0646048109966],[1088.56330472103,732.7890034364261],[1089.2854077253219,733.5134020618557],[1089.2854077253219,734.6],[1090.3685622317596,736.0487972508591],[1091.0906652360513,738.9463917525774],[1092.1738197424893,740.0329896907217],[1093.256974248927,740.0329896907217],[1093.256974248927,740.3951890034365],[1098.3116952789699,740.0329896907217],[1098.3116952789699,739.6707903780069],[1101.2001072961373,738.9463917525774],[1101.2001072961373,738.5841924398626],[1105.8937768240344,738.9463917525774],[1105.8937768240344,738.5841924398626],[1106.976931330472,738.5841924398626],[1106.976931330472,738.2219931271478],[1108.7821888412018,737.859793814433],[1108.7821888412018,737.4975945017183],[1123.2242489270386,736.4109965635739],[1123.2242489270386,736.0487972508591],[1124.6684549356223,735.6865979381444],[1126.4737124463518,733.8756013745705],[1133.6947424892703,734.2378006872852],[1133.6947424892703,733.8756013745705],[1135.861051502146,733.8756013745705],[1135.861051502146,733.5134020618557],[1150.3031115879828,733.8756013745705],[1150.3031115879828,734.2378006872852],[1151.0252145922746,734.2378006872852],[1152.4694206008583,735.3243986254296],[1152.4694206008583,736.0487972508591],[1154.274678111588,737.859793814433],[1154.274678111588,738.5841924398626],[1154.274678111588,738.9463917525774],[1152.4694206008583,739.3085910652921],[1150.6641630901288,741.119587628866],[1150.6641630901288,742.9305841924398],[1150.3031115879828,742.9305841924398],[1150.3031115879828,746.9147766323024],[1150.6641630901288,746.9147766323024],[1150.3031115879828,752.7099656357389],[1149.581008583691,753.0721649484536],[1149.581008583691,756.3319587628866],[1149.219957081545,756.3319587628866],[1148.858905579399,758.5051546391753],[1148.4978540772531,758.5051546391753],[1147.4146995708154,761.4027491408934],[1146.6925965665237,761.7649484536082],[1147.0536480686694,769.0089347079038],[1142.3599785407725,769.0089347079038],[1140.9157725321888,770.0955326460481],[1140.1936695278969,770.0955326460481],[1140.1936695278969,770.4577319587629],[1139.4715665236051,770.4577319587629],[1139.4715665236051,770.8199312714777],[1138.7494635193134,770.8199312714777],[1138.7494635193134,771.1821305841925],[1138.0273605150214,771.1821305841925],[1138.0273605150214,771.5443298969072],[1136.5831545064377,771.5443298969072],[1136.5831545064377,771.906529209622],[1130.4452789699571,771.906529209622],[1130.4452789699571,771.5443298969072],[1128.6400214592275,771.5443298969072],[1128.6400214592275,771.1821305841925],[1127.5568669527897,771.1821305841925],[1127.5568669527897,770.8199312714777],[1126.4737124463518,770.8199312714777],[1125.0295064377683,769.7333333333333],[1121.418991416309,769.7333333333333],[1121.418991416309,769.3711340206186],[1120.6968884120172,769.3711340206186],[1119.6137339055795,767.9223367697595],[1119.6137339055795,767.1979381443299],[1116.00321888412,764.3003436426117],[1111.3095493562232,764.3003436426117],[1111.3095493562232,764.6625429553264],[1109.8653433476395,764.6625429553264],[1109.8653433476395,765.0247422680412],[1108.7821888412018,765.0247422680412],[1108.7821888412018,765.386941580756],[1107.6990343347638,765.386941580756],[1107.6990343347638,765.7491408934708],[1106.6158798283261,765.7491408934708],[1106.6158798283261,766.1113402061856],[1105.5327253218884,766.1113402061856],[1105.5327253218884,766.4735395189003],[1103.7274678111587,766.4735395189003],[1103.7274678111587,765.386941580756],[1101.922210300429,765.386941580756],[1101.5611587982833,766.1113402061856],[1099.0337982832618,767.1979381443299],[1096.8674892703862,769.7333333333333],[1094.7011802575107,770.4577319587629],[1094.7011802575107,770.8199312714777],[1090.7296137339056,770.8199312714777],[1090.7296137339056,771.1821305841925],[1089.6464592274679,771.1821305841925],[1089.6464592274679,771.5443298969072],[1088.56330472103,771.5443298969072],[1088.56330472103,771.906529209622],[1087.4801502145922,771.906529209622],[1087.4801502145922,772.2687285223368],[1082.0643776824033,772.9931271477664],[1081.3422746781116,773.7175257731959],[1079.537017167382,774.0797250859107],[1079.537017167382,773.7175257731959],[1078.0928111587982,773.3553264604811],[1077.7317596566522,772.6309278350516],[1077.0096566523605,772.6309278350516],[1076.2875536480688,771.906529209622],[1076.2875536480688,771.1821305841925],[1075.5654506437768,770.8199312714777],[1075.2043991416308,769.3711340206186],[1074.8433476394848,769.3711340206186],[1074.482296137339,767.5601374570447],[1074.121244635193,767.5601374570447],[1074.121244635193,766.1113402061856],[1072.6770386266094,765.0247422680412],[1070.87178111588,765.0247422680412],[1069.427575107296,766.8357388316151],[1069.427575107296,767.9223367697595],[1069.0665236051502,767.9223367697595],[1069.0665236051502,769.0089347079038],[1068.3444206008583,769.7333333333333],[1068.3444206008583,770.4577319587629],[1067.2612660944205,771.1821305841925],[1067.2612660944205,771.906529209622],[1066.5391630901288,772.6309278350516],[1065.8170600858368,772.6309278350516],[1065.094957081545,773.7175257731959],[1061.4844420600857,773.7175257731959],[1058.5960300429183,777.3395189003437],[1056.7907725321888,776.9773195876289],[1055.3465665236051,775.166323024055],[1055.3465665236051,773.3553264604811],[1055.7076180257511,773.3553264604811],[1055.7076180257511,772.2687285223368],[1056.4297210300429,771.906529209622],[1056.4297210300429,771.1821305841925],[1057.5128755364806,770.8199312714777],[1058.2349785407725,769.0089347079038],[1058.9570815450643,768.646735395189],[1058.9570815450643,766.8357388316151],[1055.3465665236051,766.1113402061856],[1054.6244635193134,765.386941580756],[1053.9023605150214,765.386941580756],[1052.8192060085837,763.9381443298969],[1052.8192060085837,761.7649484536082],[1053.1802575107295,761.7649484536082],[1053.5413090128754,759.2295532646049],[1054.2634120171674,758.5051546391753],[1054.6244635193134,755.9697594501719],[1054.9855150214592,755.9697594501719],[1056.0686695278969,753.4343642611684],[1059.3181330472103,753.4343642611684],[1059.3181330472103,753.0721649484536],[1060.401287553648,753.0721649484536],[1060.401287553648,752.7099656357389],[1061.4844420600857,752.7099656357389],[1062.5675965665237,751.6233676975945],[1065.456008583691,750.5367697594502],[1065.456008583691,750.1745704467354],[1067.2612660944205,749.8123711340206],[1067.6223175965665,748.3635738831615]]]}},{"type":"Feature","id":"region-011","properties":{"id":"region-011","number":11,"name":"Солария","type":"region","countryId":"country-019","rgb":[33,240,116],"styleIndex":0,"isCapital":false,"capital":false,"labelRank":1,"importance":1,"areaWorld":3428.988500140113,"labelPointMethod":"representative-point","source":"regions/country-019/regions-mask.png"},"geometry":{"type":"Polygon","coordinates":[[[1224.6797210300429,552.7759450171822],[1225.7628755364806,555.6735395189004],[1225.4018240343348,555.6735395189004],[1225.0407725321888,559.2955326460481],[1224.6797210300429,559.2955326460481],[1224.6797210300429,560.0199312714776],[1223.9576180257511,560.3821305841924],[1223.9576180257511,561.4687285223367],[1223.5965665236051,561.4687285223367],[1223.9576180257511,565.4529209621993],[1225.4018240343348,566.5395189003436],[1226.4849785407725,566.5395189003436],[1226.4849785407725,566.9017182130584],[1227.2070815450643,566.9017182130584],[1227.2070815450643,567.2639175257732],[1227.9291845493563,567.2639175257732],[1229.37339055794,568.3505154639175],[1230.4565450643777,568.3505154639175],[1230.4565450643777,568.7127147766323],[1231.9007510729614,569.0749140893471],[1234.0670600858368,571.6103092783505],[1235.1502145922746,571.9725085910653],[1234.7891630901288,574.145704467354],[1234.0670600858368,574.8701030927834],[1233.344957081545,574.8701030927834],[1232.983905579399,575.594501718213],[1232.2618025751071,575.594501718213],[1231.9007510729614,576.3189003436426],[1231.1786480686694,576.3189003436426],[1230.0954935622317,577.4054982817869],[1229.7344420600857,578.854295532646],[1225.7628755364806,578.4920962199312],[1225.0407725321888,579.2164948453608],[1224.6797210300429,584.6494845360825],[1223.5965665236051,586.0982817869416],[1222.1523605150214,586.4604810996564],[1222.1523605150214,586.0982817869416],[1221.0692060085837,586.0982817869416],[1221.0692060085837,585.7360824742268],[1218.5418454935623,585.373883161512],[1217.0976394849786,583.9250859106529],[1217.0976394849786,583.2006872852234],[1216.0144849785406,582.4762886597938],[1214.931330472103,579.5786941580756],[1213.8481759656652,578.4920962199312],[1209.87660944206,577.7676975945017],[1209.87660944206,577.4054982817869],[1208.7934549356223,577.4054982817869],[1208.7934549356223,577.0432989690721],[1205.905042918455,577.0432989690721],[1204.4608369098712,575.9567010309278],[1205.182939914163,572.3347079037801],[1205.543991416309,572.3347079037801],[1205.905042918455,567.626116838488],[1205.543991416309,567.626116838488],[1205.182939914163,566.5395189003436],[1203.7387339055795,566.1773195876289],[1203.7387339055795,565.8151202749141],[1192.5461373390558,565.8151202749141],[1192.5461373390558,566.1773195876289],[1190.7408798283261,566.1773195876289],[1188.2135193133047,568.3505154639175],[1187.130364806867,570.885910652921],[1185.6861587982833,570.885910652921],[1185.3251072961373,570.1615120274914],[1184.6030042918455,570.1615120274914],[1183.8809012875536,569.0749140893471],[1182.4366952789699,568.7127147766323],[1182.4366952789699,568.3505154639175],[1180.2703862660944,568.3505154639175],[1180.2703862660944,568.7127147766323],[1179.5482832618027,568.7127147766323],[1179.1872317596567,570.1615120274914],[1178.8261802575107,570.1615120274914],[1178.4651287553647,572.6969072164949],[1177.381974248927,573.0591065292097],[1177.381974248927,573.4213058419244],[1176.2988197424893,573.4213058419244],[1176.2988197424893,573.7835051546392],[1174.8546137339056,573.7835051546392],[1174.8546137339056,574.145704467354],[1172.3272532188842,573.7835051546392],[1171.6051502145922,569.7993127147766],[1170.8830472103004,569.0749140893471],[1170.5219957081545,567.2639175257732],[1167.994635193133,566.9017182130584],[1167.272532188841,567.626116838488],[1167.272532188841,568.7127147766323],[1166.9114806866953,568.7127147766323],[1166.9114806866953,571.6103092783505],[1166.1893776824033,572.3347079037801],[1166.1893776824033,573.0591065292097],[1162.5788626609442,574.8701030927834],[1162.5788626609442,575.594501718213],[1162.2178111587982,575.594501718213],[1162.2178111587982,579.9408934707903],[1161.1346566523605,581.3896907216495],[1159.3293991416308,582.114089347079],[1158.9683476394848,582.8384879725086],[1157.5241416309013,582.8384879725086],[1157.1630901287554,582.114089347079],[1154.635729613734,581.0274914089347],[1154.635729613734,580.3030927835051],[1153.552575107296,579.5786941580756],[1153.552575107296,578.854295532646],[1152.1083690987125,577.7676975945017],[1151.7473175965665,576.3189003436426],[1151.3862660944205,576.3189003436426],[1151.7473175965665,571.2481099656358],[1150.6641630901288,570.1615120274914],[1148.4978540772531,565.0907216494845],[1148.1368025751071,565.0907216494845],[1148.1368025751071,563.2797250859106],[1150.6641630901288,561.106529209622],[1150.6641630901288,559.2955326460481],[1149.581008583691,558.2089347079037],[1148.858905579399,558.2089347079037],[1148.4978540772531,557.4845360824742],[1147.7757510729614,557.4845360824742],[1147.0536480686694,556.3979381443299],[1146.3315450643777,556.3979381443299],[1145.6094420600857,555.3113402061856],[1144.887339055794,555.3113402061856],[1142.3599785407725,552.7759450171822],[1142.3599785407725,552.0515463917526],[1141.6378755364806,551.6893470790378],[1141.6378755364806,548.7917525773196],[1144.1652360515022,546.6185567010309],[1144.526287553648,545.1697594501718],[1144.887339055794,545.1697594501718],[1144.887339055794,543.3587628865979],[1143.4431330472103,542.2721649484536],[1143.4431330472103,541.547766323024],[1142.7210300429183,541.1855670103092],[1142.7210300429183,540.4611683848797],[1141.6378755364806,539.3745704467353],[1140.1936695278969,539.0123711340206],[1139.8326180257511,538.2879725085911],[1138.3884120171674,537.9257731958763],[1138.3884120171674,537.5635738831616],[1137.6663090128754,537.5635738831616],[1137.3052575107295,536.839175257732],[1136.5831545064377,536.839175257732],[1136.5831545064377,536.1147766323024],[1135.861051502146,535.7525773195877],[1135.861051502146,533.2171821305842],[1136.2221030042917,533.2171821305842],[1136.2221030042917,532.1305841924399],[1136.5831545064377,532.1305841924399],[1138.3884120171674,532.1305841924399],[1138.3884120171674,532.4927835051546],[1139.8326180257511,532.4927835051546],[1139.8326180257511,532.8549828178694],[1142.7210300429183,532.8549828178694],[1142.7210300429183,533.2171821305842],[1149.9420600858368,532.8549828178694],[1149.9420600858368,532.4927835051546],[1152.4694206008583,532.1305841924399],[1152.4694206008583,531.7683848797251],[1156.8020386266094,531.4061855670103],[1156.8020386266094,531.0439862542955],[1162.2178111587982,530.319587628866],[1162.2178111587982,529.9573883161512],[1163.662017167382,529.9573883161512],[1163.662017167382,529.5951890034364],[1167.633583690987,529.5951890034364],[1167.633583690987,529.2329896907216],[1168.355686695279,529.2329896907216],[1168.716738197425,528.1463917525773],[1169.0777896995708,528.1463917525773],[1169.0777896995708,527.059793814433],[1169.4388412017167,527.059793814433],[1169.4388412017167,525.6109965635738],[1169.7998927038625,525.6109965635738],[1169.4388412017167,523.8],[1167.633583690987,523.0756013745704],[1166.5504291845493,521.9890034364261],[1164.3841201716737,521.6268041237113],[1162.2178111587982,519.0914089347079],[1162.2178111587982,517.280412371134],[1162.5788626609442,517.280412371134],[1162.5788626609442,516.5560137457045],[1163.300965665236,516.1938144329897],[1163.300965665236,515.4694158075602],[1164.3841201716737,514.020618556701],[1164.3841201716737,510.760824742268],[1165.1062231759656,510.39862542955325],[1167.994635193133,510.760824742268],[1167.994635193133,510.39862542955325],[1169.0777896995708,510.39862542955325],[1169.0777896995708,510.03642611683847],[1173.4104077253219,510.03642611683847],[1175.2156652360513,511.4852233676976],[1175.2156652360513,512.2096219931271],[1176.2988197424893,513.6584192439863],[1177.743025751073,513.6584192439863],[1178.1040772532187,512.9340206185567],[1178.8261802575107,512.9340206185567],[1179.1872317596567,512.2096219931271],[1179.9093347639484,512.2096219931271],[1180.6314377682402,511.4852233676976],[1183.1587982832618,511.4852233676976],[1186.047210300429,513.6584192439863],[1186.408261802575,514.7450171821306],[1186.047210300429,514.7450171821306],[1185.6861587982833,516.1938144329897],[1183.5198497854076,517.280412371134],[1183.5198497854076,519.0914089347079],[1184.2419527896996,519.4536082474227],[1185.3251072961373,522.7134020618556],[1186.769313304721,523.8],[1188.5745708154507,523.8],[1188.5745708154507,523.4378006872852],[1189.6577253218884,523.4378006872852],[1189.6577253218884,523.0756013745704],[1192.5461373390558,523.0756013745704],[1193.6292918454935,524.5243986254295],[1193.6292918454935,525.6109965635738],[1192.9071888412018,526.3353951890034],[1192.1850858369098,529.2329896907216],[1192.9071888412018,529.9573883161512],[1193.2682403433475,532.8549828178694],[1193.6292918454935,532.8549828178694],[1193.6292918454935,534.3037800687285],[1193.9903433476395,534.3037800687285],[1193.9903433476395,536.839175257732],[1193.6292918454935,536.839175257732],[1193.6292918454935,539.0123711340206],[1193.2682403433475,539.0123711340206],[1193.2682403433475,542.9965635738831],[1193.9903433476395,543.7209621993127],[1195.7956008583692,544.0831615120275],[1195.7956008583692,543.7209621993127],[1196.8787553648067,543.7209621993127],[1198.3229613733906,542.2721649484536],[1200.489270386266,541.9099656357388],[1200.489270386266,542.2721649484536],[1201.5724248927038,542.2721649484536],[1203.3776824034335,544.807560137457],[1204.0997854077252,544.807560137457],[1205.543991416309,546.2563573883161],[1206.266094420601,546.2563573883161],[1206.9881974248926,546.9807560137457],[1208.0713519313304,546.9807560137457],[1208.7934549356223,547.7051546391752],[1210.237660944206,546.9807560137457],[1210.237660944206,545.5319587628866],[1210.9597639484978,544.807560137457],[1212.4039699570815,544.807560137457],[1212.7650214592275,545.5319587628866],[1213.4871244635192,545.5319587628866],[1215.2923819742489,547.3429553264605],[1215.2923819742489,548.4295532646048],[1215.6534334763949,548.4295532646048],[1215.2923819742489,552.0515463917526],[1215.6534334763949,552.0515463917526],[1216.0144849785406,553.5003436426117],[1217.0976394849786,554.586941580756],[1222.5134120171674,554.2247422680413],[1222.5134120171674,553.8625429553265],[1223.2355150214592,553.8625429553265],[1223.5965665236051,553.1381443298969],[1224.6797210300429,552.7759450171822]]]}},{"type":"Feature","id":"region-018","properties":{"id":"region-018","number":18,"name":"Валентия","type":"region","countryId":"country-019","rgb":[33,240,185],"styleIndex":2,"isCapital":false,"capital":false,"labelRank":3,"importance":3,"areaWorld":1932.2872508546145,"labelPointMethod":"representative-point","source":"regions/country-019/regions-mask.png"},"geometry":{"type":"Polygon","coordinates":[[[1293.2795064377683,613.2632302405498],[1289.668991416309,612.5388316151202],[1288.9468884120172,611.8144329896907],[1287.8637339055795,611.8144329896907],[1286.4195278969955,610.7278350515464],[1285.6974248927038,610.7278350515464],[1285.6974248927038,610.3656357388317],[1284.614270386266,610.3656357388317],[1284.614270386266,610.0034364261169],[1281.7258583690987,610.0034364261169],[1281.7258583690987,610.3656357388317],[1280.642703862661,610.7278350515464],[1280.642703862661,611.4522336769759],[1279.5595493562232,612.1766323024054],[1279.5595493562232,612.901030927835],[1276.6711373390558,615.7986254295532],[1275.226931330472,616.160824742268],[1273.4216738197424,617.9718213058419],[1271.616416309013,617.9718213058419],[1271.255364806867,616.160824742268],[1270.894313304721,616.160824742268],[1270.894313304721,611.8144329896907],[1270.533261802575,611.8144329896907],[1270.172210300429,609.6412371134021],[1269.4501072961373,608.9168384879725],[1266.9227467811158,608.9168384879725],[1263.3122317596567,612.901030927835],[1261.145922746781,612.5388316151202],[1260.0627682403433,611.4522336769759],[1258.6185622317596,611.0900343642611],[1258.2575107296138,610.3656357388317],[1257.5354077253219,610.3656357388317],[1257.5354077253219,610.0034364261169],[1248.8701716738196,608.192439862543],[1248.148068669528,607.4680412371134],[1248.148068669528,606.7436426116839],[1247.425965665236,606.3814432989691],[1246.3428111587982,600.9484536082474],[1245.9817596566522,600.9484536082474],[1245.9817596566522,599.8618556701031],[1245.2596566523605,599.1374570446735],[1245.2596566523605,598.413058419244],[1243.4543991416308,596.6020618556701],[1242.732296137339,596.6020618556701],[1241.2880901287554,594.7910652920962],[1240.5659871244634,594.7910652920962],[1239.8438841201717,593.7044673539518],[1239.8438841201717,592.2556701030928],[1241.6491416309013,591.5312714776633],[1242.732296137339,590.4446735395189],[1244.8986051502145,590.4446735395189],[1244.8986051502145,590.8068728522337],[1246.3428111587982,590.8068728522337],[1246.3428111587982,591.1690721649485],[1247.425965665236,591.1690721649485],[1247.425965665236,591.5312714776633],[1248.5091201716737,591.1690721649485],[1248.8701716738196,589.3580756013746],[1249.2312231759656,589.3580756013746],[1249.5922746781116,587.5470790378007],[1249.9533261802576,587.5470790378007],[1250.3143776824033,583.2006872852234],[1252.119635193133,581.0274914089347],[1253.5638412017167,580.6652920962199],[1256.0912017167382,583.5628865979381],[1257.174356223176,583.5628865979381],[1258.6185622317596,582.4762886597938],[1260.7848712446353,582.114089347079],[1261.506974248927,581.3896907216495],[1261.506974248927,577.0432989690721],[1262.5901287553647,575.9567010309278],[1263.6732832618027,575.9567010309278],[1264.7564377682402,574.8701030927834],[1264.7564377682402,574.145704467354],[1265.1174892703862,574.145704467354],[1264.7564377682402,571.2481099656358],[1265.1174892703862,571.2481099656358],[1265.4785407725321,570.1615120274914],[1272.6995708154507,569.7993127147766],[1274.1437768240344,570.885910652921],[1274.1437768240344,571.6103092783505],[1274.8658798283261,572.3347079037801],[1274.8658798283261,575.2323024054982],[1276.3100858369098,576.3189003436426],[1278.1153433476395,576.3189003436426],[1278.1153433476395,576.6810996563573],[1279.1984978540772,576.6810996563573],[1280.642703862661,577.7676975945017],[1282.0869098712446,577.7676975945017],[1282.8090128755366,576.6810996563573],[1287.5026824034335,577.0432989690721],[1287.5026824034335,577.4054982817869],[1288.5858369098712,577.4054982817869],[1288.5858369098712,577.7676975945017],[1290.030042918455,577.7676975945017],[1290.030042918455,577.4054982817869],[1291.4742489270386,577.4054982817869],[1291.4742489270386,577.0432989690721],[1292.5574034334763,577.0432989690721],[1293.2795064377683,576.3189003436426],[1294.362660944206,576.3189003436426],[1295.8068669527897,575.2323024054982],[1296.1679184549357,571.2481099656358],[1296.5289699570815,571.2481099656358],[1296.8900214592275,569.4371134020619],[1298.6952789699571,570.1615120274914],[1298.6952789699571,570.5237113402062],[1300.8615879828326,570.5237113402062],[1301.5836909871246,571.2481099656358],[1301.5836909871246,571.9725085910653],[1301.9447424892703,571.9725085910653],[1301.9447424892703,573.0591065292097],[1301.5836909871246,573.0591065292097],[1301.9447424892703,575.2323024054982],[1302.666845493562,575.2323024054982],[1303.027896995708,576.3189003436426],[1306.2773605150214,579.2164948453608],[1306.2773605150214,579.9408934707903],[1306.9994635193134,580.3030927835051],[1307.7215665236051,582.114089347079],[1309.8878755364808,583.9250859106529],[1309.8878755364808,584.6494845360825],[1311.6931330472103,586.0982817869416],[1311.6931330472103,586.8226804123711],[1308.082618025751,590.4446735395189],[1302.666845493562,590.8068728522337],[1302.666845493562,591.1690721649485],[1301.5836909871246,591.5312714776633],[1300.1394849785406,598.7752577319587],[1299.4173819742489,599.4996563573883],[1299.4173819742489,600.5862542955326],[1298.3342274678112,601.3106529209622],[1298.3342274678112,602.0350515463917],[1296.8900214592275,603.4838487972509],[1296.8900214592275,604.2082474226804],[1295.4458154506437,605.2948453608248],[1294.362660944206,611.4522336769759],[1294.00160944206,611.4522336769759],[1294.00160944206,612.5388316151202],[1293.2795064377683,613.2632302405498]]]}},{"type":"Feature","id":"region-014","properties":{"id":"region-014","number":14,"name":"Нереида","type":"region","countryId":"country-019","rgb":[67,33,240],"styleIndex":3,"isCapital":false,"capital":false,"labelRank":3,"importance":3,"areaWorld":1759.0877086928306,"labelPointMethod":"representative-point","source":"regions/country-019/regions-mask.png"},"geometry":{"type":"Polygon","coordinates":[[[1233.706008583691,544.4453608247422],[1233.706008583691,547.3429553264605],[1235.5112660944205,548.06735395189],[1235.5112660944205,548.4295532646048],[1238.038626609442,548.4295532646048],[1238.038626609442,548.7917525773196],[1241.2880901287554,548.7917525773196],[1243.4543991416308,546.9807560137457],[1243.4543991416308,546.2563573883161],[1244.1765021459228,545.5319587628866],[1246.3428111587982,545.1697594501718],[1247.425965665236,546.6185567010309],[1247.425965665236,547.7051546391752],[1247.787017167382,547.7051546391752],[1247.425965665236,550.9649484536083],[1247.0649141630902,550.9649484536083],[1247.0649141630902,556.7601374570446],[1247.425965665236,556.7601374570446],[1247.787017167382,558.2089347079037],[1250.6754291845493,558.5711340206185],[1250.6754291845493,558.9333333333333],[1252.119635193133,558.9333333333333],[1252.119635193133,559.2955326460481],[1256.81330472103,558.2089347079037],[1257.8964592274679,557.1223367697594],[1258.6185622317596,553.8625429553265],[1259.7017167381973,553.5003436426117],[1259.7017167381973,553.1381443298969],[1267.2837982832618,552.7759450171822],[1267.2837982832618,552.4137457044674],[1269.4501072961373,552.0515463917526],[1269.8111587982833,551.327147766323],[1270.533261802575,551.327147766323],[1270.894313304721,550.6027491408935],[1272.6995708154507,549.8783505154639],[1273.0606223175964,549.8783505154639],[1273.0606223175964,550.6027491408935],[1273.7827253218884,550.6027491408935],[1275.5879828326179,552.4137457044674],[1275.9490343347638,554.2247422680413],[1277.0321888412018,554.9491408934708],[1277.0321888412018,555.6735395189004],[1277.7542918454935,556.3979381443299],[1277.7542918454935,560.7443298969072],[1279.1984978540772,562.5553264604811],[1282.4479613733906,563.6419243986254],[1282.4479613733906,563.2797250859106],[1283.5311158798283,563.2797250859106],[1283.5311158798283,562.9175257731958],[1285.336373390558,562.5553264604811],[1286.0584763948498,561.8309278350515],[1288.5858369098712,561.8309278350515],[1290.030042918455,563.2797250859106],[1290.7521459227469,563.2797250859106],[1291.1131974248926,564.0041237113402],[1293.2795064377683,564.7285223367697],[1294.00160944206,565.8151202749141],[1295.8068669527897,566.5395189003436],[1296.1679184549357,567.626116838488],[1296.8900214592275,567.9883161512028],[1296.8900214592275,569.4371134020619],[1296.5289699570815,571.2481099656358],[1296.1679184549357,571.2481099656358],[1295.8068669527897,575.2323024054982],[1294.362660944206,576.3189003436426],[1293.2795064377683,576.3189003436426],[1292.5574034334763,577.0432989690721],[1291.4742489270386,577.0432989690721],[1291.4742489270386,577.4054982817869],[1290.030042918455,577.4054982817869],[1290.030042918455,577.7676975945017],[1288.5858369098712,577.7676975945017],[1288.5858369098712,577.4054982817869],[1287.5026824034335,577.4054982817869],[1287.5026824034335,577.0432989690721],[1282.8090128755366,576.6810996563573],[1282.0869098712446,577.7676975945017],[1280.642703862661,577.7676975945017],[1279.1984978540772,576.6810996563573],[1278.1153433476395,576.6810996563573],[1278.1153433476395,576.3189003436426],[1276.3100858369098,576.3189003436426],[1274.8658798283261,575.2323024054982],[1274.8658798283261,572.3347079037801],[1274.1437768240344,571.6103092783505],[1274.1437768240344,570.885910652921],[1272.6995708154507,569.7993127147766],[1265.4785407725321,570.1615120274914],[1265.1174892703862,571.2481099656358],[1264.7564377682402,571.2481099656358],[1265.1174892703862,574.145704467354],[1264.7564377682402,574.145704467354],[1264.7564377682402,574.8701030927834],[1263.6732832618027,575.9567010309278],[1262.5901287553647,575.9567010309278],[1261.506974248927,577.0432989690721],[1261.506974248927,581.3896907216495],[1260.7848712446353,582.114089347079],[1258.6185622317596,582.4762886597938],[1257.174356223176,583.5628865979381],[1256.0912017167382,583.5628865979381],[1253.5638412017167,580.6652920962199],[1252.119635193133,581.0274914089347],[1250.3143776824033,583.2006872852234],[1249.9533261802576,587.5470790378007],[1249.5922746781116,587.5470790378007],[1249.2312231759656,589.3580756013746],[1248.8701716738196,589.3580756013746],[1248.5091201716737,591.1690721649485],[1247.425965665236,591.5312714776633],[1247.425965665236,591.1690721649485],[1246.3428111587982,591.1690721649485],[1246.3428111587982,590.8068728522337],[1244.8986051502145,590.8068728522337],[1244.8986051502145,590.4446735395189],[1242.732296137339,590.4446735395189],[1241.6491416309013,591.5312714776633],[1239.8438841201717,592.2556701030928],[1239.8438841201717,593.7044673539518],[1238.038626609442,594.4288659793814],[1238.038626609442,594.0666666666666],[1235.8723175965665,593.7044673539518],[1234.7891630901288,592.6178694158076],[1234.4281115879828,591.1690721649485],[1234.0670600858368,591.1690721649485],[1234.0670600858368,588.2714776632303],[1234.7891630901288,588.2714776632303],[1235.5112660944205,587.5470790378007],[1235.5112660944205,586.4604810996564],[1234.0670600858368,585.373883161512],[1233.344957081545,585.373883161512],[1233.344957081545,585.0116838487972],[1232.6228540772531,585.0116838487972],[1231.1786480686694,583.2006872852234],[1230.4565450643777,583.2006872852234],[1229.7344420600857,578.854295532646],[1230.0954935622317,577.4054982817869],[1231.1786480686694,576.3189003436426],[1231.9007510729614,576.3189003436426],[1232.2618025751071,575.594501718213],[1232.983905579399,575.594501718213],[1233.344957081545,574.8701030927834],[1234.0670600858368,574.8701030927834],[1234.7891630901288,574.145704467354],[1235.1502145922746,571.9725085910653],[1234.0670600858368,571.6103092783505],[1231.9007510729614,569.0749140893471],[1230.4565450643777,568.7127147766323],[1230.4565450643777,568.3505154639175],[1229.37339055794,568.3505154639175],[1227.9291845493563,567.2639175257732],[1227.2070815450643,567.2639175257732],[1227.2070815450643,566.9017182130584],[1226.4849785407725,566.9017182130584],[1226.4849785407725,566.5395189003436],[1225.4018240343348,566.5395189003436],[1223.9576180257511,565.4529209621993],[1223.5965665236051,561.4687285223367],[1223.9576180257511,561.4687285223367],[1223.9576180257511,560.3821305841924],[1224.6797210300429,560.0199312714776],[1224.6797210300429,559.2955326460481],[1225.0407725321888,559.2955326460481],[1225.4018240343348,555.6735395189004],[1225.7628755364806,555.6735395189004],[1224.6797210300429,552.7759450171822],[1225.0407725321888,552.0515463917526],[1226.4849785407725,552.0515463917526],[1226.4849785407725,551.6893470790378],[1227.5681330472103,551.6893470790378],[1228.2902360515022,550.9649484536083],[1230.0954935622317,546.6185567010309],[1231.1786480686694,545.8941580756014],[1231.5396995708154,544.807560137457],[1233.706008583691,544.4453608247422]]]}},{"type":"Feature","id":"region-015","properties":{"id":"region-015","number":15,"name":"Альтерия","type":"region","countryId":"country-019","rgb":[88,240,33],"styleIndex":4,"isCapital":false,"capital":false,"labelRank":1,"importance":1,"areaWorld":5258.277805544223,"labelPointMethod":"representative-point","source":"regions/country-019/regions-mask.png"},"geometry":{"type":"Polygon","coordinates":[[[1389.3192060085837,541.9099656357388],[1388.236051502146,540.8233676975944],[1387.152896995708,537.9257731958763],[1386.791845493562,537.9257731958763],[1386.4307939914163,535.3903780068729],[1386.0697424892703,535.3903780068729],[1385.7086909871246,524.1621993127147],[1385.3476394849786,524.1621993127147],[1385.3476394849786,521.2646048109965],[1384.9865879828326,521.2646048109965],[1384.9865879828326,518.3670103092784],[1384.6255364806866,518.3670103092784],[1384.2644849785406,514.7450171821306],[1382.4592274678112,512.5718213058419],[1381.7371244635192,512.5718213058419],[1381.0150214592275,511.4852233676976],[1380.2929184549357,511.4852233676976],[1379.9318669527897,510.39862542955325],[1378.8487124463518,510.03642611683847],[1377.0434549356223,508.2254295532646],[1377.0434549356223,507.501030927835],[1376.3213519313304,507.13883161512024],[1376.3213519313304,506.0522336769759],[1377.4045064377683,505.32783505154634],[1377.4045064377683,504.6034364261168],[1378.487660944206,503.87903780068723],[1378.487660944206,502.7924398625429],[1378.8487124463518,502.7924398625429],[1378.12660944206,500.61924398625433],[1377.4045064377683,500.25704467353955],[1377.4045064377683,499.53264604811],[1376.3213519313304,498.44604810996566],[1375.5992489270386,498.44604810996566],[1375.2381974248926,497.7216494845361],[1373.432939914163,497.7216494845361],[1373.432939914163,497.3594501718213],[1366.5729613733906,496.99725085910654],[1366.5729613733906,497.3594501718213],[1363.6845493562232,497.3594501718213],[1362.2403433476393,498.80824742268044],[1362.2403433476393,500.61924398625433],[1361.8792918454935,500.61924398625433],[1361.8792918454935,501.70584192439867],[1361.5182403433478,501.70584192439867],[1361.1571888412018,502.7924398625429],[1356.102467811159,503.87903780068723],[1355.741416309013,504.6034364261168],[1354.297210300429,504.96563573883157],[1354.297210300429,505.32783505154634],[1353.2140557939915,505.32783505154634],[1353.2140557939915,505.6900343642611],[1351.0477467811158,505.32783505154634],[1349.2424892703862,503.15463917525767],[1349.2424892703862,499.53264604811],[1350.325643776824,498.0838487972509],[1350.325643776824,497.3594501718213],[1350.68669527897,497.3594501718213],[1350.68669527897,495.5484536082474],[1350.325643776824,495.5484536082474],[1349.9645922746781,493.73745704467353],[1348.8814377682402,493.013058419244],[1348.8814377682402,491.92646048109964],[1350.325643776824,490.4776632302405],[1350.325643776824,489.75326460481097],[1351.0477467811158,489.3910652920962],[1351.0477467811158,488.30446735395185],[1351.4087982832616,488.30446735395185],[1351.7698497854076,483.9580756013746],[1352.1309012875536,483.9580756013746],[1352.1309012875536,480.3360824742268],[1351.7698497854076,480.3360824742268],[1351.7698497854076,479.2494845360825],[1351.0477467811158,478.52508591065293],[1348.8814377682402,477.8006872852234],[1348.8814377682402,477.4384879725086],[1344.9098712446353,477.0762886597938],[1343.4656652360513,475.9896907216495],[1344.5488197424893,467.2969072164948],[1344.9098712446353,467.2969072164948],[1344.5488197424893,465.485910652921],[1345.2709227467813,464.76151202749145],[1356.102467811159,465.1237113402062],[1356.102467811159,465.485910652921],[1358.2687768240344,466.21030927835045],[1359.351931330472,467.65910652920957],[1360.0740343347638,467.65910652920957],[1362.2403433476393,470.194501718213],[1364.406652360515,470.5567010309278],[1364.406652360515,470.194501718213],[1366.2119098712446,469.83230240549824],[1367.2950643776824,468.7457044673539],[1368.017167381974,465.485910652921],[1367.6561158798283,465.485910652921],[1367.6561158798283,464.03711340206183],[1366.9340128755366,463.31271477663233],[1366.9340128755366,462.226116838488],[1366.2119098712446,461.50171821305844],[1366.2119098712446,460.4151202749141],[1365.1287553648067,459.32852233676977],[1364.767703862661,456.43092783505153],[1362.6013948497853,453.8955326460481],[1362.9624463519312,451.36013745704463],[1365.4898068669527,449.186941580756],[1365.4898068669527,447.3759450171821],[1364.406652360515,446.2893470790378],[1364.0456008583692,444.8405498281787],[1364.767703862661,444.11615120274917],[1366.2119098712446,444.11615120274917],[1366.2119098712446,443.7539518900344],[1371.6276824034335,443.7539518900344],[1371.9887339055795,444.11615120274917],[1371.9887339055795,443.7539518900344],[1374.155042918455,443.7539518900344],[1374.155042918455,443.3917525773196],[1375.2381974248926,443.3917525773196],[1375.2381974248926,443.02955326460483],[1376.3213519313304,443.02955326460483],[1376.3213519313304,442.66735395189005],[1382.0981759656652,443.3917525773196],[1382.0981759656652,443.02955326460483],[1383.5423819742489,443.02955326460483],[1383.5423819742489,442.66735395189005],[1385.7086909871246,442.30515463917527],[1386.4307939914163,441.5807560137457],[1387.513948497854,441.5807560137457],[1387.513948497854,441.21855670103093],[1388.9581545064377,440.85635738831616],[1390.0413090128754,439.7697594501718],[1390.7634120171674,436.8721649484536],[1392.207618025751,435.4233676975945],[1392.207618025751,434.6989690721649],[1393.2907725321888,433.2501718213058],[1393.2907725321888,432.1635738831615],[1393.6518240343348,432.1635738831615],[1394.3739270386266,429.99037800687285],[1395.0960300429183,429.99037800687285],[1395.0960300429183,429.62817869415807],[1397.6233905579397,429.99037800687285],[1404.4833690987125,436.8721649484536],[1405.2054721030042,436.8721649484536],[1408.0938841201717,439.7697594501718],[1408.8159871244634,439.7697594501718],[1408.8159871244634,440.1319587628866],[1410.2601931330473,440.4941580756014],[1410.621244635193,441.21855670103093],[1413.5096566523605,442.30515463917527],[1415.6759656652362,444.47835051546394],[1418.2033261802576,444.8405498281787],[1419.286480686695,445.927147766323],[1421.4527896995708,446.65154639175256],[1422.1748927038625,447.3759450171821],[1422.5359442060085,448.82474226804123],[1422.8969957081545,448.82474226804123],[1423.2580472103004,450.6357388316151],[1426.5075107296138,450.99793814432985],[1426.5075107296138,451.36013745704463],[1429.0348712446353,451.36013745704463],[1429.756974248927,452.0845360824742],[1430.8401287553647,452.0845360824742],[1430.8401287553647,452.44673539518897],[1432.2843347639484,452.80893470790375],[1432.6453862660944,453.5333333333333],[1433.3674892703862,453.5333333333333],[1433.7285407725321,454.25773195876286],[1434.450643776824,454.25773195876286],[1435.1727467811158,454.9821305841924],[1439.144313304721,456.06872852233676],[1439.144313304721,458.24192439862543],[1439.505364806867,458.24192439862543],[1439.866416309013,459.69072164948454],[1440.5885193133047,460.0529209621993],[1440.5885193133047,461.13951890034366],[1441.3106223175964,461.50171821305844],[1441.3106223175964,462.95051546391755],[1441.6716738197424,462.95051546391755],[1441.3106223175964,464.39931271477667],[1439.144313304721,465.8481099656358],[1439.144313304721,471.64329896907213],[1438.783261802575,471.64329896907213],[1438.783261802575,474.1786941580756],[1439.505364806867,474.1786941580756],[1440.5885193133047,475.2652920962199],[1440.5885193133047,477.8006872852234],[1442.3937768240344,479.61168384879727],[1442.7548283261804,483.23367697594506],[1442.0327253218884,483.59587628865984],[1441.3106223175964,485.7690721649484],[1440.5885193133047,486.1312714776632],[1440.5885193133047,486.85567010309273],[1439.866416309013,486.85567010309273],[1439.505364806867,487.5800687285223],[1438.783261802575,487.5800687285223],[1438.0611587982833,488.30446735395185],[1436.9780042918455,488.30446735395185],[1436.9780042918455,488.66666666666663],[1431.9232832618027,488.66666666666663],[1431.9232832618027,488.30446735395185],[1426.5075107296138,487.94226804123707],[1426.5075107296138,488.30446735395185],[1423.9801502145922,488.30446735395185],[1423.9801502145922,488.66666666666663],[1421.091738197425,489.75326460481097],[1420.730686695279,490.4776632302405],[1420.008583690987,490.4776632302405],[1419.286480686695,491.2020618556701],[1419.286480686695,491.92646048109964],[1418.9254291845493,491.92646048109964],[1418.9254291845493,495.18625429553265],[1419.286480686695,495.18625429553265],[1418.9254291845493,499.53264604811],[1418.5643776824033,499.53264604811],[1417.8422746781116,501.70584192439867],[1415.6759656652362,503.87903780068723],[1415.3149141630902,505.32783505154634],[1411.7043991416308,508.94982817869413],[1409.8991416309013,509.6742268041237],[1404.8444206008585,514.7450171821306],[1399.7896995708154,515.8316151202749],[1397.9844420600857,517.6426116838488],[1397.9844420600857,518.3670103092784],[1396.901287553648,519.0914089347079],[1396.1791845493563,520.9024054982817],[1395.4570815450643,521.2646048109965],[1395.0960300429183,523.0756013745704],[1394.7349785407725,523.0756013745704],[1394.3739270386266,524.8865979381443],[1394.0128755364808,524.8865979381443],[1393.6518240343348,526.6975945017182],[1393.2907725321888,526.6975945017182],[1393.2907725321888,528.8707903780069],[1393.6518240343348,528.8707903780069],[1394.0128755364808,532.1305841924399],[1394.3739270386266,532.1305841924399],[1393.6518240343348,537.2013745704468],[1391.1244635193134,539.7367697594501],[1391.1244635193134,540.4611683848797],[1389.3192060085837,541.9099656357388]]]}},{"type":"Feature","id":"region-019","properties":{"id":"region-019","number":19,"name":"Иллирия","type":"region","countryId":"country-019","rgb":[102,240,33],"styleIndex":3,"isCapital":false,"capital":false,"labelRank":2,"importance":2,"areaWorld":2575.472167821886,"labelPointMethod":"representative-point","source":"regions/country-019/regions-mask.png"},"geometry":{"type":"Polygon","coordinates":[[[1277.0321888412018,636.4439862542955],[1277.0321888412018,637.1683848797251],[1276.3100858369098,637.5305841924398],[1275.9490343347638,638.979381443299],[1275.5879828326179,638.979381443299],[1275.5879828326179,639.7037800687285],[1274.8658798283261,640.0659793814433],[1274.8658798283261,640.7903780068729],[1272.6995708154507,642.9635738831615],[1272.6995708154507,644.7745704467354],[1273.7827253218884,646.2233676975945],[1273.7827253218884,646.9477663230241],[1274.1437768240344,646.9477663230241],[1274.1437768240344,649.1209621993127],[1273.7827253218884,649.1209621993127],[1273.4216738197424,650.9319587628866],[1270.894313304721,651.2941580756013],[1270.894313304721,651.6563573883161],[1269.0890557939915,651.6563573883161],[1269.0890557939915,652.0185567010309],[1267.2837982832618,652.0185567010309],[1267.2837982832618,652.3807560137457],[1265.4785407725321,652.3807560137457],[1265.4785407725321,652.7429553264604],[1263.6732832618027,652.3807560137457],[1263.6732832618027,649.4831615120274],[1263.3122317596567,649.4831615120274],[1262.9511802575107,648.3965635738831],[1257.8964592274679,648.3965635738831],[1256.4522532188842,647.3099656357388],[1255.7301502145922,645.1367697594502],[1256.0912017167382,645.1367697594502],[1256.4522532188842,644.0501718213059],[1257.174356223176,644.0501718213059],[1257.8964592274679,643.3257731958763],[1258.2575107296138,641.5147766323024],[1256.0912017167382,638.6171821305842],[1254.6469957081545,638.2549828178694],[1254.6469957081545,637.8927835051546],[1250.6754291845493,637.8927835051546],[1250.6754291845493,638.2549828178694],[1249.5922746781116,638.2549828178694],[1249.5922746781116,638.6171821305842],[1247.425965665236,638.6171821305842],[1247.425965665236,638.979381443299],[1244.1765021459228,638.6171821305842],[1244.1765021459228,638.979381443299],[1243.0933476394848,638.979381443299],[1243.0933476394848,639.3415807560137],[1241.2880901287554,639.3415807560137],[1241.2880901287554,639.7037800687285],[1234.4281115879828,639.3415807560137],[1234.4281115879828,639.7037800687285],[1232.983905579399,639.7037800687285],[1232.6228540772531,640.7903780068729],[1232.2618025751071,640.7903780068729],[1232.2618025751071,641.8769759450172],[1231.9007510729614,641.8769759450172],[1231.9007510729614,642.9635738831615],[1231.1786480686694,643.6879725085911],[1230.8175965665237,645.498969072165],[1229.012339055794,646.9477663230241],[1229.012339055794,647.6721649484535],[1227.5681330472103,649.1209621993127],[1226.4849785407725,652.0185567010309],[1226.1239270386266,652.0185567010309],[1225.7628755364806,655.2783505154639],[1225.4018240343348,655.2783505154639],[1224.6797210300429,658.1759450171821],[1223.9576180257511,658.9003436426117],[1222.1523605150214,659.2625429553265],[1222.1523605150214,658.9003436426117],[1219.263948497854,658.1759450171821],[1218.902896995708,657.4515463917526],[1217.8197424892703,657.0893470790378],[1217.4586909871246,655.6405498281787],[1217.0976394849786,655.6405498281787],[1217.0976394849786,654.5539518900343],[1217.4586909871246,654.5539518900343],[1217.8197424892703,652.7429553264604],[1217.4586909871246,652.7429553264604],[1217.4586909871246,651.6563573883161],[1217.0976394849786,651.6563573883161],[1216.7365879828326,650.207560137457],[1216.0144849785406,650.207560137457],[1216.0144849785406,649.8453608247422],[1212.7650214592275,649.8453608247422],[1212.7650214592275,649.4831615120274],[1211.6818669527897,649.1209621993127],[1211.3208154506437,645.8611683848798],[1210.9597639484978,645.8611683848798],[1210.5987124463518,644.0501718213059],[1207.7103004291846,643.3257731958763],[1206.6271459227469,642.239175257732],[1205.905042918455,642.239175257732],[1205.182939914163,641.5147766323024],[1205.182939914163,639.3415807560137],[1204.8218884120172,639.3415807560137],[1204.4608369098712,638.2549828178694],[1203.7387339055795,638.2549828178694],[1203.3776824034335,637.5305841924398],[1201.9334763948498,637.1683848797251],[1201.5724248927038,636.4439862542955],[1200.12821888412,636.0817869415807],[1200.12821888412,635.719587628866],[1198.3229613733906,635.719587628866],[1197.9619098712446,634.9951890034364],[1197.2398068669527,634.9951890034364],[1196.517703862661,634.2707903780068],[1196.8787553648067,631.0109965635738],[1195.4345493562232,629.5621993127147],[1195.4345493562232,627.3890034364262],[1196.517703862661,625.940206185567],[1196.517703862661,625.2158075601375],[1197.2398068669527,624.8536082474227],[1197.2398068669527,624.1292096219931],[1199.4061158798283,622.3182130584192],[1199.767167381974,620.5072164948454],[1200.12821888412,620.5072164948454],[1200.489270386266,611.0900343642611],[1203.7387339055795,611.0900343642611],[1203.7387339055795,611.4522336769759],[1206.9881974248926,611.8144329896907],[1206.9881974248926,612.1766323024054],[1209.87660944206,611.8144329896907],[1209.87660944206,612.1766323024054],[1211.6818669527897,612.5388316151202],[1211.6818669527897,612.1766323024054],[1212.4039699570815,612.1766323024054],[1212.4039699570815,611.8144329896907],[1213.1260729613734,611.8144329896907],[1214.5702789699571,610.7278350515464],[1218.1807939914163,610.3656357388317],[1219.263948497854,611.8144329896907],[1219.263948497854,612.901030927835],[1219.625,612.901030927835],[1219.263948497854,615.0742268041237],[1218.902896995708,615.0742268041237],[1218.902896995708,619.7828178694158],[1219.263948497854,619.7828178694158],[1219.263948497854,620.5072164948454],[1221.0692060085837,620.8694158075601],[1221.0692060085837,621.2316151202749],[1223.9576180257511,621.2316151202749],[1223.9576180257511,620.8694158075601],[1225.4018240343348,620.8694158075601],[1226.1239270386266,620.1450171821306],[1227.2070815450643,620.1450171821306],[1227.9291845493563,619.420618556701],[1230.0954935622317,619.0584192439862],[1231.1786480686694,617.9718213058419],[1231.9007510729614,615.0742268041237],[1232.2618025751071,615.0742268041237],[1231.9007510729614,610.7278350515464],[1232.6228540772531,610.3656357388317],[1232.6228540772531,609.6412371134021],[1234.0670600858368,608.192439862543],[1237.3165236051502,607.8302405498282],[1238.038626609442,608.5546391752578],[1238.038626609442,611.4522336769759],[1238.399678111588,611.4522336769759],[1238.399678111588,612.5388316151202],[1238.760729613734,612.5388316151202],[1239.12178111588,613.9876288659793],[1240.2049356223176,613.9876288659793],[1240.9270386266094,615.0742268041237],[1242.732296137339,615.4364261168384],[1242.732296137339,615.0742268041237],[1246.3428111587982,613.6254295532646],[1247.0649141630902,614.3498281786941],[1247.0649141630902,617.6096219931271],[1248.148068669528,617.9718213058419],[1248.148068669528,618.3340206185567],[1249.5922746781116,618.3340206185567],[1250.3143776824033,621.2316151202749],[1252.480686695279,623.0426116838488],[1255.0080472103004,623.0426116838488],[1255.0080472103004,622.680412371134],[1258.2575107296138,621.9560137457045],[1259.7017167381973,620.5072164948454],[1260.0627682403433,618.6962199312715],[1260.4238197424893,618.6962199312715],[1261.145922746781,612.5388316151202],[1263.3122317596567,612.901030927835],[1266.9227467811158,608.9168384879725],[1269.4501072961373,608.9168384879725],[1270.172210300429,609.6412371134021],[1270.533261802575,611.8144329896907],[1270.894313304721,611.8144329896907],[1270.894313304721,616.160824742268],[1271.255364806867,616.160824742268],[1271.616416309013,617.9718213058419],[1273.4216738197424,617.9718213058419],[1275.226931330472,616.160824742268],[1276.6711373390558,615.7986254295532],[1279.5595493562232,612.901030927835],[1279.5595493562232,612.1766323024054],[1280.642703862661,611.4522336769759],[1280.642703862661,610.7278350515464],[1281.7258583690987,610.3656357388317],[1281.7258583690987,610.0034364261169],[1284.614270386266,610.0034364261169],[1284.614270386266,610.3656357388317],[1285.6974248927038,610.3656357388317],[1285.6974248927038,610.7278350515464],[1286.4195278969955,610.7278350515464],[1287.8637339055795,611.8144329896907],[1288.9468884120172,611.8144329896907],[1289.668991416309,612.5388316151202],[1293.2795064377683,613.2632302405498],[1293.2795064377683,614.7120274914089],[1292.9184549356223,614.7120274914089],[1292.1963519313304,616.8852233676976],[1291.4742489270386,617.2474226804123],[1291.1131974248926,619.0584192439862],[1290.391094420601,619.420618556701],[1290.030042918455,620.8694158075601],[1287.5026824034335,623.4048109965636],[1286.7805793991415,623.4048109965636],[1286.4195278969955,624.1292096219931],[1285.6974248927038,624.1292096219931],[1285.336373390558,624.8536082474227],[1284.614270386266,624.8536082474227],[1284.614270386266,625.2158075601375],[1283.892167381974,625.2158075601375],[1282.4479613733906,626.3024054982818],[1282.8090128755366,631.3731958762886],[1281.7258583690987,631.7353951890034],[1281.7258583690987,632.0975945017182],[1278.1153433476395,632.4597938144329],[1278.1153433476395,632.8219931271477],[1277.3932403433475,632.8219931271477],[1275.9490343347638,633.9085910652921],[1275.9490343347638,635.719587628866],[1277.0321888412018,636.0817869415807],[1277.0321888412018,636.4439862542955]]]}},{"type":"Feature","id":"region-025","properties":{"id":"region-025","number":25,"name":"Окцидентия","type":"region","countryId":"country-019","rgb":[136,33,240],"styleIndex":4,"isCapital":false,"capital":false,"labelRank":3,"importance":3,"areaWorld":2055.3838342548943,"labelPointMethod":"representative-point","source":"regions/country-019/regions-mask.png"},"geometry":{"type":"Polygon","coordinates":[[[1087.8412017167382,604.2082474226804],[1088.2022532188842,604.2082474226804],[1088.56330472103,605.2948453608248],[1089.6464592274679,605.6570446735395],[1089.6464592274679,606.7436426116839],[1090.0075107296138,606.7436426116839],[1090.0075107296138,607.8302405498282],[1090.3685622317596,607.8302405498282],[1090.3685622317596,609.6412371134021],[1090.7296137339056,609.6412371134021],[1091.4517167381973,611.8144329896907],[1092.5348712446353,612.901030927835],[1094.7011802575107,613.6254295532646],[1096.1453862660944,615.0742268041237],[1096.1453862660944,616.160824742268],[1096.5064377682402,616.160824742268],[1096.1453862660944,622.680412371134],[1096.5064377682402,622.680412371134],[1096.5064377682402,623.4048109965636],[1097.5895922746781,624.4914089347079],[1098.3116952789699,624.4914089347079],[1099.7559012875536,626.3024054982818],[1100.4780042918455,626.3024054982818],[1101.5611587982833,627.3890034364262],[1101.5611587982833,628.1134020618557],[1102.283261802575,628.1134020618557],[1103.005364806867,629.1999999999999],[1104.8106223175964,629.5621993127147],[1104.4495708154507,637.5305841924398],[1104.0885193133047,637.5305841924398],[1103.366416309013,640.7903780068729],[1102.283261802575,641.8769759450172],[1099.7559012875536,641.8769759450172],[1099.7559012875536,641.5147766323024],[1097.950643776824,641.1525773195876],[1097.950643776824,640.7903780068729],[1095.4232832618027,640.7903780068729],[1095.4232832618027,640.4281786941581],[1093.256974248927,640.4281786941581],[1093.256974248927,640.0659793814433],[1089.6464592274679,640.0659793814433],[1089.6464592274679,640.4281786941581],[1087.8412017167382,640.4281786941581],[1087.8412017167382,640.7903780068729],[1086.7580472103004,640.7903780068729],[1086.0359442060085,641.5147766323024],[1085.3138412017167,641.5147766323024],[1083.869635193133,642.9635738831615],[1081.3422746781116,643.6879725085911],[1080.9812231759656,644.4123711340206],[1078.8149141630902,644.7745704467354],[1078.4538626609442,643.6879725085911],[1077.3707081545065,643.3257731958763],[1077.0096566523605,642.6013745704468],[1075.2043991416308,642.6013745704468],[1068.7054721030042,649.1209621993127],[1066.9002145922746,649.1209621993127],[1066.1781115879828,648.3965635738831],[1066.1781115879828,647.6721649484535],[1058.9570815450643,647.6721649484535],[1058.5960300429183,647.3099656357388],[1058.5960300429183,645.1367697594502],[1058.9570815450643,645.1367697594502],[1058.9570815450643,644.4123711340206],[1061.4844420600857,642.9635738831615],[1061.4844420600857,639.7037800687285],[1060.0402360515022,637.8927835051546],[1058.5960300429183,637.5305841924398],[1058.5960300429183,637.1683848797251],[1054.2634120171674,637.1683848797251],[1054.2634120171674,637.5305841924398],[1053.1802575107295,637.5305841924398],[1053.1802575107295,637.8927835051546],[1050.2918454935623,638.2549828178694],[1050.2918454935623,638.6171821305842],[1047.4034334763949,638.6171821305842],[1047.4034334763949,638.2549828178694],[1046.3202789699571,638.2549828178694],[1046.3202789699571,637.8927835051546],[1044.5150214592275,637.1683848797251],[1044.5150214592275,635.3573883161512],[1045.5981759656652,634.2707903780068],[1046.681330472103,634.2707903780068],[1047.7644849785406,633.1841924398625],[1048.1255364806866,629.1999999999999],[1049.2086909871246,627.7512027491409],[1049.2086909871246,627.0268041237114],[1049.5697424892703,627.0268041237114],[1049.5697424892703,623.7670103092784],[1048.8476394849786,623.0426116838488],[1048.8476394849786,621.9560137457045],[1048.1255364806866,621.2316151202749],[1048.1255364806866,620.5072164948454],[1047.7644849785406,620.5072164948454],[1047.7644849785406,618.6962199312715],[1047.4034334763949,618.6962199312715],[1047.4034334763949,615.0742268041237],[1048.1255364806866,614.7120274914089],[1048.1255364806866,612.1766323024054],[1048.4865879828326,612.1766323024054],[1048.4865879828326,611.0900343642611],[1048.8476394849786,611.0900343642611],[1048.8476394849786,601.672852233677],[1049.2086909871246,601.672852233677],[1049.5697424892703,600.2240549828178],[1050.2918454935623,600.2240549828178],[1050.652896995708,599.4996563573883],[1052.0971030042917,599.1374570446735],[1052.0971030042917,598.7752577319587],[1052.8192060085837,598.7752577319587],[1053.9023605150214,597.3264604810996],[1054.6244635193134,597.3264604810996],[1055.3465665236051,596.2398625429553],[1056.0686695278969,596.2398625429553],[1057.5128755364806,594.4288659793814],[1058.2349785407725,594.4288659793814],[1059.6791845493563,592.6178694158076],[1063.2896995708154,592.2556701030928],[1064.0118025751071,592.9800687285223],[1066.5391630901288,592.9800687285223],[1066.9002145922746,591.5312714776633],[1068.7054721030042,589.7202749140894],[1070.87178111588,589.3580756013746],[1070.87178111588,589.7202749140894],[1071.9549356223176,590.0824742268042],[1071.9549356223176,592.9800687285223],[1071.5938841201717,592.9800687285223],[1071.2328326180257,595.1532646048109],[1070.87178111588,595.1532646048109],[1070.87178111588,596.2398625429553],[1070.510729613734,596.2398625429553],[1070.510729613734,597.3264604810996],[1070.149678111588,597.3264604810996],[1070.149678111588,602.3972508591065],[1070.87178111588,602.7594501718213],[1070.87178111588,603.4838487972509],[1072.6770386266094,605.2948453608248],[1073.3991416309013,605.2948453608248],[1074.8433476394848,606.7436426116839],[1077.0096566523605,607.1058419243986],[1077.0096566523605,607.4680412371134],[1081.3422746781116,607.4680412371134],[1081.3422746781116,607.1058419243986],[1082.4254291845493,607.1058419243986],[1083.508583690987,606.0192439862543],[1083.508583690987,605.2948453608248],[1084.9527896995708,603.8460481099656],[1087.8412017167382,604.2082474226804]]]}},{"type":"Feature","id":"region-008","properties":{"id":"region-008","number":8,"name":"Сидерия","type":"region","countryId":"country-019","rgb":[150,33,240],"styleIndex":2,"isCapital":false,"capital":false,"labelRank":1,"importance":1,"areaWorld":3717.2014860289487,"labelPointMethod":"representative-point","source":"regions/country-019/regions-mask.png"},"geometry":{"type":"Polygon","coordinates":[[[1238.760729613734,439.04536082474226],[1239.12178111588,441.21855670103093],[1238.760729613734,441.21855670103093],[1238.399678111588,443.7539518900344],[1238.038626609442,443.7539518900344],[1238.038626609442,446.65154639175256],[1238.399678111588,446.65154639175256],[1238.760729613734,450.6357388316151],[1235.8723175965665,453.5333333333333],[1235.8723175965665,453.1711340206185],[1234.7891630901288,453.1711340206185],[1234.0670600858368,452.44673539518897],[1229.37339055794,452.44673539518897],[1229.37339055794,452.80893470790375],[1227.9291845493563,453.1711340206185],[1227.5681330472103,454.9821305841924],[1226.8460300429183,455.3443298969072],[1226.8460300429183,456.06872852233676],[1224.3186695278969,458.6041237113402],[1220.3471030042917,459.69072164948454],[1218.5418454935623,461.13951890034366],[1218.5418454935623,464.03711340206183],[1218.902896995708,464.03711340206183],[1220.3471030042917,467.65910652920957],[1222.1523605150214,469.47010309278346],[1222.5134120171674,472.72989690721647],[1222.1523605150214,472.72989690721647],[1221.7913090128754,474.1786941580756],[1221.0692060085837,474.54089347079037],[1221.0692060085837,475.2652920962199],[1219.986051502146,475.9896907216495],[1218.902896995708,478.52508591065293],[1216.7365879828326,480.3360824742268],[1216.0144849785406,482.5092783505155],[1214.5702789699571,483.59587628865984],[1212.0429184549357,483.23367697594506],[1211.3208154506437,482.5092783505155],[1207.7103004291846,482.5092783505155],[1205.905042918455,484.3202749140893],[1205.182939914163,487.94226804123707],[1204.0997854077252,488.30446735395185],[1204.0997854077252,487.94226804123707],[1203.3776824034335,487.94226804123707],[1203.3776824034335,487.2178694158075],[1202.6555793991415,486.85567010309273],[1202.6555793991415,486.1312714776632],[1201.5724248927038,485.04467353951884],[1199.767167381974,484.3202749140893],[1198.6840128755364,482.8714776632303],[1197.9619098712446,482.8714776632303],[1196.8787553648067,481.78487972508594],[1196.8787553648067,481.0604810996564],[1195.7956008583692,480.3360824742268],[1195.7956008583692,479.61168384879727],[1193.9903433476395,477.8006872852234],[1193.2682403433475,477.8006872852234],[1192.5461373390558,476.71408934707904],[1191.8240343347638,476.71408934707904],[1191.8240343347638,475.9896907216495],[1190.3798283261804,474.54089347079037],[1189.2966738197424,474.54089347079037],[1188.5745708154507,475.2652920962199],[1187.8524678111587,475.2652920962199],[1186.047210300429,477.8006872852234],[1184.9640557939915,477.8006872852234],[1184.9640557939915,477.4384879725086],[1183.5198497854076,477.0762886597938],[1182.7977467811158,476.35189003436426],[1182.7977467811158,475.6274914089347],[1182.075643776824,475.2652920962199],[1182.075643776824,474.54089347079037],[1181.3535407725321,474.1786941580756],[1180.9924892703862,473.09209621993125],[1179.1872317596567,473.09209621993125],[1176.2988197424893,475.9896907216495],[1174.8546137339056,476.35189003436426],[1174.8546137339056,476.71408934707904],[1173.049356223176,476.71408934707904],[1172.3272532188842,475.9896907216495],[1171.6051502145922,475.9896907216495],[1170.8830472103004,474.90309278350514],[1169.4388412017167,474.54089347079037],[1169.4388412017167,474.1786941580756],[1165.1062231759656,474.54089347079037],[1165.1062231759656,474.1786941580756],[1164.023068669528,474.1786941580756],[1164.023068669528,473.8164948453608],[1162.9399141630902,473.8164948453608],[1162.9399141630902,473.45429553264603],[1161.8567596566522,473.45429553264603],[1161.8567596566522,473.09209621993125],[1160.7736051502145,473.09209621993125],[1160.7736051502145,472.72989690721647],[1159.6904506437768,472.72989690721647],[1159.6904506437768,472.3676975945017],[1150.3031115879828,471.28109965635736],[1149.581008583691,470.5567010309278],[1147.7757510729614,470.194501718213],[1147.4146995708154,469.47010309278346],[1145.9704935622317,469.1079037800687],[1145.9704935622317,468.7457044673539],[1145.24839055794,468.7457044673539],[1145.24839055794,468.3835051546391],[1144.526287553648,468.3835051546391],[1143.0820815450643,466.93470790378],[1142.3599785407725,466.93470790378],[1141.2768240343348,465.485910652921],[1141.2768240343348,464.76151202749145],[1140.9157725321888,464.76151202749145],[1141.2768240343348,460.7773195876289],[1142.7210300429183,459.69072164948454],[1142.7210300429183,458.966323024055],[1143.8041845493563,458.24192439862543],[1144.1652360515022,456.7931271477663],[1145.24839055794,455.706529209622],[1145.6094420600857,453.1711340206185],[1145.9704935622317,453.1711340206185],[1145.9704935622317,451.36013745704463],[1146.3315450643777,451.36013745704463],[1146.6925965665237,449.5491408934708],[1147.7757510729614,449.186941580756],[1147.7757510729614,448.82474226804123],[1150.3031115879828,448.46254295532646],[1151.3862660944205,447.01374570446734],[1151.3862660944205,446.2893470790378],[1151.7473175965665,446.2893470790378],[1151.7473175965665,444.8405498281787],[1152.4694206008583,444.11615120274917],[1152.4694206008583,443.02955326460483],[1152.8304721030042,443.02955326460483],[1152.8304721030042,440.85635738831616],[1153.1915236051502,440.85635738831616],[1153.1915236051502,439.7697594501718],[1153.552575107296,439.7697594501718],[1153.552575107296,437.23436426116837],[1155.3578326180257,435.4233676975945],[1155.3578326180257,434.33676975945014],[1155.7188841201717,434.33676975945014],[1155.3578326180257,427.45498281786945],[1155.7188841201717,427.45498281786945],[1156.0799356223176,423.4707903780069],[1156.4409871244634,423.4707903780069],[1156.8020386266094,421.659793814433],[1157.885193133047,420.57319587628865],[1157.885193133047,419.8487972508591],[1158.246244635193,419.8487972508591],[1158.246244635193,419.12439862542954],[1158.607296137339,419.12439862542954],[1158.607296137339,418.0378006872852],[1158.9683476394848,418.0378006872852],[1159.6904506437768,418.0378006872852],[1159.6904506437768,418.4],[1165.1062231759656,418.4],[1165.1062231759656,418.0378006872852],[1166.1893776824033,418.4],[1168.716738197425,420.93539518900343],[1168.716738197425,421.659793814433],[1171.2440987124464,423.83298969072166],[1171.2440987124464,424.5573883161512],[1173.049356223176,426.00618556701033],[1175.2156652360513,426.00618556701033],[1175.2156652360513,426.3683848797251],[1184.6030042918455,426.00618556701033],[1184.9640557939915,427.45498281786945],[1184.6030042918455,427.45498281786945],[1184.2419527896996,429.2659793814433],[1183.8809012875536,429.2659793814433],[1183.8809012875536,431.80137457044674],[1184.6030042918455,432.52577319587624],[1186.047210300429,432.52577319587624],[1187.491416309013,433.6123711340206],[1188.9356223175964,433.6123711340206],[1190.7408798283261,435.78556701030925],[1196.156652360515,435.78556701030925],[1196.156652360515,436.14776632302403],[1196.8787553648067,436.14776632302403],[1196.8787553648067,436.5099656357388],[1197.6008583690987,436.5099656357388],[1199.0450643776824,437.59656357388315],[1201.211373390558,437.59656357388315],[1201.211373390558,436.8721649484536],[1201.9334763948498,436.8721649484536],[1202.6555793991415,436.14776632302403],[1204.0997854077252,436.14776632302403],[1204.0997854077252,435.78556701030925],[1212.7650214592275,435.4233676975945],[1212.7650214592275,435.78556701030925],[1213.8481759656652,436.14776632302403],[1213.8481759656652,437.59656357388315],[1214.2092274678112,437.59656357388315],[1214.5702789699571,439.40756013745704],[1215.2923819742489,439.40756013745704],[1216.0144849785406,440.1319587628866],[1219.263948497854,440.1319587628866],[1219.263948497854,439.04536082474226],[1219.986051502146,438.6831615120275],[1219.986051502146,437.9587628865979],[1222.1523605150214,435.78556701030925],[1229.37339055794,436.14776632302403],[1230.0954935622317,434.33676975945014],[1231.1786480686694,433.6123711340206],[1231.1786480686694,432.887972508591],[1231.9007510729614,432.1635738831615],[1233.344957081545,432.1635738831615],[1234.4281115879828,433.2501718213058],[1234.4281115879828,436.14776632302403],[1234.0670600858368,436.14776632302403],[1234.4281115879828,439.04536082474226],[1235.1502145922746,439.7697594501718],[1236.9554721030042,439.7697594501718],[1237.677575107296,439.04536082474226],[1238.760729613734,439.04536082474226]]]}},{"type":"Feature","id":"region-013","properties":{"id":"region-013","number":13,"name":"Аргезия","type":"region","countryId":"country-019","rgb":[171,240,33],"styleIndex":2,"isCapital":false,"capital":false,"labelRank":2,"importance":2,"areaWorld":3053.801893721517,"labelPointMethod":"representative-point","source":"regions/country-019/regions-mask.png"},"geometry":{"type":"Polygon","coordinates":[[[1160.7736051502145,603.8460481099656],[1160.4125536480688,602.0350515463917],[1160.7736051502145,602.0350515463917],[1161.1346566523605,599.1374570446735],[1163.662017167382,596.9642611683848],[1164.3841201716737,594.0666666666666],[1164.023068669528,594.0666666666666],[1163.662017167382,591.893470790378],[1161.8567596566522,590.4446735395189],[1160.0515021459228,586.0982817869416],[1159.6904506437768,586.0982817869416],[1159.6904506437768,584.2872852233677],[1158.9683476394848,583.5628865979381],[1158.9683476394848,582.8384879725086],[1159.3293991416308,582.114089347079],[1161.1346566523605,581.3896907216495],[1162.2178111587982,579.9408934707903],[1162.2178111587982,575.594501718213],[1162.5788626609442,575.594501718213],[1162.5788626609442,574.8701030927834],[1166.1893776824033,573.0591065292097],[1166.1893776824033,572.3347079037801],[1166.9114806866953,571.6103092783505],[1166.9114806866953,568.7127147766323],[1167.272532188841,568.7127147766323],[1167.272532188841,567.626116838488],[1167.994635193133,566.9017182130584],[1170.5219957081545,567.2639175257732],[1170.8830472103004,569.0749140893471],[1171.6051502145922,569.7993127147766],[1172.3272532188842,573.7835051546392],[1174.8546137339056,574.145704467354],[1174.8546137339056,573.7835051546392],[1176.2988197424893,573.7835051546392],[1176.2988197424893,573.4213058419244],[1177.381974248927,573.4213058419244],[1177.381974248927,573.0591065292097],[1178.4651287553647,572.6969072164949],[1178.8261802575107,570.1615120274914],[1179.1872317596567,570.1615120274914],[1179.5482832618027,568.7127147766323],[1180.2703862660944,568.7127147766323],[1180.2703862660944,568.3505154639175],[1182.4366952789699,568.3505154639175],[1182.4366952789699,568.7127147766323],[1183.8809012875536,569.0749140893471],[1184.6030042918455,570.1615120274914],[1185.3251072961373,570.1615120274914],[1185.6861587982833,570.885910652921],[1187.130364806867,570.885910652921],[1188.2135193133047,568.3505154639175],[1190.7408798283261,566.1773195876289],[1192.5461373390558,566.1773195876289],[1192.5461373390558,565.8151202749141],[1203.7387339055795,565.8151202749141],[1203.7387339055795,566.1773195876289],[1205.182939914163,566.5395189003436],[1205.543991416309,567.626116838488],[1205.905042918455,567.626116838488],[1205.543991416309,572.3347079037801],[1205.182939914163,572.3347079037801],[1204.4608369098712,575.9567010309278],[1205.905042918455,577.0432989690721],[1208.7934549356223,577.0432989690721],[1208.7934549356223,577.4054982817869],[1209.87660944206,577.4054982817869],[1209.87660944206,577.7676975945017],[1213.8481759656652,578.4920962199312],[1214.931330472103,579.5786941580756],[1216.0144849785406,582.4762886597938],[1217.0976394849786,583.2006872852234],[1217.0976394849786,583.9250859106529],[1218.5418454935623,585.373883161512],[1221.0692060085837,585.7360824742268],[1221.0692060085837,586.0982817869416],[1222.1523605150214,586.0982817869416],[1222.1523605150214,586.4604810996564],[1223.5965665236051,586.0982817869416],[1224.6797210300429,584.6494845360825],[1225.0407725321888,579.2164948453608],[1225.7628755364806,578.4920962199312],[1229.7344420600857,578.854295532646],[1230.4565450643777,583.2006872852234],[1231.1786480686694,583.2006872852234],[1232.6228540772531,585.0116838487972],[1233.344957081545,585.0116838487972],[1233.344957081545,585.373883161512],[1234.0670600858368,585.373883161512],[1235.5112660944205,586.4604810996564],[1235.5112660944205,587.5470790378007],[1234.7891630901288,588.2714776632303],[1234.0670600858368,588.2714776632303],[1234.0670600858368,591.1690721649485],[1234.4281115879828,591.1690721649485],[1234.7891630901288,592.6178694158076],[1235.8723175965665,593.7044673539518],[1238.038626609442,594.0666666666666],[1238.038626609442,594.4288659793814],[1239.8438841201717,593.7044673539518],[1240.5659871244634,594.7910652920962],[1241.2880901287554,594.7910652920962],[1242.732296137339,596.6020618556701],[1243.4543991416308,596.6020618556701],[1245.2596566523605,598.413058419244],[1245.2596566523605,599.1374570446735],[1245.9817596566522,599.8618556701031],[1245.9817596566522,600.9484536082474],[1246.3428111587982,600.9484536082474],[1247.425965665236,606.3814432989691],[1248.148068669528,606.7436426116839],[1248.148068669528,607.4680412371134],[1248.8701716738196,608.192439862543],[1257.5354077253219,610.0034364261169],[1257.5354077253219,610.3656357388317],[1258.2575107296138,610.3656357388317],[1258.6185622317596,611.0900343642611],[1260.0627682403433,611.4522336769759],[1261.145922746781,612.5388316151202],[1260.4238197424893,618.6962199312715],[1260.0627682403433,618.6962199312715],[1259.7017167381973,620.5072164948454],[1258.2575107296138,621.9560137457045],[1255.0080472103004,622.680412371134],[1255.0080472103004,623.0426116838488],[1252.480686695279,623.0426116838488],[1250.3143776824033,621.2316151202749],[1249.5922746781116,618.3340206185567],[1248.148068669528,618.3340206185567],[1248.148068669528,617.9718213058419],[1247.0649141630902,617.6096219931271],[1247.0649141630902,614.3498281786941],[1246.3428111587982,613.6254295532646],[1242.732296137339,615.0742268041237],[1242.732296137339,615.4364261168384],[1240.9270386266094,615.0742268041237],[1240.2049356223176,613.9876288659793],[1239.12178111588,613.9876288659793],[1238.760729613734,612.5388316151202],[1238.399678111588,612.5388316151202],[1238.399678111588,611.4522336769759],[1238.038626609442,611.4522336769759],[1238.038626609442,608.5546391752578],[1237.3165236051502,607.8302405498282],[1234.0670600858368,608.192439862543],[1232.6228540772531,609.6412371134021],[1232.6228540772531,610.3656357388317],[1231.9007510729614,610.7278350515464],[1232.2618025751071,615.0742268041237],[1231.9007510729614,615.0742268041237],[1231.1786480686694,617.9718213058419],[1230.0954935622317,619.0584192439862],[1227.9291845493563,619.420618556701],[1227.2070815450643,620.1450171821306],[1226.1239270386266,620.1450171821306],[1225.4018240343348,620.8694158075601],[1223.9576180257511,620.8694158075601],[1223.9576180257511,621.2316151202749],[1221.0692060085837,621.2316151202749],[1221.0692060085837,620.8694158075601],[1219.263948497854,620.5072164948454],[1219.263948497854,619.7828178694158],[1218.902896995708,619.7828178694158],[1218.902896995708,615.0742268041237],[1219.263948497854,615.0742268041237],[1219.625,612.901030927835],[1219.263948497854,612.901030927835],[1219.263948497854,611.8144329896907],[1218.1807939914163,610.3656357388317],[1214.5702789699571,610.7278350515464],[1213.1260729613734,611.8144329896907],[1212.4039699570815,611.8144329896907],[1212.4039699570815,612.1766323024054],[1211.6818669527897,612.1766323024054],[1211.6818669527897,612.5388316151202],[1209.87660944206,612.1766323024054],[1209.87660944206,611.8144329896907],[1206.9881974248926,612.1766323024054],[1206.9881974248926,611.8144329896907],[1203.7387339055795,611.4522336769759],[1203.7387339055795,611.0900343642611],[1200.489270386266,611.0900343642611],[1199.767167381974,610.0034364261169],[1198.6840128755364,609.6412371134021],[1197.9619098712446,607.4680412371134],[1196.517703862661,606.0192439862543],[1193.6292918454935,607.1058419243986],[1193.6292918454935,607.4680412371134],[1192.5461373390558,607.4680412371134],[1191.8240343347638,608.192439862543],[1191.8240343347638,608.9168384879725],[1191.101931330472,609.2790378006873],[1190.3798283261804,611.4522336769759],[1189.2966738197424,612.5388316151202],[1187.8524678111587,612.901030927835],[1187.8524678111587,612.5388316151202],[1186.769313304721,612.5388316151202],[1186.047210300429,611.8144329896907],[1185.3251072961373,611.8144329896907],[1182.4366952789699,608.192439862543],[1180.9924892703862,608.192439862543],[1180.2703862660944,608.9168384879725],[1178.1040772532187,609.2790378006873],[1176.6598712446353,608.192439862543],[1175.9377682403433,608.192439862543],[1175.9377682403433,607.8302405498282],[1175.2156652360513,607.8302405498282],[1175.2156652360513,607.4680412371134],[1174.4935622317596,607.4680412371134],[1174.4935622317596,607.1058419243986],[1173.7714592274679,607.1058419243986],[1173.7714592274679,606.7436426116839],[1173.049356223176,606.7436426116839],[1173.049356223176,606.3814432989691],[1172.3272532188842,606.3814432989691],[1167.994635193133,602.0350515463917],[1166.1893776824033,602.3972508591065],[1165.1062231759656,603.8460481099656],[1163.662017167382,604.2082474226804],[1163.662017167382,604.5704467353952],[1160.7736051502145,603.8460481099656]]]}},{"type":"Feature","id":"region-024","properties":{"id":"region-024","number":24,"name":"Медиолания","type":"region","countryId":"country-019","rgb":[205,33,240],"styleIndex":3,"isCapital":false,"capital":false,"labelRank":2,"importance":2,"areaWorld":2899.228673510021,"labelPointMethod":"representative-point","source":"regions/country-019/regions-mask.png"},"geometry":{"type":"Polygon","coordinates":[[[1116.364270386266,685.7030927835051],[1116.725321888412,683.8920962199312],[1117.086373390558,683.8920962199312],[1117.086373390558,681.3567010309279],[1117.4474248927038,681.3567010309279],[1117.4474248927038,678.4591065292096],[1116.725321888412,677.7347079037801],[1116.725321888412,677.0103092783505],[1115.2811158798283,675.5615120274914],[1111.6706008583692,674.8371134020618],[1110.2263948497853,673.026116838488],[1108.4211373390558,672.6639175257732],[1108.0600858369098,670.4907216494845],[1106.6158798283261,670.1285223367697],[1105.1716738197424,668.6797250859106],[1104.4495708154507,668.6797250859106],[1103.7274678111587,667.955326460481],[1103.7274678111587,667.2309278350515],[1103.005364806867,666.8687285223367],[1103.005364806867,666.1443298969072],[1102.644313304721,666.1443298969072],[1102.644313304721,663.246735395189],[1103.005364806867,663.246735395189],[1103.005364806867,662.1601374570447],[1103.366416309013,662.1601374570447],[1103.7274678111587,659.6247422680412],[1104.0885193133047,659.6247422680412],[1103.7274678111587,657.0893470790378],[1103.366416309013,657.0893470790378],[1103.366416309013,653.46735395189],[1103.7274678111587,653.46735395189],[1103.7274678111587,652.3807560137457],[1104.0885193133047,652.3807560137457],[1104.0885193133047,649.8453608247422],[1103.7274678111587,649.8453608247422],[1103.7274678111587,648.7587628865979],[1103.366416309013,648.7587628865979],[1103.366416309013,647.6721649484535],[1103.005364806867,647.6721649484535],[1103.005364806867,645.1367697594502],[1102.644313304721,645.1367697594502],[1102.283261802575,641.8769759450172],[1103.366416309013,640.7903780068729],[1104.0885193133047,637.5305841924398],[1104.4495708154507,637.5305841924398],[1104.8106223175964,629.5621993127147],[1106.2548283261804,629.1999999999999],[1106.2548283261804,628.8378006872853],[1107.3379828326179,628.8378006872853],[1108.0600858369098,628.1134020618557],[1110.2263948497853,627.7512027491409],[1111.6706008583692,626.6646048109966],[1113.8369098712446,626.6646048109966],[1114.1979613733906,627.7512027491409],[1114.5590128755364,627.7512027491409],[1114.5590128755364,628.8378006872853],[1114.9200643776824,628.8378006872853],[1114.5590128755364,629.1999999999999],[1114.5590128755364,633.5463917525773],[1114.9200643776824,633.5463917525773],[1114.9200643776824,634.6329896907216],[1115.642167381974,634.9951890034364],[1115.642167381974,635.719587628866],[1116.725321888412,636.8061855670103],[1117.4474248927038,636.8061855670103],[1118.8916309012875,637.8927835051546],[1119.9747854077252,637.8927835051546],[1121.418991416309,638.979381443299],[1123.5853004291846,639.3415807560137],[1123.5853004291846,638.979381443299],[1124.6684549356223,638.979381443299],[1124.6684549356223,638.6171821305842],[1127.5568669527897,638.6171821305842],[1127.9179184549357,638.2549828178694],[1127.5568669527897,634.9951890034364],[1128.6400214592275,634.6329896907216],[1129.0010729613734,633.9085910652921],[1129.7231759656652,633.9085910652921],[1134.0557939914163,629.1999999999999],[1138.7494635193134,629.5621993127147],[1138.7494635193134,629.1999999999999],[1139.4715665236051,629.1999999999999],[1140.9157725321888,628.1134020618557],[1141.2768240343348,628.8378006872853],[1144.1652360515022,629.9243986254295],[1145.24839055794,631.0109965635738],[1145.24839055794,631.7353951890034],[1145.9704935622317,632.4597938144329],[1146.3315450643777,636.4439862542955],[1149.219957081545,640.0659793814433],[1152.4694206008583,640.4281786941581],[1152.4694206008583,640.0659793814433],[1153.552575107296,640.0659793814433],[1153.552575107296,639.7037800687285],[1154.635729613734,639.7037800687285],[1154.635729613734,639.3415807560137],[1157.885193133047,639.3415807560137],[1157.885193133047,639.7037800687285],[1160.4125536480688,640.0659793814433],[1161.4957081545065,644.4123711340206],[1161.8567596566522,644.4123711340206],[1161.8567596566522,645.1367697594502],[1162.2178111587982,645.1367697594502],[1162.2178111587982,645.8611683848798],[1162.5788626609442,645.8611683848798],[1162.5788626609442,646.5855670103093],[1162.9399141630902,646.5855670103093],[1162.9399141630902,647.3099656357388],[1163.662017167382,647.6721649484535],[1164.023068669528,648.7587628865979],[1162.5788626609442,649.1209621993127],[1162.5788626609442,649.4831615120274],[1159.3293991416308,649.4831615120274],[1159.3293991416308,649.8453608247422],[1158.607296137339,649.8453608247422],[1158.9683476394848,652.7429553264604],[1159.6904506437768,653.1051546391752],[1160.4125536480688,654.9161512027491],[1161.8567596566522,656.0027491408935],[1161.8567596566522,656.727147766323],[1164.023068669528,658.5381443298969],[1164.3841201716737,659.986941580756],[1163.300965665236,661.4357388316151],[1162.5788626609442,661.4357388316151],[1161.8567596566522,662.1601374570447],[1160.4125536480688,662.1601374570447],[1157.5241416309013,664.3333333333334],[1157.1630901287554,666.1443298969072],[1156.8020386266094,666.1443298969072],[1156.8020386266094,667.5931271477663],[1156.4409871244634,667.5931271477663],[1156.4409871244634,668.6797250859106],[1156.0799356223176,668.6797250859106],[1156.0799356223176,679.545704467354],[1156.4409871244634,679.545704467354],[1156.0799356223176,682.805498281787],[1156.4409871244634,682.805498281787],[1156.4409871244634,684.9786941580755],[1158.607296137339,687.8762886597938],[1158.246244635193,689.3250859106529],[1157.5241416309013,689.6872852233677],[1157.5241416309013,690.4116838487972],[1156.4409871244634,691.4982817869416],[1156.4409871244634,692.5848797250859],[1155.3578326180257,693.3092783505155],[1154.99678111588,694.7580756013746],[1153.913626609442,695.8446735395189],[1153.1915236051502,695.8446735395189],[1152.1083690987125,696.9312714776632],[1150.3031115879828,696.9312714776632],[1150.3031115879828,696.5690721649485],[1148.4978540772531,696.2068728522337],[1148.4978540772531,695.8446735395189],[1147.0536480686694,695.8446735395189],[1147.0536480686694,695.4824742268041],[1145.24839055794,695.4824742268041],[1144.1652360515022,694.3958762886598],[1144.1652360515022,693.3092783505155],[1143.8041845493563,693.3092783505155],[1143.4431330472103,691.8604810996563],[1141.2768240343348,691.4982817869416],[1140.5547210300429,690.4116838487972],[1139.8326180257511,690.4116838487972],[1139.8326180257511,689.6872852233677],[1139.1105150214592,689.3250859106529],[1139.1105150214592,688.2384879725086],[1138.7494635193134,688.2384879725086],[1138.3884120171674,684.6164948453608],[1136.5831545064377,682.805498281787],[1135.861051502146,682.805498281787],[1135.861051502146,682.4432989690722],[1131.5284334763949,682.4432989690722],[1130.0842274678112,683.5298969072164],[1129.7231759656652,684.9786941580755],[1129.3621244635192,684.9786941580755],[1129.3621244635192,686.0652920962199],[1129.0010729613734,686.0652920962199],[1129.0010729613734,687.8762886597938],[1127.9179184549357,689.3250859106529],[1126.112660944206,689.6872852233677],[1124.3074034334763,691.4982817869416],[1121.780042918455,691.4982817869416],[1121.418991416309,692.2226804123711],[1119.6137339055795,692.9470790378007],[1119.6137339055795,692.5848797250859],[1118.8916309012875,692.5848797250859],[1118.8916309012875,691.8604810996563],[1118.1695278969958,691.4982817869416],[1117.4474248927038,689.3250859106529],[1117.086373390558,689.3250859106529],[1116.364270386266,685.7030927835051]]]}},{"type":"Feature","id":"region-003","properties":{"id":"region-003","number":3,"name":"Эндоо","type":"region","countryId":"country-019","rgb":[219,33,240],"styleIndex":2,"isCapital":false,"capital":false,"labelRank":1,"importance":1,"areaWorld":7126.024801910319,"labelPointMethod":"representative-point","source":"regions/country-019/regions-mask.png"},"geometry":{"type":"Polygon","coordinates":[[[1158.9683476394848,418.0378006872852],[1158.607296137339,418.0378006872852],[1158.607296137339,419.12439862542954],[1158.246244635193,419.12439862542954],[1158.246244635193,419.8487972508591],[1157.885193133047,419.8487972508591],[1157.885193133047,420.57319587628865],[1156.8020386266094,421.659793814433],[1156.4409871244634,423.4707903780069],[1156.0799356223176,423.4707903780069],[1155.7188841201717,427.45498281786945],[1155.3578326180257,427.45498281786945],[1155.7188841201717,434.33676975945014],[1155.3578326180257,434.33676975945014],[1155.3578326180257,435.4233676975945],[1153.552575107296,437.23436426116837],[1153.552575107296,439.7697594501718],[1153.1915236051502,439.7697594501718],[1153.1915236051502,440.85635738831616],[1152.8304721030042,440.85635738831616],[1152.8304721030042,443.02955326460483],[1152.4694206008583,443.02955326460483],[1152.4694206008583,444.11615120274917],[1151.7473175965665,444.8405498281787],[1151.7473175965665,446.2893470790378],[1151.3862660944205,446.2893470790378],[1151.3862660944205,447.01374570446734],[1150.3031115879828,448.46254295532646],[1147.7757510729614,448.82474226804123],[1147.7757510729614,449.186941580756],[1146.6925965665237,449.5491408934708],[1146.3315450643777,451.36013745704463],[1145.9704935622317,451.36013745704463],[1145.9704935622317,453.1711340206185],[1145.6094420600857,453.1711340206185],[1145.24839055794,455.706529209622],[1144.1652360515022,456.7931271477663],[1143.8041845493563,458.24192439862543],[1142.7210300429183,458.966323024055],[1142.7210300429183,459.69072164948454],[1141.2768240343348,460.7773195876289],[1140.9157725321888,464.76151202749145],[1141.2768240343348,464.76151202749145],[1141.2768240343348,465.485910652921],[1142.3599785407725,466.93470790378],[1143.0820815450643,466.93470790378],[1144.526287553648,468.3835051546391],[1145.24839055794,468.3835051546391],[1145.24839055794,468.7457044673539],[1145.9704935622317,468.7457044673539],[1145.9704935622317,469.1079037800687],[1147.4146995708154,469.47010309278346],[1147.7757510729614,470.194501718213],[1149.581008583691,470.5567010309278],[1150.3031115879828,471.28109965635736],[1159.6904506437768,472.3676975945017],[1159.6904506437768,472.72989690721647],[1160.7736051502145,472.72989690721647],[1160.7736051502145,473.09209621993125],[1161.8567596566522,473.09209621993125],[1161.8567596566522,473.45429553264603],[1162.9399141630902,473.45429553264603],[1162.9399141630902,473.8164948453608],[1164.023068669528,473.8164948453608],[1164.023068669528,474.1786941580756],[1165.1062231759656,474.1786941580756],[1165.1062231759656,474.54089347079037],[1169.4388412017167,474.1786941580756],[1169.4388412017167,474.54089347079037],[1170.8830472103004,474.90309278350514],[1171.6051502145922,475.9896907216495],[1172.3272532188842,475.9896907216495],[1173.049356223176,476.71408934707904],[1172.68830472103,478.16288659793815],[1172.3272532188842,478.16288659793815],[1172.3272532188842,481.78487972508594],[1172.68830472103,481.78487972508594],[1172.68830472103,482.8714776632303],[1173.049356223176,482.8714776632303],[1173.049356223176,485.04467353951884],[1174.4935622317596,486.49347079037796],[1174.8546137339056,489.0288659793814],[1175.2156652360513,489.0288659793814],[1174.8546137339056,490.11546391752574],[1174.4935622317596,490.11546391752574],[1173.7714592274679,493.37525773195875],[1173.4104077253219,493.37525773195875],[1173.4104077253219,498.80824742268044],[1173.049356223176,498.80824742268044],[1172.68830472103,500.61924398625433],[1171.2440987124464,502.06804123711345],[1169.7998927038625,502.4302405498281],[1169.4388412017167,503.15463917525767],[1168.716738197425,503.15463917525767],[1166.9114806866953,504.96563573883157],[1166.9114806866953,505.6900343642611],[1166.1893776824033,506.4144329896907],[1166.1893776824033,507.501030927835],[1165.8283261802576,507.501030927835],[1165.8283261802576,508.58762886597935],[1165.1062231759656,509.3120274914089],[1165.1062231759656,510.39862542955325],[1164.3841201716737,510.760824742268],[1164.3841201716737,514.020618556701],[1163.300965665236,515.4694158075602],[1163.300965665236,516.1938144329897],[1162.5788626609442,516.5560137457045],[1162.5788626609442,517.280412371134],[1162.2178111587982,517.280412371134],[1162.2178111587982,519.0914089347079],[1164.3841201716737,521.6268041237113],[1166.5504291845493,521.9890034364261],[1167.633583690987,523.0756013745704],[1169.4388412017167,523.8],[1169.7998927038625,525.6109965635738],[1169.4388412017167,525.6109965635738],[1169.4388412017167,527.059793814433],[1169.0777896995708,527.059793814433],[1169.0777896995708,528.1463917525773],[1168.716738197425,528.1463917525773],[1168.355686695279,529.2329896907216],[1167.633583690987,529.2329896907216],[1167.633583690987,529.5951890034364],[1163.662017167382,529.5951890034364],[1163.662017167382,529.9573883161512],[1162.2178111587982,529.9573883161512],[1162.2178111587982,530.319587628866],[1156.8020386266094,531.0439862542955],[1156.8020386266094,531.4061855670103],[1152.4694206008583,531.7683848797251],[1152.4694206008583,532.1305841924399],[1149.9420600858368,532.4927835051546],[1149.9420600858368,532.8549828178694],[1142.7210300429183,533.2171821305842],[1142.7210300429183,532.8549828178694],[1139.8326180257511,532.8549828178694],[1139.8326180257511,532.4927835051546],[1138.3884120171674,532.4927835051546],[1138.3884120171674,532.1305841924399],[1136.5831545064377,532.1305841924399],[1135.861051502146,531.0439862542955],[1134.4168454935623,530.6817869415808],[1133.3336909871246,529.5951890034364],[1132.6115879828326,529.5951890034364],[1126.112660944206,522.7134020618556],[1125.390557939914,522.7134020618556],[1124.6684549356223,521.6268041237113],[1123.9463519313304,521.6268041237113],[1123.2242489270386,520.540206185567],[1122.5021459227469,520.540206185567],[1121.780042918455,519.4536082474227],[1120.6968884120172,519.4536082474227],[1119.9747854077252,518.0048109965636],[1119.2526824034335,518.0048109965636],[1118.5305793991415,516.9182130584193],[1117.4474248927038,516.9182130584193],[1110.2263948497853,509.6742268041237],[1110.2263948497853,508.94982817869413],[1107.6990343347638,506.4144329896907],[1107.6990343347638,505.6900343642611],[1104.8106223175964,502.7924398625429],[1104.8106223175964,502.06804123711345],[1103.005364806867,500.61924398625433],[1100.8390557939915,495.5484536082474],[1100.4780042918455,495.5484536082474],[1100.4780042918455,494.82405498281787],[1099.7559012875536,494.0996563573883],[1097.950643776824,494.0996563573883],[1097.950643776824,494.4618556701031],[1096.8674892703862,494.4618556701031],[1096.8674892703862,494.82405498281787],[1095.7843347639484,494.82405498281787],[1095.7843347639484,495.18625429553265],[1094.7011802575107,495.18625429553265],[1093.9790772532187,495.9106529209622],[1093.256974248927,495.9106529209622],[1092.895922746781,496.63505154639176],[1092.1738197424893,496.63505154639176],[1091.4517167381973,497.7216494845361],[1090.7296137339056,497.7216494845361],[1090.3685622317596,498.44604810996566],[1088.924356223176,498.80824742268044],[1087.4801502145922,500.25704467353955],[1086.7580472103004,500.25704467353955],[1086.0359442060085,501.3436426116839],[1084.9527896995708,501.70584192439867],[1084.591738197425,503.15463917525767],[1083.869635193133,503.51683848797245],[1083.508583690987,504.96563573883157],[1083.147532188841,504.96563573883157],[1083.147532188841,506.0522336769759],[1080.6201716738196,508.2254295532646],[1078.4538626609442,507.8632302405498],[1078.4538626609442,507.501030927835],[1075.5654506437768,507.501030927835],[1075.5654506437768,507.13883161512024],[1071.9549356223176,507.13883161512024],[1071.9549356223176,507.501030927835],[1070.87178111588,507.501030927835],[1070.149678111588,508.2254295532646],[1069.427575107296,508.2254295532646],[1069.427575107296,508.58762886597935],[1066.1781115879828,508.2254295532646],[1066.1781115879828,507.8632302405498],[1065.094957081545,507.8632302405498],[1064.733905579399,507.13883161512024],[1063.6507510729614,507.13883161512024],[1061.8454935622317,505.32783505154634],[1061.4844420600857,503.87903780068723],[1060.401287553648,503.15463917525767],[1060.401287553648,499.53264604811],[1058.5960300429183,499.53264604811],[1058.2349785407725,500.25704467353955],[1055.3465665236051,501.3436426116839],[1055.3465665236051,501.70584192439867],[1054.6244635193134,501.70584192439867],[1053.1802575107295,500.25704467353955],[1052.8192060085837,498.44604810996566],[1053.1802575107295,498.44604810996566],[1053.1802575107295,497.7216494845361],[1054.9855150214592,496.272852233677],[1054.9855150214592,495.5484536082474],[1056.4297210300429,494.0996563573883],[1057.1518240343348,494.0996563573883],[1058.9570815450643,492.2886597938144],[1058.9570815450643,488.30446735395185],[1059.3181330472103,488.30446735395185],[1059.3181330472103,486.49347079037796],[1059.6791845493563,486.49347079037796],[1059.6791845493563,483.59587628865984],[1060.401287553648,483.23367697594506],[1060.401287553648,480.3360824742268],[1060.0402360515022,480.3360824742268],[1060.0402360515022,478.8872852233677],[1059.6791845493563,478.8872852233677],[1059.6791845493563,476.71408934707904],[1060.0402360515022,476.71408934707904],[1060.0402360515022,475.6274914089347],[1060.762339055794,474.90309278350514],[1060.762339055794,474.1786941580756],[1061.4844420600857,473.8164948453608],[1061.4844420600857,473.09209621993125],[1062.2065450643777,473.09209621993125],[1062.5675965665237,472.3676975945017],[1064.3728540772531,472.3676975945017],[1064.3728540772531,472.0054982817869],[1066.9002145922746,472.0054982817869],[1066.9002145922746,472.3676975945017],[1068.3444206008583,472.3676975945017],[1068.7054721030042,473.09209621993125],[1069.427575107296,473.09209621993125],[1071.5938841201717,475.2652920962199],[1073.3991416309013,475.2652920962199],[1074.482296137339,473.45429553264603],[1075.5654506437768,473.45429553264603],[1076.2875536480688,472.72989690721647],[1077.0096566523605,472.72989690721647],[1078.0928111587982,473.8164948453608],[1078.0928111587982,474.54089347079037],[1080.2591201716737,474.54089347079037],[1081.3422746781116,473.45429553264603],[1082.4254291845493,473.45429553264603],[1083.147532188841,472.72989690721647],[1084.9527896995708,472.3676975945017],[1086.3969957081545,470.5567010309278],[1086.3969957081545,469.47010309278346],[1088.924356223176,467.65910652920957],[1090.0075107296138,464.76151202749145],[1091.0906652360513,464.03711340206183],[1091.0906652360513,462.95051546391755],[1091.8127682403433,462.5883161512028],[1091.8127682403433,461.8639175257732],[1092.895922746781,460.7773195876289],[1092.895922746781,458.966323024055],[1091.8127682403433,457.87972508591065],[1091.8127682403433,456.43092783505153],[1093.256974248927,456.43092783505153],[1094.7011802575107,455.3443298969072],[1099.3948497854076,454.9821305841924],[1099.3948497854076,454.61993127147764],[1100.4780042918455,454.61993127147764],[1100.4780042918455,454.25773195876286],[1101.5611587982833,454.25773195876286],[1101.5611587982833,453.8955326460481],[1102.644313304721,453.8955326460481],[1106.976931330472,450.6357388316151],[1106.976931330472,449.91134020618557],[1109.1432403433475,448.1003436426117],[1109.5042918454935,446.65154639175256],[1109.8653433476395,446.65154639175256],[1110.9484978540772,441.5807560137457],[1111.6706008583692,440.85635738831616],[1111.6706008583692,440.1319587628866],[1112.753755364807,439.40756013745704],[1112.753755364807,438.3209621993127],[1113.8369098712446,436.8721649484536],[1113.8369098712446,436.14776632302403],[1114.1979613733906,436.14776632302403],[1114.1979613733906,435.4233676975945],[1114.5590128755364,435.4233676975945],[1114.5590128755364,434.6989690721649],[1114.9200643776824,434.6989690721649],[1114.9200643776824,433.97457044673536],[1117.8084763948498,431.0769759450172],[1117.8084763948498,430.3525773195876],[1119.2526824034335,429.2659793814433],[1119.2526824034335,428.54158075601373],[1120.3358369098712,427.8171821305842],[1120.3358369098712,427.09278350515467],[1124.6684549356223,423.1085910652921],[1124.6684549356223,422.38419243986255],[1126.4737124463518,420.57319587628865],[1126.8347639484978,418.76219931271476],[1127.5568669527897,418.4],[1127.9179184549357,416.95120274914086],[1129.7231759656652,415.14020618556697],[1134.4168454935623,414.7780068728522],[1134.4168454935623,414.4158075601374],[1134.777896995708,414.7780068728522],[1138.7494635193134,414.7780068728522],[1139.8326180257511,415.8646048109965],[1142.7210300429183,416.2268041237113],[1144.1652360515022,417.31340206185564],[1144.887339055794,417.31340206185564],[1145.9704935622317,418.4],[1148.1368025751071,418.4],[1148.1368025751071,418.0378006872852],[1149.9420600858368,417.6756013745704],[1149.9420600858368,417.31340206185564],[1151.3862660944205,417.31340206185564],[1151.3862660944205,416.95120274914086],[1157.1630901287554,417.31340206185564],[1157.1630901287554,417.6756013745704],[1158.9683476394848,417.6756013745704],[1158.9683476394848,418.0378006872852]]]}},{"type":"Feature","id":"region-004","properties":{"id":"region-004","number":4,"name":"Калантия","type":"region","countryId":"country-019","rgb":[240,33,33],"styleIndex":3,"isCapital":false,"capital":false,"labelRank":1,"importance":1,"areaWorld":8089.31063824106,"labelPointMethod":"representative-point","source":"regions/country-019/regions-mask.png"},"geometry":{"type":"Polygon","coordinates":[[[1439.144313304721,456.06872852233676],[1435.1727467811158,454.9821305841924],[1434.450643776824,454.25773195876286],[1433.7285407725321,454.25773195876286],[1433.3674892703862,453.5333333333333],[1432.6453862660944,453.5333333333333],[1432.2843347639484,452.80893470790375],[1430.8401287553647,452.44673539518897],[1430.8401287553647,452.0845360824742],[1429.756974248927,452.0845360824742],[1429.0348712446353,451.36013745704463],[1426.5075107296138,451.36013745704463],[1426.5075107296138,450.99793814432985],[1423.2580472103004,450.6357388316151],[1422.8969957081545,448.82474226804123],[1422.5359442060085,448.82474226804123],[1422.1748927038625,447.3759450171821],[1421.4527896995708,446.65154639175256],[1419.286480686695,445.927147766323],[1418.2033261802576,444.8405498281787],[1415.6759656652362,444.47835051546394],[1413.5096566523605,442.30515463917527],[1410.621244635193,441.21855670103093],[1410.2601931330473,440.4941580756014],[1408.8159871244634,440.1319587628866],[1408.8159871244634,439.7697594501718],[1408.0938841201717,439.7697594501718],[1405.2054721030042,436.8721649484536],[1404.4833690987125,436.8721649484536],[1397.6233905579397,429.99037800687285],[1395.0960300429183,429.62817869415807],[1395.0960300429183,429.99037800687285],[1394.3739270386266,429.99037800687285],[1393.6518240343348,432.1635738831615],[1393.2907725321888,432.1635738831615],[1393.2907725321888,433.2501718213058],[1392.207618025751,434.6989690721649],[1392.207618025751,435.4233676975945],[1390.7634120171674,436.8721649484536],[1390.0413090128754,439.7697594501718],[1388.9581545064377,440.85635738831616],[1387.513948497854,441.21855670103093],[1387.513948497854,441.5807560137457],[1386.4307939914163,441.5807560137457],[1385.7086909871246,442.30515463917527],[1383.5423819742489,442.66735395189005],[1383.5423819742489,443.02955326460483],[1382.0981759656652,443.02955326460483],[1382.0981759656652,443.3917525773196],[1376.3213519313304,442.66735395189005],[1376.3213519313304,443.02955326460483],[1375.2381974248926,443.02955326460483],[1375.2381974248926,443.3917525773196],[1374.155042918455,443.3917525773196],[1374.155042918455,443.7539518900344],[1371.9887339055795,443.7539518900344],[1371.9887339055795,444.11615120274917],[1371.6276824034335,443.7539518900344],[1366.2119098712446,443.7539518900344],[1366.2119098712446,444.11615120274917],[1364.767703862661,444.11615120274917],[1364.0456008583692,444.8405498281787],[1364.406652360515,446.2893470790378],[1365.4898068669527,447.3759450171821],[1365.4898068669527,449.186941580756],[1362.9624463519312,451.36013745704463],[1362.6013948497853,453.8955326460481],[1364.767703862661,456.43092783505153],[1365.1287553648067,459.32852233676977],[1366.2119098712446,460.4151202749141],[1366.2119098712446,461.50171821305844],[1366.9340128755366,462.226116838488],[1366.9340128755366,463.31271477663233],[1367.6561158798283,464.03711340206183],[1367.6561158798283,465.485910652921],[1368.017167381974,465.485910652921],[1367.2950643776824,468.7457044673539],[1366.2119098712446,469.83230240549824],[1364.406652360515,470.194501718213],[1364.406652360515,470.5567010309278],[1362.2403433476393,470.194501718213],[1360.0740343347638,467.65910652920957],[1359.351931330472,467.65910652920957],[1358.2687768240344,466.21030927835045],[1356.102467811159,465.485910652921],[1356.102467811159,465.1237113402062],[1345.2709227467813,464.76151202749145],[1344.5488197424893,465.485910652921],[1343.8267167381973,465.485910652921],[1343.1046137339056,464.39931271477667],[1342.3825107296138,464.39931271477667],[1341.6604077253219,463.31271477663233],[1340.93830472103,463.31271477663233],[1340.2162017167382,462.5883161512028],[1339.4940987124464,458.966323024055],[1338.7719957081545,458.24192439862543],[1338.7719957081545,457.51752577319587],[1335.883583690987,455.3443298969072],[1335.883583690987,454.61993127147764],[1332.6341201716737,451.36013745704463],[1331.5509656652362,448.46254295532646],[1331.1899141630902,448.46254295532646],[1330.8288626609442,442.30515463917527],[1331.1899141630902,442.30515463917527],[1331.5509656652362,440.1319587628866],[1331.912017167382,440.1319587628866],[1331.912017167382,439.04536082474226],[1332.273068669528,439.04536082474226],[1332.273068669528,436.5099656357388],[1331.912017167382,436.5099656357388],[1331.5509656652362,434.6989690721649],[1330.1067596566522,433.2501718213058],[1327.9404506437768,432.887972508591],[1327.9404506437768,432.52577319587624],[1326.857296137339,432.1635738831615],[1326.496244635193,426.3683848797251],[1329.0236051502145,426.3683848797251],[1329.7457081545062,425.2817869415808],[1330.4678111587982,425.2817869415808],[1331.5509656652362,422.7463917525773],[1332.9951716738196,421.2975945017182],[1334.8004291845493,420.57319587628865],[1335.522532188841,419.4865979381443],[1342.0214592274679,419.12439862542954],[1342.3825107296138,420.93539518900343],[1342.0214592274679,420.93539518900343],[1342.0214592274679,421.659793814433],[1341.6604077253219,421.659793814433],[1341.6604077253219,422.38419243986255],[1341.299356223176,422.38419243986255],[1341.299356223176,423.1085910652921],[1340.2162017167382,424.5573883161512],[1340.2162017167382,426.7305841924399],[1345.2709227467813,426.7305841924399],[1345.2709227467813,426.3683848797251],[1346.7151287553647,426.3683848797251],[1346.7151287553647,426.00618556701033],[1350.68669527897,426.00618556701033],[1351.4087982832616,427.09278350515467],[1354.658261802575,427.09278350515467],[1354.658261802575,427.45498281786945],[1356.4635193133047,427.45498281786945],[1356.8245708154504,428.17938144329895],[1360.4350858369098,428.17938144329895],[1360.4350858369098,428.54158075601373],[1361.1571888412018,428.54158075601373],[1361.1571888412018,429.62817869415807],[1362.9624463519312,431.43917525773196],[1363.6845493562232,431.43917525773196],[1364.0456008583692,432.1635738831615],[1366.9340128755366,432.1635738831615],[1366.9340128755366,431.80137457044674],[1368.017167381974,431.80137457044674],[1368.37821888412,431.0769759450172],[1369.100321888412,431.0769759450172],[1369.461373390558,430.7147766323024],[1369.461373390558,428.54158075601373],[1368.37821888412,427.8171821305842],[1368.37821888412,427.09278350515467],[1367.2950643776824,425.64398625429556],[1367.2950643776824,424.5573883161512],[1366.5729613733906,423.83298969072166],[1366.5729613733906,422.7463917525773],[1365.4898068669527,421.659793814433],[1365.4898068669527,420.57319587628865],[1365.1287553648067,420.57319587628865],[1365.1287553648067,419.4865979381443],[1364.767703862661,419.4865979381443],[1364.767703862661,417.6756013745704],[1365.4898068669527,417.31340206185564],[1365.8508583690987,416.2268041237113],[1368.739270386266,415.50240549828175],[1368.37821888412,409.70721649484534],[1368.739270386266,409.70721649484534],[1368.739270386266,408.98281786941584],[1369.8224248927038,408.62061855670106],[1370.1834763948498,406.0852233676976],[1370.9055793991415,406.0852233676976],[1372.3497854077254,404.9986254295533],[1372.7108369098712,391.9594501718213],[1372.3497854077254,391.9594501718213],[1372.3497854077254,390.872852233677],[1371.9887339055795,390.872852233677],[1371.2666309012875,386.88865979381444],[1371.6276824034335,386.88865979381444],[1371.6276824034335,385.8020618556701],[1372.7108369098712,384.71546391752577],[1372.7108369098712,383.9910652920962],[1373.793991416309,382.9044673539519],[1374.516094420601,382.9044673539519],[1375.2381974248926,382.1800687285223],[1376.3213519313304,382.1800687285223],[1376.6824034334763,381.45567010309276],[1380.2929184549357,381.45567010309276],[1381.0150214592275,380.3690721649484],[1381.7371244635192,380.3690721649484],[1383.9034334763949,378.19587628865975],[1383.9034334763949,377.10927835051547],[1384.2644849785406,377.10927835051547],[1384.2644849785406,372.0384879725086],[1383.9034334763949,372.0384879725086],[1383.9034334763949,370.9518900343643],[1384.2644849785406,370.9518900343643],[1384.6255364806866,369.50309278350517],[1386.4307939914163,369.1408934707904],[1386.4307939914163,368.7786941580756],[1387.875,368.7786941580756],[1387.875,368.41649484536083],[1390.7634120171674,369.1408934707904],[1390.7634120171674,369.50309278350517],[1392.9297210300429,369.50309278350517],[1393.6518240343348,370.2274914089347],[1395.4570815450643,370.2274914089347],[1396.1791845493563,369.50309278350517],[1397.262339055794,365.5189003436426],[1397.6233905579397,365.5189003436426],[1397.6233905579397,364.0701030927835],[1397.9844420600857,364.0701030927835],[1397.9844420600857,363.3457044673539],[1398.7065450643777,362.62130584192437],[1398.7065450643777,361.53470790378003],[1399.7896995708154,360.0859106529209],[1399.7896995708154,358.63711340206186],[1400.5118025751071,357.9127147766323],[1400.5118025751071,356.82611683848796],[1401.594957081545,355.7395189003436],[1403.0391630901286,351.7553264604811],[1404.4833690987125,350.306529209622],[1404.4833690987125,349.58213058419244],[1404.8444206008585,349.58213058419244],[1404.8444206008585,348.8577319587629],[1405.927575107296,347.40893470790377],[1406.288626609442,345.2357388316151],[1407.7328326180257,343.786941580756],[1407.7328326180257,343.0625429553264],[1408.0938841201717,343.0625429553264],[1408.0938841201717,342.33814432989686],[1408.4549356223174,342.33814432989686],[1408.4549356223174,341.61374570446736],[1409.5380901287554,340.16494845360825],[1411.7043991416308,339.4405498281787],[1412.0654506437768,338.71615120274913],[1413.5096566523605,338.71615120274913],[1414.5928111587982,340.16494845360825],[1414.9538626609442,347.40893470790377],[1415.3149141630902,347.40893470790377],[1415.6759656652362,349.21993127147766],[1416.398068669528,349.9443298969072],[1418.5643776824033,349.9443298969072],[1419.647532188841,348.8577319587629],[1419.647532188841,348.1333333333333],[1420.369635193133,347.40893470790377],[1420.369635193133,345.96013745704465],[1420.730686695279,345.96013745704465],[1420.730686695279,342.70034364261164],[1421.091738197425,342.70034364261164],[1421.4527896995708,341.2515463917526],[1423.2580472103004,339.4405498281787],[1423.9801502145922,339.4405498281787],[1424.3412017167382,338.35395189003435],[1424.702253218884,338.35395189003435],[1424.702253218884,333.6453608247423],[1424.3412017167382,333.6453608247423],[1424.3412017167382,332.55876288659795],[1425.06330472103,332.19656357388317],[1425.06330472103,330.74776632302405],[1425.424356223176,330.74776632302405],[1425.7854077253219,328.93676975945016],[1427.5906652360513,327.12577319587626],[1428.3127682403433,327.12577319587626],[1428.6738197424893,326.4013745704467],[1430.8401287553647,325.67697594501715],[1431.2011802575107,324.9525773195876],[1432.2843347639484,324.9525773195876],[1432.2843347639484,324.59037800687287],[1433.7285407725321,324.2281786941581],[1433.7285407725321,323.50378006872853],[1434.0895922746781,323.50378006872853],[1434.0895922746781,320.2439862542955],[1433.3674892703862,319.51958762886596],[1433.3674892703862,317.34639175257735],[1433.7285407725321,317.34639175257735],[1434.0895922746781,316.259793814433],[1437.7001072961373,316.98419243986257],[1437.7001072961373,317.34639175257735],[1439.144313304721,317.7085910652921],[1439.866416309013,318.7951890034364],[1440.5885193133047,318.7951890034364],[1440.9495708154504,319.51958762886596],[1443.476931330472,319.51958762886596],[1443.476931330472,319.1573883161512],[1444.1990343347638,319.1573883161512],[1444.9211373390558,318.4329896907216],[1446.0042918454935,318.4329896907216],[1446.3653433476393,317.7085910652921],[1447.8095493562232,317.34639175257735],[1448.1706008583692,316.6219931271478],[1451.4200643776824,315.53539518900345],[1452.142167381974,314.4487972508591],[1456.1137339055795,313.0],[1458.280042918455,315.1731958762887],[1458.280042918455,316.6219931271478],[1456.4747854077254,318.07079037800685],[1456.4747854077254,319.1573883161512],[1455.3916309012875,320.2439862542955],[1455.7526824034335,326.0391752577319],[1453.586373390558,327.8501718213058],[1453.586373390558,328.5745704467354],[1453.225321888412,328.5745704467354],[1453.225321888412,329.29896907216494],[1452.864270386266,329.29896907216494],[1452.864270386266,330.0233676975945],[1451.7811158798281,331.4721649484536],[1451.7811158798281,332.55876288659795],[1451.4200643776824,332.55876288659795],[1451.4200643776824,334.00756013745706],[1451.0590128755366,334.00756013745706],[1451.4200643776824,339.4405498281787],[1452.142167381974,339.4405498281787],[1452.142167381974,339.80274914089347],[1461.1684549356223,340.16494845360825],[1461.8905579399143,340.8893470790378],[1461.8905579399143,341.9759450171821],[1460.4463519313304,343.4247422680412],[1456.8358369098712,344.8735395189003],[1456.1137339055795,345.96013745704465],[1453.9474248927038,345.96013745704465],[1453.586373390558,346.32233676975943],[1453.586373390558,349.21993127147766],[1452.50321888412,350.6687285223368],[1449.9758583690987,351.03092783505156],[1448.892703862661,352.1175257731959],[1446.0042918454935,352.84192439862545],[1444.5600858369098,353.9285223367698],[1437.3390557939915,353.9285223367698],[1437.3390557939915,354.29072164948457],[1435.8948497854076,354.65292096219935],[1432.6453862660944,357.9127147766323],[1430.8401287553647,357.9127147766323],[1430.8401287553647,358.2749140893471],[1429.395922746781,358.2749140893471],[1429.395922746781,358.63711340206186],[1428.3127682403433,358.63711340206186],[1428.3127682403433,358.99931271477664],[1425.7854077253219,359.3615120274914],[1424.702253218884,360.8103092783505],[1423.9801502145922,360.8103092783505],[1423.2580472103004,361.8969072164948],[1422.5359442060085,361.8969072164948],[1420.730686695279,364.0701030927835],[1420.730686695279,365.8810996563574],[1421.091738197425,366.24329896907216],[1422.1748927038625,366.24329896907216],[1422.1748927038625,366.60549828178694],[1426.8685622317596,366.24329896907216],[1426.8685622317596,365.8810996563574],[1428.3127682403433,365.8810996563574],[1429.0348712446353,365.1567010309278],[1431.2011802575107,364.79450171821304],[1431.9232832618027,364.0701030927835],[1433.0064377682402,364.0701030927835],[1433.3674892703862,363.3457044673539],[1434.450643776824,363.3457044673539],[1435.1727467811158,362.62130584192437],[1438.783261802575,361.8969072164948],[1439.505364806867,361.17250859106525],[1440.9495708154504,361.17250859106525],[1440.9495708154504,360.8103092783505],[1446.3653433476393,359.3615120274914],[1449.2537553648067,357.18831615120274],[1452.864270386266,356.82611683848796],[1452.864270386266,357.18831615120274],[1453.586373390558,357.18831615120274],[1455.0305793991415,358.2749140893471],[1455.0305793991415,358.99931271477664],[1455.7526824034335,359.7237113402062],[1455.7526824034335,360.8103092783505],[1456.4747854077254,361.17250859106525],[1456.4747854077254,365.1567010309278],[1457.1968884120172,365.5189003436426],[1457.1968884120172,366.24329896907216],[1458.280042918455,366.60549828178694],[1458.280042918455,366.9676975945017],[1461.5295064377683,366.9676975945017],[1463.3347639484978,368.7786941580756],[1463.3347639484978,370.5896907216495],[1462.25160944206,371.67628865979384],[1462.25160944206,372.4006872852234],[1461.5295064377683,372.7628865979382],[1461.8905579399143,375.66048109965635],[1464.7789699570815,375.2982817869416],[1464.7789699570815,374.9360824742268],[1465.5010729613732,374.9360824742268],[1466.9452789699571,373.84948453608246],[1470.5557939914163,373.84948453608246],[1472.0,375.66048109965635],[1471.638948497854,378.19587628865975],[1470.5557939914163,379.2824742268041],[1469.4726394849786,379.64467353951886],[1468.7505364806866,382.5422680412371],[1468.0284334763949,383.26666666666665],[1466.5842274678112,383.62886597938143],[1466.5842274678112,383.9910652920962],[1461.8905579399143,384.353264604811],[1461.8905579399143,384.71546391752577],[1458.280042918455,384.71546391752577],[1458.280042918455,385.07766323024055],[1456.8358369098712,385.07766323024055],[1456.8358369098712,385.4398625429553],[1452.50321888412,385.07766323024055],[1451.0590128755366,383.9910652920962],[1447.8095493562232,383.9910652920962],[1447.4484978540772,385.07766323024055],[1445.6432403433478,385.8020618556701],[1444.1990343347638,387.2508591065292],[1443.8379828326179,388.69965635738833],[1441.6716738197424,390.51065292096223],[1440.5885193133047,390.51065292096223],[1440.5885193133047,390.872852233677],[1438.0611587982833,390.872852233677],[1438.0611587982833,390.51065292096223],[1436.9780042918455,390.51065292096223],[1436.9780042918455,390.14845360824745],[1433.3674892703862,390.14845360824745],[1433.3674892703862,390.51065292096223],[1432.6453862660944,390.51065292096223],[1432.2843347639484,391.5972508591065],[1431.9232832618027,391.5972508591065],[1431.9232832618027,393.7704467353952],[1433.0064377682402,394.13264604810996],[1433.0064377682402,394.49484536082474],[1434.0895922746781,394.49484536082474],[1434.0895922746781,394.8570446735395],[1436.6169527896996,394.8570446735395],[1437.7001072961373,395.94364261168386],[1437.7001072961373,397.7546391752577],[1437.3390557939915,397.7546391752577],[1437.3390557939915,398.84123711340203],[1436.6169527896996,399.5656357388316],[1436.6169527896996,401.73883161512026],[1435.8948497854076,402.10103092783504],[1435.1727467811158,404.2742268041237],[1427.5906652360513,411.880412371134],[1426.5075107296138,411.880412371134],[1425.7854077253219,412.6048109965636],[1423.9801502145922,412.6048109965636],[1422.8969957081545,413.6914089347079],[1422.5359442060085,416.95120274914086],[1421.8138412017167,417.6756013745704],[1419.286480686695,417.6756013745704],[1419.286480686695,418.0378006872852],[1418.2033261802576,418.4],[1418.2033261802576,421.2975945017182],[1419.286480686695,421.659793814433],[1419.647532188841,422.38419243986255],[1420.369635193133,422.38419243986255],[1420.730686695279,423.1085910652921],[1422.5359442060085,423.1085910652921],[1423.9801502145922,424.5573883161512],[1423.9801502145922,427.45498281786945],[1425.06330472103,427.8171821305842],[1425.424356223176,428.54158075601373],[1426.1464592274679,428.54158075601373],[1426.1464592274679,429.62817869415807],[1426.5075107296138,429.62817869415807],[1427.2296137339056,431.80137457044674],[1428.6738197424893,432.887972508591],[1428.6738197424893,433.6123711340206],[1429.0348712446353,433.6123711340206],[1428.6738197424893,437.59656357388315],[1429.0348712446353,437.59656357388315],[1429.0348712446353,439.40756013745704],[1429.395922746781,439.40756013745704],[1429.756974248927,440.85635738831616],[1430.4790772532187,441.21855670103093],[1430.4790772532187,441.9429553264605],[1431.2011802575107,441.9429553264605],[1431.9232832618027,442.66735395189005],[1433.0064377682402,442.66735395189005],[1433.0064377682402,443.02955326460483],[1435.8948497854076,443.02955326460483],[1436.6169527896996,441.21855670103093],[1436.9780042918455,441.21855670103093],[1437.3390557939915,439.40756013745704],[1438.0611587982833,439.04536082474226],[1438.0611587982833,438.3209621993127],[1439.144313304721,437.23436426116837],[1440.5885193133047,437.23436426116837],[1442.3937768240344,439.04536082474226],[1443.1158798283261,439.04536082474226],[1444.5600858369098,440.85635738831616],[1445.2821888412018,440.85635738831616],[1446.0042918454935,441.5807560137457],[1446.0042918454935,442.30515463917527],[1446.7263948497853,442.66735395189005],[1447.0874463519312,445.927147766323],[1446.7263948497853,445.927147766323],[1446.3653433476393,447.7381443298969],[1443.476931330472,450.6357388316151],[1442.7548283261804,450.6357388316151],[1442.0327253218884,451.7223367697594],[1441.3106223175964,451.7223367697594],[1440.227467811159,452.80893470790375],[1440.227467811159,453.5333333333333],[1439.505364806867,453.8955326460481],[1439.505364806867,456.06872852233676],[1439.144313304721,456.06872852233676]]]}},{"type":"Feature","id":"region-023","properties":{"id":"region-023","number":23,"name":"Кастелия","type":"region","countryId":"country-019","rgb":[240,33,54],"styleIndex":2,"isCapital":false,"capital":false,"labelRank":3,"importance":3,"areaWorld":1554.5095211915745,"labelPointMethod":"representative-point","source":"regions/country-019/regions-mask.png"},"geometry":{"type":"Polygon","coordinates":[[[1091.4517167381973,595.8776632302405],[1093.9790772532187,595.1532646048109],[1096.1453862660944,592.9800687285223],[1096.1453862660944,592.2556701030928],[1096.8674892703862,591.893470790378],[1096.8674892703862,591.1690721649485],[1098.3116952789699,589.7202749140894],[1101.5611587982833,589.7202749140894],[1102.644313304721,590.8068728522337],[1103.366416309013,590.8068728522337],[1103.7274678111587,591.5312714776633],[1104.4495708154507,591.5312714776633],[1107.3379828326179,594.4288659793814],[1108.7821888412018,598.413058419244],[1109.5042918454935,598.413058419244],[1110.2263948497853,599.1374570446735],[1110.5874463519312,601.3106529209622],[1111.6706008583692,602.3972508591065],[1111.6706008583692,603.1216494845361],[1112.392703862661,603.4838487972509],[1112.392703862661,604.2082474226804],[1112.753755364807,604.2082474226804],[1112.753755364807,604.93264604811],[1113.8369098712446,606.3814432989691],[1114.9200643776824,606.0192439862543],[1115.2811158798283,603.8460481099656],[1117.086373390558,601.672852233677],[1123.9463519313304,600.9484536082474],[1123.9463519313304,600.2240549828178],[1124.6684549356223,599.4996563573883],[1124.6684549356223,597.6886597938144],[1125.75160944206,596.6020618556701],[1129.3621244635192,597.3264604810996],[1129.3621244635192,597.6886597938144],[1130.806330472103,597.6886597938144],[1130.806330472103,598.0508591065292],[1132.2505364806866,598.0508591065292],[1132.2505364806866,598.413058419244],[1133.6947424892703,598.413058419244],[1133.6947424892703,598.7752577319587],[1135.138948497854,598.7752577319587],[1135.138948497854,599.1374570446735],[1136.5831545064377,599.4996563573883],[1137.3052575107295,600.5862542955326],[1138.3884120171674,600.5862542955326],[1139.1105150214592,601.3106529209622],[1138.0273605150214,602.3972508591065],[1135.138948497854,603.4838487972509],[1134.777896995708,604.93264604811],[1138.0273605150214,608.192439862543],[1138.0273605150214,608.9168384879725],[1138.7494635193134,609.6412371134021],[1138.7494635193134,610.7278350515464],[1139.4715665236051,611.4522336769759],[1139.4715665236051,612.5388316151202],[1139.8326180257511,612.5388316151202],[1140.1936695278969,621.2316151202749],[1140.5547210300429,621.2316151202749],[1140.5547210300429,621.9560137457045],[1141.6378755364806,623.4048109965636],[1141.6378755364806,624.4914089347079],[1141.9989270386266,624.4914089347079],[1141.9989270386266,626.6646048109966],[1141.2768240343348,627.0268041237114],[1140.9157725321888,628.1134020618557],[1139.4715665236051,629.1999999999999],[1138.7494635193134,629.1999999999999],[1138.7494635193134,629.5621993127147],[1134.0557939914163,629.1999999999999],[1129.7231759656652,633.9085910652921],[1129.0010729613734,633.9085910652921],[1128.6400214592275,634.6329896907216],[1127.5568669527897,634.9951890034364],[1127.9179184549357,638.2549828178694],[1127.5568669527897,638.6171821305842],[1124.6684549356223,638.6171821305842],[1124.6684549356223,638.979381443299],[1123.5853004291846,638.979381443299],[1123.5853004291846,639.3415807560137],[1121.418991416309,638.979381443299],[1119.9747854077252,637.8927835051546],[1118.8916309012875,637.8927835051546],[1117.4474248927038,636.8061855670103],[1116.725321888412,636.8061855670103],[1115.642167381974,635.719587628866],[1115.642167381974,634.9951890034364],[1114.9200643776824,634.6329896907216],[1114.9200643776824,633.5463917525773],[1114.5590128755364,633.5463917525773],[1114.5590128755364,629.1999999999999],[1114.9200643776824,628.8378006872853],[1114.5590128755364,628.8378006872853],[1114.5590128755364,627.7512027491409],[1114.1979613733906,627.7512027491409],[1113.8369098712446,626.6646048109966],[1111.6706008583692,626.6646048109966],[1110.2263948497853,627.7512027491409],[1108.0600858369098,628.1134020618557],[1107.3379828326179,628.8378006872853],[1106.2548283261804,628.8378006872853],[1106.2548283261804,629.1999999999999],[1104.8106223175964,629.5621993127147],[1103.005364806867,629.1999999999999],[1102.283261802575,628.1134020618557],[1101.5611587982833,628.1134020618557],[1101.5611587982833,627.3890034364262],[1100.4780042918455,626.3024054982818],[1099.7559012875536,626.3024054982818],[1098.3116952789699,624.4914089347079],[1097.5895922746781,624.4914089347079],[1096.5064377682402,623.4048109965636],[1096.5064377682402,622.680412371134],[1096.1453862660944,622.680412371134],[1096.5064377682402,616.160824742268],[1096.1453862660944,616.160824742268],[1096.1453862660944,615.0742268041237],[1094.7011802575107,613.6254295532646],[1092.5348712446353,612.901030927835],[1091.4517167381973,611.8144329896907],[1090.7296137339056,609.6412371134021],[1090.3685622317596,609.6412371134021],[1090.3685622317596,607.8302405498282],[1090.0075107296138,607.8302405498282],[1090.0075107296138,606.7436426116839],[1089.6464592274679,606.7436426116839],[1089.6464592274679,605.6570446735395],[1088.56330472103,605.2948453608248],[1088.2022532188842,604.2082474226804],[1087.8412017167382,604.2082474226804],[1087.8412017167382,603.8460481099656],[1089.2854077253219,603.8460481099656],[1091.0906652360513,602.0350515463917],[1091.4517167381973,599.1374570446735],[1091.8127682403433,599.1374570446735],[1091.8127682403433,596.2398625429553],[1091.4517167381973,595.8776632302405]]]}},{"type":"Feature","id":"region-012","properties":{"id":"region-012","number":12,"name":"Селения","type":"region","countryId":"country-019","rgb":[240,33,123],"styleIndex":1,"isCapital":false,"capital":false,"labelRank":2,"importance":2,"areaWorld":2712.2238470274183,"labelPointMethod":"representative-point","source":"regions/country-019/regions-mask.png"},"geometry":{"type":"Polygon","coordinates":[[[1120.6968884120172,519.4536082474227],[1121.780042918455,519.4536082474227],[1122.5021459227469,520.540206185567],[1123.2242489270386,520.540206185567],[1123.9463519313304,521.6268041237113],[1124.6684549356223,521.6268041237113],[1125.390557939914,522.7134020618556],[1126.112660944206,522.7134020618556],[1132.6115879828326,529.5951890034364],[1133.3336909871246,529.5951890034364],[1134.4168454935623,530.6817869415808],[1135.861051502146,531.0439862542955],[1136.5831545064377,532.1305841924399],[1136.2221030042917,532.1305841924399],[1136.2221030042917,533.2171821305842],[1135.861051502146,533.2171821305842],[1135.861051502146,535.7525773195877],[1136.5831545064377,536.1147766323024],[1136.5831545064377,536.839175257732],[1137.3052575107295,536.839175257732],[1137.6663090128754,537.5635738831616],[1138.3884120171674,537.5635738831616],[1138.3884120171674,537.9257731958763],[1139.8326180257511,538.2879725085911],[1140.1936695278969,539.0123711340206],[1141.6378755364806,539.3745704467353],[1142.7210300429183,540.4611683848797],[1142.7210300429183,541.1855670103092],[1143.4431330472103,541.547766323024],[1143.4431330472103,542.2721649484536],[1144.887339055794,543.3587628865979],[1144.887339055794,545.1697594501718],[1144.526287553648,545.1697594501718],[1144.1652360515022,546.6185567010309],[1141.6378755364806,548.7917525773196],[1141.6378755364806,551.6893470790378],[1142.3599785407725,552.0515463917526],[1142.3599785407725,552.7759450171822],[1144.887339055794,555.3113402061856],[1145.6094420600857,555.3113402061856],[1146.3315450643777,556.3979381443299],[1147.0536480686694,556.3979381443299],[1147.7757510729614,557.4845360824742],[1148.4978540772531,557.4845360824742],[1148.858905579399,558.2089347079037],[1149.581008583691,558.2089347079037],[1150.6641630901288,559.2955326460481],[1150.6641630901288,561.106529209622],[1148.1368025751071,563.2797250859106],[1148.1368025751071,565.0907216494845],[1148.4978540772531,565.0907216494845],[1150.6641630901288,570.1615120274914],[1151.7473175965665,571.2481099656358],[1151.3862660944205,576.3189003436426],[1151.7473175965665,576.3189003436426],[1152.1083690987125,577.7676975945017],[1153.552575107296,578.854295532646],[1153.552575107296,579.5786941580756],[1154.635729613734,580.3030927835051],[1154.635729613734,581.0274914089347],[1157.1630901287554,582.114089347079],[1157.5241416309013,582.8384879725086],[1158.9683476394848,582.8384879725086],[1158.9683476394848,583.5628865979381],[1159.6904506437768,584.2872852233677],[1159.6904506437768,586.0982817869416],[1160.0515021459228,586.0982817869416],[1161.8567596566522,590.4446735395189],[1163.662017167382,591.893470790378],[1164.023068669528,594.0666666666666],[1164.3841201716737,594.0666666666666],[1163.662017167382,596.9642611683848],[1161.1346566523605,599.1374570446735],[1160.7736051502145,602.0350515463917],[1160.4125536480688,602.0350515463917],[1160.7736051502145,603.8460481099656],[1160.0515021459228,604.2082474226804],[1159.6904506437768,606.7436426116839],[1157.885193133047,608.192439862543],[1156.8020386266094,608.192439862543],[1156.8020386266094,607.8302405498282],[1154.635729613734,607.8302405498282],[1154.635729613734,607.4680412371134],[1146.3315450643777,606.7436426116839],[1144.526287553648,605.2948453608248],[1144.1652360515022,603.4838487972509],[1143.0820815450643,602.0350515463917],[1139.1105150214592,601.3106529209622],[1138.3884120171674,600.5862542955326],[1137.3052575107295,600.5862542955326],[1136.5831545064377,599.4996563573883],[1135.138948497854,599.1374570446735],[1135.138948497854,598.7752577319587],[1133.6947424892703,598.7752577319587],[1133.6947424892703,598.413058419244],[1132.2505364806866,598.413058419244],[1132.2505364806866,598.0508591065292],[1130.806330472103,598.0508591065292],[1130.806330472103,597.6886597938144],[1129.3621244635192,597.6886597938144],[1129.3621244635192,597.3264604810996],[1125.75160944206,596.6020618556701],[1126.112660944206,593.7044673539518],[1124.6684549356223,591.893470790378],[1122.8631974248926,591.1690721649485],[1122.5021459227469,590.4446735395189],[1121.780042918455,590.4446735395189],[1121.418991416309,589.7202749140894],[1120.6968884120172,589.7202749140894],[1119.9747854077252,588.633676975945],[1118.5305793991415,588.2714776632303],[1118.1695278969958,587.5470790378007],[1112.753755364807,586.0982817869416],[1112.031652360515,585.373883161512],[1112.392703862661,583.5628865979381],[1114.9200643776824,581.0274914089347],[1114.9200643776824,580.3030927835051],[1116.00321888412,579.2164948453608],[1117.086373390558,579.2164948453608],[1117.8084763948498,578.4920962199312],[1118.5305793991415,578.4920962199312],[1119.9747854077252,577.0432989690721],[1120.3358369098712,574.5079037800688],[1119.2526824034335,573.0591065292097],[1118.5305793991415,573.0591065292097],[1118.5305793991415,572.6969072164949],[1117.8084763948498,572.6969072164949],[1117.8084763948498,572.3347079037801],[1115.2811158798283,571.2481099656358],[1114.9200643776824,568.3505154639175],[1112.392703862661,565.8151202749141],[1108.4211373390558,564.366323024055],[1107.3379828326179,563.2797250859106],[1107.3379828326179,561.4687285223367],[1109.5042918454935,559.2955326460481],[1111.6706008583692,558.9333333333333],[1112.753755364807,557.846735395189],[1113.8369098712446,554.586941580756],[1113.1148068669527,553.8625429553265],[1113.1148068669527,552.7759450171822],[1112.753755364807,552.7759450171822],[1112.392703862661,550.9649484536083],[1112.031652360515,550.9649484536083],[1111.6706008583692,549.1539518900344],[1109.1432403433475,546.6185567010309],[1106.2548283261804,545.5319587628866],[1105.8937768240344,544.4453608247422],[1105.5327253218884,544.4453608247422],[1105.5327253218884,542.6343642611683],[1107.3379828326179,542.2721649484536],[1108.0600858369098,541.547766323024],[1108.0600858369098,539.7367697594501],[1106.976931330472,539.0123711340206],[1106.976931330472,537.9257731958763],[1106.6158798283261,537.9257731958763],[1106.6158798283261,535.0281786941581],[1107.3379828326179,534.3037800687285],[1107.3379828326179,533.579381443299],[1108.4211373390558,533.2171821305842],[1108.7821888412018,532.4927835051546],[1109.5042918454935,532.4927835051546],[1109.5042918454935,532.1305841924399],[1110.2263948497853,532.1305841924399],[1110.2263948497853,531.7683848797251],[1110.9484978540772,531.7683848797251],[1112.392703862661,530.319587628866],[1113.1148068669527,530.319587628866],[1113.4758583690987,529.5951890034364],[1114.1979613733906,529.5951890034364],[1114.5590128755364,528.8707903780069],[1115.2811158798283,528.8707903780069],[1115.642167381974,528.1463917525773],[1117.086373390558,527.7841924398625],[1117.4474248927038,527.059793814433],[1118.1695278969958,527.059793814433],[1118.1695278969958,526.3353951890034],[1118.8916309012875,525.9731958762886],[1119.2526824034335,524.1621993127147],[1119.6137339055795,524.1621993127147],[1119.9747854077252,520.9024054982817],[1120.3358369098712,520.9024054982817],[1120.3358369098712,519.4536082474227],[1120.6968884120172,519.4536082474227]]]}},{"type":"Feature","id":"region-016","properties":{"id":"region-016","number":16,"name":"Сильвания","type":"region","countryId":"country-019","rgb":[240,33,192],"styleIndex":0,"isCapital":false,"capital":false,"labelRank":1,"importance":1,"areaWorld":4501.087590373943,"labelPointMethod":"representative-point","source":"regions/country-019/regions-mask.png"},"geometry":{"type":"Polygon","coordinates":[[[1362.6013948497853,554.2247422680413],[1361.5182403433478,552.7759450171822],[1360.4350858369098,552.7759450171822],[1360.4350858369098,552.4137457044674],[1359.351931330472,552.4137457044674],[1359.351931330472,552.0515463917526],[1358.2687768240344,552.0515463917526],[1358.2687768240344,551.6893470790378],[1356.8245708154504,551.327147766323],[1355.019313304721,545.5319587628866],[1352.8530042918455,543.7209621993127],[1351.0477467811158,543.7209621993127],[1349.9645922746781,546.6185567010309],[1349.2424892703862,546.9807560137457],[1349.2424892703862,547.7051546391752],[1348.1593347639484,548.7917525773196],[1346.3540772532187,549.1539518900344],[1346.3540772532187,549.5161512027491],[1344.9098712446353,549.5161512027491],[1344.9098712446353,549.8783505154639],[1343.1046137339056,549.8783505154639],[1343.1046137339056,549.5161512027491],[1342.3825107296138,549.5161512027491],[1341.6604077253219,546.2563573883161],[1340.2162017167382,544.4453608247422],[1334.8004291845493,543.7209621993127],[1333.7172746781116,541.1855670103092],[1331.912017167382,539.3745704467353],[1330.4678111587982,539.0123711340206],[1330.4678111587982,538.6501718213058],[1326.857296137339,538.6501718213058],[1326.857296137339,539.0123711340206],[1326.1351931330473,539.0123711340206],[1326.1351931330473,539.7367697594501],[1325.0520386266094,540.8233676975944],[1324.3299356223174,544.4453608247422],[1322.524678111588,546.2563573883161],[1318.1920600858368,546.6185567010309],[1318.1920600858368,546.2563573883161],[1317.108905579399,546.2563573883161],[1316.7478540772531,545.5319587628866],[1315.6646995708154,545.1697594501718],[1315.6646995708154,542.9965635738831],[1316.0257510729614,542.9965635738831],[1316.0257510729614,541.9099656357388],[1316.3868025751071,541.9099656357388],[1316.3868025751071,540.8233676975944],[1316.7478540772531,540.8233676975944],[1316.7478540772531,539.7367697594501],[1317.108905579399,539.7367697594501],[1316.7478540772531,538.2879725085911],[1313.8594420600857,536.1147766323024],[1310.9710300429183,536.1147766323024],[1310.9710300429183,535.7525773195877],[1308.4436695278969,535.7525773195877],[1308.4436695278969,535.3903780068729],[1305.9163090128754,535.7525773195877],[1303.75,537.9257731958763],[1303.75,539.0123711340206],[1303.027896995708,539.7367697594501],[1303.027896995708,540.4611683848797],[1302.3057939914163,540.8233676975944],[1301.5836909871246,542.9965635738831],[1300.5005364806866,543.7209621993127],[1300.1394849785406,544.807560137457],[1299.0563304721031,544.807560137457],[1298.3342274678112,543.7209621993127],[1295.4458154506437,543.3587628865979],[1295.4458154506437,542.9965635738831],[1293.6405579399143,542.9965635738831],[1292.1963519313304,544.0831615120275],[1291.4742489270386,544.0831615120275],[1290.030042918455,548.06735395189],[1289.307939914163,548.4295532646048],[1289.307939914163,549.1539518900344],[1288.2247854077254,550.2405498281787],[1287.1416309012875,550.2405498281787],[1285.6974248927038,548.7917525773196],[1284.25321888412,544.807560137457],[1285.336373390558,543.7209621993127],[1285.336373390558,541.9099656357388],[1285.6974248927038,541.9099656357388],[1286.0584763948498,540.0989690721649],[1285.6974248927038,540.0989690721649],[1285.6974248927038,539.0123711340206],[1284.614270386266,538.2879725085911],[1284.614270386266,537.5635738831616],[1283.1700643776824,536.4769759450172],[1282.4479613733906,530.6817869415808],[1282.8090128755366,530.6817869415808],[1282.8090128755366,529.9573883161512],[1284.25321888412,529.5951890034364],[1285.336373390558,528.5085910652921],[1287.5026824034335,528.8707903780069],[1287.5026824034335,528.5085910652921],[1288.5858369098712,528.1463917525773],[1288.5858369098712,527.4219931271477],[1288.9468884120172,527.4219931271477],[1288.9468884120172,523.8],[1288.5858369098712,523.8],[1288.2247854077254,520.9024054982817],[1288.2247854077254,520.1780068728523],[1289.307939914163,518.7292096219932],[1290.030042918455,518.7292096219932],[1290.7521459227469,518.0048109965636],[1291.8353004291844,518.0048109965636],[1292.5574034334763,517.280412371134],[1293.6405579399143,517.280412371134],[1293.6405579399143,516.9182130584193],[1296.8900214592275,517.6426116838488],[1296.8900214592275,518.0048109965636],[1297.6121244635192,518.0048109965636],[1299.0563304721031,519.0914089347079],[1303.027896995708,519.0914089347079],[1303.027896995708,518.7292096219932],[1304.111051502146,518.7292096219932],[1304.111051502146,518.3670103092784],[1305.5552575107295,518.0048109965636],[1306.6384120171674,516.5560137457045],[1307.3605150214592,516.5560137457045],[1308.082618025751,515.8316151202749],[1308.082618025751,514.7450171821306],[1308.4436695278969,514.7450171821306],[1308.4436695278969,509.3120274914089],[1308.8047210300429,509.3120274914089],[1308.8047210300429,506.0522336769759],[1309.1657725321888,506.0522336769759],[1309.1657725321888,504.241237113402],[1309.5268240343348,504.241237113402],[1309.5268240343348,500.9814432989691],[1309.8878755364808,500.9814432989691],[1309.8878755364808,500.25704467353955],[1312.776287553648,499.1704467353952],[1316.7478540772531,499.53264604811],[1318.1920600858368,500.61924398625433],[1319.2752145922746,500.61924398625433],[1319.2752145922746,500.9814432989691],[1320.3583690987125,500.9814432989691],[1320.3583690987125,501.3436426116839],[1321.4415236051502,501.3436426116839],[1321.4415236051502,501.70584192439867],[1324.6909871244634,501.3436426116839],[1325.0520386266094,500.25704467353955],[1325.4130901287554,500.25704467353955],[1325.4130901287554,499.1704467353952],[1325.7741416309013,499.1704467353952],[1326.1351931330473,495.5484536082474],[1326.496244635193,495.5484536082474],[1326.496244635193,494.0996563573883],[1326.857296137339,494.0996563573883],[1327.2183476394848,492.2886597938144],[1328.6625536480688,491.92646048109964],[1330.1067596566522,490.8398625429553],[1330.1067596566522,490.11546391752574],[1329.3846566523605,489.3910652920962],[1328.3015021459228,489.3910652920962],[1328.3015021459228,489.0288659793814],[1327.2183476394848,488.66666666666663],[1327.5793991416308,486.1312714776632],[1332.9951716738196,481.78487972508594],[1335.161480686695,476.71408934707904],[1336.605686695279,475.2652920962199],[1340.577253218884,475.2652920962199],[1340.577253218884,475.6274914089347],[1343.4656652360513,475.9896907216495],[1344.9098712446353,477.0762886597938],[1348.8814377682402,477.4384879725086],[1348.8814377682402,477.8006872852234],[1351.0477467811158,478.52508591065293],[1351.7698497854076,479.2494845360825],[1351.7698497854076,480.3360824742268],[1352.1309012875536,480.3360824742268],[1352.1309012875536,483.9580756013746],[1351.7698497854076,483.9580756013746],[1351.4087982832616,488.30446735395185],[1351.0477467811158,488.30446735395185],[1351.0477467811158,489.3910652920962],[1350.325643776824,489.75326460481097],[1350.325643776824,490.4776632302405],[1348.8814377682402,491.92646048109964],[1348.8814377682402,493.013058419244],[1349.9645922746781,493.73745704467353],[1350.325643776824,495.5484536082474],[1350.68669527897,495.5484536082474],[1350.68669527897,497.3594501718213],[1350.325643776824,497.3594501718213],[1350.325643776824,498.0838487972509],[1349.2424892703862,499.53264604811],[1349.2424892703862,503.15463917525767],[1351.0477467811158,505.32783505154634],[1353.2140557939915,505.6900343642611],[1353.2140557939915,505.32783505154634],[1354.297210300429,505.32783505154634],[1354.297210300429,504.96563573883157],[1355.741416309013,504.6034364261168],[1356.102467811159,503.87903780068723],[1361.1571888412018,502.7924398625429],[1361.5182403433478,501.70584192439867],[1361.8792918454935,501.70584192439867],[1361.8792918454935,500.61924398625433],[1362.2403433476393,500.61924398625433],[1362.2403433476393,498.80824742268044],[1363.6845493562232,497.3594501718213],[1366.5729613733906,497.3594501718213],[1366.5729613733906,496.99725085910654],[1373.432939914163,497.3594501718213],[1373.432939914163,497.7216494845361],[1375.2381974248926,497.7216494845361],[1375.5992489270386,498.44604810996566],[1376.3213519313304,498.44604810996566],[1377.4045064377683,499.53264604811],[1377.4045064377683,500.25704467353955],[1378.12660944206,500.61924398625433],[1378.8487124463518,502.7924398625429],[1378.487660944206,502.7924398625429],[1378.487660944206,503.87903780068723],[1377.4045064377683,504.6034364261168],[1377.4045064377683,505.32783505154634],[1376.3213519313304,506.0522336769759],[1376.3213519313304,507.13883161512024],[1377.0434549356223,507.501030927835],[1377.0434549356223,508.2254295532646],[1378.8487124463518,510.03642611683847],[1379.9318669527897,510.39862542955325],[1380.2929184549357,511.4852233676976],[1381.0150214592275,511.4852233676976],[1381.7371244635192,512.5718213058419],[1382.4592274678112,512.5718213058419],[1384.2644849785406,514.7450171821306],[1384.6255364806866,518.3670103092784],[1384.9865879828326,518.3670103092784],[1384.9865879828326,521.2646048109965],[1385.3476394849786,521.2646048109965],[1385.3476394849786,524.1621993127147],[1385.7086909871246,524.1621993127147],[1386.0697424892703,535.3903780068729],[1386.4307939914163,535.3903780068729],[1386.791845493562,537.9257731958763],[1387.152896995708,537.9257731958763],[1388.236051502146,540.8233676975944],[1389.3192060085837,541.9099656357388],[1388.597103004292,542.6343642611683],[1388.597103004292,543.3587628865979],[1386.4307939914163,545.5319587628866],[1385.7086909871246,545.5319587628866],[1383.1813304721031,548.4295532646048],[1382.4592274678112,548.4295532646048],[1381.3760729613732,549.5161512027491],[1378.12660944206,549.8783505154639],[1378.12660944206,550.2405498281787],[1370.9055793991415,550.2405498281787],[1370.9055793991415,550.6027491408935],[1368.739270386266,550.9649484536083],[1367.2950643776824,552.0515463917526],[1366.5729613733906,552.0515463917526],[1366.5729613733906,552.4137457044674],[1365.8508583690987,552.4137457044674],[1365.4898068669527,553.1381443298969],[1362.6013948497853,554.2247422680413]]]}},{"type":"Feature","id":"region-029","properties":{"id":"region-029","number":29,"name":"Мариния","type":"region","countryId":"country-019","rgb":[240,33,205],"styleIndex":3,"isCapital":false,"capital":false,"labelRank":2,"importance":2,"areaWorld":3044.073821567682,"labelPointMethod":"representative-point","source":"regions/country-019/regions-mask.png"},"geometry":{"type":"Polygon","coordinates":[[[1065.456008583691,687.1518900343642],[1066.1781115879828,687.514089347079],[1066.9002145922746,689.3250859106529],[1067.6223175965665,689.3250859106529],[1067.9833690987125,690.0494845360824],[1070.149678111588,690.4116838487972],[1071.5938841201717,691.4982817869416],[1073.3991416309013,691.4982817869416],[1074.8433476394848,690.4116838487972],[1079.1759656652362,690.4116838487972],[1079.898068669528,691.1360824742268],[1080.2591201716737,692.5848797250859],[1080.9812231759656,692.9470790378007],[1080.9812231759656,693.6714776632302],[1082.7864806866953,695.4824742268041],[1087.1190987124464,696.2068728522337],[1087.1190987124464,696.5690721649485],[1088.56330472103,696.9312714776632],[1088.924356223176,697.6556701030928],[1089.6464592274679,697.6556701030928],[1090.3685622317596,698.7422680412371],[1091.0906652360513,698.7422680412371],[1092.5348712446353,700.553264604811],[1092.5348712446353,702.7264604810996],[1092.895922746781,702.7264604810996],[1093.256974248927,704.5374570446735],[1095.4232832618027,706.7106529209622],[1095.7843347639484,708.1594501718213],[1096.5064377682402,708.1594501718213],[1096.8674892703862,708.8838487972508],[1101.2001072961373,709.6082474226804],[1101.922210300429,710.33264604811],[1101.922210300429,712.1436426116838],[1100.1169527896996,713.592439862543],[1099.7559012875536,715.4034364261169],[1099.3948497854076,715.4034364261169],[1099.3948497854076,716.852233676976],[1098.3116952789699,718.3010309278351],[1093.256974248927,719.0254295532646],[1092.1738197424893,720.1120274914089],[1092.1738197424893,720.8364261168385],[1091.0906652360513,722.2852233676977],[1091.0906652360513,723.371821305842],[1090.7296137339056,723.371821305842],[1090.7296137339056,724.0962199312714],[1089.6464592274679,725.5450171821306],[1089.2854077253219,728.080412371134],[1088.924356223176,728.080412371134],[1088.924356223176,729.1670103092783],[1088.56330472103,729.1670103092783],[1088.56330472103,730.2536082474227],[1088.2022532188842,730.2536082474227],[1087.8412017167382,731.7024054982818],[1087.1190987124464,731.7024054982818],[1083.508583690987,735.3243986254296],[1083.508583690987,736.0487972508591],[1082.7864806866953,736.0487972508591],[1081.7033261802576,737.4975945017183],[1080.2591201716737,737.859793814433],[1080.2591201716737,738.2219931271478],[1079.1759656652362,738.2219931271478],[1079.1759656652362,738.5841924398626],[1077.7317596566522,738.5841924398626],[1076.2875536480688,739.6707903780069],[1075.5654506437768,739.6707903780069],[1075.5654506437768,740.0329896907217],[1074.8433476394848,740.0329896907217],[1074.482296137339,740.7573883161513],[1073.760193133047,740.7573883161513],[1073.3991416309013,741.4817869415808],[1071.9549356223176,741.8439862542956],[1071.9549356223176,742.2061855670103],[1068.7054721030042,742.568384879725],[1068.3444206008583,742.9305841924398],[1068.3444206008583,745.4659793814433],[1068.7054721030042,745.4659793814433],[1068.7054721030042,746.5525773195876],[1068.3444206008583,746.5525773195876],[1068.3444206008583,748.0013745704467],[1067.6223175965665,748.3635738831615],[1067.6223175965665,747.639175257732],[1064.0118025751071,747.639175257732],[1064.0118025751071,748.0013745704467],[1062.9286480686694,748.0013745704467],[1062.9286480686694,748.3635738831615],[1061.8454935622317,748.3635738831615],[1061.8454935622317,748.7257731958763],[1058.5960300429183,748.7257731958763],[1057.8739270386266,748.0013745704467],[1056.7907725321888,748.0013745704467],[1056.7907725321888,747.639175257732],[1054.9855150214592,747.2769759450172],[1054.9855150214592,746.9147766323024],[1053.1802575107295,746.5525773195876],[1052.8192060085837,745.828178694158],[1052.0971030042917,745.828178694158],[1051.375,745.1037800687285],[1051.013948497854,743.6549828178694],[1049.2086909871246,743.2927835051546],[1048.1255364806866,742.2061855670103],[1042.7097639484978,742.568384879725],[1042.7097639484978,742.2061855670103],[1040.1824034334763,741.8439862542956],[1039.8213519313304,741.119587628866],[1038.016094420601,741.119587628866],[1038.016094420601,740.7573883161513],[1036.5718884120172,740.3951890034365],[1035.8497854077252,739.6707903780069],[1035.8497854077252,737.859793814433],[1036.2108369098712,737.4975945017183],[1038.7381974248926,737.1353951890035],[1038.7381974248926,736.7731958762887],[1040.9045064377683,736.7731958762887],[1040.9045064377683,734.9621993127148],[1040.1824034334763,734.9621993127148],[1038.7381974248926,733.1512027491409],[1038.7381974248926,726.9938144329897],[1037.293991416309,725.5450171821306],[1037.655042918455,722.6474226804124],[1038.7381974248926,722.2852233676977],[1038.7381974248926,721.9230240549829],[1040.5434549356223,721.5608247422681],[1040.5434549356223,721.1986254295533],[1041.62660944206,721.1986254295533],[1042.3487124463518,720.4742268041238],[1042.7097639484978,718.3010309278351],[1043.4318669527897,717.5766323024055],[1043.4318669527897,716.852233676976],[1044.5150214592275,716.1278350515464],[1044.5150214592275,715.0412371134021],[1045.2371244635192,714.6790378006873],[1045.5981759656652,713.592439862543],[1047.0423819742489,713.2302405498282],[1047.0423819742489,712.8680412371134],[1050.2918454935623,712.5058419243986],[1052.0971030042917,711.0570446735395],[1052.0971030042917,708.1594501718213],[1051.736051502146,708.1594501718213],[1051.375,707.0728522336769],[1050.652896995708,707.0728522336769],[1050.2918454935623,706.3484536082474],[1048.8476394849786,705.9862542955326],[1048.8476394849786,705.6240549828178],[1045.5981759656652,705.6240549828178],[1044.5150214592275,707.0728522336769],[1044.1539699570815,709.2460481099656],[1043.0708154506437,710.33264604811],[1039.8213519313304,710.6948453608247],[1039.0992489270386,712.5058419243986],[1038.7381974248926,712.5058419243986],[1038.7381974248926,713.592439862543],[1038.016094420601,714.3168384879725],[1036.2108369098712,714.3168384879725],[1034.0445278969958,711.4192439862543],[1034.0445278969958,708.1594501718213],[1030.4340128755364,705.6240549828178],[1030.4340128755364,704.8996563573883],[1029.7119098712446,704.5374570446735],[1029.3508583690987,703.0886597938144],[1028.9898068669527,703.0886597938144],[1028.628755364807,699.8288659793815],[1029.3508583690987,699.4666666666667],[1029.3508583690987,698.3800687285224],[1030.0729613733906,697.6556701030928],[1030.0729613733906,695.1202749140894],[1028.9898068669527,694.3958762886598],[1028.628755364807,692.9470790378007],[1028.267703862661,692.9470790378007],[1028.267703862661,690.773883161512],[1029.3508583690987,689.6872852233677],[1032.239270386266,689.6872852233677],[1032.961373390558,690.4116838487972],[1033.6834763948498,690.4116838487972],[1034.0445278969958,691.1360824742268],[1036.2108369098712,691.8604810996563],[1036.2108369098712,692.2226804123711],[1038.016094420601,692.2226804123711],[1038.016094420601,691.4982817869416],[1039.0992489270386,690.4116838487972],[1039.0992489270386,689.3250859106529],[1039.8213519313304,688.9628865979381],[1040.5434549356223,686.7896907216494],[1040.9045064377683,686.7896907216494],[1040.9045064377683,686.0652920962199],[1041.62660944206,685.7030927835051],[1041.62660944206,684.254295532646],[1042.3487124463518,683.5298969072164],[1042.3487124463518,682.805498281787],[1043.4318669527897,682.0810996563574],[1044.1539699570815,680.2701030927835],[1044.8760729613734,679.9079037800688],[1044.8760729613734,679.1835051546392],[1047.0423819742489,677.3725085910653],[1047.0423819742489,676.6481099656357],[1048.1255364806866,676.285910652921],[1048.4865879828326,674.8371134020618],[1049.5697424892703,674.1127147766323],[1050.652896995708,667.955326460481],[1051.013948497854,667.955326460481],[1051.013948497854,666.8687285223367],[1052.0971030042917,665.4199312714776],[1053.1802575107295,665.4199312714776],[1053.9023605150214,666.1443298969072],[1053.9023605150214,667.2309278350515],[1054.9855150214592,668.6797250859106],[1054.9855150214592,669.7663230240549],[1055.3465665236051,669.7663230240549],[1055.3465665236051,670.8529209621993],[1056.0686695278969,671.5773195876288],[1056.4297210300429,674.8371134020618],[1056.0686695278969,674.8371134020618],[1056.0686695278969,675.9237113402062],[1055.7076180257511,675.9237113402062],[1055.7076180257511,677.0103092783505],[1055.3465665236051,677.0103092783505],[1055.3465665236051,678.4591065292096],[1054.9855150214592,678.4591065292096],[1054.9855150214592,681.3567010309279],[1056.7907725321888,683.1676975945018],[1057.5128755364806,683.1676975945018],[1058.9570815450643,684.9786941580755],[1060.762339055794,685.7030927835051],[1061.12339055794,686.4274914089347],[1062.2065450643777,686.4274914089347],[1062.9286480686694,687.1518900343642],[1065.456008583691,687.1518900343642]]]}},{"type":"Feature","id":"region-026","properties":{"id":"region-026","number":26,"name":"Виридия","type":"region","countryId":"country-019","rgb":[240,81,33],"styleIndex":0,"isCapital":false,"capital":false,"labelRank":3,"importance":3,"areaWorld":715.39452991816,"labelPointMethod":"representative-point","source":"regions/country-019/regions-mask.png"},"geometry":{"type":"Polygon","coordinates":[[[1078.8149141630902,644.7745704467354],[1080.9812231759656,644.4123711340206],[1081.3422746781116,643.6879725085911],[1083.869635193133,642.9635738831615],[1085.3138412017167,641.5147766323024],[1086.0359442060085,641.5147766323024],[1086.7580472103004,640.7903780068729],[1087.8412017167382,640.7903780068729],[1087.8412017167382,640.4281786941581],[1089.6464592274679,640.4281786941581],[1089.6464592274679,640.0659793814433],[1093.256974248927,640.0659793814433],[1093.256974248927,640.4281786941581],[1095.4232832618027,640.4281786941581],[1095.4232832618027,640.7903780068729],[1097.950643776824,640.7903780068729],[1097.950643776824,641.1525773195876],[1099.7559012875536,641.5147766323024],[1099.7559012875536,641.8769759450172],[1102.283261802575,641.8769759450172],[1102.644313304721,645.1367697594502],[1103.005364806867,645.1367697594502],[1103.005364806867,647.6721649484535],[1103.366416309013,647.6721649484535],[1103.366416309013,648.7587628865979],[1103.7274678111587,648.7587628865979],[1103.7274678111587,649.8453608247422],[1104.0885193133047,649.8453608247422],[1104.0885193133047,652.3807560137457],[1103.7274678111587,652.3807560137457],[1103.7274678111587,653.46735395189],[1103.366416309013,653.46735395189],[1103.366416309013,657.0893470790378],[1103.7274678111587,657.0893470790378],[1104.0885193133047,659.6247422680412],[1103.7274678111587,659.6247422680412],[1103.366416309013,662.1601374570447],[1103.005364806867,662.1601374570447],[1103.005364806867,663.246735395189],[1102.644313304721,663.246735395189],[1102.644313304721,666.1443298969072],[1103.005364806867,666.1443298969072],[1103.005364806867,666.8687285223367],[1103.7274678111587,667.2309278350515],[1103.7274678111587,667.955326460481],[1104.4495708154507,668.6797250859106],[1105.1716738197424,668.6797250859106],[1106.6158798283261,670.1285223367697],[1108.0600858369098,670.4907216494845],[1108.4211373390558,672.6639175257732],[1107.6990343347638,672.6639175257732],[1107.3379828326179,673.3883161512027],[1105.8937768240344,673.7505154639175],[1105.8937768240344,674.1127147766323],[1104.0885193133047,674.4749140893471],[1104.0885193133047,674.8371134020618],[1100.8390557939915,675.5615120274914],[1100.1169527896996,674.8371134020618],[1099.0337982832618,674.8371134020618],[1097.5895922746781,673.7505154639175],[1096.5064377682402,673.7505154639175],[1095.7843347639484,673.026116838488],[1095.0622317596567,673.026116838488],[1094.7011802575107,671.9395189003436],[1092.895922746781,670.1285223367697],[1091.4517167381973,669.7663230240549],[1090.3685622317596,668.6797250859106],[1089.6464592274679,668.6797250859106],[1087.8412017167382,666.8687285223367],[1087.1190987124464,666.8687285223367],[1086.7580472103004,666.1443298969072],[1084.591738197425,665.4199312714776],[1084.591738197425,665.0577319587629],[1080.2591201716737,665.0577319587629],[1080.2591201716737,665.4199312714776],[1079.1759656652362,665.7821305841924],[1078.0928111587982,664.3333333333334],[1078.0928111587982,662.1601374570447],[1077.3707081545065,661.4357388316151],[1077.3707081545065,659.986941580756],[1079.1759656652362,659.2625429553265],[1079.1759656652362,657.4515463917526],[1078.4538626609442,657.0893470790378],[1078.0928111587982,655.2783505154639],[1077.7317596566522,655.2783505154639],[1078.0928111587982,653.46735395189],[1078.8149141630902,652.7429553264604],[1078.8149141630902,649.8453608247422],[1079.1759656652362,649.8453608247422],[1079.1759656652362,645.1367697594502],[1078.8149141630902,644.7745704467354]]]}},{"type":"Feature","id":"region-006","properties":{"id":"region-006","number":6,"name":"Ориентия","type":"region","countryId":"country-019","rgb":[240,102,33],"styleIndex":0,"isCapital":false,"capital":false,"labelRank":1,"importance":1,"areaWorld":3618.940892149844,"labelPointMethod":"representative-point","source":"regions/country-019/regions-mask.png"},"geometry":{"type":"Polygon","coordinates":[[[1283.5311158798283,439.04536082474226],[1283.5311158798283,441.21855670103093],[1283.1700643776824,441.21855670103093],[1283.1700643776824,443.7539518900344],[1283.5311158798283,444.11615120274917],[1285.336373390558,444.47835051546394],[1285.336373390558,444.11615120274917],[1287.1416309012875,444.11615120274917],[1287.1416309012875,443.7539518900344],[1290.7521459227469,443.7539518900344],[1291.1131974248926,444.8405498281787],[1290.7521459227469,444.8405498281787],[1290.391094420601,448.1003436426117],[1291.4742489270386,448.46254295532646],[1291.4742489270386,448.82474226804123],[1294.362660944206,449.186941580756],[1294.362660944206,449.91134020618557],[1294.7237124463518,449.91134020618557],[1294.362660944206,451.7223367697594],[1294.00160944206,451.7223367697594],[1294.00160944206,452.44673539518897],[1292.9184549356223,453.8955326460481],[1292.9184549356223,455.706529209622],[1292.5574034334763,455.706529209622],[1292.5574034334763,458.6041237113402],[1292.9184549356223,458.6041237113402],[1293.6405579399143,462.226116838488],[1293.2795064377683,462.226116838488],[1293.2795064377683,463.31271477663233],[1292.9184549356223,463.31271477663233],[1291.8353004291844,466.21030927835045],[1290.7521459227469,467.2969072164948],[1290.7521459227469,468.3835051546391],[1291.4742489270386,468.7457044673539],[1291.8353004291844,470.194501718213],[1294.00160944206,472.3676975945017],[1294.7237124463518,472.3676975945017],[1295.4458154506437,473.45429553264603],[1296.1679184549357,473.45429553264603],[1297.2510729613732,474.54089347079037],[1298.3342274678112,477.0762886597938],[1299.0563304721031,477.0762886597938],[1299.0563304721031,477.4384879725086],[1299.7784334763949,477.4384879725086],[1301.2226394849786,478.52508591065293],[1301.5836909871246,480.6982817869416],[1301.9447424892703,480.6982817869416],[1301.9447424892703,482.5092783505155],[1302.3057939914163,482.5092783505155],[1302.3057939914163,485.4068728522336],[1302.666845493562,485.4068728522336],[1302.666845493562,486.85567010309273],[1303.027896995708,486.85567010309273],[1303.75,489.0288659793814],[1305.1942060085837,490.4776632302405],[1307.3605150214592,490.8398625429553],[1310.2489270386266,493.013058419244],[1310.2489270386266,493.73745704467353],[1312.0541845493563,495.18625429553265],[1312.0541845493563,496.272852233677],[1312.4152360515022,496.272852233677],[1312.4152360515022,497.3594501718213],[1312.776287553648,497.3594501718213],[1312.776287553648,499.1704467353952],[1309.8878755364808,500.25704467353955],[1309.8878755364808,500.9814432989691],[1309.5268240343348,500.9814432989691],[1309.5268240343348,504.241237113402],[1309.1657725321888,504.241237113402],[1309.1657725321888,506.0522336769759],[1308.8047210300429,506.0522336769759],[1308.8047210300429,509.3120274914089],[1308.4436695278969,509.3120274914089],[1308.4436695278969,514.7450171821306],[1308.082618025751,514.7450171821306],[1308.082618025751,515.8316151202749],[1307.3605150214592,516.5560137457045],[1306.6384120171674,516.5560137457045],[1305.5552575107295,518.0048109965636],[1304.111051502146,518.3670103092784],[1304.111051502146,518.7292096219932],[1303.027896995708,518.7292096219932],[1303.027896995708,519.0914089347079],[1299.0563304721031,519.0914089347079],[1297.6121244635192,518.0048109965636],[1296.8900214592275,518.0048109965636],[1296.8900214592275,517.6426116838488],[1293.6405579399143,516.9182130584193],[1293.6405579399143,517.280412371134],[1292.5574034334763,517.280412371134],[1291.8353004291844,518.0048109965636],[1290.7521459227469,518.0048109965636],[1290.030042918455,518.7292096219932],[1289.307939914163,518.7292096219932],[1288.2247854077254,520.1780068728523],[1288.2247854077254,520.9024054982817],[1285.336373390558,521.2646048109965],[1285.336373390558,520.9024054982817],[1282.8090128755366,520.9024054982817],[1282.8090128755366,521.2646048109965],[1281.7258583690987,521.2646048109965],[1281.0037553648067,521.9890034364261],[1280.281652360515,521.9890034364261],[1280.281652360515,522.3512027491408],[1278.4763948497853,522.7134020618556],[1278.4763948497853,522.3512027491408],[1277.3932403433475,522.3512027491408],[1277.3932403433475,521.9890034364261],[1275.9490343347638,521.6268041237113],[1275.226931330472,520.9024054982817],[1275.226931330472,518.7292096219932],[1275.5879828326179,518.7292096219932],[1275.9490343347638,516.9182130584193],[1276.3100858369098,516.9182130584193],[1276.6711373390558,515.1072164948454],[1277.0321888412018,515.1072164948454],[1277.0321888412018,514.020618556701],[1277.3932403433475,514.020618556701],[1276.6711373390558,510.39862542955325],[1275.9490343347638,509.6742268041237],[1275.9490343347638,508.94982817869413],[1275.226931330472,508.58762886597935],[1274.5048283261804,506.4144329896907],[1273.4216738197424,505.32783505154634],[1272.6995708154507,505.32783505154634],[1272.3385193133047,504.6034364261168],[1270.533261802575,503.87903780068723],[1270.172210300429,502.4302405498281],[1269.8111587982833,502.4302405498281],[1269.8111587982833,501.3436426116839],[1269.4501072961373,501.3436426116839],[1268.7280042918455,497.7216494845361],[1268.0059012875536,496.99725085910654],[1268.0059012875536,495.9106529209622],[1267.6448497854076,495.9106529209622],[1268.0059012875536,492.6508591065292],[1267.6448497854076,492.6508591065292],[1267.6448497854076,491.56426116838486],[1266.9227467811158,490.8398625429553],[1266.9227467811158,490.11546391752574],[1265.8395922746781,489.0288659793814],[1263.3122317596567,489.0288659793814],[1262.2290772532187,490.11546391752574],[1261.506974248927,490.11546391752574],[1260.4238197424893,491.56426116838486],[1258.6185622317596,491.92646048109964],[1258.6185622317596,492.2886597938144],[1256.81330472103,491.92646048109964],[1256.81330472103,491.56426116838486],[1255.0080472103004,491.2020618556701],[1254.6469957081545,490.11546391752574],[1254.2859442060085,490.11546391752574],[1254.6469957081545,485.4068728522336],[1254.2859442060085,485.4068728522336],[1254.2859442060085,484.3202749140893],[1253.5638412017167,483.59587628865984],[1253.5638412017167,482.8714776632303],[1252.480686695279,481.78487972508594],[1251.0364806866953,481.42268041237116],[1251.0364806866953,481.0604810996564],[1248.148068669528,481.0604810996564],[1248.148068669528,481.42268041237116],[1247.425965665236,481.42268041237116],[1247.425965665236,482.1470790378007],[1245.6207081545065,483.9580756013746],[1244.5375536480688,483.9580756013746],[1243.0933476394848,482.8714776632303],[1243.0933476394848,482.1470790378007],[1242.371244635193,481.78487972508594],[1242.010193133047,480.3360824742268],[1241.6491416309013,480.3360824742268],[1241.6491416309013,479.61168384879727],[1240.9270386266094,479.2494845360825],[1240.9270386266094,478.16288659793815],[1242.732296137339,477.0762886597938],[1242.732296137339,476.35189003436426],[1241.2880901287554,475.2652920962199],[1240.5659871244634,475.2652920962199],[1240.5659871244634,474.90309278350514],[1239.8438841201717,474.90309278350514],[1239.8438841201717,474.54089347079037],[1239.12178111588,474.54089347079037],[1239.12178111588,474.1786941580756],[1238.399678111588,474.1786941580756],[1238.399678111588,473.8164948453608],[1237.677575107296,473.8164948453608],[1236.5944206008583,472.3676975945017],[1236.5944206008583,471.64329896907213],[1235.8723175965665,471.28109965635736],[1235.5112660944205,469.1079037800687],[1235.1502145922746,469.1079037800687],[1235.1502145922746,466.21030927835045],[1235.5112660944205,466.21030927835045],[1235.8723175965665,464.39931271477667],[1236.2333690987125,464.39931271477667],[1236.5944206008583,462.5883161512028],[1236.9554721030042,462.5883161512028],[1236.9554721030042,457.87972508591065],[1236.5944206008583,457.87972508591065],[1236.5944206008583,456.06872852233676],[1236.2333690987125,456.06872852233676],[1235.8723175965665,453.5333333333333],[1238.760729613734,450.6357388316151],[1238.399678111588,446.65154639175256],[1238.038626609442,446.65154639175256],[1238.038626609442,443.7539518900344],[1238.399678111588,443.7539518900344],[1238.760729613734,441.21855670103093],[1239.12178111588,441.21855670103093],[1238.760729613734,439.04536082474226],[1241.6491416309013,439.04536082474226],[1242.010193133047,439.7697594501718],[1242.732296137339,439.7697594501718],[1243.8154506437768,440.85635738831616],[1247.787017167382,441.9429553264605],[1248.148068669528,443.02955326460483],[1250.6754291845493,443.02955326460483],[1253.5638412017167,440.1319587628866],[1254.6469957081545,440.1319587628866],[1254.6469957081545,439.7697594501718],[1256.81330472103,439.04536082474226],[1256.81330472103,438.3209621993127],[1257.8964592274679,437.23436426116837],[1259.7017167381973,436.8721649484536],[1260.0627682403433,437.9587628865979],[1260.4238197424893,437.9587628865979],[1260.4238197424893,441.9429553264605],[1258.9796137339056,443.3917525773196],[1258.9796137339056,445.927147766323],[1259.3406652360513,445.927147766323],[1260.0627682403433,448.1003436426117],[1260.7848712446353,448.82474226804123],[1263.6732832618027,448.82474226804123],[1263.6732832618027,448.46254295532646],[1264.7564377682402,448.46254295532646],[1264.7564377682402,448.1003436426117],[1266.5616952789699,448.46254295532646],[1268.0059012875536,449.91134020618557],[1268.7280042918455,449.91134020618557],[1268.7280042918455,450.6357388316151],[1270.533261802575,452.0845360824742],[1273.7827253218884,452.0845360824742],[1273.7827253218884,451.7223367697594],[1274.5048283261804,451.7223367697594],[1275.5879828326179,450.6357388316151],[1275.5879828326179,449.91134020618557],[1276.3100858369098,449.5491408934708],[1276.3100858369098,448.82474226804123],[1277.3932403433475,447.3759450171821],[1277.7542918454935,441.9429553264605],[1279.1984978540772,440.85635738831616],[1279.1984978540772,440.1319587628866],[1279.9206008583692,439.40756013745704],[1283.5311158798283,439.04536082474226]]]}},{"type":"Feature","id":"region-027","properties":{"id":"region-027","number":27,"name":"Тенебрия","type":"region","countryId":"country-019","rgb":[240,150,33],"styleIndex":1,"isCapital":false,"capital":false,"labelRank":3,"importance":3,"areaWorld":1234.2695601529251,"labelPointMethod":"representative-point","source":"regions/country-019/regions-mask.png"},"geometry":{"type":"Polygon","coordinates":[[[1079.1759656652362,665.7821305841924],[1080.2591201716737,665.4199312714776],[1080.2591201716737,665.0577319587629],[1084.591738197425,665.0577319587629],[1084.591738197425,665.4199312714776],[1086.7580472103004,666.1443298969072],[1087.1190987124464,666.8687285223367],[1087.8412017167382,666.8687285223367],[1089.6464592274679,668.6797250859106],[1090.3685622317596,668.6797250859106],[1091.4517167381973,669.7663230240549],[1092.895922746781,670.1285223367697],[1094.7011802575107,671.9395189003436],[1095.0622317596567,673.026116838488],[1095.7843347639484,673.026116838488],[1096.5064377682402,673.7505154639175],[1097.5895922746781,673.7505154639175],[1099.0337982832618,674.8371134020618],[1100.1169527896996,674.8371134020618],[1100.8390557939915,675.5615120274914],[1104.0885193133047,674.8371134020618],[1104.0885193133047,674.4749140893471],[1105.8937768240344,674.1127147766323],[1105.8937768240344,673.7505154639175],[1107.3379828326179,673.3883161512027],[1107.6990343347638,672.6639175257732],[1108.4211373390558,672.6639175257732],[1110.2263948497853,673.026116838488],[1111.6706008583692,674.8371134020618],[1115.2811158798283,675.5615120274914],[1116.725321888412,677.0103092783505],[1116.725321888412,677.7347079037801],[1117.4474248927038,678.4591065292096],[1117.4474248927038,681.3567010309279],[1117.086373390558,681.3567010309279],[1117.086373390558,683.8920962199312],[1116.725321888412,683.8920962199312],[1116.364270386266,685.7030927835051],[1113.4758583690987,686.0652920962199],[1113.4758583690987,686.4274914089347],[1111.6706008583692,686.7896907216494],[1110.5874463519312,688.2384879725086],[1110.5874463519312,690.4116838487972],[1109.5042918454935,691.8604810996563],[1108.4211373390558,692.2226804123711],[1108.4211373390558,691.8604810996563],[1103.7274678111587,691.8604810996563],[1101.922210300429,694.033676975945],[1099.7559012875536,694.7580756013746],[1098.6727467811158,695.8446735395189],[1098.3116952789699,697.6556701030928],[1097.950643776824,697.6556701030928],[1097.950643776824,700.1910652920963],[1097.5895922746781,700.1910652920963],[1096.8674892703862,704.8996563573883],[1096.1453862660944,705.6240549828178],[1096.1453862660944,706.3484536082474],[1095.4232832618027,706.7106529209622],[1093.256974248927,704.5374570446735],[1092.895922746781,702.7264604810996],[1092.5348712446353,702.7264604810996],[1092.5348712446353,700.553264604811],[1091.0906652360513,698.7422680412371],[1090.3685622317596,698.7422680412371],[1089.6464592274679,697.6556701030928],[1088.924356223176,697.6556701030928],[1088.56330472103,696.9312714776632],[1087.1190987124464,696.5690721649485],[1087.1190987124464,696.2068728522337],[1082.7864806866953,695.4824742268041],[1080.9812231759656,693.6714776632302],[1080.9812231759656,692.9470790378007],[1080.2591201716737,692.5848797250859],[1079.898068669528,691.1360824742268],[1079.1759656652362,690.4116838487972],[1074.8433476394848,690.4116838487972],[1073.3991416309013,691.4982817869416],[1071.5938841201717,691.4982817869416],[1070.149678111588,690.4116838487972],[1067.9833690987125,690.0494845360824],[1067.6223175965665,689.3250859106529],[1066.9002145922746,689.3250859106529],[1066.1781115879828,687.514089347079],[1065.456008583691,687.1518900343642],[1065.456008583691,685.3408934707903],[1062.2065450643777,682.4432989690722],[1062.2065450643777,681.7189003436426],[1061.4844420600857,681.3567010309279],[1061.12339055794,679.9079037800688],[1060.762339055794,679.9079037800688],[1060.762339055794,679.1835051546392],[1060.0402360515022,678.8213058419244],[1060.0402360515022,677.7347079037801],[1059.3181330472103,677.3725085910653],[1059.3181330472103,675.1993127147766],[1060.0402360515022,674.4749140893471],[1062.9286480686694,674.4749140893471],[1063.6507510729614,673.7505154639175],[1063.6507510729614,671.9395189003436],[1065.094957081545,670.4907216494845],[1066.1781115879828,666.5065292096219],[1068.7054721030042,663.9711340206186],[1071.2328326180257,665.4199312714776],[1071.2328326180257,666.8687285223367],[1071.5938841201717,666.8687285223367],[1071.9549356223176,667.955326460481],[1073.0380901287554,667.955326460481],[1073.760193133047,668.6797250859106],[1075.5654506437768,668.6797250859106],[1076.2875536480688,669.4041237113402],[1077.0096566523605,669.4041237113402],[1077.3707081545065,670.1285223367697],[1078.0928111587982,670.1285223367697],[1078.0928111587982,670.4907216494845],[1079.898068669528,670.4907216494845],[1079.898068669528,667.2309278350515],[1079.1759656652362,666.5065292096219],[1079.1759656652362,665.7821305841924]]]}},{"type":"Feature","id":"region-007","properties":{"id":"region-007","number":7,"name":"Люциния","type":"region","countryId":"country-019","rgb":[240,171,33],"styleIndex":1,"isCapital":false,"capital":false,"labelRank":1,"importance":1,"areaWorld":4061.7971402445355,"labelPointMethod":"representative-point","source":"regions/country-019/regions-mask.png"},"geometry":{"type":"Polygon","coordinates":[[[1214.5702789699571,483.59587628865984],[1216.0144849785406,482.5092783505155],[1216.7365879828326,480.3360824742268],[1218.902896995708,478.52508591065293],[1219.986051502146,475.9896907216495],[1221.0692060085837,475.2652920962199],[1221.0692060085837,474.54089347079037],[1221.7913090128754,474.1786941580756],[1222.1523605150214,472.72989690721647],[1222.5134120171674,472.72989690721647],[1222.1523605150214,469.47010309278346],[1220.3471030042917,467.65910652920957],[1218.902896995708,464.03711340206183],[1218.5418454935623,464.03711340206183],[1218.5418454935623,461.13951890034366],[1220.3471030042917,459.69072164948454],[1224.3186695278969,458.6041237113402],[1226.8460300429183,456.06872852233676],[1226.8460300429183,455.3443298969072],[1227.5681330472103,454.9821305841924],[1227.9291845493563,453.1711340206185],[1229.37339055794,452.80893470790375],[1229.37339055794,452.44673539518897],[1234.0670600858368,452.44673539518897],[1234.7891630901288,453.1711340206185],[1235.8723175965665,453.1711340206185],[1235.8723175965665,453.5333333333333],[1236.2333690987125,456.06872852233676],[1236.5944206008583,456.06872852233676],[1236.5944206008583,457.87972508591065],[1236.9554721030042,457.87972508591065],[1236.9554721030042,462.5883161512028],[1236.5944206008583,462.5883161512028],[1236.2333690987125,464.39931271477667],[1235.8723175965665,464.39931271477667],[1235.5112660944205,466.21030927835045],[1235.1502145922746,466.21030927835045],[1235.1502145922746,469.1079037800687],[1235.5112660944205,469.1079037800687],[1235.8723175965665,471.28109965635736],[1236.5944206008583,471.64329896907213],[1236.5944206008583,472.3676975945017],[1237.677575107296,473.8164948453608],[1238.399678111588,473.8164948453608],[1238.399678111588,474.1786941580756],[1239.12178111588,474.1786941580756],[1239.12178111588,474.54089347079037],[1239.8438841201717,474.54089347079037],[1239.8438841201717,474.90309278350514],[1240.5659871244634,474.90309278350514],[1240.5659871244634,475.2652920962199],[1241.2880901287554,475.2652920962199],[1242.732296137339,476.35189003436426],[1242.732296137339,477.0762886597938],[1240.9270386266094,478.16288659793815],[1240.9270386266094,479.2494845360825],[1241.6491416309013,479.61168384879727],[1241.6491416309013,480.3360824742268],[1242.010193133047,480.3360824742268],[1242.371244635193,481.78487972508594],[1243.0933476394848,482.1470790378007],[1243.0933476394848,482.8714776632303],[1244.5375536480688,483.9580756013746],[1245.6207081545065,483.9580756013746],[1247.425965665236,482.1470790378007],[1247.425965665236,481.42268041237116],[1248.148068669528,481.42268041237116],[1248.148068669528,481.0604810996564],[1251.0364806866953,481.0604810996564],[1251.0364806866953,481.42268041237116],[1252.480686695279,481.78487972508594],[1253.5638412017167,482.8714776632303],[1253.5638412017167,483.59587628865984],[1254.2859442060085,484.3202749140893],[1254.2859442060085,485.4068728522336],[1254.6469957081545,485.4068728522336],[1254.2859442060085,490.11546391752574],[1254.6469957081545,490.11546391752574],[1255.0080472103004,491.2020618556701],[1256.81330472103,491.56426116838486],[1256.81330472103,491.92646048109964],[1258.6185622317596,492.2886597938144],[1258.6185622317596,491.92646048109964],[1260.4238197424893,491.56426116838486],[1261.506974248927,490.11546391752574],[1262.2290772532187,490.11546391752574],[1263.3122317596567,489.0288659793814],[1265.8395922746781,489.0288659793814],[1266.9227467811158,490.11546391752574],[1266.9227467811158,490.8398625429553],[1267.6448497854076,491.56426116838486],[1267.6448497854076,492.6508591065292],[1268.0059012875536,492.6508591065292],[1267.6448497854076,495.9106529209622],[1268.0059012875536,495.9106529209622],[1268.0059012875536,496.99725085910654],[1268.7280042918455,497.7216494845361],[1269.4501072961373,501.3436426116839],[1269.8111587982833,501.3436426116839],[1269.8111587982833,502.4302405498281],[1270.172210300429,502.4302405498281],[1270.533261802575,503.87903780068723],[1272.3385193133047,504.6034364261168],[1272.6995708154507,505.32783505154634],[1273.4216738197424,505.32783505154634],[1274.5048283261804,506.4144329896907],[1275.226931330472,508.58762886597935],[1275.9490343347638,508.94982817869413],[1275.9490343347638,509.6742268041237],[1276.6711373390558,510.39862542955325],[1277.3932403433475,514.020618556701],[1277.0321888412018,514.020618556701],[1277.0321888412018,515.1072164948454],[1276.6711373390558,515.1072164948454],[1276.3100858369098,516.9182130584193],[1275.9490343347638,516.9182130584193],[1275.5879828326179,518.7292096219932],[1275.226931330472,518.7292096219932],[1275.226931330472,520.9024054982817],[1275.9490343347638,521.6268041237113],[1277.3932403433475,521.9890034364261],[1277.3932403433475,522.3512027491408],[1278.4763948497853,522.3512027491408],[1278.4763948497853,522.7134020618556],[1280.281652360515,522.3512027491408],[1280.281652360515,521.9890034364261],[1281.0037553648067,521.9890034364261],[1281.7258583690987,521.2646048109965],[1282.8090128755366,521.2646048109965],[1282.8090128755366,520.9024054982817],[1285.336373390558,520.9024054982817],[1285.336373390558,521.2646048109965],[1288.2247854077254,520.9024054982817],[1288.5858369098712,523.8],[1288.9468884120172,523.8],[1288.9468884120172,527.4219931271477],[1288.5858369098712,527.4219931271477],[1288.5858369098712,528.1463917525773],[1287.5026824034335,528.5085910652921],[1287.5026824034335,528.8707903780069],[1285.336373390558,528.5085910652921],[1284.25321888412,529.5951890034364],[1282.8090128755366,529.9573883161512],[1282.8090128755366,530.6817869415808],[1282.4479613733906,530.6817869415808],[1283.1700643776824,536.4769759450172],[1284.614270386266,537.5635738831616],[1284.614270386266,538.2879725085911],[1285.6974248927038,539.0123711340206],[1285.6974248927038,540.0989690721649],[1286.0584763948498,540.0989690721649],[1285.6974248927038,541.9099656357388],[1285.336373390558,541.9099656357388],[1285.336373390558,543.7209621993127],[1284.25321888412,544.807560137457],[1283.5311158798283,544.807560137457],[1282.4479613733906,543.3587628865979],[1279.9206008583692,543.3587628865979],[1278.4763948497853,545.1697594501718],[1277.0321888412018,545.5319587628866],[1277.0321888412018,545.8941580756014],[1275.9490343347638,545.8941580756014],[1274.5048283261804,547.3429553264605],[1273.7827253218884,547.3429553264605],[1272.6995708154507,548.7917525773196],[1272.6995708154507,549.8783505154639],[1270.894313304721,550.6027491408935],[1270.533261802575,551.327147766323],[1269.8111587982833,551.327147766323],[1269.4501072961373,552.0515463917526],[1267.2837982832618,552.4137457044674],[1267.2837982832618,552.7759450171822],[1259.7017167381973,553.1381443298969],[1259.7017167381973,553.5003436426117],[1258.6185622317596,553.8625429553265],[1257.8964592274679,557.1223367697594],[1256.81330472103,558.2089347079037],[1252.119635193133,559.2955326460481],[1252.119635193133,558.9333333333333],[1250.6754291845493,558.9333333333333],[1250.6754291845493,558.5711340206185],[1247.787017167382,558.2089347079037],[1247.425965665236,556.7601374570446],[1247.0649141630902,556.7601374570446],[1247.0649141630902,550.9649484536083],[1247.425965665236,550.9649484536083],[1247.787017167382,547.7051546391752],[1247.425965665236,547.7051546391752],[1247.425965665236,546.6185567010309],[1246.3428111587982,545.1697594501718],[1244.1765021459228,545.5319587628866],[1243.4543991416308,546.2563573883161],[1243.4543991416308,546.9807560137457],[1241.2880901287554,548.7917525773196],[1238.038626609442,548.7917525773196],[1238.038626609442,548.4295532646048],[1235.5112660944205,548.4295532646048],[1235.5112660944205,548.06735395189],[1233.706008583691,547.3429553264605],[1233.706008583691,544.4453608247422],[1234.0670600858368,544.0831615120275],[1234.0670600858368,539.0123711340206],[1233.344957081545,538.2879725085911],[1233.344957081545,537.5635738831616],[1231.9007510729614,536.4769759450172],[1231.9007510729614,535.7525773195877],[1231.1786480686694,535.3903780068729],[1230.4565450643777,532.1305841924399],[1229.012339055794,530.6817869415808],[1226.1239270386266,529.5951890034364],[1226.1239270386266,529.2329896907216],[1224.3186695278969,529.2329896907216],[1223.9576180257511,529.5951890034364],[1223.9576180257511,529.2329896907216],[1222.8744635193134,529.2329896907216],[1222.8744635193134,528.8707903780069],[1221.7913090128754,528.8707903780069],[1220.3471030042917,527.059793814433],[1220.3471030042917,525.6109965635738],[1219.263948497854,524.1621993127147],[1219.263948497854,523.4378006872852],[1218.902896995708,523.4378006872852],[1218.902896995708,522.3512027491408],[1218.5418454935623,522.3512027491408],[1218.902896995708,517.6426116838488],[1219.986051502146,516.1938144329897],[1219.986051502146,515.4694158075602],[1220.7081545064377,515.1072164948454],[1220.7081545064377,514.020618556701],[1221.0692060085837,514.020618556701],[1220.3471030042917,508.2254295532646],[1219.986051502146,508.2254295532646],[1219.986051502146,507.13883161512024],[1219.625,507.13883161512024],[1219.625,504.96563573883157],[1220.7081545064377,503.87903780068723],[1222.8744635193134,503.87903780068723],[1222.8744635193134,503.51683848797245],[1224.6797210300429,502.7924398625429],[1225.0407725321888,501.3436426116839],[1225.4018240343348,501.3436426116839],[1225.4018240343348,499.1704467353952],[1225.0407725321888,499.1704467353952],[1225.0407725321888,498.0838487972509],[1223.2355150214592,496.63505154639176],[1219.263948497854,496.272852233677],[1219.263948497854,496.63505154639176],[1218.5418454935623,496.63505154639176],[1218.5418454935623,496.272852233677],[1217.4586909871246,496.272852233677],[1216.0144849785406,494.82405498281787],[1215.6534334763949,491.56426116838486],[1216.0144849785406,491.56426116838486],[1216.0144849785406,489.3910652920962],[1216.3755364806866,489.3910652920962],[1216.3755364806866,485.7690721649484],[1214.931330472103,484.68247422680406],[1214.5702789699571,483.59587628865984]]]}},{"type":"Feature","id":"region-031","properties":{"id":"region-031","number":31,"name":"Эстерия","type":"region","countryId":"country-019","rgb":[240,219,33],"styleIndex":0,"isCapital":false,"capital":false,"labelRank":3,"importance":3,"areaWorld":1122.9582454081383,"labelPointMethod":"representative-point","source":"regions/country-019/regions-mask.png"},"geometry":{"type":"Polygon","coordinates":[[[1103.7274678111587,766.4735395189003],[1105.5327253218884,766.4735395189003],[1105.5327253218884,766.1113402061856],[1106.6158798283261,766.1113402061856],[1106.6158798283261,765.7491408934708],[1107.6990343347638,765.7491408934708],[1107.6990343347638,765.386941580756],[1108.7821888412018,765.386941580756],[1108.7821888412018,765.0247422680412],[1109.8653433476395,765.0247422680412],[1109.8653433476395,764.6625429553264],[1111.3095493562232,764.6625429553264],[1111.3095493562232,764.3003436426117],[1116.00321888412,764.3003436426117],[1119.6137339055795,767.1979381443299],[1119.6137339055795,767.9223367697595],[1120.6968884120172,769.3711340206186],[1121.418991416309,769.3711340206186],[1121.418991416309,769.7333333333333],[1125.0295064377683,769.7333333333333],[1126.4737124463518,770.8199312714777],[1127.5568669527897,770.8199312714777],[1127.5568669527897,771.1821305841925],[1128.6400214592275,771.1821305841925],[1128.6400214592275,771.5443298969072],[1130.4452789699571,771.5443298969072],[1130.4452789699571,771.906529209622],[1136.5831545064377,771.906529209622],[1136.5831545064377,771.5443298969072],[1138.0273605150214,771.5443298969072],[1138.0273605150214,771.1821305841925],[1138.7494635193134,771.1821305841925],[1138.7494635193134,770.8199312714777],[1139.4715665236051,770.8199312714777],[1139.4715665236051,770.4577319587629],[1140.1936695278969,770.4577319587629],[1140.1936695278969,770.0955326460481],[1140.9157725321888,770.0955326460481],[1142.3599785407725,769.0089347079038],[1147.0536480686694,769.0089347079038],[1147.0536480686694,769.7333333333333],[1147.7757510729614,770.4577319587629],[1149.581008583691,770.4577319587629],[1150.3031115879828,771.1821305841925],[1151.7473175965665,771.1821305841925],[1152.4694206008583,771.906529209622],[1153.1915236051502,771.906529209622],[1153.552575107296,772.6309278350516],[1154.274678111588,772.6309278350516],[1154.635729613734,773.3553264604811],[1155.3578326180257,773.3553264604811],[1157.1630901287554,775.166323024055],[1157.5241416309013,776.6151202749141],[1157.885193133047,776.6151202749141],[1157.885193133047,778.4261168384879],[1156.8020386266094,779.1505154639175],[1156.8020386266094,779.874914089347],[1156.0799356223176,779.874914089347],[1155.7188841201717,781.3237113402062],[1153.552575107296,783.13470790378],[1153.552575107296,783.8591065292096],[1152.8304721030042,784.5835051546392],[1151.3862660944205,784.945704467354],[1151.0252145922746,785.6701030927835],[1146.6925965665237,786.0323024054983],[1146.6925965665237,786.3945017182131],[1143.4431330472103,786.3945017182131],[1141.9989270386266,787.4810996563574],[1141.2768240343348,787.4810996563574],[1139.4715665236051,789.2920962199313],[1138.0273605150214,789.6542955326461],[1136.2221030042917,791.8274914089347],[1132.2505364806866,791.46529209622],[1131.1673819742489,792.5518900343643],[1127.1958154506437,792.5518900343643],[1127.1958154506437,792.9140893470791],[1125.75160944206,792.9140893470791],[1125.75160944206,793.2762886597939],[1123.9463519313304,793.2762886597939],[1123.9463519313304,792.9140893470791],[1123.2242489270386,792.9140893470791],[1123.2242489270386,788.9298969072165],[1122.8631974248926,788.9298969072165],[1122.8631974248926,786.7567010309278],[1122.5021459227469,786.7567010309278],[1122.5021459227469,784.2213058419244],[1124.6684549356223,782.0481099656357],[1124.6684549356223,780.2371134020618],[1123.9463519313304,780.2371134020618],[1123.9463519313304,779.874914089347],[1120.6968884120172,779.874914089347],[1118.8916309012875,781.6859106529209],[1118.5305793991415,786.3945017182131],[1118.1695278969958,786.3945017182131],[1117.4474248927038,788.5676975945017],[1116.725321888412,789.2920962199313],[1113.8369098712446,790.0164948453609],[1112.392703862661,791.8274914089347],[1110.9484978540772,792.1896907216495],[1110.9484978540772,792.5518900343643],[1109.8653433476395,792.5518900343643],[1109.1432403433475,793.2762886597939],[1106.6158798283261,793.6384879725086],[1106.6158798283261,794.0006872852234],[1104.8106223175964,794.0006872852234],[1104.8106223175964,794.3628865979382],[1103.7274678111587,794.3628865979382],[1103.7274678111587,794.725085910653],[1102.644313304721,794.725085910653],[1102.644313304721,795.0872852233678],[1101.5611587982833,795.0872852233678],[1101.5611587982833,795.4494845360825],[1099.0337982832618,795.4494845360825],[1097.950643776824,794.0006872852234],[1097.950643776824,793.2762886597939],[1098.3116952789699,793.2762886597939],[1098.3116952789699,792.1896907216495],[1098.6727467811158,792.1896907216495],[1099.0337982832618,791.1030927835052],[1099.7559012875536,791.1030927835052],[1100.1169527896996,790.3786941580756],[1100.8390557939915,790.3786941580756],[1101.5611587982833,789.6542955326461],[1101.5611587982833,787.1189003436426],[1099.3948497854076,786.7567010309278],[1098.3116952789699,785.3079037800687],[1098.3116952789699,784.5835051546392],[1097.950643776824,784.5835051546392],[1097.950643776824,783.8591065292096],[1093.9790772532187,783.13470790378],[1093.9790772532187,780.5993127147766],[1094.3401287553647,780.5993127147766],[1094.3401287553647,779.5127147766323],[1095.7843347639484,778.0639175257733],[1098.3116952789699,777.7017182130585],[1098.3116952789699,774.8041237113403],[1099.3948497854076,774.0797250859107],[1100.4780042918455,771.5443298969072],[1101.2001072961373,771.1821305841925],[1101.2001072961373,770.4577319587629],[1103.005364806867,768.646735395189],[1103.7274678111587,766.4735395189003]]]}},{"type":"Feature","id":"region-017","properties":{"id":"region-017","number":17,"name":"Таврия","type":"region","countryId":"country-019","rgb":[240,240,33],"styleIndex":1,"isCapital":false,"capital":false,"labelRank":3,"importance":3,"areaWorld":2075.957921287463,"labelPointMethod":"representative-point","source":"regions/country-019/regions-mask.png"},"geometry":{"type":"Polygon","coordinates":[[[1311.6931330472103,586.8226804123711],[1311.6931330472103,586.0982817869416],[1309.8878755364808,584.6494845360825],[1309.8878755364808,583.9250859106529],[1307.7215665236051,582.114089347079],[1306.9994635193134,580.3030927835051],[1306.2773605150214,579.9408934707903],[1306.2773605150214,579.2164948453608],[1303.027896995708,576.3189003436426],[1302.666845493562,575.2323024054982],[1301.9447424892703,575.2323024054982],[1301.5836909871246,573.0591065292097],[1301.9447424892703,573.0591065292097],[1301.9447424892703,571.9725085910653],[1301.5836909871246,571.9725085910653],[1301.5836909871246,571.2481099656358],[1300.8615879828326,570.5237113402062],[1298.6952789699571,570.5237113402062],[1298.6952789699571,570.1615120274914],[1296.8900214592275,569.4371134020619],[1296.8900214592275,567.9883161512028],[1296.1679184549357,567.626116838488],[1295.8068669527897,566.5395189003436],[1294.00160944206,565.8151202749141],[1293.2795064377683,564.7285223367697],[1291.1131974248926,564.0041237113402],[1290.7521459227469,563.2797250859106],[1290.030042918455,563.2797250859106],[1288.5858369098712,561.8309278350515],[1286.0584763948498,561.8309278350515],[1285.336373390558,562.5553264604811],[1283.5311158798283,562.9175257731958],[1283.5311158798283,563.2797250859106],[1282.4479613733906,563.2797250859106],[1282.4479613733906,563.6419243986254],[1279.1984978540772,562.5553264604811],[1277.7542918454935,560.7443298969072],[1277.7542918454935,556.3979381443299],[1277.0321888412018,555.6735395189004],[1277.0321888412018,554.9491408934708],[1275.9490343347638,554.2247422680413],[1275.5879828326179,552.4137457044674],[1273.7827253218884,550.6027491408935],[1273.0606223175964,550.6027491408935],[1273.0606223175964,549.8783505154639],[1272.6995708154507,549.8783505154639],[1272.6995708154507,548.7917525773196],[1273.7827253218884,547.3429553264605],[1274.5048283261804,547.3429553264605],[1275.9490343347638,545.8941580756014],[1277.0321888412018,545.8941580756014],[1277.0321888412018,545.5319587628866],[1278.4763948497853,545.1697594501718],[1279.9206008583692,543.3587628865979],[1282.4479613733906,543.3587628865979],[1283.5311158798283,544.807560137457],[1284.25321888412,544.807560137457],[1285.6974248927038,548.7917525773196],[1287.1416309012875,550.2405498281787],[1288.2247854077254,550.2405498281787],[1289.307939914163,549.1539518900344],[1289.307939914163,548.4295532646048],[1290.030042918455,548.06735395189],[1291.4742489270386,544.0831615120275],[1292.1963519313304,544.0831615120275],[1293.6405579399143,542.9965635738831],[1295.4458154506437,542.9965635738831],[1295.4458154506437,543.3587628865979],[1298.3342274678112,543.7209621993127],[1299.0563304721031,544.807560137457],[1300.1394849785406,544.807560137457],[1300.5005364806866,543.7209621993127],[1301.5836909871246,542.9965635738831],[1302.3057939914163,540.8233676975944],[1303.027896995708,540.4611683848797],[1303.027896995708,539.7367697594501],[1303.75,539.0123711340206],[1303.75,537.9257731958763],[1305.9163090128754,535.7525773195877],[1308.4436695278969,535.3903780068729],[1308.4436695278969,535.7525773195877],[1310.9710300429183,535.7525773195877],[1310.9710300429183,536.1147766323024],[1313.8594420600857,536.1147766323024],[1316.7478540772531,538.2879725085911],[1317.108905579399,539.7367697594501],[1316.7478540772531,539.7367697594501],[1316.7478540772531,540.8233676975944],[1316.3868025751071,540.8233676975944],[1316.3868025751071,541.9099656357388],[1316.0257510729614,541.9099656357388],[1316.0257510729614,542.9965635738831],[1315.6646995708154,542.9965635738831],[1315.6646995708154,545.1697594501718],[1316.7478540772531,545.5319587628866],[1317.108905579399,546.2563573883161],[1318.1920600858368,546.2563573883161],[1318.1920600858368,546.6185567010309],[1322.524678111588,546.2563573883161],[1324.3299356223174,544.4453608247422],[1325.0520386266094,540.8233676975944],[1326.1351931330473,539.7367697594501],[1326.1351931330473,539.0123711340206],[1326.857296137339,539.0123711340206],[1326.857296137339,538.6501718213058],[1330.4678111587982,538.6501718213058],[1330.4678111587982,539.0123711340206],[1331.912017167382,539.3745704467353],[1333.7172746781116,541.1855670103092],[1334.8004291845493,543.7209621993127],[1340.2162017167382,544.4453608247422],[1341.6604077253219,546.2563573883161],[1342.3825107296138,549.5161512027491],[1343.1046137339056,549.5161512027491],[1343.1046137339056,549.8783505154639],[1344.9098712446353,549.8783505154639],[1344.9098712446353,549.5161512027491],[1346.3540772532187,549.5161512027491],[1346.3540772532187,549.1539518900344],[1348.1593347639484,548.7917525773196],[1349.2424892703862,547.7051546391752],[1349.2424892703862,546.9807560137457],[1349.9645922746781,546.6185567010309],[1351.0477467811158,543.7209621993127],[1352.8530042918455,543.7209621993127],[1355.019313304721,545.5319587628866],[1356.8245708154504,551.327147766323],[1358.2687768240344,551.6893470790378],[1358.2687768240344,552.0515463917526],[1359.351931330472,552.0515463917526],[1359.351931330472,552.4137457044674],[1360.4350858369098,552.4137457044674],[1360.4350858369098,552.7759450171822],[1361.5182403433478,552.7759450171822],[1362.6013948497853,554.2247422680413],[1361.8792918454935,555.3113402061856],[1360.7961373390558,555.6735395189004],[1360.4350858369098,556.7601374570446],[1358.6298283261804,557.4845360824742],[1358.2687768240344,558.2089347079037],[1356.102467811159,558.9333333333333],[1355.741416309013,559.6577319587628],[1354.658261802575,559.6577319587628],[1353.2140557939915,560.7443298969072],[1352.4919527896996,560.7443298969072],[1352.4919527896996,561.106529209622],[1351.7698497854076,561.106529209622],[1351.7698497854076,561.4687285223367],[1351.0477467811158,561.4687285223367],[1350.325643776824,562.5553264604811],[1348.1593347639484,563.2797250859106],[1347.7982832618027,564.0041237113402],[1346.3540772532187,564.366323024055],[1346.3540772532187,564.7285223367697],[1341.6604077253219,565.0907216494845],[1341.6604077253219,565.4529209621993],[1334.4393776824033,565.0907216494845],[1332.9951716738196,566.1773195876289],[1332.273068669528,566.1773195876289],[1331.5509656652362,567.2639175257732],[1329.7457081545062,567.9883161512028],[1329.0236051502145,569.0749140893471],[1328.3015021459228,569.0749140893471],[1326.857296137339,570.885910652921],[1326.1351931330473,570.885910652921],[1325.0520386266094,572.6969072164949],[1324.3299356223174,572.6969072164949],[1323.6078326180257,573.4213058419244],[1323.6078326180257,574.145704467354],[1318.5531115879828,579.2164948453608],[1317.469957081545,581.7518900343642],[1313.8594420600857,585.373883161512],[1313.137339055794,585.373883161512],[1311.6931330472103,586.8226804123711]]]}}]}