{"type":"FeatureCollection","metadata":{"coordinateSpace":"regional-local","datasetId":"country-008/mainland-southwest","derivedFrom":"regions-raw-world.geojson","inverseOfRejectedTransform":{"method":"target transform-component bbox scale/translation; one common affine transform","localLandBoundsPx":[127,304,1891,1664],"transformComponentBoundsWorld":[472.0,812.0,632.0,896.0],"targetTerritoryBoundsWorld":[466.0,812.0,632.0,922.0],"scaleX":0.09070294784580499,"scaleY":0.061764705882352944,"offsetX":460.48072562358277,"offsetY":793.2235294117647}},"features":[{"type":"Feature","id":"country-008-mainland-southwest-region-001","properties":{"id":"country-008-mainland-southwest-region-001","number":1,"name":"Инсел","type":"region","countryId":"country-008","targetComponentId":"mainland-southwest","datasetId":"country-008/mainland-southwest","styleIndex":0,"isCapital":false,"capital":false,"labelRank":1,"importance":1,"areaWorld":530.4929971988811,"labelPointMethod":"representative-point","source":"regions/country-008/mainland-southwest/regions-source.png"},"geometry":{"type":"Polygon","coordinates":[[[128.0,617.0],[129.0,617.0],[129.0,615.0],[130.0,615.0],[130.0,612.0],[131.0,612.0],[131.0,610.0],[133.0,610.0],[135.0,606.0],[138.0,606.0],[138.0,605.0],[139.0,605.0],[139.0,603.0],[142.0,603.0],[142.0,602.0000000000018],[144.0,602.0000000000018],[145.0,600.0],[147.0,600.0],[147.0,599.0],[149.0,599.0],[149.0,598.0000000000018],[151.0,598.0000000000018],[151.0,597.0],[152.0,597.0],[152.0,596.0],[154.0,596.0],[155.0,594.0000000000018],[158.0,594.0000000000018],[159.0,592.0],[161.0,592.0],[161.0,590.0000000000018],[163.0,590.0000000000018],[163.0,589.0],[165.0,589.0],[166.0,587.0],[168.0,587.0],[168.0,586.0000000000018],[170.0,586.0000000000018],[170.0,584.0000000000018],[172.0,584.0000000000018],[172.0,582.0000000000018],[174.0,582.0000000000018],[174.0,580.0000000000018],[175.0,580.0000000000018],[175.0,579.0],[177.0,578.0000000000018],[177.0,576.0000000000018],[178.0,576.0000000000018],[178.0,572.0000000000018],[179.0,572.0000000000018],[179.0,570.0000000000018],[180.0,570.0000000000018],[180.0,568.0000000000018],[181.0,568.0000000000018],[181.0,566.0000000000018],[182.0,566.0000000000018],[182.0,564.0000000000018],[184.0,564.0000000000018],[184.0,562.0000000000018],[185.0,562.0000000000018],[186.0,560.0000000000018],[188.0,560.0000000000018],[188.0,558.0000000000018],[189.0,558.0000000000018],[190.0,556.0000000000018],[192.0,556.0000000000018],[192.0,554.0000000000018],[193.0,554.0000000000018],[193.0,553.0],[195.0,553.0],[195.0,552.0],[196.0,552.0],[196.0,550.0],[198.0,549.0],[198.0,539.0],[197.0,539.0],[197.0,536.0],[196.0,536.0],[196.0,534.0],[195.0,534.0],[195.0,533.0],[193.0,532.0],[193.0,530.0],[192.0,530.0],[192.0,529.0],[187.0,529.0],[187.0,530.0],[185.0,530.0],[185.0,529.0],[183.0,529.0],[183.0,528.0],[181.0,528.0],[181.0,527.0],[180.0,527.0],[180.0,526.0],[179.0,526.0],[179.0,525.0],[178.0,525.0],[178.0,524.0],[177.0,524.0],[176.0,522.0],[174.0,522.0],[174.0,521.0],[172.0,520.0],[172.0,518.0],[171.0,518.0],[171.0,515.0],[170.0,515.0],[170.0,503.0000000000018],[169.0,503.0000000000018],[169.0,494.0],[168.0,494.0],[168.0,492.0],[167.0,492.0],[167.0,490.0],[166.0,490.0],[166.0,487.0000000000018],[165.0,487.0000000000018],[165.0,475.0000000000018],[164.0,475.0000000000018],[164.0,474.0],[166.0,473.0000000000018],[166.0,470.0],[167.0,470.0],[167.0,467.0],[169.0,466.0],[169.0,464.0],[170.0,464.0],[171.0,462.0],[173.0,462.0],[173.0,461.0],[183.0,461.0],[183.0,462.0],[196.0,462.0],[196.0,461.0],[205.0,461.0],[205.0,462.0],[214.0,462.0],[214.0,463.0],[216.0,463.0],[216.0,464.0],[224.0,464.0],[224.0,465.0],[231.0,465.0],[231.0,466.0],[236.0,466.0],[236.0,467.0],[239.0,467.0],[240.0,465.0],[241.0,465.0],[241.0,466.0],[250.0,466.0],[250.0,465.0],[254.0,465.0],[254.0,464.0],[256.0,464.0],[256.0,463.0],[258.0,463.0],[258.0,462.0],[260.0,462.0],[260.0,461.0],[261.0,461.0],[262.0,459.0],[264.0,459.0],[264.0,458.0],[266.0,458.0],[266.0,457.0],[267.0,457.0],[267.0,456.0],[268.0,456.0],[268.0,455.0],[269.0,455.0],[269.0,454.0],[270.0,454.0],[271.0,452.0],[274.0,452.0],[274.0,451.0],[280.0,451.0],[280.0,450.0],[283.0,450.0],[283.0,451.0],[287.0,451.0],[288.0,453.0],[294.0,453.0],[294.0,449.0],[296.0,448.0],[296.0,445.0],[297.0,445.0],[297.0,442.0],[296.0,442.0],[296.0,439.0],[297.0,439.0],[297.0,437.0],[298.0,437.0],[298.0,432.0],[297.0,432.0],[297.0,429.0],[296.0,429.0],[296.0,428.0000000000018],[294.0,428.0000000000018],[293.0,426.0],[290.0,426.0],[290.0,425.0],[288.0,425.0],[288.0,424.0000000000018],[286.0,424.0000000000018],[285.0,422.0000000000018],[282.0,422.0000000000018],[282.0,423.0],[281.0,423.0],[281.0,421.0],[279.0,421.0],[279.0,420.0000000000018],[276.0,420.0000000000018],[276.0,419.0],[274.0,419.0],[274.0,418.0000000000018],[272.0,418.0000000000018],[272.0,417.0],[270.0,417.0],[270.0,416.0000000000018],[268.0,416.0000000000018],[267.0,414.0000000000018],[265.0,414.0000000000018],[265.0,412.0000000000018],[262.0,412.0000000000018],[262.0,411.0],[260.0,410.0000000000018],[260.0,408.0000000000018],[258.0,407.0],[258.0,401.0],[257.0,401.0],[257.0,400.0000000000018],[258.0,400.0000000000018],[258.0,396.0000000000018],[260.0,395.0],[260.0,393.0],[261.0,393.0],[261.0,392.0000000000018],[262.0,392.0000000000018],[263.0,390.0000000000018],[265.0,390.0000000000018],[265.0,389.0],[267.0,389.0],[267.0,388.0000000000018],[269.0,388.0000000000018],[269.0,387.0],[271.0,387.0],[271.0,386.0000000000018],[272.0,386.0000000000018],[272.0,381.0],[270.0,380.0],[270.0,378.0],[269.0,378.0],[269.0,376.0],[268.0,376.0],[268.0,368.0],[269.0,368.0],[270.0,366.0],[272.0,366.0],[272.0,365.0],[274.0,365.0],[274.0,364.0],[277.0,364.0],[277.0,363.0],[279.0,363.0],[279.0,362.0],[281.0,362.0],[281.0,360.0],[282.0,360.0],[282.0,354.0],[281.0,354.0],[281.0,350.0],[280.0,350.0],[280.0,345.0],[281.0,345.0],[281.0,337.0000000000018],[282.0,337.0000000000018],[282.0,334.0],[283.0,334.0],[283.0,333.0000000000018],[285.0,332.0],[285.0,329.0000000000018],[286.0,329.0000000000018],[286.0,327.0000000000018],[287.0,327.0000000000018],[287.0,326.0],[288.0,326.0],[289.0,324.0],[305.0,324.0],[305.0,325.0000000000018],[310.0,325.0000000000018],[310.0,326.0],[313.0,326.0],[313.0,327.0000000000018],[315.0,327.0000000000018],[316.0,329.0000000000018],[318.0,329.0000000000018],[318.0,330.0],[320.0,330.0],[320.0,332.0],[322.0,332.0],[322.0,333.0000000000018],[324.0,333.0000000000018],[324.0,334.0],[326.0,335.0000000000018],[326.0,337.0000000000018],[327.0,337.0000000000018],[327.0,338.0],[329.0,338.0],[329.0,339.0000000000018],[330.0,339.0000000000018],[330.0,340.0],[331.0,340.0],[332.0,342.0],[334.0,342.0],[334.0,344.0],[335.0,344.0],[335.0,346.0],[337.0,346.0],[337.0,347.0],[338.0,347.0],[338.0,349.0],[340.0,349.0],[340.0,350.0],[341.0,350.0],[342.0,352.0],[344.0,352.0],[344.0,353.0],[345.0,353.0],[345.0,355.0],[346.0,355.0],[346.0,356.0],[347.0,356.0],[347.0,357.0],[348.0,357.0],[348.0,358.0],[350.0,359.0],[350.0,361.0],[351.0,361.0],[351.0,363.0],[353.0,363.0],[353.0,364.0],[354.0,364.0],[354.0,366.0],[356.0,366.0],[356.0,368.0],[357.0,368.0],[357.0,370.0],[360.0,370.0],[360.0,371.0],[362.0,371.0],[362.0,372.0],[363.0,372.0],[363.0,373.0],[364.0,373.0],[365.0,375.0],[367.0,375.0],[367.0,376.0],[369.0,376.0],[369.0,377.0],[371.0,377.0],[371.0,378.0],[375.0,378.0],[375.0,379.0],[378.0,379.0],[378.0,380.0],[382.0,380.0],[382.0,381.0],[383.0,381.0],[383.0,382.0],[385.0,382.0],[385.0,383.0],[386.0,383.0],[386.0,384.0000000000018],[387.0,384.0000000000018],[387.0,385.0],[388.0,385.0],[388.0,386.0000000000018],[389.0,386.0000000000018],[390.0,388.0000000000018],[392.0,388.0000000000018],[392.0,389.0],[394.0,389.0],[394.0,390.0000000000018],[403.0,390.0000000000018],[403.0,389.0],[405.0,389.0],[406.0,387.0],[408.0,387.0],[408.0,386.0000000000018],[410.0,386.0000000000018],[411.0,384.0000000000018],[413.0,384.0000000000018],[413.0,383.0],[415.0,383.0],[415.0,382.0],[417.0,382.0],[417.0,380.0],[418.0,380.0],[418.0,379.0],[419.0,379.0],[419.0,378.0],[420.0,378.0],[420.0,377.0],[422.0,376.0],[422.0,374.0],[423.0,374.0],[423.0,372.0],[424.0,372.0],[424.0,368.0],[426.0,367.0],[426.0,365.0],[427.0,365.0],[427.0,363.0],[428.0,363.0],[428.0,361.0],[429.0,361.0],[429.0,358.0],[430.0,358.0],[430.0,355.0],[431.0,355.0],[431.0,354.0],[433.0,353.0],[433.0,350.0],[435.0,349.0],[435.0,347.0],[436.0,347.0],[436.0,345.0],[437.0,345.0],[437.0,342.0],[438.0,342.0],[438.0,341.0],[440.0,340.0],[440.0,334.0],[441.0,334.0],[441.0,333.0000000000018],[442.0,333.0000000000018],[442.0,332.0],[443.0,332.0],[443.0,331.0000000000018],[444.0,331.0000000000018],[444.0,330.0],[446.0,329.0000000000018],[446.0,327.0000000000018],[447.0,327.0000000000018],[447.0,326.0],[448.0,326.0],[448.0,325.0000000000018],[449.0,325.0000000000018],[449.0,324.0],[450.0,324.0],[451.0,322.0],[453.0,322.0],[453.0,320.0],[454.0,320.0],[454.0,319.0000000000018],[455.0,319.0000000000018],[456.0,317.0000000000018],[458.0,317.0000000000018],[458.0,316.0],[459.0,316.0],[459.0,315.0000000000018],[461.0,315.0000000000018],[461.0,314.0],[470.0,314.0],[470.0,315.0000000000018],[473.0,315.0000000000018],[473.0,314.0],[476.0,314.0],[476.0,313.0000000000018],[478.0,313.0000000000018],[478.0,312.0],[481.0,312.0],[481.0,311.0000000000018],[482.0,311.0000000000018],[482.0,310.0],[483.0,310.0],[483.0,309.0000000000018],[484.0,309.0000000000018],[484.0,308.0],[485.0,308.0],[486.0,306.0],[488.0,306.0],[488.0,305.0000000000018],[492.0,305.0000000000018],[492.0,304.0],[493.0,304.0],[493.0,305.0000000000018],[503.0,305.0000000000018],[503.0,306.0],[505.0,306.0],[506.0,308.0],[508.0,308.0],[508.0,310.0],[510.0,311.0000000000018],[510.0,313.0000000000018],[511.0,313.0000000000018],[511.0,315.0000000000018],[513.0,316.0],[513.0,318.0],[514.0,318.0],[514.0,320.0],[515.0,320.0],[515.0,323.0000000000018],[517.0,324.0],[517.0,327.0000000000018],[521.0,327.0000000000018],[521.0,326.0],[523.0,326.0],[523.0,325.0000000000018],[524.0,325.0000000000018],[524.0,324.0],[525.0,324.0],[526.0,322.0],[528.0,322.0],[529.0,320.0],[532.0,320.0],[532.0,319.0000000000018],[534.0,319.0000000000018],[534.0,318.0],[536.0,318.0],[536.0,317.0000000000018],[540.0,317.0000000000018],[540.0,316.0],[544.0,316.0],[544.0,317.0000000000018],[552.0,317.0000000000018],[552.0,316.0],[553.0,316.0],[553.0,317.0000000000018],[556.0,317.0000000000018],[556.0,316.0],[557.0,316.0],[557.0,317.0000000000018],[560.0,317.0000000000018],[560.0,318.0],[563.0,318.0],[564.0,320.0],[567.0,320.0],[567.0,322.0],[571.0000000000009,322.0],[571.0000000000009,321.0000000000018],[576.0000000000009,321.0000000000018],[576.0000000000009,320.0],[600.0,320.0],[600.0,321.0000000000018],[606.0,321.0000000000018],[606.0,322.0],[609.0000000000009,322.0],[609.0000000000009,323.0000000000018],[613.0,323.0000000000018],[613.0,324.0],[615.0000000000009,324.0],[616.0,326.0],[619.0,326.0],[619.0,327.0000000000018],[621.0000000000009,327.0000000000018],[621.0000000000009,328.0],[622.0,328.0],[623.0,330.0],[625.0,330.0],[625.0,340.0],[624.0,340.0],[624.0,341.0],[623.0,341.0],[622.0,343.0000000000018],[619.0,343.0000000000018],[619.0,344.0],[616.0,344.0],[615.0000000000009,346.0],[613.0,346.0],[613.0,347.0],[612.0,347.0],[612.0,348.0],[610.0000000000009,349.0],[610.0000000000009,351.0],[608.0,352.0],[608.0,355.0],[606.0,355.0],[606.0,356.0],[605.0,356.0],[605.0,358.0],[603.0,358.0],[603.0,359.0],[602.0,359.0],[601.0,361.0],[592.0,361.0],[592.0,362.0],[589.0,362.0],[589.0,361.0],[586.0,361.0],[586.0,360.0],[579.0,360.0],[578.0,362.0],[576.0000000000009,362.0],[576.0000000000009,363.0],[574.0,364.0],[574.0,366.0],[572.0,367.0],[572.0,369.0],[571.0000000000009,369.0],[571.0000000000009,371.0],[570.0,371.0],[570.0,373.0],[569.0,373.0],[569.0,374.0],[568.0,374.0],[568.0,375.0],[566.0,376.0],[566.0,378.0],[565.0,378.0],[565.0,379.0],[564.0,379.0],[564.0,381.0],[562.0,382.0],[562.0,384.0000000000018],[561.0,384.0000000000018],[561.0,386.0000000000018],[560.0,386.0000000000018],[560.0,387.0],[558.0,388.0000000000018],[558.0,391.0],[557.0,391.0],[557.0,392.0000000000018],[555.0,392.0000000000018],[555.0,394.0000000000018],[554.0,394.0000000000018],[554.0,395.0],[552.0,395.0],[552.0,397.0],[551.0,397.0],[551.0,398.0000000000018],[549.0,399.0],[549.0,402.0000000000018],[548.0,402.0000000000018],[548.0,405.0],[549.0,405.0],[549.0,407.0],[550.0,407.0],[550.0,408.0000000000018],[549.0,408.0000000000018],[549.0,416.0000000000018],[550.0,416.0000000000018],[550.0,417.0],[549.0,417.0],[549.0,420.0000000000018],[547.0,420.0000000000018],[547.0,422.0000000000018],[546.0,422.0000000000018],[545.0,424.0000000000018],[543.0,424.0000000000018],[543.0,426.0],[542.0,426.0],[542.0,428.0000000000018],[541.0,428.0000000000018],[541.0,429.0],[540.0,429.0],[540.0,431.0],[539.0,431.0],[539.0,434.0],[540.0,434.0],[540.0,435.0],[539.0,435.0],[539.0,439.0],[538.0,439.0],[538.0,454.0],[537.0,454.0],[537.0,456.0],[536.0,456.0],[536.0,470.0],[537.0,470.0],[537.0,472.0],[538.0,472.0],[538.0,508.0],[540.0,508.0],[540.0,509.0000000000018],[541.0,509.0000000000018],[541.0,510.0],[543.0,511.0],[543.0,513.0000000000018],[544.0,513.0000000000018],[544.0,514.0],[546.0,514.0],[546.0,515.0],[547.0,515.0],[547.0,516.0],[548.0,516.0],[548.0,517.0],[550.0,518.0],[550.0,520.0],[551.0,520.0],[551.0,521.0],[553.0,521.0],[553.0,522.0],[555.0,522.0],[556.0,524.0],[558.0,524.0],[558.0,525.0],[560.0,525.0],[560.0,526.0],[562.0,526.0],[563.0,528.0],[567.0,528.0],[567.0,529.0],[571.0000000000009,529.0],[571.0000000000009,528.0],[573.0,528.0],[573.0,529.0],[586.0,529.0],[586.0,530.0],[591.0,530.0],[591.0,531.0],[594.0,531.0],[594.0,532.0],[595.0,532.0],[595.0,534.0],[597.0,534.0],[597.0,537.0],[598.0000000000009,537.0],[598.0000000000009,539.0],[600.0,539.0],[600.0,541.0],[601.0,541.0],[601.0,543.0],[602.0,543.0],[603.0,545.0],[605.0,545.0],[605.0,546.0],[609.0000000000009,546.0],[609.0000000000009,547.0],[610.0000000000009,547.0],[610.0000000000009,548.0],[612.0,548.0],[612.0,549.0],[613.0,549.0],[613.0,551.0],[614.0,551.0],[614.0,557.0],[613.0,557.0],[613.0,559.0],[612.0,559.0],[612.0,561.0],[611.0,561.0],[611.0,562.0000000000018],[610.0000000000009,562.0000000000018],[610.0000000000009,563.0],[608.0,564.0000000000018],[608.0,566.0000000000018],[606.0,566.0000000000018],[606.0,568.0000000000018],[605.0,568.0000000000018],[605.0,570.0000000000018],[603.0,571.0],[603.0,574.0000000000018],[602.0,574.0000000000018],[602.0,575.0],[600.0,576.0000000000018],[600.0,579.0],[599.0000000000009,579.0],[599.0000000000009,581.0],[598.0000000000009,581.0],[598.0000000000009,583.0],[596.0,583.0],[596.0,585.0],[595.0,585.0],[595.0,587.0],[594.0,587.0],[594.0,589.0],[592.0,589.0],[592.0,591.0],[591.0,591.0],[591.0,592.0],[589.0,592.0],[589.0,594.0000000000018],[588.0000000000009,594.0000000000018],[588.0000000000009,595.0],[587.0000000000009,595.0],[586.0,597.0],[584.0,597.0],[584.0,599.0],[583.0,599.0],[583.0,600.0],[581.0,600.0],[581.0,602.0000000000018],[580.0,602.0000000000018],[580.0,603.0],[579.0,603.0],[578.0,605.0],[576.0000000000009,605.0],[576.0000000000009,607.0],[575.0,607.0],[575.0,609.0],[574.0,609.0],[574.0,610.0],[573.0,610.0],[572.0,612.0],[570.0,612.0],[569.0,614.0],[567.0,614.0],[567.0,615.0],[565.0,615.0],[565.0,616.0],[563.0,616.0],[562.0,618.0],[559.0,618.0],[559.0,619.0],[556.0,619.0],[556.0,620.0],[552.0,620.0],[552.0,619.0],[528.0,619.0],[528.0,620.0],[527.0,620.0],[527.0,619.0],[525.0,619.0],[525.0,618.0],[523.0,618.0],[522.0,616.0],[519.0,616.0],[519.0,615.0],[518.0,615.0],[517.0,613.0],[515.0,613.0],[515.0,612.0],[514.0,612.0],[513.0,610.0],[511.0,610.0],[511.0,609.0],[509.0,609.0],[509.0,607.0],[507.0,607.0],[507.0,606.0],[505.0,606.0],[505.0,605.0],[503.0,605.0],[503.0,604.0],[491.0,604.0],[491.0,603.0],[488.0,603.0],[488.0,602.0000000000018],[481.0,602.0000000000018],[480.0,600.0],[476.0,600.0],[476.0,599.0],[474.0,599.0],[474.0,598.0000000000018],[470.0,598.0000000000018],[470.0,597.0],[468.0,597.0],[468.0,596.0],[465.0,596.0],[465.0,595.0],[461.0,595.0],[461.0,594.0000000000018],[458.0,594.0000000000018],[458.0,593.0],[457.0,593.0],[456.0,591.0],[454.0,591.0],[454.0,590.0000000000018],[452.0,589.0],[452.0,587.0],[451.0,587.0],[451.0,586.0000000000018],[449.0,585.0],[449.0,581.0],[448.0,581.0],[448.0,580.0000000000018],[446.0,580.0000000000018],[446.0,579.0],[445.0,579.0],[445.0,578.0000000000018],[444.0,578.0000000000018],[443.0,576.0000000000018],[441.0,576.0000000000018],[440.0,574.0000000000018],[431.0,574.0000000000018],[431.0,575.0],[421.0,575.0],[421.0,576.0000000000018],[406.0,576.0000000000018],[406.0,575.0],[404.0,575.0],[404.0,574.0000000000018],[401.0,574.0000000000018],[401.0,573.0],[398.0,573.0],[398.0,572.0000000000018],[397.0,572.0000000000018],[397.0,571.0],[396.0,571.0],[395.0,569.0],[393.0,569.0],[393.0,567.0],[392.0,567.0],[392.0,566.0000000000018],[390.0,566.0000000000018],[390.0,565.0],[388.0,564.0000000000018],[388.0,562.0000000000018],[386.0,562.0000000000018],[386.0,560.0000000000018],[385.0,560.0000000000018],[385.0,558.0000000000018],[384.0,558.0000000000018],[384.0,557.0],[383.0,557.0],[383.0,556.0000000000018],[382.0,556.0000000000018],[382.0,555.0],[380.0,554.0000000000018],[380.0,551.0],[379.0,551.0],[379.0,549.0],[377.0,549.0],[376.0,547.0],[373.0,547.0],[373.0,546.0],[370.0,546.0],[369.0,544.0],[362.0,544.0],[362.0,543.0],[359.0,543.0],[359.0,542.0],[357.0,542.0],[356.0,540.0],[354.0,540.0],[354.0,539.0],[353.0,539.0],[353.0,537.0],[352.0,537.0],[352.0,536.0],[350.0,536.0],[350.0,534.0],[349.0,534.0],[349.0,533.0],[348.0,533.0],[348.0,532.0],[346.0,531.0],[346.0,529.0],[344.0,529.0],[343.0,527.0],[336.0,527.0],[336.0,528.0],[331.0,528.0],[330.0,530.0],[327.0,530.0],[327.0,531.0],[324.0,531.0],[324.0,532.0],[312.0,532.0],[312.0,533.0],[309.0,533.0],[309.0,535.0],[308.0,535.0],[308.0,538.0],[306.0,539.0],[306.0,548.0],[305.0,548.0],[305.0,552.0],[306.0,552.0],[306.0,560.0000000000018],[307.0,560.0000000000018],[307.0,562.0000000000018],[308.0,562.0000000000018],[308.0,564.0000000000018],[309.0,564.0000000000018],[309.0,566.0000000000018],[310.0,566.0000000000018],[310.0,568.0000000000018],[311.0,568.0000000000018],[311.0,569.0],[313.0,569.0],[313.0,570.0000000000018],[317.0,570.0000000000018],[317.0,571.0],[320.0,571.0],[320.0,572.0000000000018],[322.0,572.0000000000018],[322.0,573.0],[323.0,573.0],[323.0,574.0000000000018],[325.0,575.0],[325.0,577.0],[326.0,577.0],[326.0,579.0],[328.0,580.0000000000018],[328.0,581.0],[327.0,581.0],[327.0,586.0000000000018],[328.0,586.0000000000018],[328.0,587.0],[327.0,587.0],[327.0,591.0],[326.0,591.0],[326.0,613.0],[325.0,613.0],[325.0,616.0],[324.0,616.0],[324.0,618.0],[322.0,619.0],[322.0,621.0],[320.0,621.0],[320.0,623.0],[318.0,624.0],[318.0,626.0],[317.0,626.0],[317.0,627.0],[316.0,627.0],[316.0,628.0],[314.0,629.0],[314.0,631.0],[312.0,632.0],[312.0,636.0],[311.0,636.0],[311.0,641.0000000000018],[310.0,641.0000000000018],[310.0,643.0000000000018],[309.0,643.0000000000018],[309.0,648.0],[310.0,648.0],[310.0,649.0000000000018],[311.0,649.0000000000018],[311.0,651.0000000000018],[313.0,652.0],[313.0,654.0],[314.0,654.0],[314.0,656.0],[315.0,656.0],[315.0,660.0],[316.0,660.0],[316.0,662.0],[317.0,662.0],[317.0,665.0000000000018],[318.0,665.0000000000018],[318.0,669.0000000000018],[317.0,669.0000000000018],[317.0,672.0],[316.0,672.0],[316.0,674.0],[315.0,674.0],[315.0,676.0],[314.0,676.0],[314.0,677.0000000000018],[312.0,677.0000000000018],[312.0,678.0],[311.0,678.0],[311.0,679.0000000000018],[310.0,679.0000000000018],[309.0,681.0],[306.0,681.0],[306.0,682.0],[301.0,682.0],[301.0,683.0000000000018],[280.0,683.0000000000018],[280.0,684.0],[279.0,684.0],[279.0,683.0000000000018],[274.0,683.0000000000018],[274.0,684.0],[269.0,684.0],[269.0,685.0],[264.0,685.0],[264.0,686.0],[260.0,686.0],[260.0,685.0],[257.0,685.0],[257.0,683.0000000000018],[256.0,683.0000000000018],[256.0,682.0],[254.0,682.0],[254.0,681.0],[253.0,681.0],[253.0,680.0],[251.0,679.0000000000018],[251.0,674.0],[250.0,674.0],[250.0,672.0],[251.0,672.0],[251.0,664.0],[252.0,664.0],[252.0,663.0000000000018],[253.0,663.0000000000018],[253.0,661.0000000000018],[254.0,661.0000000000018],[254.0,660.0],[256.0,659.0000000000018],[256.0,657.0000000000018],[257.0,657.0000000000018],[257.0,655.0000000000018],[258.0,655.0000000000018],[258.0,652.0],[257.0,652.0],[257.0,650.0],[255.0,650.0],[254.0,648.0],[252.0,648.0],[252.0,647.0000000000018],[251.0,647.0000000000018],[251.0,645.0000000000018],[249.0,644.0],[249.0,639.0],[248.0,639.0],[248.0,638.0],[249.0,638.0],[249.0,635.0],[250.0,635.0],[250.0,633.0],[252.0,633.0],[252.0,632.0],[254.0,632.0],[255.0,630.0],[257.0,630.0],[258.0,628.0],[260.0,628.0],[260.0,627.0],[261.0,627.0],[261.0,626.0],[262.0,626.0],[262.0,625.0],[264.0,624.0],[264.0,622.0],[266.0,622.0],[266.0,620.0],[268.0,619.0],[268.0,612.0],[267.0,612.0],[267.0,607.0],[266.0,607.0],[266.0,604.0],[265.0,604.0],[264.0,602.0000000000018],[262.0,602.0000000000018],[262.0,601.0],[261.0,601.0],[261.0,599.0],[259.0,599.0],[259.0,597.0],[257.0,597.0],[257.0,595.0],[256.0,595.0],[256.0,594.0000000000018],[253.0,594.0000000000018],[253.0,593.0],[251.0,593.0],[251.0,592.0],[249.0,592.0],[248.0,590.0000000000018],[246.0,590.0000000000018],[245.0,588.0000000000018],[243.0,588.0000000000018],[243.0,587.0],[241.0,587.0],[241.0,586.0000000000018],[237.0,586.0000000000018],[237.0,587.0],[236.0,587.0],[235.0,589.0],[233.0,589.0],[233.0,590.0000000000018],[231.0,590.0000000000018],[231.0,591.0],[229.0,591.0],[229.0,592.0],[228.0,592.0],[227.0,594.0000000000018],[224.0,594.0000000000018],[224.0,595.0],[223.0,595.0],[223.0,597.0],[221.0,597.0],[221.0,599.0],[219.0,600.0],[219.0,604.0],[220.0,604.0],[220.0,606.0],[221.0,606.0],[221.0,609.0],[222.0,609.0],[222.0,611.0],[221.0,611.0],[221.0,619.0],[220.0,619.0],[220.0,620.0],[219.0,620.0],[219.0,621.0],[218.0,621.0],[217.0,623.0],[215.0,623.0],[215.0,626.0],[213.0,626.0],[213.0,628.0],[212.0,628.0],[212.0,631.0],[213.0,631.0],[213.0,633.0],[214.0,633.0],[214.0,636.0],[215.0,636.0],[215.0,643.0000000000018],[216.0,643.0000000000018],[216.0,644.0],[215.0,644.0],[215.0,647.0000000000018],[214.0,647.0000000000018],[214.0,650.0],[213.0,650.0],[213.0,651.0000000000018],[212.0,651.0000000000018],[212.0,652.0],[211.0,652.0],[210.0,654.0],[208.0,654.0],[208.0,655.0000000000018],[204.0,655.0000000000018],[204.0,656.0],[202.0,656.0],[202.0,657.0000000000018],[197.0,657.0000000000018],[197.0,656.0],[195.0,656.0],[195.0,655.0000000000018],[193.0,655.0000000000018],[193.0,654.0],[192.0,654.0],[192.0,652.0],[190.0,652.0],[190.0,650.0],[188.0,650.0],[188.0,649.0000000000018],[187.0,649.0000000000018],[186.0,647.0000000000018],[180.0,647.0000000000018],[180.0,646.0],[177.0,646.0],[177.0,647.0000000000018],[174.0,647.0000000000018],[174.0,648.0],[172.0,648.0],[172.0,649.0000000000018],[170.0,649.0000000000018],[170.0,650.0],[168.0,650.0],[168.0,651.0000000000018],[166.0,651.0000000000018],[165.0,653.0000000000018],[159.0,653.0000000000018],[159.0,654.0],[153.0,654.0],[152.0,652.0],[148.0,652.0],[148.0,651.0000000000018],[146.0,651.0000000000018],[146.0,650.0],[144.0,650.0],[144.0,648.0],[142.0,648.0],[142.0,647.0000000000018],[140.0,647.0000000000018],[140.0,646.0],[139.0,646.0],[139.0,645.0000000000018],[138.0,645.0000000000018],[138.0,644.0],[137.0,644.0],[136.0,642.0],[134.0,642.0],[134.0,641.0000000000018],[133.0,641.0000000000018],[133.0,639.0],[131.0,639.0],[131.0,638.0],[130.0,638.0],[130.0,636.0],[129.0,636.0],[129.0,634.0],[128.0,634.0],[128.0,617.0]]]}},{"type":"Feature","id":"country-008-mainland-southwest-region-002","properties":{"id":"country-008-mainland-southwest-region-002","number":2,"name":"Хэйлищланд","type":"region","countryId":"country-008","targetComponentId":"mainland-southwest","datasetId":"country-008/mainland-southwest","styleIndex":1,"isCapital":false,"capital":false,"labelRank":2,"importance":2,"areaWorld":273.2941176470589,"labelPointMethod":"representative-point","source":"regions/country-008/mainland-southwest/regions-source.png"},"geometry":{"type":"Polygon","coordinates":[[[241.0,1145.0],[242.0,1145.0],[242.0,1140.0],[243.0,1140.0],[243.0,1138.0],[244.0,1138.0],[244.0,1136.0],[245.0,1136.0],[245.0,1133.0],[246.0,1133.0],[246.0,1131.0],[247.0,1131.0],[247.0,1128.0],[248.0,1128.0],[248.0,1125.0],[249.0,1125.0],[249.0,1123.0],[251.0,1122.0],[251.0,1120.0000000000018],[265.0,1120.0000000000018],[265.0,1121.0],[267.0,1121.0],[267.0,1122.0],[270.0,1122.0],[270.0,1123.0],[278.0,1123.0],[279.0,1121.0],[281.0,1121.0],[281.0,1119.0],[282.0,1119.0],[282.0,1118.0],[284.0,1118.0],[284.0,1117.0],[285.0,1117.0],[285.0,1115.0],[286.0,1115.0],[286.0,1114.0],[287.0,1114.0],[287.0,1113.0],[288.0,1113.0],[288.0,1112.0000000000018],[290.0,1111.0],[290.0,1107.0],[291.0,1107.0],[291.0,1105.0],[292.0,1105.0],[292.0,1104.0000000000018],[294.0,1104.0000000000018],[294.0,1101.0],[296.0,1100.0000000000018],[296.0,1096.0000000000018],[298.0,1095.0],[298.0,1093.0],[299.0,1093.0],[299.0,1090.0000000000018],[301.0,1089.0],[301.0,1085.0],[302.0,1085.0],[302.0,1082.0000000000018],[304.0,1082.0000000000018],[304.0,1081.0],[305.0,1081.0],[305.0,1079.0],[306.0,1079.0],[306.0,1077.0],[307.0,1077.0],[307.0,1075.0],[308.0,1075.0],[308.0,1073.0],[309.0,1073.0],[309.0,1071.0],[310.0,1071.0],[310.0,1068.0000000000018],[311.0,1068.0000000000018],[311.0,1066.0000000000018],[313.0,1066.0000000000018],[313.0,1065.0],[315.0,1064.0],[315.0,1062.0],[316.0,1062.0],[316.0,1060.0],[317.0,1060.0],[317.0,1058.0],[318.0,1058.0],[318.0,1055.0],[319.0,1055.0],[319.0,1054.0],[320.0,1054.0],[320.0,1053.0],[321.0,1053.0],[321.0,1052.0],[322.0,1052.0],[322.0,1051.0],[323.0,1051.0],[323.0,1050.0],[324.0,1050.0],[325.0,1048.0],[327.0,1048.0],[327.0,1044.0],[326.0,1044.0],[326.0,1039.0],[325.0,1039.0],[325.0,1027.0000000000018],[324.0,1027.0000000000018],[324.0,1025.0],[323.0,1025.0],[323.0,1019.0000000000018],[322.0,1019.0000000000018],[322.0,1017.0000000000018],[321.0,1017.0000000000018],[321.0,1014.0],[320.0,1014.0],[320.0,1012.0],[318.0,1012.0],[317.0,1010.0],[315.0,1010.0],[314.0,1008.0],[312.0,1008.0],[312.0,1006.0],[310.0,1006.0],[310.0,1005.0000000000018],[308.0,1004.0],[308.0,1002.0],[306.0,1002.0],[306.0,1001.0000000000018],[305.0,1001.0000000000018],[304.0,999.0000000000018],[302.0,999.0000000000018],[302.0,998.0],[301.0,998.0],[301.0,997.0000000000018],[300.0,997.0000000000018],[300.0,996.0],[299.0,996.0],[299.0,995.0000000000018],[297.0,994.0],[297.0,992.0],[295.0,992.0],[295.0,991.0000000000018],[293.0,991.0000000000018],[293.0,990.0],[291.0,990.0],[291.0,989.0000000000018],[289.0,988.0],[289.0,984.0],[288.0,984.0],[288.0,981.0000000000018],[287.0,981.0000000000018],[287.0,978.0],[286.0,978.0],[286.0,970.0],[287.0,970.0],[287.0,968.0],[289.0,967.0],[289.0,965.0],[291.0,964.0],[291.0,962.0],[293.0,961.0],[293.0,959.0],[294.0,959.0],[294.0,958.0],[296.0,958.0],[296.0,956.0],[298.0,956.0],[298.0,954.0],[300.0,954.0],[300.0,952.0],[301.0,952.0],[302.0,950.0],[305.0,950.0],[305.0,946.0],[304.0,946.0],[304.0,945.0],[303.0,945.0],[303.0,944.0],[302.0,944.0],[302.0,943.0],[300.0,942.0000000000018],[300.0,940.0],[299.0,940.0],[299.0,938.0000000000018],[298.0,938.0000000000018],[298.0,934.0000000000018],[299.0,934.0000000000018],[299.0,932.0000000000018],[300.0,932.0000000000018],[300.0,931.0],[301.0,931.0],[302.0,929.0],[304.0,929.0],[305.0,927.0],[307.0,927.0],[307.0,926.0000000000018],[310.0,926.0000000000018],[310.0,925.0],[312.0,925.0],[312.0,924.0000000000018],[316.0,924.0000000000018],[316.0,923.0],[318.0,923.0],[318.0,922.0000000000018],[319.0,922.0000000000018],[320.0,920.0000000000018],[322.0,920.0000000000018],[322.0,918.0000000000018],[323.0,918.0000000000018],[323.0,914.0000000000018],[325.0,913.0],[325.0,909.0],[324.0,909.0],[324.0,906.0000000000018],[323.0,906.0000000000018],[323.0,904.0000000000018],[322.0,904.0000000000018],[322.0,903.0],[320.0,902.0000000000018],[320.0,900.0000000000018],[318.0,899.0],[318.0,897.0],[316.0,896.0000000000018],[316.0,893.0],[315.0,893.0],[315.0,890.0],[314.0,890.0],[314.0,886.0],[315.0,886.0],[315.0,883.0],[316.0,883.0],[316.0,878.0],[317.0,878.0],[317.0,875.0],[316.0,875.0],[316.0,872.0],[315.0,872.0],[315.0,869.0],[314.0,869.0],[314.0,867.0],[311.0,867.0],[311.0,866.0],[306.0,866.0],[306.0,865.0],[304.0,865.0],[304.0,864.0],[303.0,864.0],[303.0,863.0],[301.0,862.0],[301.0,860.0],[300.0,860.0],[300.0,857.0000000000018],[299.0,857.0000000000018],[299.0,856.0],[301.0,855.0],[301.0,853.0000000000018],[302.0,853.0000000000018],[302.0,851.0],[304.0,850.0],[304.0,848.0],[306.0,847.0000000000018],[306.0,845.0000000000018],[307.0,845.0000000000018],[307.0,844.0],[309.0,844.0],[309.0,843.0000000000018],[311.0,843.0000000000018],[311.0,842.0],[314.0,842.0],[314.0,841.0000000000018],[318.0,841.0000000000018],[318.0,840.0],[320.0,839.0000000000018],[320.0,837.0000000000018],[321.0,837.0000000000018],[321.0,835.0000000000018],[323.0,835.0000000000018],[323.0,833.0000000000018],[325.0,833.0000000000018],[325.0,832.0],[327.0,832.0],[328.0,830.0],[336.0,830.0],[336.0,831.0000000000018],[337.0,831.0000000000018],[337.0,832.0],[338.0,832.0],[338.0,833.0000000000018],[339.0,833.0000000000018],[339.0,834.0],[341.0,835.0000000000018],[341.0,837.0000000000018],[342.0,837.0000000000018],[342.0,839.0000000000018],[343.0,839.0000000000018],[343.0,840.0],[344.0,840.0],[344.0,841.0000000000018],[346.0,842.0],[346.0,845.0000000000018],[354.0,845.0000000000018],[354.0,846.0],[356.0,846.0],[356.0,847.0000000000018],[357.0,847.0000000000018],[357.0,848.0],[359.0,849.0000000000018],[359.0,851.0],[360.0,851.0],[360.0,853.0000000000018],[361.0,853.0000000000018],[361.0,855.0],[362.0,855.0],[362.0,858.0],[361.0,858.0],[361.0,860.0],[360.0,860.0],[360.0,873.0],[361.0,873.0],[361.0,880.0],[362.0,880.0],[362.0,883.0],[361.0,883.0],[361.0,885.0],[360.0,885.0],[360.0,887.0],[359.0,887.0],[359.0,890.0],[360.0,890.0],[360.0,899.0],[361.0,899.0],[361.0,901.0],[362.0,901.0],[362.0,902.0000000000018],[364.0,903.0],[364.0,905.0],[367.0,905.0],[367.0,906.0000000000018],[372.0,906.0000000000018],[372.0,907.0],[378.0,907.0],[379.0,909.0],[381.0,909.0],[381.0,911.0],[383.0,912.0000000000018],[383.0,914.0000000000018],[385.0,914.0000000000018],[385.0,915.0],[388.0,915.0],[388.0,916.0000000000018],[390.0,917.0],[390.0,919.0],[392.0,919.0],[392.0,920.0000000000018],[394.0,920.0000000000018],[395.0,922.0000000000018],[397.0,922.0000000000018],[397.0,924.0000000000018],[398.0,924.0000000000018],[398.0,925.0],[400.0,926.0000000000018],[400.0,928.0000000000018],[402.0,928.0000000000018],[402.0,929.0],[404.0,929.0],[404.0,931.0],[406.0,931.0],[406.0,932.0000000000018],[407.0,932.0000000000018],[407.0,934.0000000000018],[409.0,934.0000000000018],[409.0,935.0],[410.0,935.0],[410.0,937.0],[412.0,937.0],[413.0,939.0],[417.0,939.0],[417.0,940.0],[418.0,940.0],[418.0,942.0000000000018],[420.0,942.0000000000018],[420.0,943.0],[422.0,944.0],[422.0,946.0],[424.0,947.0],[424.0,949.0],[426.0,950.0],[426.0,952.0],[427.0,952.0],[427.0,954.0],[428.0,954.0],[428.0,955.0],[430.0,955.0],[431.0,957.0],[435.0,957.0],[435.0,958.0],[436.0,958.0],[436.0,959.0],[437.0,959.0],[437.0,960.0],[438.0,960.0],[438.0,961.0],[439.0,961.0],[439.0,962.0],[440.0,962.0],[440.0,963.0],[442.0,964.0],[442.0,966.0],[446.0,966.0],[446.0,967.0],[448.0,967.0],[448.0,968.0],[450.0,968.0],[450.0,969.0],[455.0,969.0],[456.0,971.0],[458.0,971.0],[458.0,972.0],[459.0,972.0],[459.0,973.0],[461.0,974.0],[461.0,976.0],[462.0,976.0],[462.0,978.0],[463.0,978.0],[463.0,990.0],[462.0,990.0],[462.0,991.0000000000018],[460.0,992.0],[460.0,994.0],[459.0,994.0],[459.0,995.0000000000018],[458.0,995.0000000000018],[458.0,996.0],[456.0,997.0000000000018],[456.0,1000.0],[455.0,1000.0],[455.0,1003.0000000000018],[454.0,1003.0000000000018],[454.0,1005.0000000000018],[453.0,1005.0000000000018],[453.0,1009.0000000000018],[452.0,1009.0000000000018],[452.0,1020.0],[453.0,1020.0],[453.0,1027.0000000000018],[454.0,1027.0000000000018],[454.0,1029.0],[456.0,1030.0],[456.0,1032.0],[458.0,1033.0],[458.0,1035.0],[459.0,1035.0],[459.0,1036.0],[460.0,1036.0],[461.0,1038.0],[470.0,1038.0],[470.0,1039.0],[472.0,1039.0],[472.0,1040.0],[476.0,1040.0],[476.0,1041.0],[481.0,1041.0],[481.0,1042.0],[483.0,1042.0],[484.0,1044.0],[489.0,1044.0],[489.0,1045.0],[491.0,1045.0],[492.0,1047.0],[495.0,1047.0],[495.0,1049.0],[496.0,1049.0],[496.0,1050.0],[498.0,1050.0],[498.0,1053.0],[499.0,1053.0],[499.0,1061.0],[498.0,1061.0],[498.0,1064.0],[497.0,1064.0],[497.0,1066.0000000000018],[496.0,1066.0000000000018],[496.0,1067.0],[494.0,1068.0000000000018],[494.0,1070.0000000000018],[492.0,1071.0],[492.0,1074.0000000000018],[490.0,1074.0000000000018],[490.0,1076.0000000000018],[488.0,1076.0000000000018],[488.0,1078.0000000000018],[487.0,1078.0000000000018],[486.0,1080.0000000000018],[484.0,1080.0000000000018],[484.0,1081.0],[482.0,1082.0000000000018],[482.0,1084.0000000000018],[480.0,1084.0000000000018],[480.0,1086.0000000000018],[479.0,1086.0000000000018],[479.0,1087.0],[477.0,1087.0],[477.0,1088.0000000000018],[476.0,1088.0000000000018],[476.0,1090.0000000000018],[474.0,1091.0],[474.0,1093.0],[472.0,1094.0000000000018],[472.0,1096.0000000000018],[471.0,1096.0000000000018],[471.0,1097.0],[469.0,1098.0000000000018],[469.0,1100.0000000000018],[467.0,1101.0],[467.0,1103.0],[466.0,1103.0],[466.0,1105.0],[465.0,1105.0],[465.0,1107.0],[464.0,1107.0],[464.0,1109.0],[462.0,1109.0],[462.0,1111.0],[460.0,1112.0000000000018],[460.0,1114.0],[458.0,1114.0],[458.0,1116.0000000000018],[456.0,1117.0],[456.0,1119.0],[454.0,1120.0000000000018],[454.0,1122.0],[452.0,1122.0],[452.0,1124.0],[450.0,1124.0],[450.0,1126.0],[448.0,1126.0],[448.0,1127.0],[447.0,1127.0],[447.0,1128.0],[446.0,1128.0],[446.0,1129.0],[445.0,1129.0],[445.0,1130.0],[444.0,1130.0],[444.0,1131.0],[442.0,1132.0],[442.0,1134.0],[440.0,1135.0],[440.0,1138.0],[438.0,1139.0],[438.0,1145.0],[437.0,1145.0],[437.0,1147.0],[436.0,1147.0],[436.0,1149.0],[435.0,1149.0],[435.0,1150.0],[434.0,1150.0],[434.0,1151.0],[433.0,1151.0],[433.0,1152.0],[432.0,1152.0],[431.0,1154.0],[429.0,1154.0],[429.0,1155.0000000000018],[428.0,1155.0000000000018],[428.0,1156.0],[427.0,1156.0],[426.0,1158.0],[424.0,1158.0],[424.0,1159.0000000000018],[422.0,1159.0000000000018],[422.0,1160.0],[421.0,1160.0],[420.0,1162.0],[418.0,1162.0],[418.0,1163.0000000000018],[415.0,1163.0000000000018],[415.0,1164.0],[384.0,1164.0],[384.0,1166.0],[383.0,1166.0],[383.0,1164.0],[376.0,1164.0],[376.0,1165.0000000000018],[375.0,1165.0000000000018],[375.0,1164.0],[368.0,1164.0],[368.0,1165.0000000000018],[361.0,1165.0000000000018],[361.0,1166.0],[356.0,1166.0],[356.0,1167.0000000000018],[354.0,1168.0],[354.0,1173.0000000000018],[352.0,1174.0],[352.0,1179.0000000000018],[351.0,1179.0000000000018],[351.0,1182.0],[350.0,1182.0],[350.0,1186.0],[349.0,1186.0],[349.0,1188.0],[348.0,1188.0],[348.0,1194.0],[347.0,1194.0],[347.0,1204.0],[346.0,1204.0],[346.0,1208.0],[345.0,1208.0],[345.0,1211.0],[344.0,1211.0],[344.0,1219.0],[343.0,1219.0],[343.0,1221.0],[342.0,1221.0],[342.0,1224.0],[341.0,1224.0],[341.0,1227.0],[340.0,1227.0],[340.0,1229.0],[339.0,1229.0],[339.0,1231.0],[338.0,1231.0],[338.0,1233.0],[337.0,1233.0],[337.0,1234.0],[336.0,1234.0],[336.0,1235.0],[335.0,1235.0],[335.0,1236.0],[334.0,1236.0],[333.0,1238.0000000000018],[331.0,1238.0000000000018],[331.0,1239.0],[330.0,1239.0],[330.0,1240.0000000000018],[329.0,1240.0000000000018],[329.0,1241.0],[328.0,1241.0],[327.0,1243.0],[325.0,1243.0],[325.0,1244.0000000000018],[322.0,1244.0000000000018],[322.0,1246.0000000000018],[319.0,1246.0000000000018],[319.0,1247.0],[317.0,1247.0],[317.0,1248.0000000000018],[315.0,1248.0000000000018],[315.0,1249.0],[312.0,1249.0],[312.0,1250.0000000000018],[309.0,1250.0000000000018],[309.0,1251.0],[299.0,1251.0],[299.0,1252.0000000000018],[298.0,1252.0000000000018],[297.0,1250.0000000000018],[294.0,1250.0000000000018],[293.0,1248.0000000000018],[291.0,1248.0000000000018],[291.0,1247.0],[290.0,1247.0],[290.0,1246.0000000000018],[288.0,1245.0],[288.0,1243.0],[286.0,1243.0],[286.0,1242.0000000000018],[285.0,1242.0000000000018],[285.0,1240.0000000000018],[284.0,1240.0000000000018],[284.0,1239.0],[282.0,1239.0],[282.0,1237.0],[281.0,1237.0],[281.0,1236.0],[280.0,1236.0],[280.0,1234.0],[279.0,1234.0],[279.0,1233.0],[277.0,1232.0],[277.0,1230.0],[275.0,1230.0],[275.0,1227.0],[274.0,1227.0],[274.0,1223.0],[275.0,1223.0],[275.0,1220.0],[274.0,1220.0],[274.0,1218.0],[275.0,1218.0],[275.0,1216.0],[276.0,1216.0],[276.0,1214.0],[277.0,1214.0],[277.0,1212.0],[278.0,1212.0],[278.0,1208.0],[280.0,1208.0],[280.0,1205.0000000000018],[281.0,1205.0000000000018],[281.0,1202.0],[282.0,1202.0],[282.0,1200.0],[283.0,1200.0],[283.0,1195.0],[285.0,1195.0],[285.0,1190.0],[286.0,1190.0],[286.0,1186.0],[288.0,1185.0000000000018],[288.0,1180.0],[287.0,1180.0],[287.0,1179.0000000000018],[285.0,1178.0],[285.0,1176.0],[274.0,1176.0],[274.0,1175.0000000000018],[271.0,1175.0000000000018],[271.0,1174.0],[264.0,1174.0],[264.0,1175.0000000000018],[263.0,1175.0000000000018],[263.0,1174.0],[261.0,1174.0],[260.0,1172.0],[258.0,1172.0],[257.0,1170.0],[255.0,1170.0],[255.0,1169.0000000000018],[254.0,1169.0000000000018],[253.0,1167.0000000000018],[251.0,1167.0000000000018],[251.0,1165.0000000000018],[250.0,1165.0000000000018],[250.0,1164.0],[248.0,1164.0],[248.0,1162.0],[246.0,1162.0],[245.0,1160.0],[243.0,1160.0],[243.0,1157.0000000000018],[241.0,1157.0000000000018],[241.0,1145.0]]]}},{"type":"Feature","id":"country-008-mainland-southwest-region-003","properties":{"id":"country-008-mainland-southwest-region-003","number":3,"name":"Исгеция","type":"region","countryId":"country-008","targetComponentId":"mainland-southwest","datasetId":"country-008/mainland-southwest","styleIndex":2,"isCapital":false,"capital":false,"labelRank":1,"importance":1,"areaWorld":792.9187675070028,"labelPointMethod":"representative-point","source":"regions/country-008/mainland-southwest/regions-source.png"},"geometry":{"type":"Polygon","coordinates":[[[352.0,1273.0],[353.0,1273.0],[353.0,1268.0000000000018],[355.0,1267.0],[355.0,1265.0],[357.0,1265.0],[357.0,1264.0000000000018],[358.0,1264.0000000000018],[358.0,1262.0000000000018],[368.0,1262.0000000000018],[368.0,1261.0],[373.0,1261.0],[374.0,1259.0],[376.0,1259.0],[376.0,1258.0000000000018],[377.0,1258.0000000000018],[377.0,1256.0000000000018],[379.0,1256.0000000000018],[379.0,1254.0000000000018],[380.0,1254.0000000000018],[380.0,1253.0],[381.0,1253.0],[382.0,1251.0],[384.0,1251.0],[384.0,1250.0000000000018],[385.0,1250.0000000000018],[385.0,1248.0000000000018],[387.0,1248.0000000000018],[387.0,1247.0],[389.0,1247.0],[389.0,1246.0000000000018],[391.0,1246.0000000000018],[391.0,1245.0],[393.0,1245.0],[393.0,1244.0000000000018],[395.0,1244.0000000000018],[396.0,1242.0000000000018],[400.0,1242.0000000000018],[401.0,1240.0000000000018],[415.0,1240.0000000000018],[416.0,1242.0000000000018],[419.0,1242.0000000000018],[419.0,1241.0],[421.0,1241.0],[421.0,1242.0000000000018],[425.0,1242.0000000000018],[425.0,1243.0],[431.0,1243.0],[431.0,1242.0000000000018],[432.0,1242.0000000000018],[432.0,1243.0],[437.0,1243.0],[437.0,1242.0000000000018],[440.0,1242.0000000000018],[440.0,1241.0],[444.0,1241.0],[444.0,1242.0000000000018],[448.0,1242.0000000000018],[448.0,1241.0],[459.0,1241.0],[459.0,1240.0000000000018],[462.0,1240.0000000000018],[463.0,1238.0000000000018],[465.0,1238.0000000000018],[465.0,1237.0],[467.0,1237.0],[467.0,1234.0],[466.0,1234.0],[466.0,1229.0],[465.0,1229.0],[465.0,1227.0],[464.0,1227.0],[464.0,1223.0],[465.0,1223.0],[465.0,1221.0],[467.0,1220.0],[467.0,1214.0],[466.0,1214.0],[466.0,1213.0],[463.0,1213.0],[463.0,1212.0],[462.0,1212.0],[462.0,1210.0],[461.0,1210.0],[461.0,1204.0],[462.0,1204.0],[462.0,1202.0],[463.0,1202.0],[463.0,1194.0],[465.0,1193.0000000000018],[465.0,1190.0],[467.0,1190.0],[467.0,1188.0],[468.0,1188.0],[468.0,1186.0],[469.0,1186.0],[470.0,1184.0],[472.0,1184.0],[472.0,1183.0000000000018],[473.0,1183.0000000000018],[473.0,1181.0000000000018],[474.0,1181.0000000000018],[475.0,1179.0000000000018],[477.0,1179.0000000000018],[477.0,1178.0],[478.0,1178.0],[479.0,1176.0],[484.0,1176.0],[484.0,1175.0000000000018],[487.0,1175.0000000000018],[487.0,1174.0],[496.0,1174.0],[497.0,1172.0],[500.0,1172.0],[500.0,1171.0000000000018],[503.0,1171.0000000000018],[503.0,1172.0],[515.0,1172.0],[515.0,1173.0000000000018],[517.0,1173.0000000000018],[517.0,1174.0],[520.0,1174.0],[520.0,1176.0],[521.0,1176.0],[521.0,1177.0000000000018],[522.0,1177.0000000000018],[522.0,1178.0],[523.0,1178.0],[523.0,1179.0000000000018],[524.0,1179.0000000000018],[524.0,1180.0],[526.0,1181.0000000000018],[526.0,1183.0000000000018],[527.0,1183.0000000000018],[527.0,1190.0],[528.0,1190.0],[528.0,1191.0],[527.0,1191.0],[527.0,1195.0],[528.0,1195.0],[528.0,1197.0000000000018],[527.0,1197.0000000000018],[527.0,1203.0],[526.0,1203.0],[526.0,1206.0],[525.0,1206.0],[525.0,1210.0],[524.0,1210.0],[524.0,1213.0],[525.0,1213.0],[525.0,1214.0],[523.0,1215.0],[523.0,1219.0],[524.0,1219.0],[524.0,1220.0],[526.0,1220.0],[526.0,1222.0],[527.0,1222.0],[527.0,1223.0],[528.0,1223.0],[528.0,1224.0],[530.0,1225.0],[530.0,1227.0],[531.0,1227.0],[531.0,1228.0],[533.0,1229.0],[533.0,1231.0],[534.0,1231.0],[534.0,1234.0],[535.0,1234.0],[535.0,1245.0],[536.0,1245.0],[536.0,1246.0000000000018],[538.0,1247.0],[538.0,1249.0],[539.0,1249.0],[539.0,1252.0000000000018],[542.0,1252.0000000000018],[542.0,1253.0],[544.0,1253.0],[544.0,1254.0000000000018],[546.0,1254.0000000000018],[547.0,1256.0000000000018],[552.0,1256.0000000000018],[552.0,1257.0],[555.0,1257.0],[555.0,1259.0],[559.0,1259.0],[559.0,1260.0000000000018],[568.0,1260.0000000000018],[568.0,1261.0],[578.0,1261.0],[578.0,1260.0000000000018],[582.0000000000009,1260.0000000000018],[582.0000000000009,1259.0],[585.0,1259.0],[585.0,1258.0000000000018],[587.0000000000009,1258.0000000000018],[587.0000000000009,1257.0],[589.0,1257.0],[589.0,1256.0000000000018],[590.0,1256.0000000000018],[591.0,1254.0000000000018],[593.0000000000009,1254.0000000000018],[593.0000000000009,1253.0],[594.0,1253.0],[594.0,1251.0],[598.0000000000009,1249.0],[598.0000000000009,1247.0],[600.0,1247.0],[600.0,1246.0000000000018],[602.0,1246.0000000000018],[602.0,1245.0],[603.0,1245.0],[604.0000000000009,1243.0],[606.0,1243.0],[607.0,1241.0],[612.0,1241.0],[612.0,1240.0000000000018],[623.0,1240.0000000000018],[624.0,1242.0000000000018],[626.0000000000009,1242.0000000000018],[627.0,1244.0000000000018],[629.0,1244.0000000000018],[629.0,1245.0],[630.9999999999991,1245.0],[630.9999999999991,1246.0000000000018],[633.0,1246.0000000000018],[633.0,1247.0],[635.0,1247.0],[635.0,1248.0000000000018],[644.0,1248.0000000000018],[644.0,1247.0],[648.0000000000009,1247.0],[648.0000000000009,1248.0000000000018],[650.0,1248.0000000000018],[650.0,1249.0],[658.0,1249.0],[658.0,1248.0000000000018],[663.9999999999991,1248.0000000000018],[663.9999999999991,1247.0],[666.0,1247.0],[666.0,1246.0000000000018],[673.0,1246.0000000000018],[673.0,1245.0],[676.0000000000009,1245.0],[676.0000000000009,1244.0000000000018],[678.0,1244.0000000000018],[678.0,1243.0],[680.0,1243.0],[680.0,1241.0],[680.9999999999991,1241.0],[680.9999999999991,1240.0000000000018],[683.0,1240.0000000000018],[683.0,1238.0000000000018],[685.0,1237.0],[685.0,1235.0],[685.9999999999991,1235.0],[685.9999999999991,1233.0],[688.0,1232.0],[688.0,1229.0],[689.0,1229.0],[689.0,1228.0],[690.0,1228.0],[690.0,1227.0],[691.0,1227.0],[691.0,1226.0],[691.9999999999991,1226.0],[691.9999999999991,1225.0],[693.0,1225.0],[693.0,1224.0],[694.0,1224.0],[695.0,1222.0],[696.9999999999991,1222.0],[696.9999999999991,1221.0],[701.0,1221.0],[701.0,1220.0],[705.0,1220.0],[705.0,1219.0],[710.0,1219.0],[710.0,1218.0],[712.0,1218.0],[712.0,1217.0],[713.9999999999991,1217.0],[713.9999999999991,1218.0],[718.0,1218.0],[718.0,1217.0],[721.0,1217.0],[721.0,1216.0],[728.0,1216.0],[728.0,1215.0],[729.9999999999991,1215.0],[729.9999999999991,1214.0],[735.9999999999991,1214.0],[735.9999999999991,1215.0],[744.0,1215.0],[744.0,1214.0],[751.9999999999991,1214.0],[751.9999999999991,1215.0],[760.0,1215.0],[760.0,1216.0],[761.0,1216.0],[761.0,1217.0],[762.0,1217.0],[762.0,1218.0],[762.9999999999991,1218.0],[762.9999999999991,1219.0],[765.0,1220.0],[765.0,1222.0],[767.0,1223.0],[767.0,1226.0],[768.0,1226.0],[768.0,1232.0],[768.9999999999991,1232.0],[768.9999999999991,1234.0],[770.0,1234.0],[770.0,1241.0],[771.0,1241.0],[771.0,1243.0],[778.0,1243.0],[778.0,1242.0000000000018],[779.9999999999991,1242.0000000000018],[779.9999999999991,1243.0],[786.0000000000009,1243.0],[786.0000000000009,1242.0000000000018],[788.0,1242.0000000000018],[788.0,1243.0],[790.0,1243.0],[790.0,1244.0000000000018],[792.0000000000009,1244.0000000000018],[792.0000000000009,1245.0],[794.0,1245.0],[794.0,1246.0000000000018],[795.0,1246.0000000000018],[795.0,1248.0000000000018],[799.0,1250.0000000000018],[799.0,1252.0000000000018],[800.0,1252.0000000000018],[800.0,1254.0000000000018],[801.9999999999991,1254.0000000000018],[801.9999999999991,1255.0],[803.0000000000009,1255.0],[804.0,1257.0],[806.0,1257.0],[807.0,1259.0],[810.0,1259.0],[810.0,1260.0000000000018],[818.0,1260.0000000000018],[818.0,1259.0],[820.0,1259.0],[820.0,1257.0],[827.0,1257.0],[827.0,1256.0000000000018],[830.0000000000009,1256.0000000000018],[831.0,1254.0000000000018],[833.0,1254.0000000000018],[833.0,1253.0],[834.9999999999991,1252.0000000000018],[834.9999999999991,1247.0],[836.0000000000009,1247.0],[836.0000000000009,1243.0],[837.0,1243.0],[837.0,1217.0],[838.0,1217.0],[838.0,1215.0],[839.0,1215.0],[839.0,1213.0],[841.0000000000009,1213.0],[841.0000000000009,1211.0],[843.0,1211.0],[843.0,1209.0],[844.0,1209.0],[844.0,1208.0],[845.0,1208.0],[845.9999999999991,1206.0],[848.0,1206.0],[848.0,1205.0000000000018],[849.0,1205.0000000000018],[849.0,1203.0],[851.0,1203.0],[851.0,1202.0],[853.0,1202.0],[853.0,1201.0000000000018],[860.0,1201.0000000000018],[860.0,1202.0],[862.0,1202.0],[862.0,1203.0],[863.0000000000009,1203.0],[863.0000000000009,1204.0],[864.0,1204.0],[864.0,1205.0000000000018],[866.0,1206.0],[866.0,1209.0],[867.0,1209.0],[867.0,1213.0],[867.9999999999991,1213.0],[867.9999999999991,1216.0],[869.0000000000009,1216.0],[869.0000000000009,1222.0],[870.0,1222.0],[870.0,1223.0],[872.0,1224.0],[872.0,1226.0],[876.0,1226.0],[876.0,1227.0],[878.0,1227.0],[878.0,1228.0],[878.9999999999991,1228.0],[878.9999999999991,1230.0],[881.0,1231.0],[881.0,1236.0],[882.0,1236.0],[882.0,1237.0],[881.0,1237.0],[881.0,1240.0000000000018],[880.0000000000009,1240.0000000000018],[880.0000000000009,1242.0000000000018],[878.9999999999991,1242.0000000000018],[878.9999999999991,1246.0000000000018],[878.0,1246.0000000000018],[878.0,1248.0000000000018],[877.0,1248.0000000000018],[877.0,1258.0000000000018],[881.0,1258.0000000000018],[881.0,1256.0000000000018],[885.0000000000009,1256.0000000000018],[885.0000000000009,1255.0],[886.0,1255.0],[886.0,1254.0000000000018],[887.0,1254.0000000000018],[887.0,1253.0],[888.0,1253.0],[888.0,1252.0000000000018],[889.0,1252.0000000000018],[889.9999999999991,1250.0000000000018],[893.0,1250.0000000000018],[893.0,1248.0000000000018],[894.0,1248.0000000000018],[894.0,1247.0],[896.0000000000009,1247.0],[897.0,1245.0],[899.0,1245.0],[899.0,1244.0000000000018],[902.0000000000009,1244.0000000000018],[902.0000000000009,1243.0],[905.0,1243.0],[905.0,1242.0000000000018],[910.0,1242.0000000000018],[911.0,1240.0000000000018],[916.0,1240.0000000000018],[916.0,1239.0],[919.0,1239.0],[919.0,1238.0000000000018],[922.0,1238.0000000000018],[922.0,1237.0],[922.9999999999991,1237.0],[922.9999999999991,1238.0000000000018],[927.0,1238.0000000000018],[927.0,1239.0],[928.0,1239.0],[928.0,1240.0000000000018],[929.0000000000009,1240.0000000000018],[929.0000000000009,1241.0],[931.0,1242.0000000000018],[931.0,1245.0],[932.0,1245.0],[932.0,1255.0],[933.0,1255.0],[933.0,1265.0],[933.9999999999991,1265.0],[933.9999999999991,1268.0000000000018],[935.0000000000009,1268.0000000000018],[935.0000000000009,1273.0],[936.0,1273.0],[936.0,1274.0000000000018],[937.0,1274.0000000000018],[937.0,1276.0],[938.0,1276.0],[938.0,1281.0],[940.0000000000009,1282.0000000000018],[940.0000000000009,1291.0],[938.0,1292.0],[938.0,1295.0],[936.0,1295.0],[936.0,1296.0],[935.0000000000009,1296.0],[933.9999999999991,1298.0],[932.0,1298.0],[932.0,1299.0],[931.0,1299.0],[931.0,1300.0],[930.0,1300.0],[930.0,1301.0],[929.0000000000009,1301.0],[928.0,1303.0],[926.0,1303.0],[926.0,1304.0],[925.0,1304.0],[924.0000000000009,1306.0],[921.0,1306.0],[921.0,1307.0],[918.0000000000009,1307.0],[918.0000000000009,1308.0],[911.9999999999991,1308.0],[911.9999999999991,1307.0],[908.0,1307.0],[908.0,1308.0],[907.0000000000009,1308.0],[906.0,1310.0],[904.0,1310.0],[904.0,1311.0],[903.0,1311.0],[903.0,1313.0],[902.0000000000009,1313.0],[902.0000000000009,1314.0],[900.0,1314.0],[900.0,1316.0],[899.0,1316.0],[899.0,1317.0],[897.0,1317.0],[897.0,1318.0],[896.0000000000009,1318.0],[896.0000000000009,1319.0],[894.0,1319.0],[894.0,1320.0],[888.0,1320.0],[888.0,1319.0],[878.0,1319.0],[878.0,1320.0],[876.0,1320.0],[875.0,1322.0],[873.0,1322.0],[873.0,1323.0000000000018],[871.0,1323.0000000000018],[871.0,1324.0],[870.0,1324.0],[870.0,1325.0000000000018],[869.0000000000009,1325.0000000000018],[867.9999999999991,1327.0000000000018],[866.0,1327.0000000000018],[866.0,1328.0],[864.0,1328.0],[864.0,1330.0],[863.0000000000009,1330.0],[863.0000000000009,1331.0000000000018],[862.0,1331.0000000000018],[861.0,1333.0000000000018],[858.0000000000009,1333.0000000000018],[858.0000000000009,1335.0000000000018],[855.0,1335.0000000000018],[855.0,1337.0000000000018],[853.0,1338.0],[853.0,1344.0],[852.0000000000009,1344.0],[852.0000000000009,1348.0],[850.0,1349.0000000000018],[850.0,1351.0000000000018],[848.0,1351.0000000000018],[848.0,1352.0],[847.0000000000009,1352.0],[847.0000000000009,1354.0],[845.0,1354.0],[845.0,1355.0000000000018],[843.0,1355.0000000000018],[843.0,1356.0],[842.0,1356.0],[842.0,1357.0],[841.0000000000009,1357.0],[841.0000000000009,1358.0],[840.0,1358.0],[839.0,1360.0],[836.0000000000009,1360.0],[836.0000000000009,1361.0],[834.0,1362.0],[834.0,1374.0],[836.0000000000009,1375.0000000000018],[836.0000000000009,1378.0],[837.0,1378.0],[837.0,1384.0],[836.0000000000009,1384.0],[836.0000000000009,1387.0],[834.9999999999991,1387.0],[834.9999999999991,1392.0],[834.0,1392.0],[834.0,1394.0],[832.0,1394.0],[832.0,1395.0],[831.0,1395.0],[831.0,1396.0],[829.0,1397.0],[829.0,1399.0],[827.0,1399.0],[827.0,1400.0],[826.0,1400.0],[825.0000000000009,1402.0],[823.0,1402.0],[823.0,1403.0],[821.0,1403.0],[821.0,1404.0],[820.0,1404.0],[820.0,1405.0],[818.0,1405.0],[818.0,1406.0],[812.9999999999991,1406.0],[812.9999999999991,1408.0000000000018],[808.0000000000009,1408.0000000000018],[808.0000000000009,1409.0],[806.0,1409.0],[806.0,1410.0000000000018],[801.9999999999991,1410.0000000000018],[801.9999999999991,1412.0000000000018],[800.0,1412.0000000000018],[800.0,1413.0],[799.0,1413.0],[799.0,1415.0],[797.0000000000009,1415.0],[797.0000000000009,1416.0000000000018],[795.0,1416.0000000000018],[795.0,1417.0],[792.0000000000009,1417.0],[792.0000000000009,1418.0000000000018],[786.0000000000009,1418.0000000000018],[786.0000000000009,1417.0],[775.0000000000009,1417.0],[775.0000000000009,1418.0000000000018],[773.0,1418.0000000000018],[773.0,1419.0],[772.0,1419.0],[772.0,1421.0],[771.0,1421.0],[771.0,1429.0],[770.0,1429.0],[770.0,1433.0],[768.9999999999991,1433.0],[768.9999999999991,1434.0000000000018],[768.0,1434.0000000000018],[768.0,1435.0],[767.0,1435.0],[767.0,1436.0000000000018],[766.0,1436.0000000000018],[765.0,1438.0000000000018],[762.9999999999991,1438.0000000000018],[762.0,1440.0000000000018],[749.0,1440.0000000000018],[749.0,1441.0],[746.0,1441.0],[746.0,1442.0],[737.0,1442.0],[737.0,1447.0],[738.0,1447.0],[738.0,1454.0],[739.0,1454.0],[739.0,1464.0],[738.0,1464.0],[738.0,1475.0],[739.0,1475.0],[739.0,1486.0],[738.0,1486.0],[738.0,1487.0],[737.0,1487.0],[737.0,1488.0],[735.0,1489.0],[735.0,1491.0],[734.0,1491.0],[734.0,1492.0],[733.0,1492.0],[732.0,1494.0],[729.9999999999991,1494.0],[729.9999999999991,1497.0000000000018],[728.0,1498.0],[728.0,1502.0],[731.0000000000009,1502.0],[731.0000000000009,1503.0000000000018],[733.0,1503.0000000000018],[733.0,1505.0000000000018],[735.0,1506.0],[735.0,1508.0],[739.0,1510.0],[739.0,1518.0],[738.0,1518.0],[738.0,1519.0000000000018],[737.0,1519.0000000000018],[737.0,1520.0],[735.0,1521.0000000000018],[735.0,1523.0000000000018],[732.0,1523.0000000000018],[732.0,1525.0000000000018],[729.9999999999991,1526.0],[729.9999999999991,1531.0],[731.0000000000009,1531.0],[731.0000000000009,1542.0],[732.0,1542.0],[732.0,1549.0],[734.0,1550.0],[734.0,1555.0],[735.0,1555.0],[735.0,1557.0],[735.9999999999991,1557.0],[735.9999999999991,1559.0],[737.0,1559.0],[738.0,1561.0],[740.0,1561.0],[740.0,1562.0],[740.9999999999991,1562.0],[742.0000000000009,1564.0],[745.0,1564.0],[746.0,1566.0],[748.0,1566.0],[748.0,1567.0],[749.0,1567.0],[749.0,1569.0],[751.0,1569.0],[751.0,1570.0],[755.0,1570.0],[756.0,1572.0],[760.0,1572.0],[760.0,1573.0],[766.0,1573.0],[766.0,1574.0],[770.0,1574.0],[771.0,1576.0],[773.0,1576.0],[773.0,1578.0000000000018],[775.0000000000009,1578.0000000000018],[775.0000000000009,1580.0000000000018],[776.0,1580.0000000000018],[776.0,1581.0],[778.0,1581.0],[778.0,1582.0000000000018],[779.0,1582.0000000000018],[779.0,1590.0000000000018],[778.0,1590.0000000000018],[778.0,1591.0],[777.0,1591.0],[777.0,1592.0000000000018],[775.0000000000009,1593.0],[775.0000000000009,1595.0],[773.0,1595.0],[773.0,1596.0000000000018],[770.0,1596.0000000000018],[768.9999999999991,1598.0000000000018],[766.0,1598.0000000000018],[766.0,1599.0],[764.0000000000009,1599.0],[764.0000000000009,1601.0],[762.9999999999991,1601.0],[762.0,1603.0],[760.0,1603.0],[760.0,1604.0000000000018],[757.9999999999991,1605.0],[757.9999999999991,1607.0],[755.0,1607.0],[755.0,1608.0000000000018],[754.0,1608.0000000000018],[754.0,1609.0],[753.0000000000009,1609.0],[753.0000000000009,1610.0000000000018],[751.9999999999991,1610.0000000000018],[751.9999999999991,1611.0],[751.0,1611.0],[751.0,1612.0],[750.0,1612.0],[749.0,1614.0000000000018],[746.9999999999991,1614.0000000000018],[746.9999999999991,1615.0],[746.0,1615.0],[746.0,1617.0],[745.0,1617.0],[745.0,1618.0000000000018],[743.0,1618.0000000000018],[743.0,1619.0],[742.0000000000009,1619.0],[742.0000000000009,1620.0],[740.0,1620.0],[739.0,1622.0000000000018],[737.0,1622.0000000000018],[737.0,1623.0],[735.0,1623.0],[735.0,1624.0],[733.0,1624.0],[733.0,1625.0],[732.0,1625.0],[732.0,1626.0000000000018],[731.0000000000009,1626.0000000000018],[729.9999999999991,1628.0],[728.0,1628.0],[728.0,1630.0000000000018],[726.0,1630.0000000000018],[726.0,1632.0],[724.9999999999991,1632.0],[724.0,1634.0],[722.0,1634.0],[722.0,1635.0],[715.0,1635.0],[715.0,1634.0],[712.0,1634.0],[712.0,1633.0],[709.0000000000009,1633.0],[709.0000000000009,1632.0],[702.9999999999991,1632.0],[702.9999999999991,1633.0],[702.0,1633.0],[701.0,1635.0],[698.0000000000009,1635.0],[698.0000000000009,1636.0],[685.9999999999991,1636.0],[685.9999999999991,1635.0],[682.0,1635.0],[682.0,1633.0],[680.0,1633.0],[680.0,1632.0],[678.0,1632.0],[677.0,1630.0000000000018],[674.9999999999991,1630.0000000000018],[674.9999999999991,1629.0],[674.0,1629.0],[674.0,1628.0],[673.0,1628.0],[673.0,1627.0],[672.0,1627.0],[672.0,1626.0000000000018],[670.0000000000009,1625.0],[670.0000000000009,1623.0],[669.0,1623.0],[668.0,1621.0],[666.0,1621.0],[666.0,1619.0],[663.9999999999991,1619.0],[663.9999999999991,1618.0000000000018],[662.0,1617.0],[662.0,1615.0],[660.0,1615.0],[660.0,1614.0000000000018],[659.0000000000009,1614.0000000000018],[659.0000000000009,1613.0],[658.0,1613.0],[657.0,1611.0],[655.0,1611.0],[655.0,1610.0000000000018],[652.9999999999991,1610.0000000000018],[652.9999999999991,1609.0],[652.0,1609.0],[651.0,1607.0],[647.0,1607.0],[647.0,1605.0],[641.0,1605.0],[641.0,1606.0000000000018],[633.0,1606.0000000000018],[633.0,1607.0],[632.0000000000009,1607.0],[632.0000000000009,1606.0000000000018],[624.0,1606.0000000000018],[624.0,1607.0],[623.0,1607.0],[623.0,1606.0000000000018],[618.0,1606.0000000000018],[618.0,1607.0],[616.0,1607.0],[616.0,1606.0000000000018],[614.0,1606.0000000000018],[614.0,1605.0],[607.0,1605.0],[607.0,1606.0000000000018],[601.0,1606.0000000000018],[600.0,1604.0000000000018],[584.0,1604.0000000000018],[584.0,1605.0],[583.0,1605.0],[583.0,1604.0000000000018],[581.0,1604.0000000000018],[581.0,1603.0],[576.0000000000009,1603.0],[576.0000000000009,1602.0000000000018],[568.0,1602.0000000000018],[568.0,1601.0],[564.0,1601.0],[564.0,1600.0000000000018],[561.0,1600.0000000000018],[561.0,1599.0],[558.0,1599.0],[558.0,1598.0000000000018],[556.0,1598.0000000000018],[555.0,1596.0000000000018],[550.0,1596.0000000000018],[550.0,1595.0],[543.0,1595.0],[543.0,1596.0000000000018],[542.0,1596.0000000000018],[542.0,1597.0],[540.0,1597.0],[540.0,1598.0000000000018],[539.0,1598.0000000000018],[538.0,1600.0000000000018],[536.0,1600.0000000000018],[536.0,1603.0],[535.0,1603.0],[535.0,1608.0000000000018],[533.0,1608.0000000000018],[533.0,1610.0000000000018],[532.0,1610.0000000000018],[532.0,1611.0],[530.0,1612.0],[530.0,1614.0000000000018],[529.0,1614.0000000000018],[529.0,1616.0],[527.0,1617.0],[527.0,1619.0],[526.0,1619.0],[525.0,1621.0],[523.0,1621.0],[523.0,1622.0000000000018],[522.0,1622.0000000000018],[522.0,1624.0],[520.0,1624.0],[520.0,1625.0],[519.0,1625.0],[519.0,1629.0],[517.0,1629.0],[517.0,1632.0],[516.0,1632.0],[516.0,1633.0],[514.0,1634.0],[514.0,1636.0],[512.0,1637.0],[512.0,1639.0],[511.0,1639.0],[511.0,1641.0],[510.0,1641.0],[510.0,1644.0],[509.0,1644.0],[509.0,1646.0],[508.0,1646.0],[508.0,1650.0],[506.0,1651.0],[506.0,1654.0],[504.0,1654.0],[504.0,1656.0],[502.0,1656.0],[502.0,1658.0],[500.0,1658.0],[500.0,1660.0],[498.0,1660.0],[498.0,1661.0],[497.0,1661.0],[497.0,1662.0],[495.0,1662.0],[495.0,1663.0000000000018],[489.0,1663.0000000000018],[489.0,1664.0],[488.0,1664.0],[488.0,1663.0000000000018],[483.0,1663.0000000000018],[483.0,1664.0],[482.0,1664.0],[482.0,1663.0000000000018],[478.0,1663.0000000000018],[478.0,1662.0],[473.0,1662.0],[472.0,1660.0],[470.0,1660.0],[470.0,1658.0],[468.0,1658.0],[468.0,1656.0],[467.0,1656.0],[467.0,1655.0],[465.0,1655.0],[465.0,1652.0],[464.0,1652.0],[464.0,1651.0],[462.0,1650.0],[462.0,1647.0],[460.0,1646.0],[460.0,1644.0],[459.0,1644.0],[459.0,1643.0],[457.0,1643.0],[457.0,1640.0],[456.0,1640.0],[456.0,1639.0],[454.0,1638.0],[454.0,1636.0],[453.0,1636.0],[453.0,1634.0],[451.0,1633.0],[451.0,1631.0],[450.0,1631.0],[450.0,1628.0],[449.0,1628.0],[449.0,1626.0000000000018],[448.0,1626.0000000000018],[448.0,1624.0],[447.0,1624.0],[447.0,1623.0],[445.0,1622.0000000000018],[445.0,1620.0],[443.0,1619.0],[443.0,1617.0],[442.0,1617.0],[442.0,1614.0000000000018],[441.0,1614.0000000000018],[441.0,1612.0],[440.0,1612.0],[440.0,1610.0000000000018],[439.0,1610.0000000000018],[439.0,1608.0000000000018],[438.0,1608.0000000000018],[438.0,1606.0000000000018],[437.0,1606.0000000000018],[437.0,1598.0000000000018],[436.0,1598.0000000000018],[436.0,1587.0],[437.0,1587.0],[437.0,1583.0],[438.0,1583.0],[438.0,1579.0],[439.0,1579.0],[439.0,1577.0],[440.0,1577.0],[440.0,1574.0],[441.0,1574.0],[441.0,1570.0],[443.0,1570.0],[443.0,1566.0],[444.0,1566.0],[444.0,1565.0],[445.0,1565.0],[446.0,1563.0],[448.0,1563.0],[448.0,1555.0],[449.0,1555.0],[449.0,1553.0],[454.0,1553.0],[454.0,1552.0],[459.0,1552.0],[459.0,1551.0],[460.0,1551.0],[460.0,1550.0],[462.0,1550.0],[463.0,1548.0],[465.0,1548.0],[465.0,1547.0],[467.0,1547.0],[467.0,1545.0000000000018],[469.0,1544.0],[469.0,1542.0],[470.0,1542.0],[470.0,1541.0000000000018],[472.0,1541.0000000000018],[472.0,1540.0],[474.0,1540.0],[474.0,1539.0],[475.0,1539.0],[475.0,1537.0000000000018],[480.0,1537.0000000000018],[480.0,1536.0],[481.0,1536.0],[481.0,1534.0],[482.0,1534.0],[482.0,1532.0],[483.0,1532.0],[483.0,1529.0000000000018],[482.0,1529.0000000000018],[482.0,1519.0000000000018],[483.0,1519.0000000000018],[483.0,1516.0],[482.0,1516.0],[482.0,1514.0],[483.0,1514.0],[483.0,1510.0],[484.0,1510.0],[484.0,1508.0],[486.0,1507.0000000000018],[486.0,1505.0000000000018],[487.0,1505.0000000000018],[487.0,1504.0],[490.0,1504.0],[490.0,1498.0],[489.0,1498.0],[489.0,1495.0000000000018],[490.0,1495.0000000000018],[490.0,1487.0],[489.0,1487.0],[489.0,1485.0],[487.0,1485.0],[487.0,1484.0],[485.0,1484.0],[485.0,1483.0],[484.0,1483.0],[484.0,1481.0],[483.0,1481.0],[483.0,1479.0],[482.0,1479.0],[481.0,1477.0],[482.0,1477.0],[482.0,1473.0],[484.0,1472.0],[484.0,1470.0],[485.0,1470.0],[485.0,1469.0],[486.0,1469.0],[486.0,1468.0],[487.0,1468.0],[488.0,1466.0],[490.0,1466.0],[491.0,1464.0],[493.0,1464.0],[493.0,1461.0],[492.0,1461.0],[492.0,1458.0],[494.0,1457.0],[494.0,1453.0],[495.0,1453.0],[495.0,1450.0],[497.0,1450.0],[497.0,1449.0],[498.0,1449.0],[498.0,1448.0000000000018],[499.0,1448.0000000000018],[499.0,1447.0],[500.0,1447.0],[501.0,1445.0],[530.0,1445.0],[530.0,1444.0000000000018],[532.0,1444.0000000000018],[532.0,1441.0],[533.0,1441.0],[533.0,1439.0],[534.0,1439.0],[534.0,1437.0],[535.0,1437.0],[535.0,1436.0000000000018],[537.0,1436.0000000000018],[537.0,1434.0000000000018],[538.0,1434.0000000000018],[538.0,1433.0],[540.0,1432.0000000000018],[540.0,1430.0000000000018],[542.0,1430.0000000000018],[542.0,1429.0],[544.0,1429.0],[544.0,1428.0000000000018],[547.0,1428.0000000000018],[547.0,1427.0],[548.0,1427.0],[548.0,1418.0000000000018],[547.0,1418.0000000000018],[547.0,1416.0000000000018],[546.0,1416.0000000000018],[546.0,1415.0],[544.0,1414.0000000000018],[544.0,1412.0000000000018],[542.0,1412.0000000000018],[541.0,1410.0000000000018],[539.0,1410.0000000000018],[539.0,1409.0],[537.0,1409.0],[537.0,1408.0000000000018],[527.0,1408.0000000000018],[527.0,1407.0],[524.0,1407.0],[523.0,1405.0],[521.0,1405.0],[521.0,1403.0],[519.0,1403.0],[519.0,1401.0],[518.0,1401.0],[518.0,1399.0],[517.0,1399.0],[517.0,1398.0],[513.0,1398.0],[513.0,1399.0],[492.0,1399.0],[492.0,1400.0],[491.0,1400.0],[491.0,1401.0],[489.0,1401.0],[489.0,1402.0],[482.0,1402.0],[482.0,1403.0],[480.0,1403.0],[480.0,1402.0],[471.0,1402.0],[470.0,1404.0],[459.0,1404.0],[458.0,1402.0],[455.0,1402.0],[455.0,1401.0],[453.0,1401.0],[452.0,1399.0],[450.0,1399.0],[450.0,1398.0],[449.0,1398.0],[448.0,1396.0],[446.0,1396.0],[446.0,1394.0],[445.0,1394.0],[445.0,1393.0],[443.0,1392.0],[443.0,1388.0],[442.0,1388.0],[442.0,1386.0],[441.0,1386.0],[441.0,1382.0],[440.0,1382.0],[440.0,1380.0],[439.0,1380.0],[439.0,1379.0],[437.0,1378.0],[437.0,1376.0],[436.0,1376.0],[436.0,1374.0],[434.0,1374.0],[434.0,1373.0],[432.0,1373.0],[431.0,1371.0000000000018],[429.0,1371.0000000000018],[429.0,1370.0],[427.0,1370.0],[427.0,1368.0],[425.0,1368.0],[425.0,1366.0],[424.0,1366.0],[424.0,1365.0],[422.0,1365.0],[422.0,1363.0000000000018],[421.0,1363.0000000000018],[421.0,1362.0],[419.0,1361.0],[419.0,1355.0000000000018],[420.0,1355.0000000000018],[420.0,1348.0],[421.0,1348.0],[421.0,1347.0000000000018],[422.0,1347.0000000000018],[422.0,1346.0],[423.0,1346.0],[423.0,1345.0000000000018],[424.0,1345.0000000000018],[424.0,1344.0],[425.0,1344.0],[426.0,1342.0],[428.0,1342.0],[429.0,1340.0],[431.0,1340.0],[432.0,1338.0],[434.0,1338.0],[434.0,1333.0000000000018],[433.0,1333.0000000000018],[433.0,1328.0],[434.0,1328.0],[434.0,1319.0],[433.0,1319.0],[433.0,1317.0],[432.0,1317.0],[432.0,1306.0],[431.0,1306.0],[431.0,1304.0],[430.0,1304.0],[430.0,1300.0],[427.0,1300.0],[427.0,1299.0],[424.0,1299.0],[424.0,1298.0],[395.0,1298.0],[395.0,1299.0],[378.0,1299.0],[378.0,1298.0],[375.0,1298.0],[375.0,1297.0],[372.0,1297.0],[372.0,1296.0],[371.0,1296.0],[371.0,1294.0],[369.0,1293.0],[369.0,1291.0],[368.0,1291.0],[368.0,1290.0000000000018],[362.0,1290.0000000000018],[362.0,1289.0],[360.0,1289.0],[360.0,1288.0],[358.0,1288.0],[358.0,1287.0],[357.0,1287.0],[357.0,1286.0000000000018],[356.0,1286.0000000000018],[356.0,1285.0],[354.0,1284.0],[354.0,1282.0000000000018],[353.0,1282.0000000000018],[353.0,1275.0],[352.0,1275.0],[352.0,1273.0]]]}},{"type":"Feature","id":"country-008-mainland-southwest-region-004","properties":{"id":"country-008-mainland-southwest-region-004","number":4,"name":"Кудос","type":"region","countryId":"country-008","targetComponentId":"mainland-southwest","datasetId":"country-008/mainland-southwest","styleIndex":3,"isCapital":false,"capital":false,"labelRank":1,"importance":1,"areaWorld":360.6162464985994,"labelPointMethod":"representative-point","source":"regions/country-008/mainland-southwest/regions-source.png"},"geometry":{"type":"Polygon","coordinates":[[[936.0,1149.0],[953.0,1149.0],[954.0,1147.0],[955.0,1147.0],[955.0,1146.0],[955.9999999999991,1146.0],[955.9999999999991,1143.0],[957.0000000000009,1143.0],[957.0000000000009,1139.0],[958.0,1139.0],[958.0,1135.0],[959.0,1135.0],[959.0,1133.0],[960.0,1133.0],[960.0,1131.0],[961.0,1131.0],[961.0,1129.0],[962.0000000000009,1129.0],[962.0000000000009,1126.0],[961.0,1126.0],[961.0,1124.0],[959.0,1123.0],[959.0,1122.0],[957.0000000000009,1122.0],[955.9999999999991,1120.0000000000018],[955.0,1120.0000000000018],[955.0,1119.0],[954.0,1119.0],[954.0,1118.0],[953.0,1118.0],[953.0,1117.0],[952.0,1117.0],[952.0,1116.0000000000018],[951.0000000000009,1116.0000000000018],[951.0000000000009,1115.0],[949.0,1115.0],[949.0,1113.0],[948.0,1113.0],[948.0,1112.0000000000018],[946.0000000000009,1112.0000000000018],[944.9999999999991,1110.0],[944.0,1110.0],[944.0,1109.0],[942.0,1109.0],[941.0,1107.0],[939.0,1107.0],[939.0,1106.0],[937.0,1106.0],[936.0,1104.0000000000018],[933.9999999999991,1104.0000000000018],[933.9999999999991,1103.0],[933.0,1103.0],[933.0,1094.0000000000018],[933.9999999999991,1094.0000000000018],[933.9999999999991,1091.0],[935.0000000000009,1091.0],[935.0000000000009,1088.0000000000018],[936.0,1088.0000000000018],[936.0,1085.0],[937.0,1085.0],[937.0,1080.0000000000018],[938.0,1080.0000000000018],[938.0,1063.0],[937.0,1063.0],[937.0,1061.0],[936.0,1061.0],[936.0,1060.0],[935.0000000000009,1060.0],[935.0000000000009,1058.0],[933.0,1057.0],[933.0,1056.0],[932.0,1056.0],[932.0,1055.0],[931.0,1055.0],[931.0,1053.0],[929.0000000000009,1052.0],[929.0000000000009,1051.0],[928.0,1051.0],[928.0,1050.0],[927.0,1050.0],[927.0,1049.0],[926.0,1049.0],[926.0,1048.0],[925.0,1048.0],[925.0,1047.0],[922.9999999999991,1047.0],[922.0,1045.0],[921.0,1045.0],[921.0,1044.0],[920.0,1044.0],[920.0,1043.0],[919.0,1043.0],[919.0,1041.0],[918.0000000000009,1041.0],[918.0000000000009,1039.0],[917.0,1039.0],[917.0,1037.0],[916.0,1037.0],[916.0,1031.0],[915.0,1031.0],[915.0,1014.0],[918.0000000000009,1014.0],[918.0000000000009,1015.0000000000018],[925.0,1015.0000000000018],[925.0,1016.0],[933.0,1016.0],[933.0,1017.0000000000018],[938.0,1017.0000000000018],[938.0,1018.0],[939.0,1018.0],[939.0,1017.0000000000018],[955.9999999999991,1017.0000000000018],[955.9999999999991,1018.0],[965.0,1018.0],[965.0,1019.0000000000018],[971.0,1019.0000000000018],[971.0,1020.0],[974.0,1020.0],[974.0,1021.0],[976.0,1021.0],[977.0,1023.0000000000018],[979.0000000000009,1023.0000000000018],[979.0000000000009,1024.0],[980.0,1024.0],[980.0,1025.0],[982.0,1025.0],[983.0,1027.0000000000018],[985.0000000000009,1027.0000000000018],[985.0000000000009,1028.0],[987.0,1028.0],[987.0,1029.0],[989.0,1029.0],[990.0000000000009,1031.0],[993.0,1031.0],[993.0,1032.0],[997.0,1032.0],[997.0,1033.0],[1000.0,1033.0],[1000.0,1034.0],[1006.0000000000009,1034.0],[1006.0000000000009,1035.0],[1039.000000000001,1035.0],[1039.000000000001,1036.0],[1046.0,1036.0],[1046.0,1037.0],[1049.0,1037.0],[1049.0,1038.0],[1052.0,1038.0],[1052.0,1039.0],[1055.999999999999,1039.0],[1055.999999999999,1040.0],[1059.0,1040.0],[1059.0,1041.0],[1062.000000000001,1041.0],[1062.000000000001,1042.0],[1064.0,1042.0],[1064.0,1043.0],[1066.0,1043.0],[1066.0,1044.0],[1068.0,1044.0],[1068.0,1045.0],[1070.0,1045.0],[1070.0,1046.0],[1072.000000000001,1046.0],[1072.000000000001,1047.0],[1074.0,1047.0],[1074.0,1048.0],[1075.0,1048.0],[1075.0,1049.0],[1077.0,1049.0],[1077.999999999999,1051.0],[1080.0,1051.0],[1080.0,1052.0],[1082.0,1052.0],[1082.0,1053.0],[1085.0,1053.0],[1085.0,1054.0],[1088.999999999999,1054.0],[1088.999999999999,1055.0],[1107.0,1055.0],[1107.0,1054.0],[1109.0,1054.0],[1109.0,1053.0],[1110.999999999999,1053.0],[1110.999999999999,1052.0],[1112.0,1052.0],[1112.0,1051.0],[1114.0,1050.0],[1114.0,1048.0],[1115.0,1048.0],[1115.0,1045.0],[1116.000000000001,1045.0],[1116.000000000001,1035.0],[1117.000000000001,1035.0],[1117.000000000001,1029.0],[1118.0,1029.0],[1118.0,1023.0000000000018],[1119.0,1023.0000000000018],[1119.0,1021.0],[1120.0,1021.0],[1120.0,1020.0],[1121.0,1020.0],[1121.999999999999,1018.0],[1124.0,1018.0],[1124.0,1017.0000000000018],[1126.0,1017.0000000000018],[1126.0,1016.0],[1128.000000000001,1016.0],[1128.000000000001,1015.0000000000018],[1132.0,1015.0000000000018],[1132.0,1014.0],[1136.0,1014.0],[1136.0,1013.0000000000018],[1137.0,1013.0000000000018],[1137.0,1012.0],[1139.000000000001,1011.0000000000018],[1139.000000000001,1002.0],[1140.0,1002.0],[1140.0,1000.0],[1142.0,1000.0],[1142.0,999.0000000000018],[1156.0,999.0000000000018],[1156.0,1000.0],[1164.0,1000.0],[1164.0,1001.0000000000018],[1170.0,1001.0000000000018],[1170.0,1002.0],[1174.0,1002.0],[1174.0,1003.0000000000018],[1176.0,1003.0000000000018],[1176.999999999999,1005.0000000000018],[1179.0,1005.0000000000018],[1179.0,1007.0000000000018],[1180.0,1007.0000000000018],[1180.0,1009.0000000000018],[1181.0,1009.0000000000018],[1181.0,1021.0],[1181.999999999999,1021.0],[1181.999999999999,1023.0000000000018],[1183.000000000001,1023.0000000000018],[1184.0,1025.0],[1186.0,1025.0],[1186.0,1026.0],[1197.0,1026.0],[1197.0,1025.0],[1205.000000000001,1025.0],[1205.000000000001,1024.0],[1209.999999999999,1024.0],[1209.999999999999,1023.0000000000018],[1212.0,1023.0000000000018],[1212.0,1022.0],[1218.0,1022.0],[1218.0,1021.0],[1222.000000000001,1021.0],[1222.000000000001,1020.0],[1227.000000000001,1020.0],[1227.000000000001,1019.0000000000018],[1231.999999999999,1019.0000000000018],[1231.999999999999,1018.0],[1234.0,1018.0],[1235.0,1018.0],[1235.0,1020.0],[1236.0,1020.0],[1236.0,1022.0],[1237.0,1022.0],[1237.0,1025.0],[1238.000000000001,1025.0],[1238.000000000001,1031.0],[1239.0,1031.0],[1239.0,1037.0],[1240.0,1037.0],[1240.0,1043.0],[1241.0,1043.0],[1241.0,1046.0],[1242.0,1046.0],[1242.0,1050.0],[1242.999999999999,1050.0],[1242.999999999999,1053.0],[1244.000000000001,1053.0],[1244.000000000001,1058.0],[1245.0,1058.0],[1245.0,1062.0],[1246.0,1062.0],[1246.0,1068.0000000000018],[1247.0,1068.0000000000018],[1247.0,1073.0],[1248.0,1073.0],[1248.0,1078.0000000000018],[1249.000000000001,1078.0000000000018],[1249.000000000001,1081.0],[1250.0,1081.0],[1250.0,1086.0000000000018],[1251.0,1086.0000000000018],[1251.0,1089.0],[1252.0,1089.0],[1252.0,1093.0],[1253.0,1093.0],[1253.0,1097.0],[1253.999999999999,1097.0],[1253.999999999999,1100.0000000000018],[1255.000000000001,1100.0000000000018],[1255.000000000001,1103.0],[1256.0,1103.0],[1256.0,1106.0],[1257.0,1106.0],[1257.0,1109.0],[1258.0,1109.0],[1258.0,1111.0],[1259.0,1111.0],[1259.0,1114.0],[1260.000000000001,1114.0],[1260.000000000001,1116.0000000000018],[1261.0,1116.0000000000018],[1261.0,1118.0],[1262.0,1118.0],[1262.0,1122.0],[1263.0,1122.0],[1263.0,1124.0],[1264.0,1124.0],[1264.0,1126.0],[1264.999999999999,1126.0],[1264.999999999999,1129.0],[1266.000000000001,1129.0],[1266.000000000001,1132.0],[1267.0,1132.0],[1267.0,1135.0],[1268.0,1135.0],[1268.0,1138.0],[1269.0,1138.0],[1269.0,1141.0],[1270.0,1141.0],[1270.0,1143.0],[1271.000000000001,1143.0],[1271.000000000001,1146.0],[1272.0,1146.0],[1272.0,1150.0],[1273.0,1150.0],[1273.0,1153.0000000000018],[1274.0,1153.0000000000018],[1274.0,1156.0],[1275.0,1156.0],[1275.0,1158.0],[1275.999999999999,1158.0],[1275.999999999999,1163.0000000000018],[1277.000000000001,1163.0000000000018],[1277.000000000001,1165.0000000000018],[1278.0,1165.0000000000018],[1278.0,1168.0],[1279.0,1168.0],[1279.0,1170.0],[1280.0,1170.0],[1280.0,1172.0],[1281.0,1172.0],[1281.0,1174.0],[1282.000000000001,1174.0],[1282.000000000001,1175.0000000000018],[1283.0,1175.0000000000018],[1283.0,1177.0000000000018],[1285.0,1178.0],[1285.0,1180.0],[1284.0,1180.0],[1284.0,1182.0],[1283.0,1182.0],[1283.0,1183.0000000000018],[1282.000000000001,1183.0000000000018],[1282.000000000001,1185.0000000000018],[1280.0,1186.0],[1280.0,1187.0],[1279.0,1187.0],[1279.0,1189.0000000000018],[1278.0,1189.0000000000018],[1278.0,1192.0],[1275.999999999999,1192.0],[1275.999999999999,1194.0],[1274.0,1194.0],[1274.0,1196.0],[1272.0,1197.0000000000018],[1272.0,1199.0],[1271.000000000001,1199.0],[1271.000000000001,1200.0],[1269.0,1200.0],[1269.0,1202.0],[1267.0,1203.0],[1267.0,1204.0],[1266.000000000001,1204.0],[1266.000000000001,1205.0000000000018],[1264.999999999999,1205.0000000000018],[1264.999999999999,1206.0],[1264.0,1206.0],[1264.0,1207.0],[1263.0,1207.0],[1263.0,1208.0],[1260.000000000001,1208.0],[1260.000000000001,1209.0],[1257.0,1209.0],[1257.0,1210.0],[1255.000000000001,1210.0],[1255.000000000001,1211.0],[1253.999999999999,1211.0],[1253.999999999999,1212.0],[1252.0,1212.0],[1252.0,1213.0],[1249.000000000001,1213.0],[1248.0,1215.0],[1246.0,1215.0],[1246.0,1216.0],[1240.0,1216.0],[1240.0,1218.0],[1237.0,1218.0],[1237.0,1219.0],[1228.0,1219.0],[1228.0,1218.0],[1226.0,1218.0],[1225.0,1216.0],[1224.0,1216.0],[1224.0,1214.0],[1222.000000000001,1213.0],[1222.000000000001,1212.0],[1220.999999999999,1212.0],[1220.999999999999,1211.0],[1220.0,1211.0],[1220.0,1209.0],[1219.0,1209.0],[1219.0,1207.0],[1218.0,1207.0],[1218.0,1205.0000000000018],[1217.0,1205.0000000000018],[1217.0,1202.0],[1216.000000000001,1202.0],[1216.000000000001,1200.0],[1215.0,1200.0],[1215.0,1198.0],[1214.0,1198.0],[1214.0,1196.0],[1212.0,1195.0],[1212.0,1194.0],[1211.000000000001,1194.0],[1211.000000000001,1193.0000000000018],[1207.0,1193.0000000000018],[1207.0,1192.0],[1204.0,1192.0],[1204.0,1193.0000000000018],[1198.999999999999,1193.0000000000018],[1198.0,1195.0],[1195.0,1195.0],[1194.000000000001,1197.0000000000018],[1192.0,1197.0000000000018],[1192.0,1198.0],[1190.0,1198.0],[1189.000000000001,1200.0],[1187.0,1200.0],[1186.0,1202.0],[1185.0,1202.0],[1185.0,1203.0],[1184.0,1203.0],[1184.0,1204.0],[1183.000000000001,1204.0],[1183.000000000001,1205.0000000000018],[1181.999999999999,1205.0000000000018],[1181.999999999999,1208.0],[1181.0,1208.0],[1181.0,1210.0],[1180.0,1210.0],[1180.0,1212.0],[1179.0,1212.0],[1179.0,1214.0],[1178.0,1214.0],[1178.0,1218.0],[1176.999999999999,1218.0],[1176.999999999999,1220.0],[1175.0,1221.0],[1175.0,1223.0],[1174.0,1223.0],[1174.0,1224.0],[1172.000000000001,1224.0],[1170.999999999999,1226.0],[1170.0,1226.0],[1170.0,1227.0],[1168.0,1227.0],[1168.0,1229.0],[1165.0,1229.0],[1164.0,1231.0],[1158.0,1231.0],[1158.0,1232.0],[1157.0,1232.0],[1157.0,1231.0],[1150.000000000001,1231.0],[1150.000000000001,1232.0],[1147.0,1232.0],[1147.0,1233.0],[1145.0,1233.0],[1145.0,1234.0],[1140.0,1234.0],[1140.0,1235.0],[1137.999999999999,1235.0],[1137.999999999999,1236.0],[1135.0,1236.0],[1134.0,1238.0000000000018],[1132.999999999999,1238.0000000000018],[1132.999999999999,1239.0],[1132.0,1239.0],[1132.0,1240.0000000000018],[1131.0,1240.0000000000018],[1131.0,1241.0],[1130.0,1241.0],[1130.0,1243.0],[1128.000000000001,1244.0000000000018],[1128.000000000001,1245.0],[1126.0,1245.0],[1126.0,1247.0],[1125.0,1247.0],[1125.0,1249.0],[1124.0,1249.0],[1124.0,1251.0],[1121.999999999999,1252.0000000000018],[1121.999999999999,1254.0000000000018],[1121.0,1254.0000000000018],[1121.0,1256.0000000000018],[1119.0,1256.0000000000018],[1119.0,1258.0000000000018],[1117.000000000001,1259.0],[1117.000000000001,1260.0000000000018],[1116.000000000001,1260.0000000000018],[1116.000000000001,1262.0000000000018],[1114.0,1263.0],[1114.0,1264.0000000000018],[1112.0,1264.0000000000018],[1112.0,1266.0000000000018],[1110.999999999999,1266.0000000000018],[1110.999999999999,1268.0000000000018],[1110.0,1268.0000000000018],[1110.0,1274.0000000000018],[1109.0,1274.0000000000018],[1109.0,1279.0],[1107.0,1280.0],[1107.0,1281.0],[1105.000000000001,1281.0],[1105.000000000001,1282.0000000000018],[1103.0,1282.0000000000018],[1103.0,1283.0],[1101.0,1283.0],[1101.0,1284.0],[1099.0,1284.0],[1099.0,1285.0],[1098.0,1285.0],[1098.0,1284.0],[1095.000000000001,1284.0],[1095.000000000001,1285.0],[1093.0,1285.0],[1093.0,1286.0000000000018],[1091.0,1286.0000000000018],[1091.0,1287.0],[1090.0,1287.0],[1090.0,1286.0000000000018],[1086.0,1286.0000000000018],[1086.0,1287.0],[1085.0,1287.0],[1085.0,1286.0000000000018],[1082.0,1286.0000000000018],[1082.0,1285.0],[1080.0,1285.0],[1080.0,1284.0],[1076.0,1284.0],[1076.0,1283.0],[1073.000000000001,1283.0],[1073.000000000001,1282.0000000000018],[1071.0,1282.0000000000018],[1070.0,1280.0],[1069.0,1280.0],[1069.0,1279.0],[1068.0,1279.0],[1068.0,1278.0000000000018],[1066.999999999999,1278.0000000000018],[1066.999999999999,1277.0],[1066.0,1277.0],[1066.0,1276.0],[1065.0,1276.0],[1065.0,1274.0000000000018],[1064.0,1274.0000000000018],[1064.0,1271.0],[1062.000000000001,1270.0000000000018],[1062.000000000001,1252.0000000000018],[1063.0,1252.0000000000018],[1063.0,1250.0000000000018],[1064.0,1250.0000000000018],[1064.0,1244.0000000000018],[1065.0,1244.0000000000018],[1065.0,1232.0],[1064.0,1232.0],[1064.0,1225.0],[1062.000000000001,1224.0],[1062.000000000001,1222.0],[1060.0,1221.0],[1060.0,1220.0],[1059.0,1220.0],[1059.0,1219.0],[1055.999999999999,1219.0],[1055.999999999999,1218.0],[1052.0,1218.0],[1052.0,1219.0],[1044.999999999999,1219.0],[1044.0,1221.0],[1042.0,1221.0],[1042.0,1222.0],[1041.0,1222.0],[1041.0,1224.0],[1039.000000000001,1225.0],[1039.000000000001,1226.0],[1038.0,1226.0],[1038.0,1230.0],[1036.0,1231.0],[1036.0,1232.0],[1035.0,1232.0],[1035.0,1233.0],[1034.000000000001,1233.0],[1034.000000000001,1234.0],[1032.0,1234.0],[1032.0,1236.0],[1030.0,1236.0],[1030.0,1237.0],[1029.000000000001,1237.0],[1029.000000000001,1236.0],[1024.0,1236.0],[1024.0,1235.0],[1019.0,1235.0],[1019.0,1234.0],[1014.0,1234.0],[1014.0,1233.0],[1012.0000000000009,1233.0],[1011.0,1231.0],[1010.0,1231.0],[1010.0,1230.0],[1009.0,1230.0],[1009.0,1229.0],[1008.0,1229.0],[1008.0,1227.0],[1006.0000000000009,1226.0],[1006.0000000000009,1224.0],[1005.0,1224.0],[1005.0,1223.0],[1003.0,1223.0],[1003.0,1221.0],[1001.0000000000009,1221.0],[1001.0000000000009,1220.0],[997.0,1220.0],[997.0,1219.0],[992.0,1219.0],[992.0,1218.0],[987.0,1218.0],[986.0,1216.0],[984.0000000000009,1216.0],[984.0000000000009,1214.0],[982.0,1213.0],[982.0,1211.0],[980.0,1210.0],[980.0,1209.0],[979.0000000000009,1209.0],[979.0000000000009,1206.0],[977.0,1205.0000000000018],[977.0,1204.0],[976.0,1204.0],[976.0,1200.0],[975.0,1200.0],[975.0,1198.0],[974.0,1198.0],[974.0,1196.0],[972.0,1196.0],[972.0,1194.0],[971.0,1194.0],[971.0,1192.0],[970.0,1192.0],[970.0,1191.0],[968.0000000000009,1191.0],[968.0000000000009,1189.0000000000018],[963.0,1189.0000000000018],[962.0000000000009,1187.0],[961.0,1187.0],[961.0,1182.0],[959.0,1181.0000000000018],[959.0,1180.0],[958.0,1180.0],[958.0,1178.0],[957.0000000000009,1178.0],[957.0000000000009,1176.0],[955.9999999999991,1176.0],[955.9999999999991,1175.0000000000018],[953.0,1175.0000000000018],[953.0,1172.0],[948.0,1172.0],[948.0,1171.0000000000018],[938.0,1171.0000000000018],[938.0,1170.0],[936.0,1170.0],[935.0000000000009,1168.0],[933.9999999999991,1168.0],[933.9999999999991,1167.0000000000018],[933.0,1167.0000000000018],[933.0,1166.0],[932.0,1166.0],[932.0,1156.0],[933.0,1156.0],[933.0,1154.0],[933.9999999999991,1154.0],[933.9999999999991,1151.0],[936.0,1150.0],[936.0,1149.0]]]}},{"type":"Feature","id":"country-008-mainland-southwest-region-005","properties":{"id":"country-008-mainland-southwest-region-005","number":5,"name":"Штифтерланд","type":"region","countryId":"country-008","targetComponentId":"mainland-southwest","datasetId":"country-008/mainland-southwest","styleIndex":4,"isCapital":false,"capital":false,"labelRank":2,"importance":2,"areaWorld":340.1512605042019,"labelPointMethod":"representative-point","source":"regions/country-008/mainland-southwest/regions-source.png"},"geometry":{"type":"Polygon","coordinates":[[[592.0,1062.0],[594.0,1061.0],[594.0,1060.0],[596.0,1060.0],[597.0,1058.0],[599.0000000000009,1058.0],[599.0000000000009,1057.0],[602.0,1057.0],[602.0,1056.0],[605.0,1056.0],[605.0,1055.0],[608.0,1055.0],[608.0,1054.0],[610.0000000000009,1054.0],[610.0000000000009,1053.0],[612.0,1053.0],[612.0,1052.0],[614.0,1052.0],[614.0,1051.0],[616.0,1051.0],[616.0,1050.0],[618.0,1050.0],[618.0,1049.0],[619.9999999999991,1049.0],[619.9999999999991,1048.0],[622.0,1048.0],[622.0,1047.0],[624.0,1047.0],[624.0,1046.0],[626.0000000000009,1046.0],[627.0,1044.0],[629.0,1044.0],[629.0,1043.0],[630.0,1043.0],[630.0,1041.0],[632.0000000000009,1040.0],[632.0000000000009,1033.0],[633.0,1033.0],[633.0,1031.0],[634.0,1031.0],[634.0,1027.0000000000018],[635.0,1027.0000000000018],[635.0,1025.0],[636.0,1025.0],[636.0,1022.0],[637.0000000000009,1022.0],[637.0000000000009,1020.0],[638.0,1020.0],[638.0,1018.0],[639.0,1018.0],[639.0,1016.0],[640.0,1016.0],[640.0,1014.0],[641.9999999999991,1013.0000000000018],[641.9999999999991,1012.0],[643.0000000000009,1012.0],[643.0000000000009,1011.0000000000018],[644.0,1011.0000000000018],[644.0,1010.0],[645.0,1010.0],[645.0,1009.0000000000018],[646.0,1009.0000000000018],[646.0,1008.0],[648.0000000000009,1008.0],[648.0000000000009,1007.0000000000018],[650.0,1007.0000000000018],[650.0,1006.0],[652.0,1006.0],[652.0,1005.0000000000018],[654.0000000000009,1005.0000000000018],[654.0000000000009,1004.0],[656.0,1004.0],[656.0,1003.0000000000018],[658.0,1003.0000000000018],[658.0,1002.0],[660.0,1002.0],[661.0,1000.0],[663.0,1000.0],[663.0,999.0000000000018],[665.0000000000009,999.0000000000018],[665.0000000000009,998.0],[667.0,998.0],[668.0,996.0],[670.0000000000009,996.0],[670.0000000000009,995.0000000000018],[672.0,995.0000000000018],[672.0,994.0],[674.0,994.0],[674.9999999999991,992.0],[677.0,992.0],[677.0,991.0000000000018],[679.0,991.0000000000018],[680.0,989.0000000000018],[680.9999999999991,989.0000000000018],[680.9999999999991,988.0],[683.0,988.0],[683.0,987.0000000000018],[685.0,987.0000000000018],[685.0,986.0],[687.0000000000009,986.0],[688.0,984.0],[689.0,984.0],[689.0,983.0000000000018],[691.0,983.0000000000018],[691.9999999999991,981.0000000000018],[693.0,981.0000000000018],[693.0,980.0],[695.0,980.0],[696.0,978.0],[698.0000000000009,978.0],[699.0,976.0],[700.0,976.0],[700.0,975.0],[702.0,975.0],[702.9999999999991,973.0],[704.0,973.0],[704.0,972.0],[706.0,972.0],[707.0,970.0],[707.9999999999991,970.0],[707.9999999999991,969.0],[709.0000000000009,969.0],[709.0000000000009,968.0],[710.0,968.0],[710.0,967.0],[711.0,967.0],[711.0,966.0],[712.0,966.0],[712.0,965.0],[713.0,965.0],[713.0,963.0],[715.0,963.0],[715.0,961.0],[717.0,960.0],[717.0,958.0],[718.9999999999991,957.0],[718.9999999999991,956.0],[720.0000000000009,956.0],[720.0000000000009,954.0],[721.0,954.0],[721.0,952.0],[722.0,952.0],[722.0,950.0],[723.0,950.0],[723.0,948.0],[724.0,948.0],[724.0,943.0],[724.9999999999991,943.0],[724.9999999999991,940.0],[726.0,940.0],[726.0,923.0],[724.9999999999991,923.0],[724.9999999999991,919.0],[724.0,919.0],[724.0,915.0],[723.0,915.0],[723.0,909.0],[722.0,909.0],[722.0,906.0000000000018],[723.0,906.0000000000018],[723.0,905.0],[746.9999999999991,905.0],[746.9999999999991,904.0000000000018],[750.0,904.0000000000018],[750.0,903.0],[753.0000000000009,903.0],[753.0000000000009,902.0000000000018],[757.0,902.0000000000018],[757.0,901.0],[759.0,901.0],[759.0,900.0000000000018],[762.0,900.0000000000018],[762.0,899.0],[765.0,899.0],[765.0,898.0000000000018],[770.0,898.0000000000018],[770.0,897.0],[788.0,897.0],[788.0,898.0000000000018],[793.0,898.0000000000018],[793.0,899.0],[796.0,899.0],[796.0,900.0000000000018],[798.0,900.0000000000018],[798.0,901.0],[801.0,901.0],[801.0,902.0000000000018],[804.0,902.0000000000018],[804.0,903.0],[806.0,903.0],[806.0,904.0000000000018],[809.0,904.0000000000018],[809.0,905.0],[811.0,905.0],[811.0,906.0000000000018],[812.9999999999991,906.0000000000018],[812.9999999999991,907.0],[816.0,907.0],[816.0,908.0000000000018],[821.0,908.0000000000018],[821.0,909.0],[825.0000000000009,909.0],[825.0000000000009,910.0000000000018],[826.0,910.0000000000018],[826.0,911.0],[827.0,911.0],[827.0,931.0],[826.0,931.0],[826.0,945.0],[827.0,945.0],[827.0,946.0],[828.0,946.0],[828.0,947.0],[829.0,947.0],[830.0000000000009,949.0],[832.0,949.0],[832.0,950.0],[834.9999999999991,950.0],[834.9999999999991,951.0],[840.0,951.0],[840.0,952.0],[851.0,952.0],[851.0,953.0],[856.0,953.0],[856.0,954.0],[858.0000000000009,954.0],[858.0000000000009,955.0],[860.0,955.0],[860.0,956.0],[861.0,956.0],[861.0,957.0],[863.0000000000009,958.0],[863.0000000000009,971.0],[864.0,971.0],[864.0,975.0],[865.0,975.0],[865.0,977.0],[866.0,977.0],[866.0,978.0],[867.0,978.0],[867.0,979.0],[867.9999999999991,979.0],[867.9999999999991,980.0],[869.0000000000009,980.0],[869.0000000000009,981.0000000000018],[870.0,981.0000000000018],[870.0,982.0],[871.0,982.0],[872.0,984.0],[874.0000000000009,984.0],[874.0000000000009,985.0000000000018],[876.0,986.0],[876.0,988.0],[878.0,989.0000000000018],[878.0,991.0000000000018],[878.9999999999991,991.0000000000018],[878.9999999999991,993.0000000000018],[880.0000000000009,993.0000000000018],[880.0000000000009,996.0],[881.0,996.0],[881.0,1004.0],[882.0,1004.0],[882.0,1010.0],[883.0,1010.0],[883.0,1012.0],[884.0,1012.0],[884.0,1013.0000000000018],[885.0000000000009,1013.0000000000018],[886.0,1015.0000000000018],[891.0000000000009,1015.0000000000018],[891.0000000000009,1016.0],[902.0000000000009,1016.0],[902.0000000000009,1015.0000000000018],[905.0,1015.0000000000018],[905.0,1014.0],[910.0,1014.0],[910.0,1013.0000000000018],[915.0,1013.0000000000018],[915.0,1014.0],[915.0,1031.0],[916.0,1031.0],[916.0,1037.0],[917.0,1037.0],[917.0,1039.0],[918.0000000000009,1039.0],[918.0000000000009,1041.0],[919.0,1041.0],[919.0,1043.0],[920.0,1043.0],[920.0,1044.0],[921.0,1044.0],[921.0,1045.0],[922.0,1045.0],[922.9999999999991,1047.0],[925.0,1047.0],[925.0,1048.0],[926.0,1048.0],[926.0,1049.0],[927.0,1049.0],[927.0,1050.0],[928.0,1050.0],[928.0,1051.0],[929.0000000000009,1051.0],[929.0000000000009,1052.0],[931.0,1053.0],[931.0,1055.0],[932.0,1055.0],[932.0,1056.0],[933.0,1056.0],[933.0,1057.0],[935.0000000000009,1058.0],[935.0000000000009,1060.0],[936.0,1060.0],[936.0,1061.0],[937.0,1061.0],[937.0,1063.0],[938.0,1063.0],[938.0,1080.0000000000018],[937.0,1080.0000000000018],[937.0,1085.0],[936.0,1085.0],[936.0,1088.0000000000018],[935.0000000000009,1088.0000000000018],[935.0000000000009,1091.0],[933.9999999999991,1091.0],[933.9999999999991,1094.0000000000018],[933.0,1094.0000000000018],[933.0,1103.0],[933.9999999999991,1103.0],[933.9999999999991,1104.0000000000018],[936.0,1104.0000000000018],[937.0,1106.0],[939.0,1106.0],[939.0,1107.0],[941.0,1107.0],[942.0,1109.0],[944.0,1109.0],[944.0,1110.0],[944.9999999999991,1110.0],[946.0000000000009,1112.0000000000018],[948.0,1112.0000000000018],[948.0,1113.0],[949.0,1113.0],[949.0,1115.0],[951.0000000000009,1115.0],[951.0000000000009,1116.0000000000018],[952.0,1116.0000000000018],[952.0,1117.0],[953.0,1117.0],[953.0,1118.0],[954.0,1118.0],[954.0,1119.0],[955.0,1119.0],[955.0,1120.0000000000018],[955.9999999999991,1120.0000000000018],[957.0000000000009,1122.0],[959.0,1122.0],[959.0,1123.0],[961.0,1124.0],[961.0,1126.0],[962.0000000000009,1126.0],[962.0000000000009,1129.0],[961.0,1129.0],[961.0,1131.0],[960.0,1131.0],[960.0,1133.0],[959.0,1133.0],[959.0,1135.0],[958.0,1135.0],[958.0,1139.0],[957.0000000000009,1139.0],[957.0000000000009,1143.0],[955.9999999999991,1143.0],[955.9999999999991,1146.0],[955.0,1146.0],[955.0,1147.0],[954.0,1147.0],[953.0,1149.0],[936.0,1149.0],[936.0,1146.0],[933.0,1146.0],[933.0,1145.0],[931.0,1145.0],[931.0,1143.0],[928.0,1143.0],[927.0,1141.0],[926.0,1141.0],[926.0,1139.0],[924.0000000000009,1138.0],[924.0000000000009,1135.0],[925.0,1135.0],[925.0,1130.0],[924.0000000000009,1130.0],[924.0000000000009,1129.0],[916.0,1129.0],[916.0,1128.0],[911.0,1128.0],[911.0,1129.0],[906.0,1129.0],[906.0,1130.0],[900.0,1130.0],[900.0,1131.0],[896.0000000000009,1131.0],[896.0000000000009,1132.0],[894.0,1132.0],[894.0,1131.0],[889.9999999999991,1131.0],[889.9999999999991,1132.0],[885.0000000000009,1132.0],[885.0000000000009,1133.0],[884.0,1133.0],[884.0,1132.0],[878.0,1132.0],[878.0,1133.0],[871.0,1133.0],[871.0,1134.0],[862.0,1134.0],[862.0,1135.0],[840.0,1135.0],[840.0,1136.0],[839.0,1136.0],[839.0,1135.0],[837.0,1135.0],[837.0,1134.0],[832.0,1134.0],[832.0,1133.0],[827.0,1133.0],[827.0,1131.0],[825.0000000000009,1130.0],[825.0000000000009,1128.0],[823.9999999999991,1128.0],[823.9999999999991,1118.0],[826.0,1117.0],[826.0,1116.0000000000018],[831.0,1116.0000000000018],[831.0,1115.0],[833.0,1115.0],[833.0,1112.0000000000018],[836.0000000000009,1112.0000000000018],[836.0000000000009,1108.0000000000018],[834.0,1108.0000000000018],[833.0,1106.0],[832.0,1106.0],[832.0,1104.0000000000018],[830.0000000000009,1104.0000000000018],[830.0000000000009,1102.0],[829.0,1102.0],[829.0,1100.0000000000018],[827.0,1099.0],[827.0,1096.0000000000018],[826.0,1096.0000000000018],[826.0,1090.0000000000018],[827.0,1090.0000000000018],[827.0,1088.0000000000018],[828.0,1088.0000000000018],[828.0,1083.0],[826.0,1082.0000000000018],[826.0,1080.0000000000018],[825.0000000000009,1080.0000000000018],[825.0000000000009,1079.0],[823.0,1079.0],[823.0,1077.0],[819.0000000000009,1077.0],[819.0000000000009,1076.0000000000018],[817.0,1076.0000000000018],[817.0,1075.0],[812.0,1075.0],[812.0,1074.0000000000018],[806.0,1074.0000000000018],[806.0,1076.0000000000018],[804.0,1077.0],[804.0,1078.0000000000018],[803.0000000000009,1078.0000000000018],[803.0000000000009,1079.0],[801.9999999999991,1079.0],[801.9999999999991,1081.0],[801.0,1081.0],[801.0,1083.0],[799.0,1083.0],[799.0,1085.0],[798.0,1085.0],[798.0,1086.0000000000018],[796.0,1086.0000000000018],[796.0,1087.0],[790.0,1087.0],[790.0,1088.0000000000018],[786.0000000000009,1088.0000000000018],[785.0,1090.0000000000018],[784.0,1090.0000000000018],[784.0,1091.0],[783.0,1091.0],[783.0,1094.0000000000018],[782.0,1094.0000000000018],[782.0,1096.0000000000018],[781.0000000000009,1096.0000000000018],[781.0000000000009,1098.0000000000018],[779.0,1099.0],[779.0,1100.0000000000018],[778.0,1100.0000000000018],[778.0,1101.0],[776.0,1101.0],[776.0,1103.0],[773.0,1103.0],[773.0,1104.0000000000018],[771.0,1104.0000000000018],[771.0,1105.0],[770.0,1105.0],[770.0,1106.0],[767.0,1106.0],[767.0,1107.0],[762.9999999999991,1107.0],[762.9999999999991,1108.0000000000018],[761.0,1108.0000000000018],[761.0,1109.0],[760.0,1109.0],[760.0,1111.0],[756.0,1111.0],[756.0,1112.0000000000018],[751.9999999999991,1112.0000000000018],[751.9999999999991,1114.0],[750.0,1114.0],[750.0,1115.0],[748.0,1115.0],[748.0,1116.0000000000018],[745.0,1116.0000000000018],[744.0,1118.0],[743.0,1118.0],[743.0,1119.0],[742.0000000000009,1119.0],[742.0000000000009,1120.0000000000018],[740.9999999999991,1120.0000000000018],[740.9999999999991,1130.0],[742.0000000000009,1130.0],[742.0000000000009,1139.0],[743.0,1139.0],[743.0,1141.0],[744.0,1141.0],[744.0,1148.0],[743.0,1148.0],[743.0,1159.0000000000018],[740.9999999999991,1159.0000000000018],[740.9999999999991,1167.0000000000018],[742.0000000000009,1167.0000000000018],[742.0000000000009,1170.0],[743.0,1170.0],[743.0,1176.0],[744.0,1176.0],[744.0,1187.0],[743.0,1187.0],[743.0,1188.0],[740.9999999999991,1188.0],[740.9999999999991,1190.0],[739.0,1190.0],[739.0,1191.0],[682.0,1191.0],[680.9999999999991,1189.0000000000018],[678.0,1189.0000000000018],[677.0,1187.0],[676.0000000000009,1187.0],[676.0000000000009,1184.0],[674.9999999999991,1184.0],[674.9999999999991,1182.0],[674.0,1182.0],[674.0,1181.0000000000018],[661.0,1181.0000000000018],[661.0,1180.0],[658.0,1180.0],[658.0,1179.0000000000018],[652.9999999999991,1179.0000000000018],[652.9999999999991,1178.0],[651.0,1178.0],[651.0,1177.0000000000018],[650.0,1177.0000000000018],[650.0,1176.0],[647.0,1176.0],[646.0,1174.0],[645.0,1174.0],[645.0,1173.0000000000018],[644.0,1173.0000000000018],[644.0,1172.0],[643.0000000000009,1172.0],[643.0000000000009,1171.0000000000018],[641.9999999999991,1171.0000000000018],[641.9999999999991,1170.0],[639.0,1170.0],[638.0,1168.0],[636.0,1168.0],[636.0,1167.0000000000018],[635.0,1167.0000000000018],[635.0,1166.0],[632.0000000000009,1166.0],[632.0000000000009,1167.0000000000018],[630.9999999999991,1167.0000000000018],[630.9999999999991,1165.0000000000018],[627.0,1165.0000000000018],[626.0000000000009,1167.0000000000018],[617.0,1167.0000000000018],[617.0,1168.0],[612.0,1168.0],[612.0,1167.0000000000018],[609.0000000000009,1167.0000000000018],[609.0000000000009,1166.0],[607.0,1166.0],[607.0,1165.0000000000018],[606.0,1165.0000000000018],[606.0,1164.0],[604.0000000000009,1164.0],[603.0,1162.0],[602.0,1162.0],[602.0,1161.0000000000018],[601.0,1161.0000000000018],[601.0,1159.0000000000018],[600.0,1159.0000000000018],[600.0,1158.0],[598.0000000000009,1158.0],[597.0,1156.0],[596.0,1156.0],[596.0,1155.0000000000018],[595.0,1155.0000000000018],[595.0,1154.0],[594.0,1154.0],[594.0,1153.0000000000018],[593.0000000000009,1153.0000000000018],[593.0000000000009,1151.0],[590.0,1151.0],[589.0,1149.0],[588.0000000000009,1149.0],[588.0000000000009,1148.0],[581.0,1148.0],[580.0,1146.0],[577.0000000000009,1146.0],[577.0000000000009,1144.0],[575.0,1144.0],[575.0,1143.0],[573.0,1143.0],[572.0,1141.0],[568.0,1141.0],[568.0,1139.0],[566.0,1138.0],[566.0,1136.0],[565.0,1136.0],[565.0,1134.0],[564.0,1134.0],[564.0,1122.0],[565.0,1122.0],[565.0,1119.0],[566.0,1119.0],[566.0,1116.0000000000018],[568.0,1116.0000000000018],[569.0,1114.0],[570.0,1114.0],[570.0,1113.0],[572.0,1113.0],[572.0,1112.0000000000018],[574.0,1112.0000000000018],[574.0,1111.0],[576.0000000000009,1111.0],[576.0000000000009,1110.0],[579.0,1110.0],[580.0,1108.0000000000018],[581.0,1108.0000000000018],[581.0,1107.0],[582.0000000000009,1107.0],[582.0000000000009,1106.0],[584.0,1106.0],[584.0,1105.0],[585.0,1105.0],[585.0,1103.0],[587.0000000000009,1102.0],[587.0000000000009,1101.0],[588.0000000000009,1101.0],[588.0000000000009,1100.0000000000018],[589.0,1100.0000000000018],[589.0,1099.0],[590.0,1099.0],[590.0,1098.0000000000018],[591.0,1098.0000000000018],[591.0,1093.0],[590.0,1093.0],[590.0,1091.0],[589.0,1091.0],[589.0,1089.0],[588.0000000000009,1089.0],[588.0000000000009,1084.0000000000018],[587.0000000000009,1084.0000000000018],[587.0000000000009,1083.0],[589.0,1083.0],[589.0,1079.0],[590.0,1079.0],[590.0,1077.0],[592.0,1077.0],[593.0000000000009,1075.0],[595.0,1075.0],[595.0,1068.0000000000018],[593.0000000000009,1068.0000000000018],[593.0000000000009,1065.0],[592.0,1065.0],[592.0,1062.0]]]}},{"type":"Feature","id":"country-008-mainland-southwest-region-006","properties":{"id":"country-008-mainland-southwest-region-006","number":6,"name":"Револьн","type":"region","countryId":"country-008","targetComponentId":"mainland-southwest","datasetId":"country-008/mainland-southwest","styleIndex":0,"isCapital":false,"capital":false,"labelRank":2,"importance":2,"areaWorld":318.2633053221284,"labelPointMethod":"representative-point","source":"regions/country-008/mainland-southwest/regions-source.png"},"geometry":{"type":"Polygon","coordinates":[[[656.0,747.0],[656.0,748.0000000000018],[655.0,748.0000000000018],[655.0,750.0000000000018],[654.0000000000009,750.0000000000018],[654.0000000000009,753.0],[652.9999999999991,753.0],[652.9999999999991,755.0],[651.0,756.0000000000018],[651.0,758.0000000000018],[650.0,758.0000000000018],[650.0,761.0],[649.0,761.0],[649.0,771.0],[650.0,771.0],[650.0,776.0],[651.0,776.0],[651.0,780.0],[652.0,780.0],[652.0,781.0],[652.9999999999991,781.0],[652.9999999999991,783.0],[654.0000000000009,783.0],[654.0000000000009,784.0],[655.0,784.0],[655.0,785.0],[656.0,785.0],[656.0,786.0],[658.0,787.0],[658.0,792.0],[657.0,792.0],[657.0,794.0],[656.0,794.0],[656.0,795.0],[655.0,795.0],[654.0000000000009,797.0],[652.0,797.0],[651.0,799.0],[649.0,799.0],[649.0,800.0],[647.0,800.0],[647.0,801.0],[644.0,801.0],[644.0,802.0],[641.9999999999991,802.0],[641.9999999999991,803.0],[640.0,803.0],[640.0,804.0],[638.0,804.0],[638.0,805.0],[637.0000000000009,805.0],[637.0000000000009,806.0],[636.0,806.0],[636.0,807.0],[635.0,807.0],[635.0,808.0],[633.0,809.0],[633.0,819.0000000000018],[634.0,819.0000000000018],[634.0,822.0],[636.0,823.0000000000018],[636.0,826.0],[637.0000000000009,826.0],[637.0000000000009,827.0000000000018],[639.0,828.0],[639.0,830.0],[641.0,830.0],[641.9999999999991,832.0],[644.0,832.0],[644.0,833.0000000000018],[646.0,833.0000000000018],[646.0,834.0],[648.0000000000009,834.0],[649.0,836.0],[651.0,836.0],[651.0,837.0000000000018],[652.9999999999991,837.0000000000018],[654.0000000000009,839.0000000000018],[656.0,839.0000000000018],[656.0,840.0],[657.0,840.0],[658.0,842.0],[660.0,842.0],[661.0,844.0],[663.0,844.0],[663.0,845.0000000000018],[665.0000000000009,845.0000000000018],[665.0000000000009,846.0],[668.0,846.0],[668.0,847.0000000000018],[672.0,847.0000000000018],[672.0,848.0],[674.0,848.0],[674.0,849.0000000000018],[677.0,849.0000000000018],[677.0,850.0],[682.0,850.0],[682.0,851.0],[684.0,851.0],[684.0,852.0],[685.0,852.0],[685.0,853.0000000000018],[687.0000000000009,854.0],[687.0000000000009,855.0],[685.9999999999991,855.0],[685.9999999999991,858.0],[685.0,858.0],[685.0,860.0],[684.0,860.0],[684.0,862.0],[683.0,862.0],[683.0,863.0],[682.0,863.0],[680.9999999999991,865.0],[679.0,865.0],[679.0,866.0],[677.0,867.0],[677.0,870.0],[676.0000000000009,870.0],[676.0000000000009,882.0],[678.0,883.0],[678.0,885.0],[679.0,885.0],[679.0,886.0],[680.0,886.0],[680.0,887.0],[680.9999999999991,887.0],[680.9999999999991,888.0],[682.0,888.0],[682.0,889.0],[683.0,889.0],[684.0,891.0],[685.9999999999991,891.0],[685.9999999999991,892.0],[687.0000000000009,892.0],[688.0,894.0],[690.0,894.0],[690.0,895.0],[691.0,895.0],[691.0,896.0000000000018],[691.9999999999991,896.0000000000018],[693.0,898.0000000000018],[695.0,898.0000000000018],[696.0,900.0000000000018],[702.0,900.0000000000018],[702.0,901.0],[710.0,901.0],[710.0,902.0000000000018],[716.0,902.0000000000018],[716.0,903.0],[718.0,903.0],[718.0,904.0000000000018],[720.0000000000009,904.0000000000018],[720.0000000000009,905.0],[722.0,905.0],[722.0,906.0000000000018],[722.0,909.0],[723.0,909.0],[723.0,915.0],[724.0,915.0],[724.0,919.0],[724.9999999999991,919.0],[724.9999999999991,923.0],[726.0,923.0],[726.0,940.0],[724.9999999999991,940.0],[724.9999999999991,943.0],[724.0,943.0],[724.0,948.0],[723.0,948.0],[723.0,950.0],[722.0,950.0],[722.0,952.0],[721.0,952.0],[721.0,954.0],[720.0000000000009,954.0],[720.0000000000009,956.0],[718.9999999999991,956.0],[718.9999999999991,957.0],[717.0,958.0],[717.0,960.0],[715.0,961.0],[715.0,963.0],[713.0,963.0],[713.0,965.0],[712.0,965.0],[712.0,966.0],[711.0,966.0],[711.0,967.0],[710.0,967.0],[710.0,968.0],[709.0000000000009,968.0],[709.0000000000009,969.0],[707.9999999999991,969.0],[707.9999999999991,970.0],[707.0,970.0],[706.0,972.0],[704.0,972.0],[704.0,973.0],[702.9999999999991,973.0],[702.0,975.0],[700.0,975.0],[700.0,976.0],[699.0,976.0],[698.0000000000009,978.0],[696.0,978.0],[695.0,980.0],[693.0,980.0],[693.0,981.0000000000018],[691.9999999999991,981.0000000000018],[691.0,983.0000000000018],[689.0,983.0000000000018],[689.0,984.0],[688.0,984.0],[687.0000000000009,986.0],[685.0,986.0],[685.0,987.0000000000018],[683.0,987.0000000000018],[683.0,988.0],[680.9999999999991,988.0],[680.9999999999991,989.0000000000018],[680.0,989.0000000000018],[679.0,991.0000000000018],[677.0,991.0000000000018],[677.0,992.0],[674.9999999999991,992.0],[674.0,994.0],[672.0,994.0],[672.0,995.0000000000018],[670.0000000000009,995.0000000000018],[670.0000000000009,996.0],[668.0,996.0],[667.0,998.0],[665.0000000000009,998.0],[665.0000000000009,999.0000000000018],[663.0,999.0000000000018],[663.0,1000.0],[661.0,1000.0],[660.0,1002.0],[658.0,1002.0],[658.0,1003.0000000000018],[656.0,1003.0000000000018],[656.0,1004.0],[654.0000000000009,1004.0],[654.0000000000009,1005.0000000000018],[652.0,1005.0000000000018],[652.0,1006.0],[650.0,1006.0],[650.0,1007.0000000000018],[648.0000000000009,1007.0000000000018],[648.0000000000009,1008.0],[646.0,1008.0],[646.0,1009.0000000000018],[645.0,1009.0000000000018],[645.0,1010.0],[644.0,1010.0],[644.0,1011.0000000000018],[643.0000000000009,1011.0000000000018],[643.0000000000009,1012.0],[641.9999999999991,1012.0],[641.9999999999991,1013.0000000000018],[640.0,1014.0],[640.0,1016.0],[639.0,1016.0],[639.0,1018.0],[638.0,1018.0],[638.0,1020.0],[637.0000000000009,1020.0],[637.0000000000009,1022.0],[636.0,1022.0],[636.0,1025.0],[635.0,1025.0],[635.0,1027.0000000000018],[634.0,1027.0000000000018],[634.0,1031.0],[633.0,1031.0],[633.0,1033.0],[632.0000000000009,1033.0],[632.0000000000009,1040.0],[630.0,1041.0],[630.0,1043.0],[629.0,1043.0],[629.0,1044.0],[627.0,1044.0],[626.0000000000009,1046.0],[624.0,1046.0],[624.0,1047.0],[622.0,1047.0],[622.0,1048.0],[619.9999999999991,1048.0],[619.9999999999991,1049.0],[618.0,1049.0],[618.0,1050.0],[616.0,1050.0],[616.0,1051.0],[614.0,1051.0],[614.0,1052.0],[612.0,1052.0],[612.0,1053.0],[610.0000000000009,1053.0],[610.0000000000009,1054.0],[608.0,1054.0],[608.0,1055.0],[605.0,1055.0],[605.0,1056.0],[602.0,1056.0],[602.0,1057.0],[599.0000000000009,1057.0],[599.0000000000009,1058.0],[597.0,1058.0],[596.0,1060.0],[594.0,1060.0],[594.0,1061.0],[592.0,1062.0],[590.0,1061.0],[590.0,1060.0],[588.0000000000009,1060.0],[587.0000000000009,1058.0],[586.0,1058.0],[586.0,1057.0],[584.0,1057.0],[584.0,1056.0],[582.0000000000009,1056.0],[582.0000000000009,1055.0],[580.0,1055.0],[579.0,1053.0],[578.0,1053.0],[578.0,1052.0],[577.0000000000009,1052.0],[577.0000000000009,1051.0],[576.0000000000009,1051.0],[576.0000000000009,1050.0],[574.0,1050.0],[574.0,1048.0],[573.0,1048.0],[573.0,1045.0],[571.0000000000009,1044.0],[571.0000000000009,1041.0],[570.0,1041.0],[570.0,1039.0],[569.0,1039.0],[569.0,1037.0],[567.0,1036.0],[567.0,1035.0],[565.0,1035.0],[565.0,1034.0],[563.0,1034.0],[563.0,1032.0],[562.0,1032.0],[562.0,1031.0],[560.0,1031.0],[560.0,1030.0],[558.0,1030.0],[558.0,1029.0],[556.0,1029.0],[556.0,1028.0],[555.0,1028.0],[555.0,1026.0],[553.0,1025.0],[553.0,1024.0],[552.0,1024.0],[552.0,1023.0000000000018],[551.0,1023.0000000000018],[551.0,1022.0],[550.0,1022.0],[550.0,1021.0],[549.0,1021.0],[549.0,1020.0],[548.0,1020.0],[548.0,1018.0],[547.0,1018.0],[547.0,1013.0000000000018],[546.0,1013.0000000000018],[546.0,1010.0],[545.0,1010.0],[545.0,1007.0000000000018],[544.0,1007.0000000000018],[544.0,1005.0000000000018],[543.0,1005.0000000000018],[543.0,1004.0],[542.0,1004.0],[542.0,992.0],[541.0,992.0],[541.0,987.0000000000018],[542.0,987.0000000000018],[542.0,983.0000000000018],[543.0,983.0000000000018],[543.0,981.0000000000018],[544.0,981.0000000000018],[544.0,971.0],[543.0,971.0],[543.0,968.0],[542.0,968.0],[542.0,965.0],[541.0,965.0],[541.0,961.0],[540.0,961.0],[540.0,959.0],[538.0,958.0],[538.0,957.0],[537.0,957.0],[537.0,956.0],[534.0,956.0],[534.0,954.0],[532.0,954.0],[532.0,952.0],[531.0,952.0],[531.0,950.0],[530.0,950.0],[530.0,948.0],[529.0,948.0],[529.0,946.0],[528.0,946.0],[528.0,941.0],[526.0,940.0],[526.0,938.0000000000018],[524.0,937.0],[524.0,936.0],[521.0,936.0],[521.0,935.0],[508.0,935.0],[508.0,936.0],[501.0,936.0],[501.0,935.0],[500.0,935.0],[500.0,933.0],[499.0,933.0],[499.0,930.0000000000018],[498.0,930.0000000000018],[498.0,926.0000000000018],[496.0,925.0],[496.0,924.0000000000018],[494.0,924.0000000000018],[494.0,922.0000000000018],[492.0,922.0000000000018],[492.0,920.0000000000018],[490.0,919.0],[490.0,918.0000000000018],[489.0,918.0000000000018],[489.0,917.0],[488.0,917.0],[488.0,915.0],[486.0,914.0000000000018],[486.0,912.0000000000018],[484.0,911.0],[484.0,909.0],[482.0,909.0],[482.0,906.0000000000018],[481.0,906.0000000000018],[481.0,904.0000000000018],[480.0,904.0000000000018],[480.0,902.0000000000018],[478.0,901.0],[478.0,900.0000000000018],[477.0,900.0000000000018],[477.0,898.0000000000018],[475.0,898.0000000000018],[475.0,896.0000000000018],[474.0,896.0000000000018],[474.0,894.0],[472.0,893.0],[472.0,892.0],[470.0,892.0],[470.0,890.0],[468.0,890.0],[468.0,888.0],[466.0,887.0],[466.0,886.0],[465.0,886.0],[465.0,885.0],[464.0,885.0],[464.0,884.0],[462.0,884.0],[462.0,882.0],[460.0,882.0],[460.0,880.0],[458.0,879.0],[458.0,878.0],[457.0,878.0],[457.0,875.0],[455.0,875.0],[455.0,874.0],[454.0,874.0],[454.0,872.0],[452.0,872.0],[451.0,870.0],[450.0,870.0],[450.0,869.0],[449.0,869.0],[449.0,868.0],[447.0,868.0],[447.0,867.0],[445.0,867.0],[445.0,866.0],[441.0,866.0],[441.0,867.0],[440.0,867.0],[440.0,866.0],[437.0,866.0],[437.0,865.0],[435.0,865.0],[435.0,864.0],[427.0,864.0],[427.0,863.0],[424.0,863.0],[424.0,862.0],[422.0,862.0],[421.0,860.0],[420.0,860.0],[420.0,859.0],[419.0,859.0],[419.0,858.0],[418.0,858.0],[418.0,856.0],[417.0,856.0],[417.0,854.0],[416.0,854.0],[416.0,852.0],[415.0,852.0],[415.0,850.0],[414.0,850.0],[414.0,848.0],[413.0,848.0],[413.0,832.0],[414.0,832.0],[414.0,826.0],[416.0,825.0000000000018],[416.0,822.0],[417.0,822.0],[417.0,820.0],[419.0,819.0000000000018],[419.0,818.0],[420.0,818.0],[420.0,817.0000000000018],[422.0,817.0000000000018],[423.0,815.0000000000018],[430.0,815.0000000000018],[430.0,816.0],[432.0,816.0],[432.0,817.0000000000018],[434.0,817.0000000000018],[435.0,819.0000000000018],[436.0,819.0000000000018],[436.0,820.0],[437.0,820.0],[437.0,821.0000000000018],[438.0,821.0000000000018],[438.0,822.0],[441.0,822.0],[441.0,823.0000000000018],[443.0,823.0000000000018],[443.0,824.0],[449.0,824.0],[449.0,822.0],[450.0,822.0],[450.0,820.0],[452.0,819.0000000000018],[452.0,817.0000000000018],[454.0,817.0000000000018],[454.0,815.0000000000018],[456.0,815.0000000000018],[457.0,813.0000000000018],[466.0,813.0000000000018],[466.0,814.0],[471.0,814.0],[471.0,813.0000000000018],[474.0,813.0000000000018],[474.0,812.0],[476.0,812.0],[476.0,811.0000000000018],[477.0,811.0000000000018],[477.0,808.0],[478.0,808.0],[478.0,798.0],[479.0,798.0],[479.0,792.0],[478.0,792.0],[478.0,791.0],[479.0,791.0],[479.0,789.0],[480.0,789.0],[480.0,787.0],[482.0,786.0],[482.0,785.0],[483.0,785.0],[483.0,784.0],[484.0,784.0],[484.0,782.0],[486.0,782.0],[486.0,780.0],[488.0,780.0],[489.0,778.0],[490.0,778.0],[490.0,777.0],[492.0,777.0],[492.0,776.0],[508.0,776.0],[509.0,774.0],[510.0,774.0],[510.0,773.0],[511.0,773.0],[511.0,772.0000000000018],[512.0,772.0000000000018],[512.0,771.0],[513.0,771.0],[513.0,770.0],[515.0,770.0],[515.0,768.0000000000018],[517.0,768.0000000000018],[517.0,766.0],[518.0,766.0],[518.0,765.0],[520.0,765.0],[520.0,763.0],[522.0,762.0000000000018],[522.0,761.0],[523.0,761.0],[523.0,760.0000000000018],[524.0,760.0000000000018],[524.0,759.0],[525.0,759.0],[525.0,757.0],[526.0,757.0],[526.0,755.0],[528.0,755.0],[528.0,753.0],[529.0,753.0],[529.0,751.0],[531.0,750.0000000000018],[531.0,749.0],[532.0,749.0],[532.0,748.0000000000018],[534.0,748.0000000000018],[534.0,747.0],[536.0,747.0],[536.0,745.0],[538.0,745.0],[538.0,744.0000000000018],[539.0,744.0000000000018],[539.0,742.0000000000018],[541.0,741.0],[541.0,740.0000000000018],[542.0,740.0000000000018],[542.0,739.0],[547.0,739.0],[547.0,738.0000000000018],[550.0,738.0000000000018],[550.0,739.0],[555.0,739.0],[556.0,741.0],[557.0,741.0],[557.0,742.0000000000018],[558.0,742.0000000000018],[558.0,747.0],[557.0,747.0],[557.0,751.0],[563.0,751.0],[563.0,750.0000000000018],[564.0,750.0000000000018],[564.0,747.0],[566.0,746.0000000000018],[566.0,745.0],[567.0,745.0],[567.0,744.0000000000018],[568.0,744.0000000000018],[568.0,742.0000000000018],[570.0,742.0000000000018],[570.0,741.0],[571.0000000000009,741.0],[571.0000000000009,739.0],[572.0,739.0],[572.0,737.0],[573.0,737.0],[573.0,734.0000000000018],[574.0,734.0000000000018],[574.0,726.0000000000018],[576.0000000000009,725.0],[576.0000000000009,714.0],[574.0,713.0],[574.0,712.0],[573.0,712.0],[573.0,711.0],[571.0000000000009,711.0],[570.0,709.0],[569.0,709.0],[569.0,707.0],[567.0,706.0],[567.0,705.0],[566.0,705.0],[566.0,702.0],[565.0,702.0],[565.0,696.0],[566.0,696.0],[566.0,694.0],[567.0,694.0],[567.0,693.0],[568.0,693.0],[568.0,691.0],[569.0,691.0],[569.0,689.0],[570.0,689.0],[570.0,688.0],[572.0,688.0],[573.0,686.0],[575.0,686.0],[575.0,685.0],[577.0000000000009,685.0],[577.0000000000009,684.0],[579.0,684.0],[580.0,682.0],[581.0,682.0],[581.0,683.0000000000018],[596.0,683.0000000000018],[596.0,682.0],[598.0000000000009,682.0],[599.0000000000009,684.0],[604.0000000000009,684.0],[605.0,686.0],[609.0000000000009,686.0],[610.0000000000009,688.0],[611.0,688.0],[611.0,689.0],[613.0,689.0],[613.0,690.0],[614.0,690.0],[614.0,691.0],[616.0,691.0],[616.0,692.0],[618.0,692.0],[618.0,694.0],[619.0,694.0],[619.0,697.0],[621.0000000000009,698.0],[621.0000000000009,700.0],[619.9999999999991,700.0],[619.9999999999991,703.0],[621.0000000000009,703.0],[621.0000000000009,705.0],[622.0,705.0],[622.0,709.0],[624.0,709.0],[625.0,711.0],[626.0000000000009,711.0],[626.0000000000009,712.0],[627.0,712.0],[627.0,713.0],[628.0,713.0],[628.0,716.0],[629.0,716.0],[629.0,733.0],[628.0,733.0],[628.0,737.0],[630.0,737.0],[630.0,740.0000000000018],[630.9999999999991,740.0000000000018],[630.9999999999991,741.0],[633.0,741.0],[634.0,743.0],[635.0,743.0],[635.0,744.0000000000018],[636.0,744.0000000000018],[636.0,745.0],[637.0000000000009,745.0],[637.0000000000009,746.0000000000018],[638.0,746.0000000000018],[638.0,748.0000000000018],[646.0,748.0000000000018],[647.0,746.0000000000018],[651.0,746.0000000000018],[651.0,745.0],[652.9999999999991,745.0],[652.9999999999991,746.0000000000018],[655.0,746.0000000000018],[655.0,747.0],[656.0,747.0]]]}},{"type":"Feature","id":"country-008-mainland-southwest-region-007","properties":{"id":"country-008-mainland-southwest-region-007","number":7,"name":"Веренланд","type":"region","countryId":"country-008","targetComponentId":"mainland-southwest","datasetId":"country-008/mainland-southwest","styleIndex":1,"isCapital":false,"capital":false,"labelRank":2,"importance":2,"areaWorld":241.05322128851552,"labelPointMethod":"representative-point","source":"regions/country-008/mainland-southwest/regions-source.png"},"geometry":{"type":"Polygon","coordinates":[[[977.0,730.0000000000018],[977.0,731.0],[975.0,732.0000000000018],[975.0,734.0000000000018],[974.0,734.0000000000018],[974.0,736.0000000000018],[972.0,737.0],[972.0,739.0],[971.0,739.0],[971.0,742.0000000000018],[970.0,742.0000000000018],[970.0,752.0000000000018],[969.0,752.0000000000018],[969.0,755.0],[968.0000000000009,755.0],[968.0000000000009,758.0000000000018],[966.9999999999991,758.0000000000018],[966.9999999999991,761.0],[966.0,761.0],[966.0,765.0],[965.0,765.0],[965.0,767.0],[964.0,767.0],[964.0,770.0],[963.0,770.0],[963.0,771.0],[962.0000000000009,771.0],[962.0000000000009,772.0000000000018],[961.0,772.0000000000018],[961.0,773.0],[960.0,773.0],[960.0,774.0],[959.0,774.0],[959.0,775.0],[958.0,775.0],[957.0000000000009,777.0],[955.0,777.0],[955.0,779.0],[953.0,779.0],[953.0,780.0],[951.0000000000009,780.0],[951.0000000000009,781.0],[949.0,782.0],[949.0,784.0],[947.0,785.0],[947.0,787.0],[946.0000000000009,787.0],[946.0000000000009,789.0],[944.9999999999991,789.0],[944.9999999999991,791.0],[944.0,791.0],[944.0,795.0],[943.0,795.0],[943.0,798.0],[942.0,798.0],[942.0,802.0],[941.0,802.0],[941.0,805.0],[940.0000000000009,805.0],[940.0000000000009,809.0],[939.0,809.0],[939.0,813.0000000000018],[938.0,813.0000000000018],[938.0,818.0],[937.0,818.0],[937.0,820.0],[936.0,820.0],[936.0,824.0],[935.0000000000009,824.0],[935.0000000000009,826.0],[933.9999999999991,826.0],[933.9999999999991,829.0000000000018],[933.0,829.0000000000018],[933.0,832.0],[932.0,832.0],[932.0,833.0000000000018],[929.0000000000009,833.0000000000018],[929.0000000000009,834.0],[927.0,834.0],[927.0,835.0000000000018],[915.0,835.0000000000018],[915.0,836.0],[911.0,836.0],[911.0,837.0000000000018],[908.0,837.0000000000018],[908.0,838.0],[906.0,838.0],[905.0,840.0],[903.0,840.0],[903.0,841.0000000000018],[900.9999999999991,841.0000000000018],[900.9999999999991,842.0],[900.0,842.0],[899.0,844.0],[897.0,844.0],[897.0,845.0000000000018],[896.0000000000009,845.0000000000018],[896.0000000000009,846.0],[895.0,846.0],[894.0,848.0],[891.0000000000009,848.0],[891.0000000000009,849.0000000000018],[889.0,849.0000000000018],[889.0,850.0],[888.0,850.0],[888.0,852.0],[887.0,852.0],[887.0,854.0],[886.0,854.0],[886.0,863.0],[887.0,863.0],[887.0,865.0],[888.0,865.0],[888.0,868.0],[889.0,868.0],[889.0,870.0],[889.9999999999991,870.0],[889.9999999999991,873.0],[891.0000000000009,873.0],[891.0000000000009,877.0],[892.0,877.0],[892.0,878.0],[891.0000000000009,878.0],[891.0000000000009,882.0],[889.9999999999991,882.0],[889.9999999999991,885.0],[889.0,885.0],[889.0,887.0],[888.0,887.0],[888.0,888.0],[887.0,888.0],[886.0,890.0],[885.0000000000009,890.0],[885.0000000000009,889.0],[876.0,889.0],[876.0,890.0],[873.0,890.0],[873.0,891.0],[869.0000000000009,891.0],[869.0000000000009,892.0],[867.0,892.0],[867.0,893.0],[864.0,893.0],[864.0,894.0],[862.0,894.0],[862.0,895.0],[860.0,895.0],[860.0,896.0000000000018],[856.9999999999991,896.0000000000018],[856.9999999999991,897.0],[855.0,897.0],[855.0,898.0000000000018],[852.0000000000009,898.0000000000018],[852.0000000000009,899.0],[850.0,899.0],[850.0,900.0000000000018],[847.0000000000009,900.0000000000018],[847.0000000000009,901.0],[845.0,901.0],[845.0,902.0000000000018],[842.0,902.0000000000018],[842.0,903.0],[840.0,903.0],[840.0,904.0000000000018],[837.0,904.0000000000018],[837.0,905.0],[834.0,905.0],[834.0,906.0000000000018],[832.0,906.0000000000018],[832.0,907.0],[829.0,907.0],[828.0,909.0],[827.0,909.0],[827.0,910.0000000000018],[826.0,910.0000000000018],[825.0000000000009,910.0000000000018],[825.0000000000009,909.0],[821.0,909.0],[821.0,908.0000000000018],[816.0,908.0000000000018],[816.0,907.0],[812.9999999999991,907.0],[812.9999999999991,906.0000000000018],[811.0,906.0000000000018],[811.0,905.0],[809.0,905.0],[809.0,904.0000000000018],[806.0,904.0000000000018],[806.0,903.0],[804.0,903.0],[804.0,902.0000000000018],[801.0,902.0000000000018],[801.0,901.0],[798.0,901.0],[798.0,900.0000000000018],[796.0,900.0000000000018],[796.0,899.0],[793.0,899.0],[793.0,898.0000000000018],[788.0,898.0000000000018],[788.0,897.0],[770.0,897.0],[770.0,898.0000000000018],[765.0,898.0000000000018],[765.0,899.0],[762.0,899.0],[762.0,900.0000000000018],[759.0,900.0000000000018],[759.0,901.0],[757.0,901.0],[757.0,902.0000000000018],[753.0000000000009,902.0000000000018],[753.0000000000009,903.0],[750.0,903.0],[750.0,904.0000000000018],[746.9999999999991,904.0000000000018],[746.9999999999991,905.0],[723.0,905.0],[723.0,906.0000000000018],[722.0,906.0000000000018],[722.0,905.0],[720.0000000000009,905.0],[720.0000000000009,904.0000000000018],[718.0,904.0000000000018],[718.0,903.0],[716.0,903.0],[716.0,902.0000000000018],[710.0,902.0000000000018],[710.0,901.0],[702.0,901.0],[702.0,900.0000000000018],[696.0,900.0000000000018],[695.0,898.0000000000018],[693.0,898.0000000000018],[691.9999999999991,896.0000000000018],[691.0,896.0000000000018],[691.0,895.0],[690.0,895.0],[690.0,894.0],[688.0,894.0],[687.0000000000009,892.0],[685.9999999999991,892.0],[685.9999999999991,891.0],[684.0,891.0],[683.0,889.0],[682.0,889.0],[682.0,888.0],[680.9999999999991,888.0],[680.9999999999991,887.0],[680.0,887.0],[680.0,886.0],[679.0,886.0],[679.0,885.0],[678.0,885.0],[678.0,883.0],[676.0000000000009,882.0],[676.0000000000009,870.0],[677.0,870.0],[677.0,867.0],[679.0,866.0],[679.0,865.0],[680.9999999999991,865.0],[682.0,863.0],[683.0,863.0],[683.0,862.0],[684.0,862.0],[684.0,860.0],[685.0,860.0],[685.0,858.0],[685.9999999999991,858.0],[685.9999999999991,855.0],[687.0000000000009,855.0],[687.0000000000009,854.0],[685.0,853.0000000000018],[685.0,852.0],[684.0,852.0],[684.0,851.0],[682.0,851.0],[682.0,850.0],[677.0,850.0],[677.0,849.0000000000018],[674.0,849.0000000000018],[674.0,848.0],[672.0,848.0],[672.0,847.0000000000018],[668.0,847.0000000000018],[668.0,846.0],[665.0000000000009,846.0],[665.0000000000009,845.0000000000018],[663.0,845.0000000000018],[663.0,844.0],[661.0,844.0],[660.0,842.0],[658.0,842.0],[657.0,840.0],[656.0,840.0],[656.0,839.0000000000018],[654.0000000000009,839.0000000000018],[652.9999999999991,837.0000000000018],[651.0,837.0000000000018],[651.0,836.0],[649.0,836.0],[648.0000000000009,834.0],[646.0,834.0],[646.0,833.0000000000018],[644.0,833.0000000000018],[644.0,832.0],[641.9999999999991,832.0],[641.0,830.0],[639.0,830.0],[639.0,828.0],[637.0000000000009,827.0000000000018],[637.0000000000009,826.0],[636.0,826.0],[636.0,823.0000000000018],[634.0,822.0],[634.0,819.0000000000018],[633.0,819.0000000000018],[633.0,809.0],[635.0,808.0],[635.0,807.0],[636.0,807.0],[636.0,806.0],[637.0000000000009,806.0],[637.0000000000009,805.0],[638.0,805.0],[638.0,804.0],[640.0,804.0],[640.0,803.0],[641.9999999999991,803.0],[641.9999999999991,802.0],[644.0,802.0],[644.0,801.0],[647.0,801.0],[647.0,800.0],[649.0,800.0],[649.0,799.0],[651.0,799.0],[652.0,797.0],[654.0000000000009,797.0],[655.0,795.0],[656.0,795.0],[656.0,794.0],[657.0,794.0],[657.0,792.0],[658.0,792.0],[658.0,787.0],[656.0,786.0],[656.0,785.0],[655.0,785.0],[655.0,784.0],[654.0000000000009,784.0],[654.0000000000009,783.0],[652.9999999999991,783.0],[652.9999999999991,781.0],[652.0,781.0],[652.0,780.0],[651.0,780.0],[651.0,776.0],[650.0,776.0],[650.0,771.0],[649.0,771.0],[649.0,761.0],[650.0,761.0],[650.0,758.0000000000018],[651.0,758.0000000000018],[651.0,756.0000000000018],[652.9999999999991,755.0],[652.9999999999991,753.0],[654.0000000000009,753.0],[654.0000000000009,750.0000000000018],[655.0,750.0000000000018],[655.0,748.0000000000018],[656.0,748.0000000000018],[656.0,747.0],[657.0,747.0],[657.0,748.0000000000018],[660.0,748.0000000000018],[660.0,750.0000000000018],[661.0,750.0000000000018],[661.0,752.0000000000018],[663.0,752.0000000000018],[663.0,754.0000000000018],[663.9999999999991,754.0000000000018],[663.9999999999991,759.0],[666.0,760.0000000000018],[666.0,762.0000000000018],[667.0,762.0000000000018],[667.0,763.0],[668.0,763.0],[669.0,765.0],[671.0,765.0],[671.0,766.0],[673.0,766.0],[673.0,767.0],[680.0,767.0],[680.9999999999991,765.0],[685.0,765.0],[685.0,764.0000000000018],[689.0,764.0000000000018],[689.0,763.0],[695.0,763.0],[695.0,761.0],[696.0,761.0],[696.0,763.0],[707.9999999999991,763.0],[707.9999999999991,762.0000000000018],[711.0,762.0000000000018],[712.0,764.0000000000018],[713.9999999999991,764.0000000000018],[713.9999999999991,765.0],[718.0,765.0],[718.0,766.0],[720.0000000000009,766.0],[720.0000000000009,767.0],[722.0,768.0000000000018],[722.0,770.0],[724.0,771.0],[724.0,774.0],[724.9999999999991,774.0],[724.9999999999991,776.0],[726.0,776.0],[726.0,780.0],[731.0000000000009,780.0],[731.0000000000009,781.0],[734.0,781.0],[734.0,782.0],[743.0,782.0],[743.0,781.0],[745.0,781.0],[745.0,780.0],[750.0,780.0],[751.0,778.0],[753.0000000000009,778.0],[753.0000000000009,777.0],[756.0,777.0],[756.0,776.0],[760.0,776.0],[760.0,775.0],[762.0,775.0],[762.0,774.0],[768.0,774.0],[768.0,775.0],[776.0,775.0],[776.0,774.0],[782.0,774.0],[782.0,775.0],[784.0,775.0],[784.0,776.0],[787.0,776.0],[787.0,777.0],[789.0,777.0],[789.0,778.0],[790.9999999999991,778.0],[790.9999999999991,779.0],[792.0000000000009,779.0],[792.0000000000009,780.0],[794.0,780.0],[795.0,782.0],[800.0,782.0],[800.0,781.0],[806.0,781.0],[806.0,780.0],[808.0000000000009,780.0],[808.0000000000009,779.0],[811.0,779.0],[811.0,778.0],[814.0000000000009,778.0],[814.0000000000009,777.0],[816.0,777.0],[816.0,776.0],[818.0,776.0],[818.0,775.0],[819.0000000000009,775.0],[819.0000000000009,774.0],[820.0,774.0],[820.0,773.0],[821.0,773.0],[822.0,771.0],[823.9999999999991,771.0],[823.9999999999991,769.0],[826.0,769.0],[826.0,768.0000000000018],[827.0,768.0000000000018],[828.0,766.0],[830.0000000000009,766.0],[830.0000000000009,764.0000000000018],[832.0,764.0000000000018],[832.0,762.0000000000018],[833.0,762.0000000000018],[833.0,760.0000000000018],[836.0000000000009,760.0000000000018],[836.0000000000009,758.0000000000018],[838.0,757.0],[838.0,749.0],[839.0,749.0],[839.0,746.0000000000018],[840.0,746.0000000000018],[840.0,745.0],[842.0,744.0000000000018],[842.0,742.0000000000018],[844.0,741.0],[844.0,737.0],[843.0,737.0],[843.0,736.0000000000018],[844.0,736.0000000000018],[844.0,734.0000000000018],[845.0,734.0000000000018],[845.9999999999991,732.0000000000018],[848.0,732.0000000000018],[848.0,729.0],[849.0,729.0],[849.0,727.0],[850.0,727.0],[850.0,725.0],[852.0000000000009,724.0],[852.0000000000009,722.0],[853.0,722.0],[854.0,720.0],[856.0,720.0],[856.0,718.0],[858.0000000000009,718.0],[858.0000000000009,717.0],[860.0,717.0],[861.0,715.0],[863.0000000000009,715.0],[863.0000000000009,714.0],[865.0,714.0],[865.0,713.0],[867.0,713.0],[867.0,712.0],[877.0,712.0],[877.0,713.0],[878.9999999999991,713.0],[880.0000000000009,715.0],[884.0,715.0],[884.0,714.0],[886.0,714.0],[886.0,713.0],[888.0,713.0],[888.0,712.0],[889.0,712.0],[889.0,711.0],[889.9999999999991,711.0],[889.9999999999991,710.0],[891.0000000000009,710.0],[891.0000000000009,709.0],[893.0,708.0],[893.0,706.0],[894.0,706.0],[894.0,705.0],[895.0,705.0],[895.0,704.0],[897.0,703.0],[897.0,700.0],[899.0,699.0],[899.0,696.0],[900.0,696.0],[900.0,690.0],[899.0,690.0],[899.0,687.0000000000018],[898.0,687.0000000000018],[898.0,676.0],[899.0,676.0],[899.0,674.0],[900.0,674.0],[900.0,672.0],[900.9999999999991,672.0],[900.9999999999991,670.0],[902.0000000000009,670.0],[902.0000000000009,669.0000000000018],[904.0,669.0000000000018],[904.0,668.0],[905.0,668.0],[906.0,666.0],[908.0,666.0],[908.0,665.0000000000018],[909.0,665.0000000000018],[909.0,664.0],[910.0,664.0],[910.0,663.0000000000018],[911.0,663.0000000000018],[911.9999999999991,661.0000000000018],[914.0,661.0000000000018],[914.0,660.0],[916.0,660.0],[917.0,658.0],[931.0,658.0],[931.0,659.0000000000018],[933.9999999999991,659.0000000000018],[933.9999999999991,660.0],[935.0000000000009,660.0],[935.0000000000009,661.0000000000018],[937.0,662.0],[937.0,664.0],[938.0,664.0],[938.0,666.0],[940.0000000000009,667.0000000000018],[940.0000000000009,670.0],[942.0,670.0],[942.0,671.0000000000018],[944.9999999999991,671.0000000000018],[944.9999999999991,673.0000000000018],[947.0,673.0000000000018],[947.0,675.0000000000018],[949.0,676.0],[949.0,682.0],[948.0,682.0],[948.0,684.0],[946.0000000000009,684.0],[946.0000000000009,689.0],[947.0,689.0],[947.0,690.0],[950.0,690.0],[950.0,691.0],[951.0000000000009,691.0],[952.0,693.0],[954.0,693.0],[954.0,696.0],[955.0,696.0],[955.0,698.0],[954.0,698.0],[954.0,703.0],[955.0,703.0],[955.0,706.0],[955.9999999999991,706.0],[955.9999999999991,709.0],[957.0000000000009,709.0],[957.0000000000009,711.0],[958.0,711.0],[958.0,713.0],[959.0,713.0],[959.0,715.0],[960.0,715.0],[960.0,716.0],[962.0000000000009,717.0],[962.0000000000009,719.0],[963.0,719.0],[963.0,720.0],[966.9999999999991,720.0],[966.9999999999991,722.0],[969.0,722.0],[969.0,723.0],[970.0,723.0],[970.0,724.0],[971.0,724.0],[971.0,725.0],[972.0,725.0],[972.0,726.0000000000018],[973.0000000000009,726.0000000000018],[974.0,728.0000000000018],[977.0,728.0000000000018],[977.0,730.0000000000018]]]}},{"type":"Feature","id":"country-008-mainland-southwest-region-008","properties":{"id":"country-008-mainland-southwest-region-008","number":8,"name":"Норланд","type":"region","countryId":"country-008","targetComponentId":"mainland-southwest","datasetId":"country-008/mainland-southwest","styleIndex":2,"isCapital":false,"capital":false,"labelRank":1,"importance":1,"areaWorld":518.4313725490194,"labelPointMethod":"representative-point","source":"regions/country-008/mainland-southwest/regions-source.png"},"geometry":{"type":"MultiPolygon","coordinates":[[[[993.0,535.0],[993.0,526.0],[994.0,526.0],[994.0,523.0],[995.0000000000009,523.0],[995.0000000000009,521.0],[997.0,520.0],[997.0,518.0],[999.0,518.0],[999.0,517.0],[1004.0,517.0],[1004.0,515.0],[1005.0,515.0],[1005.0,514.0],[1006.0000000000009,514.0],[1006.0000000000009,513.0000000000018],[1007.0000000000009,513.0000000000018],[1007.0000000000009,512.0],[1008.0,512.0],[1009.0,510.0],[1011.0,510.0],[1011.0,508.0],[1012.0000000000009,508.0],[1012.0000000000009,507.0000000000018],[1013.0,507.0000000000018],[1013.0,506.0],[1014.0,506.0],[1015.0,504.0],[1017.0000000000009,504.0],[1017.0000000000009,503.0000000000018],[1018.0000000000009,503.0000000000018],[1018.0000000000009,502.0],[1019.0,502.0],[1019.0,501.0000000000018],[1020.0,501.0000000000018],[1020.0,500.0],[1021.0,500.0],[1022.0,498.0],[1024.0,498.0],[1024.0,497.0000000000018],[1026.0,497.0000000000018],[1026.0,496.0],[1028.000000000001,496.0],[1029.000000000001,494.0],[1031.0,494.0],[1031.0,493.0000000000018],[1033.0,493.0000000000018],[1033.0,492.0],[1046.0,492.0],[1046.0,494.0],[1047.0,494.0],[1047.0,496.0],[1048.0,496.0],[1048.0,498.0],[1049.0,498.0],[1049.0,499.0000000000018],[1050.000000000001,499.0000000000018],[1050.000000000001,501.0000000000018],[1051.000000000001,501.0000000000018],[1051.000000000001,504.0],[1053.0,504.0],[1053.0,505.0000000000018],[1054.0,505.0000000000018],[1054.0,506.0],[1055.0,506.0],[1055.999999999999,508.0],[1058.0,508.0],[1058.0,509.0000000000018],[1068.0,509.0000000000018],[1068.0,508.0],[1069.0,508.0],[1070.0,506.0],[1072.000000000001,506.0],[1072.000000000001,505.0000000000018],[1073.000000000001,505.0000000000018],[1073.000000000001,503.0000000000018],[1074.0,503.0000000000018],[1074.0,502.0],[1076.0,502.0],[1077.0,500.0],[1079.0,500.0],[1079.0,499.0000000000018],[1081.0,499.0000000000018],[1081.0,498.0],[1082.0,498.0],[1082.0,496.0],[1083.000000000001,496.0],[1083.000000000001,495.0000000000018],[1084.000000000001,495.0000000000018],[1084.000000000001,494.0],[1085.0,494.0],[1085.0,493.0000000000018],[1086.0,493.0000000000018],[1087.0,491.0000000000018],[1088.999999999999,491.0000000000018],[1088.999999999999,490.0],[1092.0,490.0],[1092.0,489.0000000000018],[1093.0,489.0000000000018],[1094.000000000001,487.0000000000018],[1096.0,487.0000000000018],[1096.0,486.0],[1098.0,486.0],[1098.0,485.0000000000018],[1099.0,485.0000000000018],[1099.0,484.0],[1101.0,484.0],[1102.0,482.0],[1105.000000000001,482.0],[1106.000000000001,480.0],[1109.0,480.0],[1109.0,479.0000000000018],[1112.0,479.0000000000018],[1112.0,478.0],[1136.0,478.0],[1136.0,479.0000000000018],[1137.0,479.0000000000018],[1137.0,480.0],[1137.999999999999,480.0],[1137.999999999999,481.0000000000018],[1140.0,482.0],[1140.0,496.0],[1141.0,496.0],[1141.0,497.0000000000018],[1140.0,497.0000000000018],[1140.0,500.0],[1139.000000000001,500.0],[1139.000000000001,504.0],[1137.999999999999,504.0],[1137.999999999999,506.0],[1137.0,506.0],[1137.0,507.0000000000018],[1136.0,507.0000000000018],[1136.0,509.0000000000018],[1135.0,509.0000000000018],[1135.0,512.0],[1134.0,512.0],[1134.0,515.0],[1132.999999999999,515.0],[1132.999999999999,517.0],[1132.0,517.0],[1132.0,519.0],[1131.0,519.0],[1131.0,521.0],[1130.0,521.0],[1130.0,522.0],[1128.000000000001,522.0],[1128.000000000001,523.0],[1126.999999999999,523.0],[1126.999999999999,524.0],[1126.0,524.0],[1126.0,525.0],[1124.0,526.0],[1124.0,529.0],[1121.999999999999,530.0],[1121.999999999999,532.0],[1120.0,532.0],[1120.0,534.0],[1119.0,534.0],[1119.0,536.0],[1118.0,536.0],[1118.0,537.0],[1116.000000000001,538.0],[1116.000000000001,541.0],[1115.0,541.0],[1115.0,543.0],[1114.0,543.0],[1114.0,554.0000000000018],[1115.0,554.0000000000018],[1115.0,556.0000000000018],[1116.000000000001,556.0000000000018],[1116.000000000001,559.0],[1117.000000000001,559.0],[1117.000000000001,560.0000000000018],[1116.000000000001,560.0000000000018],[1116.000000000001,562.0000000000018],[1115.0,562.0000000000018],[1115.0,564.0000000000018],[1113.0,565.0],[1113.0,567.0],[1110.999999999999,568.0000000000018],[1110.999999999999,570.0000000000018],[1110.0,570.0000000000018],[1110.0,572.0000000000018],[1109.0,572.0000000000018],[1109.0,573.0],[1108.0,573.0],[1108.0,574.0000000000018],[1107.0,574.0000000000018],[1106.000000000001,576.0000000000018],[1104.0,576.0000000000018],[1104.0,578.0000000000018],[1103.0,578.0000000000018],[1103.0,579.0],[1101.0,579.0],[1101.0,580.0000000000018],[1094.000000000001,580.0000000000018],[1094.000000000001,581.0],[1092.0,581.0],[1092.0,580.0000000000018],[1088.0,580.0000000000018],[1088.0,579.0],[1080.0,579.0],[1080.0,580.0000000000018],[1077.999999999999,580.0000000000018],[1077.999999999999,581.0],[1076.0,581.0],[1076.0,583.0],[1074.0,583.0],[1074.0,584.0000000000018],[1071.0,584.0000000000018],[1071.0,585.0],[1069.0,585.0],[1069.0,586.0000000000018],[1066.999999999999,586.0000000000018],[1066.999999999999,587.0],[1064.0,587.0],[1064.0,586.0000000000018],[1062.000000000001,586.0000000000018],[1062.000000000001,585.0],[1060.0,585.0],[1060.0,584.0000000000018],[1057.0,584.0000000000018],[1055.999999999999,582.0000000000018],[1054.0,582.0000000000018],[1054.0,581.0],[1052.0,581.0],[1052.0,580.0000000000018],[1048.0,580.0000000000018],[1048.0,581.0],[1047.0,581.0],[1047.0,580.0000000000018],[1046.0,580.0000000000018],[1046.0,579.0],[1044.0,578.0000000000018],[1044.0,576.0000000000018],[1042.0,576.0000000000018],[1042.0,574.0000000000018],[1040.000000000001,574.0000000000018],[1040.000000000001,572.0000000000018],[1038.0,572.0000000000018],[1038.0,570.0000000000018],[1036.0,569.0],[1036.0,566.0000000000018],[1035.0,566.0000000000018],[1035.0,565.0],[1033.0,565.0],[1033.0,563.0],[1032.0,563.0],[1032.0,562.0000000000018],[1030.0,561.0],[1030.0,559.0],[1029.000000000001,559.0],[1029.000000000001,558.0000000000018],[1028.000000000001,558.0000000000018],[1028.000000000001,557.0],[1027.0,557.0],[1027.0,556.0000000000018],[1026.0,556.0000000000018],[1025.0,554.0000000000018],[1023.0000000000009,554.0000000000018],[1023.0000000000009,553.0],[1021.0,553.0],[1021.0,551.0],[1018.0000000000009,551.0],[1018.0000000000009,550.0],[1016.0,550.0],[1016.0,549.0],[1015.0,549.0],[1014.0,547.0],[1011.0,547.0],[1010.0,545.0],[1008.0,545.0],[1008.0,544.0],[1006.0000000000009,544.0],[1006.0000000000009,543.0],[1004.0,543.0],[1004.0,542.0],[1001.0000000000009,542.0],[1001.0000000000009,541.0],[999.0,541.0],[998.0,539.0],[996.0000000000009,539.0],[996.0000000000009,538.0],[995.0000000000009,538.0],[995.0000000000009,536.0],[993.0,535.0]]],[[[1474.999999999999,757.0],[1474.0,757.0],[1474.0,756.0000000000018],[1474.999999999999,756.0000000000018],[1474.999999999999,753.0],[1476.0,753.0],[1476.0,747.0],[1477.0,747.0],[1477.0,745.0],[1478.0,745.0],[1478.0,743.0],[1480.000000000001,742.0000000000018],[1480.000000000001,740.0000000000018],[1481.000000000001,740.0000000000018],[1481.000000000001,737.0],[1482.0,737.0],[1482.0,735.0],[1484.0,734.0000000000018],[1484.0,732.0000000000018],[1485.0,732.0000000000018],[1485.0,731.0],[1485.999999999999,731.0],[1485.999999999999,730.0000000000018],[1487.0,730.0000000000018],[1488.0,728.0000000000018],[1490.0,728.0000000000018],[1490.0,726.0000000000018],[1491.000000000001,726.0000000000018],[1491.000000000001,725.0],[1492.000000000001,725.0],[1492.000000000001,724.0],[1493.0,724.0],[1494.0,722.0],[1496.0,722.0],[1496.999999999999,720.0],[1499.0,720.0],[1499.0,719.0],[1500.0,719.0],[1500.0,718.0],[1501.0,718.0],[1502.000000000001,716.0],[1504.0,716.0],[1504.0,714.0],[1506.0,714.0],[1506.0,713.0],[1507.999999999999,713.0],[1507.999999999999,712.0],[1509.0,712.0],[1509.0,711.0],[1511.0,711.0],[1511.0,710.0],[1514.000000000001,710.0],[1514.000000000001,709.0],[1516.0,709.0],[1516.0,708.0],[1522.0,708.0],[1522.0,707.0],[1526.0,707.0],[1526.0,706.0],[1529.999999999999,706.0],[1529.999999999999,704.0],[1533.0,704.0],[1534.0,702.0],[1536.000000000001,702.0],[1536.000000000001,700.0],[1538.0,700.0],[1538.0,699.0],[1540.0,699.0],[1540.999999999999,697.0],[1543.0,697.0],[1543.0,696.0],[1545.0,696.0],[1545.0,695.0],[1547.000000000001,695.0],[1547.000000000001,694.0],[1548.0,694.0],[1549.0,692.0],[1551.999999999999,692.0],[1551.999999999999,691.0],[1554.0,691.0],[1554.0,690.0],[1560.0,690.0],[1560.0,689.0],[1561.0,689.0],[1561.0,690.0],[1565.0,690.0],[1565.0,691.0],[1566.0,691.0],[1566.0,692.0],[1567.0,692.0],[1568.000000000001,694.0],[1570.0,694.0],[1570.0,696.0],[1571.0,696.0],[1571.0,700.0],[1572.0,700.0],[1572.0,703.0],[1573.999999999999,704.0],[1573.999999999999,709.0],[1576.0,710.0],[1576.0,712.0],[1577.0,712.0],[1577.0,713.0],[1579.000000000001,713.0],[1579.000000000001,715.0],[1582.0,715.0],[1583.0,717.0],[1587.0,717.0],[1587.0,716.0],[1589.0,716.0],[1589.0,715.0],[1591.000000000001,715.0],[1591.000000000001,714.0],[1592.0,714.0],[1592.0,715.0],[1595.999999999999,715.0],[1595.999999999999,714.0],[1598.0,714.0],[1598.0,715.0],[1604.0,715.0],[1604.0,716.0],[1606.0,716.0],[1606.0,717.0],[1611.0,717.0],[1611.0,718.0],[1613.000000000001,718.0],[1613.000000000001,719.0],[1614.0,719.0],[1615.0,721.0],[1617.0,721.0],[1617.0,723.0],[1617.999999999999,723.0],[1617.999999999999,724.0],[1620.0,724.0],[1620.0,726.0000000000018],[1621.0,726.0000000000018],[1621.0,729.0],[1623.000000000001,729.0],[1623.000000000001,739.0],[1621.0,740.0000000000018],[1621.0,742.0000000000018],[1620.0,742.0000000000018],[1620.0,744.0000000000018],[1619.000000000001,744.0000000000018],[1619.000000000001,746.0000000000018],[1617.999999999999,746.0000000000018],[1617.999999999999,747.0],[1616.0,747.0],[1616.0,748.0000000000018],[1615.0,748.0000000000018],[1615.0,750.0000000000018],[1614.0,750.0000000000018],[1614.0,751.0],[1613.000000000001,751.0],[1612.000000000001,753.0],[1610.0,753.0],[1610.0,754.0000000000018],[1608.000000000001,754.0000000000018],[1608.000000000001,755.0],[1606.999999999999,755.0],[1606.0,757.0],[1604.0,757.0],[1604.0,758.0000000000018],[1603.0,758.0000000000018],[1602.000000000001,760.0000000000018],[1600.0,760.0000000000018],[1600.0,762.0000000000018],[1597.0,762.0000000000018],[1597.0,763.0],[1594.0,763.0],[1594.0,764.0000000000018],[1592.0,764.0000000000018],[1592.0,765.0],[1587.0,765.0],[1586.0,767.0],[1566.0,767.0],[1566.0,768.0000000000018],[1562.999999999999,768.0000000000018],[1562.999999999999,767.0],[1560.0,767.0],[1560.0,766.0],[1554.0,766.0],[1554.0,765.0],[1551.999999999999,765.0],[1551.999999999999,764.0000000000018],[1550.0,764.0000000000018],[1550.0,763.0],[1548.0,763.0],[1548.0,762.0000000000018],[1546.000000000001,762.0000000000018],[1546.000000000001,761.0],[1544.0,761.0],[1544.0,760.0000000000018],[1542.0,760.0000000000018],[1540.999999999999,758.0000000000018],[1536.000000000001,758.0000000000018],[1536.000000000001,757.0],[1533.0,757.0],[1532.0,755.0],[1527.0,755.0],[1527.0,756.0000000000018],[1526.0,756.0000000000018],[1526.0,757.0],[1525.000000000001,757.0],[1525.000000000001,758.0000000000018],[1524.000000000001,758.0000000000018],[1524.000000000001,759.0],[1523.0,759.0],[1523.0,760.0000000000018],[1522.0,760.0000000000018],[1522.0,761.0],[1521.0,761.0],[1521.0,762.0000000000018],[1520.0,762.0000000000018],[1520.0,763.0],[1518.999999999999,763.0],[1518.999999999999,764.0000000000018],[1518.0,764.0000000000018],[1518.0,765.0],[1516.0,766.0],[1516.0,768.0000000000018],[1515.0,768.0000000000018],[1515.0,770.0],[1514.000000000001,770.0],[1514.000000000001,771.0],[1512.0,771.0],[1512.0,773.0],[1511.0,773.0],[1511.0,775.0],[1510.0,775.0],[1510.0,776.0],[1509.0,776.0],[1507.999999999999,778.0],[1506.0,778.0],[1506.0,779.0],[1502.000000000001,779.0],[1502.000000000001,780.0],[1498.0,780.0],[1498.0,779.0],[1494.0,779.0],[1494.0,778.0],[1492.000000000001,778.0],[1492.000000000001,777.0],[1490.0,777.0],[1490.0,776.0],[1488.0,776.0],[1488.0,775.0],[1485.999999999999,775.0],[1485.999999999999,774.0],[1485.0,774.0],[1484.0,772.0000000000018],[1482.0,772.0000000000018],[1482.0,771.0],[1481.000000000001,771.0],[1481.000000000001,768.0000000000018],[1480.000000000001,768.0000000000018],[1480.000000000001,767.0],[1478.0,766.0],[1478.0,764.0000000000018],[1477.0,764.0000000000018],[1477.0,761.0],[1474.999999999999,760.0000000000018],[1474.999999999999,757.0]]],[[[1229.0,892.0],[1230.0,892.0],[1230.0,893.0],[1228.0,894.0],[1228.0,895.0],[1227.000000000001,895.0],[1227.000000000001,896.0000000000018],[1225.0,896.0000000000018],[1224.0,898.0000000000018],[1220.999999999999,898.0000000000018],[1220.999999999999,899.0],[1216.000000000001,899.0],[1216.000000000001,900.0000000000018],[1209.999999999999,900.0000000000018],[1209.999999999999,901.0],[1208.0,901.0],[1208.0,902.0000000000018],[1207.0,902.0000000000018],[1207.0,912.0000000000018],[1206.0,912.0000000000018],[1206.0,916.0000000000018],[1204.0,917.0],[1204.0,918.0000000000018],[1203.0,918.0000000000018],[1203.0,919.0],[1201.0,919.0],[1201.0,920.0000000000018],[1198.0,920.0000000000018],[1198.0,921.0],[1195.0,921.0],[1195.0,922.0000000000018],[1193.0,922.0000000000018],[1193.0,923.0],[1189.000000000001,923.0],[1189.000000000001,924.0000000000018],[1186.0,924.0000000000018],[1186.0,923.0],[1181.999999999999,923.0],[1181.999999999999,922.0000000000018],[1179.0,922.0000000000018],[1179.0,921.0],[1176.999999999999,921.0],[1176.999999999999,920.0000000000018],[1176.0,920.0000000000018],[1176.0,919.0],[1174.0,919.0],[1173.0,917.0],[1172.000000000001,917.0],[1172.000000000001,916.0000000000018],[1170.999999999999,916.0000000000018],[1170.999999999999,915.0],[1170.0,915.0],[1170.0,914.0000000000018],[1169.0,914.0000000000018],[1169.0,913.0],[1168.0,913.0],[1168.0,912.0000000000018],[1167.0,912.0000000000018],[1167.0,911.0],[1165.999999999999,911.0],[1165.999999999999,910.0000000000018],[1165.0,910.0000000000018],[1165.0,908.0000000000018],[1163.0,907.0],[1163.0,905.0],[1161.000000000001,904.0000000000018],[1161.000000000001,903.0],[1159.999999999999,903.0],[1159.999999999999,902.0000000000018],[1159.0,902.0000000000018],[1159.0,901.0],[1158.0,901.0],[1158.0,900.0000000000018],[1156.0,900.0000000000018],[1156.0,899.0],[1154.0,899.0],[1154.0,898.0000000000018],[1145.0,898.0000000000018],[1145.0,899.0],[1143.0,899.0],[1142.0,901.0],[1141.0,901.0],[1141.0,902.0000000000018],[1140.0,902.0000000000018],[1140.0,903.0],[1139.000000000001,903.0],[1139.000000000001,905.0],[1137.0,906.0000000000018],[1137.0,907.0],[1136.0,907.0],[1136.0,908.0000000000018],[1135.0,908.0000000000018],[1135.0,910.0000000000018],[1134.0,910.0000000000018],[1134.0,912.0000000000018],[1132.0,913.0],[1132.0,915.0],[1130.0,916.0000000000018],[1130.0,917.0],[1129.0,917.0],[1129.0,918.0000000000018],[1128.000000000001,918.0000000000018],[1128.000000000001,919.0],[1126.999999999999,919.0],[1126.999999999999,920.0000000000018],[1126.0,920.0000000000018],[1126.0,921.0],[1124.0,921.0],[1124.0,922.0000000000018],[1120.0,922.0000000000018],[1120.0,923.0],[1119.0,923.0],[1119.0,922.0000000000018],[1112.0,922.0000000000018],[1112.0,921.0],[1108.0,921.0],[1108.0,920.0000000000018],[1105.000000000001,920.0000000000018],[1105.000000000001,919.0],[1102.0,919.0],[1102.0,918.0000000000018],[1099.999999999999,918.0000000000018],[1099.999999999999,917.0],[1098.0,917.0],[1098.0,916.0000000000018],[1096.0,916.0000000000018],[1096.0,915.0],[1094.000000000001,915.0],[1094.000000000001,914.0000000000018],[1092.0,914.0000000000018],[1092.0,913.0],[1090.0,913.0],[1090.0,912.0000000000018],[1086.0,912.0000000000018],[1086.0,911.0],[1083.000000000001,911.0],[1083.000000000001,910.0000000000018],[1077.999999999999,910.0000000000018],[1077.999999999999,909.0],[1075.0,909.0],[1075.0,908.0000000000018],[1071.0,908.0000000000018],[1071.0,907.0],[1063.0,907.0],[1063.0,908.0000000000018],[1059.0,908.0000000000018],[1059.0,909.0],[1055.999999999999,909.0],[1055.999999999999,910.0000000000018],[1054.0,910.0000000000018],[1054.0,911.0],[1052.0,911.0],[1052.0,912.0000000000018],[1050.000000000001,912.0000000000018],[1049.0,914.0000000000018],[1048.0,914.0000000000018],[1048.0,915.0],[1046.0,915.0],[1044.999999999999,917.0],[1044.0,917.0],[1044.0,918.0000000000018],[1043.0,918.0000000000018],[1043.0,919.0],[1042.0,919.0],[1042.0,920.0000000000018],[1041.0,920.0000000000018],[1041.0,921.0],[1040.000000000001,921.0],[1040.000000000001,922.0000000000018],[1039.000000000001,922.0000000000018],[1039.000000000001,923.0],[1038.0,923.0],[1038.0,924.0000000000018],[1037.0,924.0000000000018],[1037.0,925.0],[1036.0,925.0],[1036.0,926.0000000000018],[1035.0,926.0000000000018],[1035.0,927.0],[1034.000000000001,927.0],[1034.000000000001,928.0000000000018],[1033.0,928.0000000000018],[1033.0,929.0],[1032.0,929.0],[1032.0,930.0000000000018],[1030.0,930.0000000000018],[1029.000000000001,932.0000000000018],[1028.000000000001,932.0000000000018],[1028.000000000001,933.0],[1026.0,933.0],[1025.0,935.0],[1024.0,935.0],[1024.0,936.0],[1022.0,936.0],[1021.0,938.0000000000018],[1020.0,938.0000000000018],[1020.0,939.0],[1018.0000000000009,939.0],[1017.0000000000009,941.0],[1015.0,941.0],[1015.0,942.0000000000018],[1013.0,942.0000000000018],[1013.0,943.0],[1011.0,943.0],[1011.0,944.0],[1003.0,944.0],[1003.0,943.0],[996.0000000000009,943.0],[996.0000000000009,942.0000000000018],[993.0,942.0000000000018],[993.0,941.0],[991.0,941.0],[991.0,940.0],[989.0,940.0],[989.0,939.0],[987.0,939.0],[987.0,938.0000000000018],[985.0000000000009,938.0000000000018],[984.0000000000009,936.0],[982.0,936.0],[981.0,934.0000000000018],[980.0,934.0000000000018],[980.0,933.0],[979.0000000000009,933.0],[979.0000000000009,932.0000000000018],[977.0,932.0000000000018],[976.0,930.0000000000018],[975.0,930.0000000000018],[975.0,929.0],[974.0,929.0],[974.0,928.0000000000018],[973.0000000000009,928.0000000000018],[973.0000000000009,927.0],[972.0,927.0],[972.0,926.0000000000018],[971.0,926.0000000000018],[971.0,925.0],[970.0,925.0],[970.0,924.0000000000018],[969.0,924.0000000000018],[969.0,923.0],[968.0000000000009,923.0],[968.0000000000009,922.0000000000018],[966.9999999999991,922.0000000000018],[966.9999999999991,921.0],[966.9999999999991,919.0],[969.0,918.0000000000018],[969.0,917.0],[970.0,917.0],[970.0,916.0000000000018],[971.0,916.0000000000018],[971.0,915.0],[972.0,915.0],[972.0,914.0000000000018],[973.0000000000009,914.0000000000018],[973.0000000000009,913.0],[974.0,913.0],[974.0,912.0000000000018],[975.0,912.0000000000018],[975.0,910.0000000000018],[977.0,909.0],[977.0,908.0000000000018],[977.9999999999991,908.0000000000018],[977.9999999999991,907.0],[979.0000000000009,907.0],[979.0000000000009,906.0000000000018],[980.0,906.0000000000018],[980.0,904.0000000000018],[981.0,904.0000000000018],[981.0,902.0000000000018],[982.0,902.0000000000018],[982.0,900.0000000000018],[983.0,900.0000000000018],[983.0,890.0],[984.0000000000009,890.0],[984.0000000000009,889.0],[983.0,889.0],[983.0,882.0],[982.0,882.0],[982.0,879.0],[981.0,879.0],[981.0,877.0],[980.0,877.0],[980.0,875.0],[979.0000000000009,875.0],[979.0000000000009,872.0],[977.0,871.0],[977.0,869.0],[975.0,868.0],[975.0,866.0],[974.0,866.0],[974.0,864.0],[972.0,863.0],[972.0,861.0],[970.0,860.0],[970.0,858.0],[968.0000000000009,857.0000000000018],[968.0000000000009,856.0],[966.0,856.0],[965.0,854.0],[964.0,854.0],[964.0,853.0000000000018],[962.0000000000009,853.0000000000018],[962.0000000000009,852.0],[960.0,852.0],[959.0,850.0],[955.9999999999991,850.0],[955.0,848.0],[953.0,848.0],[952.0,846.0],[951.0000000000009,846.0],[951.0000000000009,845.0000000000018],[950.0,845.0000000000018],[950.0,844.0],[949.0,844.0],[949.0,843.0000000000018],[948.0,843.0000000000018],[948.0,842.0],[947.0,842.0],[947.0,841.0000000000018],[946.0000000000009,841.0000000000018],[946.0000000000009,840.0],[944.9999999999991,840.0],[944.9999999999991,839.0000000000018],[943.0,839.0000000000018],[942.0,837.0000000000018],[940.0000000000009,837.0000000000018],[940.0000000000009,836.0],[938.0,836.0],[937.0,834.0],[935.0000000000009,834.0],[935.0000000000009,833.0000000000018],[933.0,833.0000000000018],[933.0,832.0],[933.0,829.0000000000018],[933.9999999999991,829.0000000000018],[933.9999999999991,826.0],[935.0000000000009,826.0],[935.0000000000009,824.0],[936.0,824.0],[936.0,820.0],[937.0,820.0],[937.0,818.0],[938.0,818.0],[938.0,813.0000000000018],[939.0,813.0000000000018],[939.0,809.0],[940.0000000000009,809.0],[940.0000000000009,805.0],[941.0,805.0],[941.0,802.0],[942.0,802.0],[942.0,798.0],[943.0,798.0],[943.0,795.0],[944.0,795.0],[944.0,791.0],[944.9999999999991,791.0],[944.9999999999991,789.0],[946.0000000000009,789.0],[946.0000000000009,787.0],[947.0,787.0],[947.0,785.0],[949.0,784.0],[949.0,782.0],[951.0000000000009,781.0],[951.0000000000009,780.0],[953.0,780.0],[953.0,779.0],[955.0,779.0],[955.0,777.0],[957.0000000000009,777.0],[958.0,775.0],[959.0,775.0],[959.0,774.0],[960.0,774.0],[960.0,773.0],[961.0,773.0],[961.0,772.0000000000018],[962.0000000000009,772.0000000000018],[962.0000000000009,771.0],[963.0,771.0],[963.0,770.0],[964.0,770.0],[964.0,767.0],[965.0,767.0],[965.0,765.0],[966.0,765.0],[966.0,761.0],[966.9999999999991,761.0],[966.9999999999991,758.0000000000018],[968.0000000000009,758.0000000000018],[968.0000000000009,755.0],[969.0,755.0],[969.0,752.0000000000018],[970.0,752.0000000000018],[970.0,742.0000000000018],[971.0,742.0000000000018],[971.0,739.0],[972.0,739.0],[972.0,737.0],[974.0,736.0000000000018],[974.0,734.0000000000018],[975.0,734.0000000000018],[975.0,732.0000000000018],[977.0,731.0],[977.0,730.0000000000018],[977.9999999999991,730.0000000000018],[977.9999999999991,731.0],[982.0,731.0],[982.0,732.0000000000018],[985.0000000000009,732.0000000000018],[986.0,730.0000000000018],[989.0,730.0000000000018],[989.0,729.0],[990.0000000000009,729.0],[990.0000000000009,728.0000000000018],[992.0,728.0000000000018],[992.0,726.0000000000018],[993.0,726.0000000000018],[993.0,725.0],[995.0000000000009,724.0],[995.0000000000009,722.0],[997.0,721.0],[997.0,719.0],[998.0,719.0],[998.0,717.0],[1000.0,717.0],[1000.0,715.0],[1002.0,715.0],[1002.0,714.0],[1003.0,714.0],[1003.0,713.0],[1005.0,713.0],[1005.0,712.0],[1010.0,712.0],[1011.0,710.0],[1024.0,710.0],[1024.0,709.0],[1025.0,709.0],[1025.0,710.0],[1028.000000000001,710.0],[1029.000000000001,712.0],[1036.0,712.0],[1036.0,713.0],[1040.000000000001,713.0],[1040.000000000001,712.0],[1041.0,712.0],[1041.0,713.0],[1044.999999999999,713.0],[1044.999999999999,712.0],[1049.0,712.0],[1049.0,711.0],[1052.0,711.0],[1052.0,710.0],[1053.0,710.0],[1054.0,708.0],[1055.999999999999,708.0],[1055.999999999999,706.0],[1058.0,706.0],[1058.0,704.0],[1060.0,704.0],[1060.0,702.0],[1061.000000000001,702.0],[1061.000000000001,701.0],[1062.000000000001,701.0],[1062.000000000001,700.0],[1064.0,699.0],[1064.0,697.0],[1065.0,697.0],[1065.0,696.0],[1066.0,696.0],[1066.0,695.0],[1068.0,694.0],[1068.0,692.0],[1069.0,692.0],[1069.0,691.0],[1070.0,691.0],[1070.0,689.0],[1072.000000000001,688.0],[1072.000000000001,686.0],[1073.000000000001,686.0],[1073.000000000001,684.0],[1074.0,684.0],[1074.0,683.0000000000018],[1076.0,682.0],[1076.0,680.0],[1077.0,680.0],[1077.0,678.0],[1077.999999999999,678.0],[1077.999999999999,677.0000000000018],[1079.0,677.0000000000018],[1079.0,676.0],[1080.0,676.0],[1080.0,675.0000000000018],[1081.0,675.0000000000018],[1081.0,674.0],[1082.0,674.0],[1082.0,673.0000000000018],[1084.000000000001,672.0],[1084.000000000001,670.0],[1085.0,670.0],[1086.0,668.0],[1088.0,668.0],[1088.0,667.0000000000018],[1090.0,667.0000000000018],[1091.0,665.0000000000018],[1093.0,665.0000000000018],[1094.000000000001,663.0000000000018],[1096.0,663.0000000000018],[1096.0,662.0],[1098.0,662.0],[1098.0,661.0000000000018],[1102.0,661.0000000000018],[1102.0,660.0],[1104.0,660.0],[1104.0,659.0000000000018],[1118.0,659.0000000000018],[1118.0,661.0000000000018],[1121.0,661.0000000000018],[1121.0,662.0],[1123.0,662.0],[1123.0,664.0],[1124.0,664.0],[1124.0,665.0000000000018],[1126.0,665.0000000000018],[1126.0,666.0],[1126.999999999999,666.0],[1126.999999999999,668.0],[1128.000000000001,668.0],[1128.000000000001,674.0],[1129.0,674.0],[1129.0,676.0],[1130.0,676.0],[1130.0,679.0000000000018],[1131.0,679.0000000000018],[1131.0,683.0000000000018],[1132.0,683.0000000000018],[1132.0,686.0],[1132.999999999999,686.0],[1134.0,688.0],[1136.0,688.0],[1136.0,689.0],[1137.999999999999,689.0],[1137.999999999999,690.0],[1139.000000000001,690.0],[1139.000000000001,691.0],[1141.0,691.0],[1141.0,692.0],[1143.999999999999,692.0],[1145.0,694.0],[1148.999999999999,694.0],[1148.999999999999,695.0],[1152.0,695.0],[1152.0,694.0],[1156.0,694.0],[1156.0,695.0],[1159.0,695.0],[1159.0,696.0],[1161.000000000001,696.0],[1161.000000000001,697.0],[1165.999999999999,697.0],[1167.0,699.0],[1170.0,699.0],[1170.0,700.0],[1170.999999999999,700.0],[1170.999999999999,701.0],[1172.000000000001,701.0],[1173.0,703.0],[1176.0,703.0],[1176.0,704.0],[1181.0,704.0],[1181.0,705.0],[1195.0,705.0],[1195.0,704.0],[1233.000000000001,704.0],[1234.0,702.0],[1237.0,702.0],[1237.0,701.0],[1245.0,701.0],[1245.0,702.0],[1247.0,702.0],[1247.0,703.0],[1248.0,703.0],[1249.000000000001,705.0],[1253.999999999999,705.0],[1253.999999999999,704.0],[1256.0,704.0],[1256.0,703.0],[1257.0,703.0],[1257.0,702.0],[1258.0,702.0],[1258.0,701.0],[1259.0,701.0],[1259.0,700.0],[1261.0,699.0],[1261.0,697.0],[1262.0,697.0],[1262.0,694.0],[1263.0,694.0],[1264.0,692.0],[1267.0,692.0],[1267.0,691.0],[1280.0,691.0],[1280.0,690.0],[1283.0,690.0],[1283.0,689.0],[1284.0,689.0],[1284.0,688.0],[1285.0,688.0],[1286.0,686.0],[1288.000000000001,686.0],[1288.000000000001,685.0],[1289.0,685.0],[1289.0,683.0000000000018],[1291.0,683.0000000000018],[1291.0,682.0],[1292.0,682.0],[1292.0,681.0],[1294.0,680.0],[1294.0,678.0],[1295.0,678.0],[1295.0,676.0],[1296.0,676.0],[1296.0,675.0000000000018],[1297.999999999999,675.0000000000018],[1297.999999999999,673.0000000000018],[1299.000000000001,673.0000000000018],[1299.000000000001,671.0000000000018],[1300.0,671.0000000000018],[1300.0,669.0000000000018],[1302.0,668.0],[1302.0,666.0],[1303.0,666.0],[1303.0,665.0000000000018],[1305.0,664.0],[1305.0,662.0],[1306.0,662.0],[1306.0,660.0],[1307.0,660.0],[1307.0,659.0000000000018],[1308.0,659.0000000000018],[1308.0,658.0],[1308.999999999999,658.0],[1310.000000000001,656.0],[1312.0,656.0],[1312.0,655.0000000000018],[1314.0,655.0000000000018],[1314.0,654.0],[1319.999999999999,654.0],[1319.999999999999,655.0000000000018],[1322.0,655.0000000000018],[1322.0,656.0],[1325.0,656.0],[1325.0,657.0000000000018],[1327.0,658.0],[1327.0,660.0],[1328.0,660.0],[1328.0,661.0000000000018],[1330.0,661.0000000000018],[1330.0,662.0],[1330.999999999999,662.0],[1330.999999999999,664.0],[1332.000000000001,664.0],[1332.000000000001,665.0000000000018],[1333.0,665.0000000000018],[1333.0,666.0],[1334.0,666.0],[1334.0,667.0000000000018],[1335.0,667.0000000000018],[1336.0,669.0000000000018],[1339.0,669.0000000000018],[1339.0,670.0],[1341.0,671.0000000000018],[1341.0,673.0000000000018],[1341.999999999999,673.0000000000018],[1341.999999999999,675.0000000000018],[1343.000000000001,675.0000000000018],[1344.0,677.0000000000018],[1346.0,677.0000000000018],[1346.0,679.0000000000018],[1347.0,679.0000000000018],[1347.0,681.0],[1348.000000000001,681.0],[1348.000000000001,686.0],[1347.0,686.0],[1347.0,687.0000000000018],[1346.0,687.0000000000018],[1346.0,688.0],[1345.0,688.0],[1344.0,690.0],[1341.999999999999,690.0],[1341.999999999999,691.0],[1341.0,691.0],[1341.0,692.0],[1339.0,693.0],[1339.0,695.0],[1338.0,695.0],[1338.0,697.0],[1337.000000000001,697.0],[1337.000000000001,698.0],[1335.0,698.0],[1335.0,701.0],[1334.0,701.0],[1334.0,704.0],[1333.0,704.0],[1333.0,716.0],[1332.000000000001,716.0],[1330.999999999999,718.0],[1329.0,718.0],[1329.0,719.0],[1327.0,719.0],[1327.0,721.0],[1326.000000000001,721.0],[1326.000000000001,724.0],[1328.0,725.0],[1328.0,728.0000000000018],[1329.0,728.0000000000018],[1329.0,729.0],[1330.0,729.0],[1330.0,730.0000000000018],[1330.999999999999,730.0000000000018],[1330.999999999999,731.0],[1332.000000000001,731.0],[1332.000000000001,732.0000000000018],[1333.0,732.0000000000018],[1333.0,733.0],[1335.0,734.0000000000018],[1335.0,736.0000000000018],[1337.000000000001,737.0],[1337.000000000001,739.0],[1339.0,739.0],[1339.0,741.0],[1340.0,741.0],[1340.0,742.0000000000018],[1341.0,742.0000000000018],[1341.0,743.0],[1341.999999999999,743.0],[1341.999999999999,744.0000000000018],[1343.000000000001,744.0000000000018],[1343.000000000001,745.0],[1344.0,745.0],[1345.0,747.0],[1347.0,747.0],[1347.0,748.0000000000018],[1349.0,748.0000000000018],[1349.0,749.0],[1350.0,749.0],[1350.0,750.0000000000018],[1351.0,750.0000000000018],[1352.0,752.0000000000018],[1354.000000000001,752.0000000000018],[1355.0,754.0000000000018],[1358.0,754.0000000000018],[1358.0,755.0],[1360.0,755.0],[1360.0,757.0],[1362.0,757.0],[1362.0,758.0000000000018],[1363.0,758.0000000000018],[1363.0,760.0000000000018],[1363.999999999999,760.0000000000018],[1363.999999999999,761.0],[1366.0,761.0],[1366.0,763.0],[1368.0,763.0],[1368.0,765.0],[1369.0,765.0],[1369.0,767.0],[1370.000000000001,767.0],[1370.000000000001,770.0],[1372.0,771.0],[1372.0,773.0],[1373.0,773.0],[1373.0,775.0],[1374.0,775.0],[1374.0,778.0],[1374.999999999999,778.0],[1374.999999999999,780.0],[1374.0,780.0],[1374.0,784.0],[1374.999999999999,784.0],[1374.999999999999,786.0],[1374.0,786.0],[1374.0,791.0],[1373.0,791.0],[1373.0,793.0],[1371.0,794.0],[1371.0,796.0],[1370.000000000001,796.0],[1370.000000000001,799.0],[1369.0,799.0],[1369.0,800.0],[1368.0,800.0],[1368.0,801.0],[1367.0,801.0],[1366.0,803.0],[1352.999999999999,803.0],[1352.999999999999,802.0],[1350.0,802.0],[1350.0,801.0],[1348.000000000001,801.0],[1348.000000000001,800.0],[1344.0,800.0],[1344.0,799.0],[1343.000000000001,799.0],[1343.000000000001,798.0],[1341.0,798.0],[1341.0,797.0],[1340.0,797.0],[1339.0,795.0],[1337.000000000001,795.0],[1337.000000000001,794.0],[1334.0,794.0],[1334.0,792.0],[1333.0,792.0],[1333.0,790.0],[1329.0,790.0],[1329.0,791.0],[1323.0,791.0],[1323.0,790.0],[1319.0,790.0],[1319.0,791.0],[1317.0,791.0],[1317.0,792.0],[1315.000000000001,792.0],[1315.000000000001,793.0],[1313.0,793.0],[1313.0,794.0],[1307.0,794.0],[1307.0,795.0],[1303.0,795.0],[1303.0,796.0],[1301.0,797.0],[1301.0,799.0],[1300.0,799.0],[1300.0,803.0],[1299.000000000001,803.0],[1299.000000000001,805.0],[1297.999999999999,805.0],[1297.999999999999,811.0000000000018],[1297.0,811.0000000000018],[1297.0,812.0],[1295.0,813.0000000000018],[1295.0,815.0000000000018],[1293.000000000001,816.0],[1293.000000000001,818.0],[1288.000000000001,818.0],[1288.000000000001,819.0000000000018],[1274.0,819.0000000000018],[1273.0,821.0000000000018],[1269.0,821.0000000000018],[1269.0,823.0000000000018],[1268.0,823.0000000000018],[1268.0,825.0000000000018],[1267.0,825.0000000000018],[1267.0,827.0000000000018],[1266.000000000001,827.0000000000018],[1266.000000000001,831.0000000000018],[1264.0,832.0],[1264.0,834.0],[1263.0,834.0],[1263.0,836.0],[1262.0,836.0],[1262.0,837.0000000000018],[1260.000000000001,838.0],[1260.000000000001,840.0],[1259.0,840.0],[1259.0,842.0],[1258.0,842.0],[1258.0,843.0000000000018],[1256.0,843.0000000000018],[1256.0,844.0],[1253.999999999999,844.0],[1253.999999999999,845.0000000000018],[1253.0,845.0000000000018],[1252.0,847.0000000000018],[1248.0,847.0000000000018],[1248.0,848.0],[1246.0,848.0],[1246.0,849.0000000000018],[1244.000000000001,849.0000000000018],[1244.000000000001,850.0],[1239.0,850.0],[1239.0,851.0],[1238.000000000001,851.0],[1238.000000000001,852.0],[1237.0,852.0],[1237.0,853.0000000000018],[1236.0,853.0000000000018],[1236.0,854.0],[1235.0,854.0],[1234.0,856.0],[1231.999999999999,856.0],[1231.999999999999,858.0],[1230.0,858.0],[1230.0,859.0],[1228.0,860.0],[1228.0,862.0],[1227.000000000001,862.0],[1227.000000000001,864.0],[1226.0,864.0],[1226.0,867.0],[1224.0,868.0],[1224.0,872.0],[1223.0,872.0],[1223.0,875.0],[1222.000000000001,875.0],[1222.000000000001,885.0],[1224.0,885.0],[1224.0,886.0],[1226.0,887.0],[1226.0,889.0],[1228.0,889.0],[1228.0,890.0],[1229.0,890.0],[1229.0,892.0]]]]}},{"type":"Feature","id":"country-008-mainland-southwest-region-009","properties":{"id":"country-008-mainland-southwest-region-009","number":9,"name":"Кюстен","type":"region","countryId":"country-008","targetComponentId":"mainland-southwest","datasetId":"country-008/mainland-southwest","styleIndex":3,"isCapital":false,"capital":false,"labelRank":2,"importance":2,"areaWorld":272.36414565826374,"labelPointMethod":"representative-point","source":"regions/country-008/mainland-southwest/regions-source.png"},"geometry":{"type":"MultiPolygon","coordinates":[[[[1374.0,989.0000000000018],[1374.0,994.0],[1369.0,994.0],[1369.0,995.0000000000018],[1366.0,995.0000000000018],[1366.0,996.0],[1363.0,996.0],[1363.0,997.0000000000018],[1359.000000000001,997.0000000000018],[1359.000000000001,998.0],[1355.0,998.0],[1355.0,999.0000000000018],[1349.0,999.0000000000018],[1349.0,1000.0],[1341.0,1000.0],[1341.0,1001.0000000000018],[1329.0,1001.0000000000018],[1329.0,1000.0],[1326.000000000001,1000.0],[1326.000000000001,999.0000000000018],[1323.0,999.0000000000018],[1323.0,998.0],[1319.999999999999,998.0],[1319.999999999999,997.0000000000018],[1318.0,997.0000000000018],[1318.0,996.0],[1315.000000000001,996.0],[1315.000000000001,995.0000000000018],[1313.0,995.0000000000018],[1312.0,993.0000000000018],[1310.000000000001,993.0000000000018],[1310.000000000001,992.0],[1308.999999999999,992.0],[1308.999999999999,991.0000000000018],[1307.0,991.0000000000018],[1306.0,989.0000000000018],[1304.000000000001,989.0000000000018],[1304.000000000001,988.0],[1302.0,988.0],[1302.0,987.0000000000018],[1300.0,987.0000000000018],[1300.0,986.0],[1297.999999999999,986.0],[1297.999999999999,985.0000000000018],[1295.0,985.0000000000018],[1295.0,984.0],[1292.0,984.0],[1292.0,983.0000000000018],[1284.0,983.0000000000018],[1284.0,984.0],[1281.0,984.0],[1280.0,986.0],[1278.0,986.0],[1277.000000000001,988.0],[1274.0,988.0],[1274.0,989.0000000000018],[1272.0,989.0000000000018],[1272.0,990.0],[1270.0,990.0],[1270.0,991.0000000000018],[1266.000000000001,991.0000000000018],[1266.000000000001,992.0],[1264.0,992.0],[1264.0,993.0000000000018],[1261.0,993.0000000000018],[1261.0,994.0],[1259.0,994.0],[1259.0,995.0000000000018],[1256.0,995.0000000000018],[1256.0,994.0],[1255.000000000001,994.0],[1255.000000000001,992.0],[1253.0,991.0000000000018],[1253.0,989.0000000000018],[1251.0,988.0],[1251.0,987.0000000000018],[1250.0,987.0000000000018],[1250.0,986.0],[1249.000000000001,986.0],[1249.000000000001,985.0000000000018],[1248.0,985.0000000000018],[1248.0,981.0000000000018],[1247.0,981.0000000000018],[1247.0,979.0],[1248.0,979.0],[1248.0,976.0],[1249.000000000001,976.0],[1249.000000000001,975.0],[1251.0,975.0],[1252.0,973.0],[1253.0,973.0],[1253.0,972.0],[1256.0,972.0],[1257.0,970.0],[1258.0,970.0],[1258.0,969.0],[1259.0,969.0],[1259.0,968.0],[1261.0,968.0],[1261.0,967.0],[1263.0,967.0],[1263.0,966.0],[1264.999999999999,966.0],[1264.999999999999,965.0],[1266.000000000001,965.0],[1266.000000000001,963.0],[1267.0,963.0],[1267.0,961.0],[1268.0,961.0],[1268.0,950.0],[1269.0,950.0],[1269.0,948.0],[1275.0,948.0],[1275.0,947.0],[1275.999999999999,947.0],[1275.999999999999,945.0],[1278.0,945.0],[1278.0,944.0],[1281.0,944.0],[1282.000000000001,942.0000000000018],[1285.0,942.0000000000018],[1285.0,941.0],[1288.000000000001,941.0],[1288.000000000001,940.0],[1290.0,939.0],[1290.0,936.0],[1291.0,936.0],[1291.0,934.0000000000018],[1292.0,934.0000000000018],[1292.0,932.0000000000018],[1293.000000000001,932.0000000000018],[1293.000000000001,930.0000000000018],[1294.0,930.0000000000018],[1294.0,928.0000000000018],[1295.0,928.0000000000018],[1295.0,926.0000000000018],[1297.0,926.0000000000018],[1297.0,923.0],[1297.999999999999,923.0],[1297.999999999999,917.0],[1299.000000000001,917.0],[1299.000000000001,915.0],[1300.0,915.0],[1300.0,913.0],[1301.0,913.0],[1301.0,905.0],[1302.0,905.0],[1302.0,900.0000000000018],[1303.0,900.0000000000018],[1303.0,898.0000000000018],[1304.000000000001,898.0000000000018],[1304.000000000001,896.0000000000018],[1305.0,896.0000000000018],[1305.0,894.0],[1306.0,894.0],[1306.0,893.0],[1307.0,893.0],[1308.0,891.0],[1312.0,891.0],[1312.0,890.0],[1313.0,890.0],[1313.0,891.0],[1316.0,891.0],[1317.0,893.0],[1319.0,893.0],[1319.0,894.0],[1321.000000000001,894.0],[1321.000000000001,895.0],[1323.0,896.0000000000018],[1323.0,898.0000000000018],[1325.0,898.0000000000018],[1325.0,899.0],[1326.000000000001,899.0],[1326.000000000001,901.0],[1328.0,902.0000000000018],[1328.0,904.0000000000018],[1330.0,905.0],[1330.0,909.0],[1330.999999999999,909.0],[1330.999999999999,911.0],[1332.000000000001,911.0],[1332.000000000001,915.0],[1333.0,915.0],[1333.0,917.0],[1334.0,917.0],[1334.0,919.0],[1336.0,920.0000000000018],[1336.0,922.0000000000018],[1344.0,922.0000000000018],[1344.0,921.0],[1345.0,921.0],[1345.0,920.0000000000018],[1347.0,919.0],[1347.0,917.0],[1348.000000000001,917.0],[1348.000000000001,915.0],[1349.0,915.0],[1349.0,914.0000000000018],[1351.0,914.0000000000018],[1351.0,913.0],[1352.999999999999,912.0000000000018],[1352.999999999999,910.0000000000018],[1355.0,910.0000000000018],[1355.0,908.0000000000018],[1356.0,908.0000000000018],[1356.0,907.0],[1358.0,907.0],[1359.000000000001,905.0],[1361.0,905.0],[1361.0,904.0000000000018],[1363.0,904.0000000000018],[1363.0,902.0000000000018],[1363.999999999999,902.0000000000018],[1363.999999999999,901.0],[1365.000000000001,901.0],[1366.0,899.0],[1368.0,899.0],[1368.0,898.0000000000018],[1370.000000000001,897.0],[1370.000000000001,895.0],[1371.0,895.0],[1372.0,893.0],[1374.999999999999,893.0],[1376.000000000001,891.0],[1378.0,891.0],[1378.0,889.0],[1380.0,889.0],[1380.0,888.0],[1381.000000000001,888.0],[1382.0,886.0],[1384.0,886.0],[1384.0,885.0],[1385.999999999999,885.0],[1385.999999999999,884.0],[1387.000000000001,884.0],[1388.0,882.0],[1390.0,882.0],[1390.0,881.0],[1393.0,881.0],[1393.0,880.0],[1396.0,880.0],[1396.999999999999,878.0],[1402.0,878.0],[1403.000000000001,876.0],[1412.0,876.0],[1413.0,878.0],[1415.000000000001,878.0],[1415.000000000001,880.0],[1416.0,880.0],[1416.0,881.0],[1418.0,881.0],[1418.0,882.0],[1419.0,882.0],[1419.0,883.0],[1421.0,884.0],[1421.0,886.0],[1422.0,886.0],[1422.0,887.0],[1423.0,887.0],[1423.0,889.0],[1424.0,889.0],[1424.0,890.0],[1425.000000000001,890.0],[1425.000000000001,891.0],[1426.000000000001,891.0],[1426.000000000001,892.0],[1427.0,892.0],[1427.0,893.0],[1429.0,894.0],[1429.0,896.0000000000018],[1430.0,896.0000000000018],[1430.0,897.0],[1430.999999999999,897.0],[1432.0,899.0],[1434.0,899.0],[1434.0,900.0000000000018],[1436.000000000001,901.0],[1436.000000000001,903.0],[1437.000000000001,903.0],[1437.000000000001,906.0000000000018],[1438.0,906.0000000000018],[1438.0,908.0000000000018],[1440.0,909.0],[1440.0,912.0000000000018],[1441.999999999999,912.0000000000018],[1441.999999999999,914.0000000000018],[1444.0,915.0],[1444.0,917.0],[1446.0,918.0000000000018],[1446.0,920.0000000000018],[1448.000000000001,921.0],[1448.000000000001,923.0],[1450.0,923.0],[1450.0,925.0],[1452.0,926.0000000000018],[1452.0,929.0],[1454.0,930.0000000000018],[1454.0,932.0000000000018],[1455.0,932.0000000000018],[1455.0,933.0],[1456.0,933.0],[1456.0,935.0],[1458.000000000001,936.0],[1458.000000000001,938.0000000000018],[1459.000000000001,938.0000000000018],[1459.000000000001,940.0],[1460.0,940.0],[1460.0,942.0000000000018],[1461.0,942.0000000000018],[1461.0,943.0],[1466.0,943.0],[1466.0,944.0],[1488.0,944.0],[1488.0,945.0],[1493.0,945.0],[1493.0,946.0],[1496.0,946.0],[1496.0,945.0],[1500.0,945.0],[1500.0,946.0],[1503.000000000001,946.0],[1503.000000000001,947.0],[1505.0,947.0],[1506.0,949.0],[1507.999999999999,949.0],[1507.999999999999,950.0],[1509.0,950.0],[1509.0,952.0],[1512.0,952.0],[1512.0,953.0],[1513.000000000001,953.0],[1513.000000000001,954.0],[1514.000000000001,954.0],[1514.000000000001,955.0],[1516.0,956.0],[1516.0,968.0],[1515.0,968.0],[1515.0,970.0],[1514.000000000001,970.0],[1514.000000000001,971.0],[1512.0,971.0],[1512.0,973.0],[1511.0,973.0],[1511.0,974.0],[1510.0,974.0],[1509.0,976.0],[1507.0,976.0],[1507.0,978.0],[1506.0,978.0],[1506.0,979.0],[1504.0,979.0],[1504.0,981.0000000000018],[1503.000000000001,981.0000000000018],[1503.000000000001,982.0],[1502.000000000001,982.0],[1501.0,984.0],[1499.0,984.0],[1499.0,986.0],[1498.0,986.0],[1498.0,987.0000000000018],[1496.0,987.0000000000018],[1496.0,988.0],[1495.0,988.0],[1494.0,990.0],[1492.000000000001,990.0],[1492.000000000001,991.0000000000018],[1490.0,991.0000000000018],[1490.0,992.0],[1488.0,992.0],[1488.0,993.0000000000018],[1472.0,993.0000000000018],[1472.0,994.0],[1469.000000000001,994.0],[1469.000000000001,995.0000000000018],[1467.0,995.0000000000018],[1467.0,996.0],[1466.0,996.0],[1465.0,998.0],[1463.0,998.0],[1463.0,999.0000000000018],[1462.0,999.0000000000018],[1462.0,1000.0],[1461.0,1000.0],[1460.0,1002.0],[1458.000000000001,1002.0],[1458.000000000001,1003.0000000000018],[1455.0,1003.0000000000018],[1455.0,1004.0],[1452.999999999999,1004.0],[1452.999999999999,1005.0000000000018],[1451.0,1005.0000000000018],[1451.0,1006.0],[1450.0,1006.0],[1450.0,1008.0],[1448.000000000001,1008.0],[1448.000000000001,1009.0000000000018],[1446.0,1009.0000000000018],[1446.0,1010.0],[1443.0,1010.0],[1441.999999999999,1008.0],[1440.0,1008.0],[1440.0,1007.0000000000018],[1438.0,1007.0000000000018],[1438.0,1006.0],[1437.000000000001,1006.0],[1436.000000000001,1004.0],[1434.0,1004.0],[1433.0,1002.0],[1430.999999999999,1002.0],[1430.999999999999,1001.0000000000018],[1430.0,1001.0000000000018],[1430.0,999.0000000000018],[1429.0,999.0000000000018],[1429.0,997.0000000000018],[1428.0,997.0000000000018],[1428.0,995.0000000000018],[1426.000000000001,994.0],[1426.000000000001,992.0],[1425.000000000001,992.0],[1425.000000000001,991.0000000000018],[1423.0,991.0000000000018],[1422.0,989.0000000000018],[1419.999999999999,989.0000000000018],[1419.999999999999,988.0],[1418.0,988.0],[1418.0,987.0000000000018],[1416.0,986.0],[1416.0,984.0],[1415.000000000001,984.0],[1415.000000000001,983.0000000000018],[1414.000000000001,983.0000000000018],[1414.000000000001,982.0],[1413.0,982.0],[1412.0,980.0],[1410.0,980.0],[1410.0,979.0],[1408.0,979.0],[1408.0,978.0],[1406.0,977.0],[1406.0,975.0],[1404.000000000001,975.0],[1404.000000000001,974.0],[1402.0,974.0],[1402.0,973.0],[1400.0,973.0],[1399.0,971.0],[1396.999999999999,971.0],[1396.999999999999,970.0],[1394.0,970.0],[1394.0,969.0],[1389.0,969.0],[1389.0,970.0],[1387.000000000001,970.0],[1387.000000000001,971.0],[1385.999999999999,971.0],[1385.999999999999,972.0],[1384.0,973.0],[1384.0,975.0],[1382.0,976.0],[1382.0,978.0],[1380.0,978.0],[1380.0,980.0],[1378.0,981.0000000000018],[1378.0,984.0],[1377.0,984.0],[1377.0,986.0],[1376.000000000001,986.0],[1376.000000000001,989.0000000000018],[1374.0,989.0000000000018]]],[[[1531.0,1029.0],[1531.0,1022.0],[1532.0,1022.0],[1532.0,1019.0000000000018],[1534.0,1018.0],[1534.0,1015.0000000000018],[1535.000000000001,1015.0000000000018],[1535.000000000001,1014.0],[1536.000000000001,1014.0],[1536.000000000001,1013.0000000000018],[1537.0,1013.0000000000018],[1538.0,1011.0000000000018],[1540.0,1011.0000000000018],[1540.0,1010.0],[1542.0,1010.0],[1542.0,1009.0000000000018],[1544.0,1009.0000000000018],[1544.0,1008.0],[1545.0,1008.0],[1545.0,1006.0],[1546.000000000001,1006.0],[1546.000000000001,1004.0],[1547.000000000001,1004.0],[1547.000000000001,1003.0000000000018],[1548.0,1003.0000000000018],[1548.0,1002.0],[1550.0,1001.0000000000018],[1550.0,999.0000000000018],[1551.0,999.0000000000018],[1551.0,997.0000000000018],[1553.0,996.0],[1553.0,994.0],[1554.0,994.0],[1554.0,992.0],[1555.0,992.0],[1555.0,990.0],[1556.0,990.0],[1556.0,988.0],[1558.000000000001,988.0],[1558.000000000001,986.0],[1559.0,986.0],[1559.0,984.0],[1560.0,984.0],[1560.0,982.0],[1561.0,982.0],[1561.0,980.0],[1562.999999999999,980.0],[1562.999999999999,978.0],[1564.0,978.0],[1564.0,976.0],[1566.0,975.0],[1566.0,971.0],[1567.0,971.0],[1567.0,964.0],[1566.0,964.0],[1566.0,963.0],[1567.0,963.0],[1567.0,960.0],[1568.000000000001,960.0],[1568.000000000001,958.0],[1569.000000000001,958.0],[1569.000000000001,955.0],[1570.0,955.0],[1570.0,952.0],[1569.000000000001,952.0],[1569.000000000001,951.0],[1570.0,951.0],[1570.0,949.0],[1572.0,948.0],[1572.0,943.0],[1573.0,943.0],[1573.0,942.0000000000018],[1575.0,941.0],[1575.0,939.0],[1576.0,939.0],[1576.0,936.0],[1577.0,936.0],[1577.0,934.0000000000018],[1578.0,934.0000000000018],[1578.0,928.0000000000018],[1580.000000000001,927.0],[1580.000000000001,925.0],[1581.0,925.0],[1581.0,923.0],[1582.0,923.0],[1582.0,922.0000000000018],[1583.0,922.0000000000018],[1583.0,921.0],[1584.999999999999,920.0000000000018],[1584.999999999999,918.0000000000018],[1587.0,917.0],[1587.0,915.0],[1588.0,915.0],[1588.0,913.0],[1590.000000000001,912.0000000000018],[1590.000000000001,910.0000000000018],[1591.000000000001,910.0000000000018],[1591.000000000001,909.0],[1592.0,909.0],[1592.0,908.0000000000018],[1593.0,908.0000000000018],[1593.0,907.0],[1594.0,907.0],[1594.0,906.0000000000018],[1595.999999999999,905.0],[1595.999999999999,903.0],[1597.0,903.0],[1597.0,901.0],[1598.0,901.0],[1598.0,899.0],[1600.0,899.0],[1600.0,898.0000000000018],[1602.000000000001,897.0],[1602.000000000001,894.0],[1603.0,894.0],[1603.0,893.0],[1605.0,892.0],[1605.0,890.0],[1606.0,890.0],[1606.0,888.0],[1606.999999999999,888.0],[1606.999999999999,886.0],[1608.000000000001,886.0],[1608.000000000001,885.0],[1610.0,884.0],[1610.0,882.0],[1611.0,882.0],[1611.0,881.0],[1613.000000000001,880.0],[1613.000000000001,878.0],[1614.0,878.0],[1614.0,876.0],[1616.0,876.0],[1616.0,875.0],[1617.0,875.0],[1617.0,873.0],[1619.000000000001,873.0],[1620.0,871.0],[1622.0,871.0],[1622.0,870.0],[1624.000000000001,870.0],[1624.000000000001,869.0],[1626.0,869.0],[1626.0,868.0],[1628.0,868.0],[1628.999999999999,866.0],[1650.999999999999,866.0],[1650.999999999999,867.0],[1653.0,867.0],[1653.0,869.0],[1654.0,869.0],[1654.0,870.0],[1656.000000000001,870.0],[1656.000000000001,871.0],[1658.0,871.0],[1658.0,872.0],[1659.0,872.0],[1659.0,873.0],[1660.0,873.0],[1660.0,874.0],[1661.0,874.0],[1661.999999999999,876.0],[1664.0,876.0],[1664.0,877.0],[1666.0,877.0],[1666.0,878.0],[1667.000000000001,878.0],[1667.000000000001,880.0],[1668.000000000001,880.0],[1668.000000000001,882.0],[1669.0,882.0],[1669.0,883.0],[1671.0,884.0],[1671.0,886.0],[1672.999999999999,886.0],[1672.999999999999,887.0],[1674.000000000001,887.0],[1674.000000000001,888.0],[1676.0,889.0],[1676.0,891.0],[1677.0,891.0],[1677.0,893.0],[1678.000000000001,893.0],[1678.000000000001,897.0],[1679.000000000001,897.0],[1679.000000000001,898.0000000000018],[1678.000000000001,898.0000000000018],[1678.000000000001,902.0000000000018],[1676.0,903.0],[1676.0,906.0000000000018],[1674.000000000001,906.0000000000018],[1674.000000000001,908.0000000000018],[1672.0,908.0000000000018],[1672.0,909.0],[1671.0,909.0],[1671.0,911.0],[1670.0,911.0],[1670.0,914.0000000000018],[1669.0,914.0000000000018],[1669.0,915.0],[1668.000000000001,915.0],[1668.000000000001,917.0],[1667.000000000001,917.0],[1667.000000000001,923.0],[1666.0,923.0],[1666.0,934.0000000000018],[1667.000000000001,934.0000000000018],[1667.000000000001,938.0000000000018],[1668.000000000001,938.0000000000018],[1668.000000000001,940.0],[1669.0,940.0],[1669.0,942.0000000000018],[1670.0,942.0000000000018],[1670.0,944.0],[1671.0,944.0],[1671.0,946.0],[1672.0,946.0],[1672.999999999999,948.0],[1677.0,948.0],[1677.0,949.0],[1696.000000000001,949.0],[1696.000000000001,948.0],[1701.000000000001,948.0],[1701.000000000001,947.0],[1705.0,947.0],[1705.0,946.0],[1712.000000000001,946.0],[1712.000000000001,945.0],[1716.0,945.0],[1716.0,944.0],[1720.0,944.0],[1720.0,943.0],[1722.0,943.0],[1723.000000000001,941.0],[1726.0,941.0],[1726.0,940.0],[1729.000000000001,940.0],[1729.000000000001,939.0],[1732.0,939.0],[1733.0,937.0],[1735.0,937.0],[1735.0,936.0],[1737.0,936.0],[1738.0,934.0000000000018],[1741.0,934.0000000000018],[1741.0,931.0],[1742.0,931.0],[1743.0,929.0],[1745.000000000001,929.0],[1745.000000000001,928.0000000000018],[1748.0,928.0000000000018],[1748.0,927.0],[1749.0,927.0],[1749.999999999999,925.0],[1752.0,925.0],[1753.0,923.0],[1756.000000000001,923.0],[1756.000000000001,922.0000000000018],[1759.0,922.0000000000018],[1759.0,921.0],[1761.999999999999,921.0],[1761.999999999999,920.0000000000018],[1768.0,920.0000000000018],[1768.0,919.0],[1770.0,919.0],[1770.0,918.0000000000018],[1772.999999999999,918.0000000000018],[1772.999999999999,917.0],[1775.0,917.0],[1775.0,916.0000000000018],[1778.000000000001,916.0000000000018],[1778.000000000001,915.0],[1779.0,915.0],[1779.0,916.0000000000018],[1782.0,916.0000000000018],[1782.0,915.0],[1786.0,915.0],[1786.0,914.0000000000018],[1789.000000000001,914.0000000000018],[1789.000000000001,913.0],[1800.000000000001,913.0],[1800.000000000001,914.0000000000018],[1803.0,914.0000000000018],[1803.0,915.0],[1804.999999999999,915.0],[1804.999999999999,916.0000000000018],[1807.0,916.0000000000018],[1808.0,918.0000000000018],[1810.0,918.0000000000018],[1810.0,919.0],[1811.000000000001,919.0],[1811.000000000001,921.0],[1813.0,921.0],[1814.0,923.0],[1816.0,923.0],[1816.0,924.0000000000018],[1818.0,924.0000000000018],[1818.0,926.0000000000018],[1820.0,926.0000000000018],[1820.0,927.0],[1821.0,927.0],[1821.0,929.0],[1824.0,929.0],[1824.0,930.0000000000018],[1826.0,930.0000000000018],[1826.0,932.0000000000018],[1827.0,932.0000000000018],[1827.0,933.0],[1827.999999999999,933.0],[1827.999999999999,935.0],[1830.0,936.0],[1830.0,937.0],[1829.0,937.0],[1829.0,940.0],[1827.999999999999,940.0],[1827.999999999999,945.0],[1827.0,945.0],[1827.0,946.0],[1826.0,946.0],[1826.0,948.0],[1824.0,949.0],[1824.0,952.0],[1823.000000000001,952.0],[1823.000000000001,954.0],[1821.0,954.0],[1821.0,955.0],[1820.0,955.0],[1820.0,957.0],[1818.0,958.0],[1818.0,960.0],[1816.0,960.0],[1816.0,962.0],[1814.0,962.0],[1814.0,964.0],[1812.000000000001,965.0],[1812.000000000001,967.0],[1810.0,968.0],[1810.0,970.0],[1808.0,970.0],[1808.0,971.0],[1804.0,971.0],[1804.0,972.0],[1801.0,972.0],[1801.0,973.0],[1778.000000000001,973.0],[1778.000000000001,974.0],[1774.0,974.0],[1774.0,975.0],[1771.0,975.0],[1771.0,976.0],[1769.0,976.0],[1769.0,977.0],[1767.000000000001,978.0],[1767.000000000001,980.0],[1765.0,981.0000000000018],[1765.0,983.0000000000018],[1761.999999999999,983.0000000000018],[1761.999999999999,985.0000000000018],[1760.999999999999,985.0000000000018],[1760.999999999999,986.0],[1759.0,987.0000000000018],[1759.0,989.0000000000018],[1758.0,989.0000000000018],[1758.0,991.0000000000018],[1757.0,991.0000000000018],[1757.0,993.0000000000018],[1756.000000000001,993.0000000000018],[1756.000000000001,995.0000000000018],[1755.0,995.0000000000018],[1755.0,997.0000000000018],[1754.0,997.0000000000018],[1754.0,999.0000000000018],[1753.0,999.0000000000018],[1753.0,1000.0],[1752.0,1000.0],[1752.0,1002.0],[1751.000000000001,1002.0],[1751.000000000001,1007.0000000000018],[1749.999999999999,1007.0000000000018],[1749.999999999999,1009.0000000000018],[1749.0,1009.0000000000018],[1749.0,1010.0],[1747.0,1011.0000000000018],[1747.0,1013.0000000000018],[1746.0,1013.0000000000018],[1746.0,1015.0000000000018],[1745.000000000001,1015.0000000000018],[1745.000000000001,1016.0],[1742.0,1016.0],[1741.0,1018.0],[1738.999999999999,1018.0],[1738.999999999999,1020.0],[1738.0,1020.0],[1738.0,1021.0],[1736.0,1021.0],[1736.0,1022.0],[1734.000000000001,1022.0],[1734.000000000001,1023.0000000000018],[1732.0,1024.0],[1732.0,1026.0],[1730.0,1026.0],[1729.000000000001,1028.0],[1727.0,1028.0],[1727.0,1029.0],[1725.0,1029.0],[1725.0,1030.0],[1724.0,1030.0],[1723.000000000001,1032.0],[1720.0,1032.0],[1720.0,1033.0],[1719.0,1033.0],[1718.000000000001,1035.0],[1715.0,1035.0],[1715.0,1036.0],[1709.0,1036.0],[1709.0,1038.0],[1707.000000000001,1038.0],[1707.000000000001,1037.0],[1680.0,1037.0],[1680.0,1038.0],[1679.000000000001,1038.0],[1679.000000000001,1037.0],[1676.0,1037.0],[1676.0,1038.0],[1675.0,1038.0],[1675.0,1037.0],[1672.0,1037.0],[1672.0,1036.0],[1666.0,1036.0],[1666.0,1038.0],[1664.0,1038.0],[1664.0,1040.0],[1661.999999999999,1040.0],[1661.999999999999,1042.0],[1661.0,1042.0],[1661.0,1043.0],[1658.0,1043.0],[1657.000000000001,1045.0],[1655.0,1045.0],[1655.0,1046.0],[1652.000000000001,1046.0],[1652.000000000001,1047.0],[1650.0,1047.0],[1650.0,1048.0],[1647.0,1048.0],[1647.0,1049.0],[1645.000000000001,1049.0],[1645.000000000001,1050.0],[1642.0,1050.0],[1642.0,1051.0],[1639.0,1051.0],[1639.0,1052.0],[1636.0,1052.0],[1636.0,1054.0],[1633.0,1054.0],[1633.0,1055.0],[1630.000000000001,1055.0],[1630.000000000001,1056.0],[1628.0,1056.0],[1628.0,1057.0],[1625.0,1057.0],[1625.0,1058.0],[1620.0,1058.0],[1620.0,1059.0],[1608.000000000001,1059.0],[1608.000000000001,1060.0],[1606.999999999999,1060.0],[1606.999999999999,1059.0],[1605.0,1059.0],[1605.0,1058.0],[1603.0,1058.0],[1603.0,1056.0],[1601.000000000001,1056.0],[1601.000000000001,1055.0],[1600.0,1055.0],[1599.0,1053.0],[1597.0,1053.0],[1597.0,1052.0],[1595.0,1052.0],[1594.0,1050.0],[1592.0,1050.0],[1592.0,1049.0],[1590.000000000001,1049.0],[1590.000000000001,1048.0],[1583.0,1048.0],[1583.0,1047.0],[1579.000000000001,1047.0],[1579.000000000001,1046.0],[1577.0,1046.0],[1577.0,1045.0],[1556.0,1045.0],[1556.0,1044.0],[1551.0,1044.0],[1551.0,1043.0],[1548.0,1043.0],[1548.0,1042.0],[1546.000000000001,1042.0],[1546.000000000001,1041.0],[1544.0,1041.0],[1544.0,1040.0],[1540.999999999999,1040.0],[1540.999999999999,1039.0],[1539.0,1039.0],[1539.0,1037.0],[1537.0,1037.0],[1537.0,1035.0],[1536.000000000001,1035.0],[1536.000000000001,1034.0],[1534.0,1034.0],[1534.0,1032.0],[1532.0,1032.0],[1532.0,1029.0],[1531.0,1029.0]]]]}},{"type":"Feature","id":"country-008-mainland-southwest-region-010","properties":{"id":"country-008-mainland-southwest-region-010","number":10,"name":"Интермариум","type":"region","countryId":"country-008","targetComponentId":"mainland-southwest","datasetId":"country-008/mainland-southwest","styleIndex":4,"isCapital":false,"capital":false,"labelRank":3,"importance":3,"areaWorld":161.29411764705844,"labelPointMethod":"representative-point","source":"regions/country-008/mainland-southwest/regions-source.png"},"geometry":{"type":"Polygon","coordinates":[[[1285.0,1180.0],[1285.0,1178.0],[1283.0,1177.0000000000018],[1283.0,1175.0000000000018],[1282.000000000001,1175.0000000000018],[1282.000000000001,1174.0],[1281.0,1174.0],[1281.0,1172.0],[1280.0,1172.0],[1280.0,1170.0],[1279.0,1170.0],[1279.0,1168.0],[1278.0,1168.0],[1278.0,1165.0000000000018],[1277.000000000001,1165.0000000000018],[1277.000000000001,1163.0000000000018],[1275.999999999999,1163.0000000000018],[1275.999999999999,1158.0],[1275.0,1158.0],[1275.0,1156.0],[1274.0,1156.0],[1274.0,1153.0000000000018],[1273.0,1153.0000000000018],[1273.0,1150.0],[1272.0,1150.0],[1272.0,1146.0],[1271.000000000001,1146.0],[1271.000000000001,1143.0],[1270.0,1143.0],[1270.0,1141.0],[1269.0,1141.0],[1269.0,1138.0],[1268.0,1138.0],[1268.0,1135.0],[1267.0,1135.0],[1267.0,1132.0],[1266.000000000001,1132.0],[1266.000000000001,1129.0],[1264.999999999999,1129.0],[1264.999999999999,1126.0],[1264.0,1126.0],[1264.0,1124.0],[1263.0,1124.0],[1263.0,1122.0],[1262.0,1122.0],[1262.0,1118.0],[1261.0,1118.0],[1261.0,1116.0000000000018],[1260.000000000001,1116.0000000000018],[1260.000000000001,1114.0],[1259.0,1114.0],[1259.0,1111.0],[1258.0,1111.0],[1258.0,1109.0],[1257.0,1109.0],[1257.0,1106.0],[1256.0,1106.0],[1256.0,1103.0],[1255.000000000001,1103.0],[1255.000000000001,1100.0000000000018],[1253.999999999999,1100.0000000000018],[1253.999999999999,1097.0],[1253.0,1097.0],[1253.0,1093.0],[1252.0,1093.0],[1252.0,1089.0],[1251.0,1089.0],[1251.0,1086.0000000000018],[1250.0,1086.0000000000018],[1250.0,1081.0],[1249.000000000001,1081.0],[1249.000000000001,1078.0000000000018],[1248.0,1078.0000000000018],[1248.0,1073.0],[1247.0,1073.0],[1247.0,1068.0000000000018],[1246.0,1068.0000000000018],[1246.0,1062.0],[1245.0,1062.0],[1245.0,1058.0],[1244.000000000001,1058.0],[1244.000000000001,1053.0],[1242.999999999999,1053.0],[1242.999999999999,1050.0],[1242.0,1050.0],[1242.0,1046.0],[1241.0,1046.0],[1241.0,1043.0],[1240.0,1043.0],[1240.0,1037.0],[1239.0,1037.0],[1239.0,1031.0],[1238.000000000001,1031.0],[1238.000000000001,1025.0],[1237.0,1025.0],[1237.0,1022.0],[1236.0,1022.0],[1236.0,1020.0],[1235.0,1020.0],[1235.0,1018.0],[1234.0,1018.0],[1234.0,1016.0],[1235.0,1016.0],[1235.0,1010.0],[1236.0,1010.0],[1236.0,1006.0],[1237.0,1006.0],[1237.0,1005.0000000000018],[1240.0,1005.0000000000018],[1240.0,1004.0],[1246.0,1004.0],[1246.0,1003.0000000000018],[1249.000000000001,1003.0000000000018],[1249.000000000001,1002.0],[1252.0,1002.0],[1253.0,1000.0],[1253.999999999999,1000.0],[1253.999999999999,999.0000000000018],[1255.000000000001,999.0000000000018],[1255.000000000001,997.0000000000018],[1256.0,997.0000000000018],[1256.0,995.0000000000018],[1259.0,995.0000000000018],[1259.0,994.0],[1261.0,994.0],[1261.0,993.0000000000018],[1264.0,993.0000000000018],[1264.0,992.0],[1266.000000000001,992.0],[1266.000000000001,991.0000000000018],[1270.0,991.0000000000018],[1270.0,990.0],[1272.0,990.0],[1272.0,989.0000000000018],[1274.0,989.0000000000018],[1274.0,988.0],[1277.000000000001,988.0],[1278.0,986.0],[1280.0,986.0],[1281.0,984.0],[1284.0,984.0],[1284.0,983.0000000000018],[1292.0,983.0000000000018],[1292.0,984.0],[1295.0,984.0],[1295.0,985.0000000000018],[1297.999999999999,985.0000000000018],[1297.999999999999,986.0],[1300.0,986.0],[1300.0,987.0000000000018],[1302.0,987.0000000000018],[1302.0,988.0],[1304.000000000001,988.0],[1304.000000000001,989.0000000000018],[1306.0,989.0000000000018],[1307.0,991.0000000000018],[1308.999999999999,991.0000000000018],[1308.999999999999,992.0],[1310.000000000001,992.0],[1310.000000000001,993.0000000000018],[1312.0,993.0000000000018],[1313.0,995.0000000000018],[1315.000000000001,995.0000000000018],[1315.000000000001,996.0],[1318.0,996.0],[1318.0,997.0000000000018],[1319.999999999999,997.0000000000018],[1319.999999999999,998.0],[1323.0,998.0],[1323.0,999.0000000000018],[1326.000000000001,999.0000000000018],[1326.000000000001,1000.0],[1329.0,1000.0],[1329.0,1001.0000000000018],[1341.0,1001.0000000000018],[1341.0,1000.0],[1349.0,1000.0],[1349.0,999.0000000000018],[1355.0,999.0000000000018],[1355.0,998.0],[1359.000000000001,998.0],[1359.000000000001,997.0000000000018],[1363.0,997.0000000000018],[1363.0,996.0],[1366.0,996.0],[1366.0,995.0000000000018],[1369.0,995.0000000000018],[1369.0,994.0],[1374.0,994.0],[1374.0,996.0],[1374.999999999999,996.0],[1374.999999999999,997.0000000000018],[1376.000000000001,997.0000000000018],[1376.000000000001,998.0],[1377.0,998.0],[1377.0,999.0000000000018],[1379.0,1000.0],[1379.0,1002.0],[1380.0,1002.0],[1380.0,1003.0000000000018],[1382.0,1004.0],[1382.0,1015.0000000000018],[1383.0,1015.0000000000018],[1383.0,1017.0000000000018],[1384.0,1017.0000000000018],[1384.0,1038.0],[1383.0,1038.0],[1383.0,1048.0],[1384.0,1048.0],[1384.0,1049.0],[1383.0,1049.0],[1383.0,1057.0],[1382.0,1057.0],[1382.0,1059.0],[1381.000000000001,1059.0],[1381.000000000001,1060.0],[1379.0,1060.0],[1379.0,1061.0],[1378.0,1061.0],[1378.0,1063.0],[1376.000000000001,1063.0],[1376.000000000001,1064.0],[1374.999999999999,1064.0],[1374.999999999999,1066.0000000000018],[1373.0,1066.0000000000018],[1373.0,1074.0000000000018],[1372.0,1074.0000000000018],[1372.0,1079.0],[1374.0,1079.0],[1374.0,1083.0],[1374.999999999999,1083.0],[1374.999999999999,1085.0],[1376.000000000001,1085.0],[1376.000000000001,1087.0],[1377.0,1087.0],[1378.0,1089.0],[1380.0,1089.0],[1380.0,1090.0000000000018],[1382.0,1090.0000000000018],[1383.0,1092.0000000000018],[1387.000000000001,1092.0000000000018],[1388.0,1094.0000000000018],[1390.0,1094.0000000000018],[1390.0,1095.0],[1392.000000000001,1096.0000000000018],[1392.000000000001,1098.0000000000018],[1394.0,1098.0000000000018],[1394.0,1099.0],[1395.0,1099.0],[1396.0,1101.0],[1405.0,1101.0],[1406.0,1099.0],[1408.0,1099.0],[1408.0,1098.0000000000018],[1411.0,1098.0000000000018],[1411.0,1097.0],[1413.0,1097.0],[1413.0,1098.0000000000018],[1422.0,1098.0000000000018],[1422.0,1099.0],[1424.0,1099.0],[1424.0,1101.0],[1426.000000000001,1101.0],[1426.000000000001,1102.0],[1427.0,1102.0],[1427.0,1103.0],[1428.0,1103.0],[1429.0,1105.0],[1434.0,1105.0],[1435.0,1107.0],[1448.000000000001,1107.0],[1448.000000000001,1106.0],[1452.0,1106.0],[1452.0,1107.0],[1454.0,1107.0],[1454.0,1108.0000000000018],[1455.0,1108.0000000000018],[1456.0,1110.0],[1459.000000000001,1110.0],[1459.000000000001,1109.0],[1466.0,1109.0],[1466.0,1110.0],[1469.000000000001,1110.0],[1469.000000000001,1112.0000000000018],[1470.000000000001,1112.0000000000018],[1470.000000000001,1113.0],[1472.0,1113.0],[1472.0,1114.0],[1473.0,1114.0],[1473.0,1115.0],[1474.0,1115.0],[1474.0,1116.0000000000018],[1476.0,1117.0],[1476.0,1120.0000000000018],[1478.0,1120.0000000000018],[1478.0,1121.0],[1479.0,1121.0],[1479.0,1126.0],[1478.0,1126.0],[1478.0,1128.0],[1477.0,1128.0],[1477.0,1131.0],[1474.999999999999,1132.0],[1474.999999999999,1134.0],[1473.0,1134.0],[1472.0,1136.0],[1470.000000000001,1136.0],[1469.000000000001,1138.0],[1468.0,1138.0],[1468.0,1139.0],[1467.0,1139.0],[1467.0,1140.0],[1466.0,1140.0],[1466.0,1141.0],[1463.999999999999,1141.0],[1463.999999999999,1142.0],[1462.0,1142.0],[1462.0,1143.0],[1460.0,1143.0],[1459.000000000001,1145.0],[1457.0,1145.0],[1457.0,1146.0],[1455.0,1146.0],[1454.0,1148.0],[1452.0,1148.0],[1452.0,1149.0],[1450.0,1149.0],[1450.0,1150.0],[1446.0,1150.0],[1446.0,1151.0],[1441.999999999999,1151.0],[1441.999999999999,1152.0],[1428.0,1152.0],[1428.0,1151.0],[1400.0,1151.0],[1400.0,1152.0],[1396.999999999999,1152.0],[1396.999999999999,1153.0000000000018],[1392.000000000001,1153.0000000000018],[1392.000000000001,1154.0],[1390.0,1154.0],[1390.0,1155.0000000000018],[1387.000000000001,1155.0000000000018],[1387.000000000001,1156.0],[1384.0,1156.0],[1384.0,1157.0000000000018],[1382.0,1157.0000000000018],[1381.000000000001,1159.0000000000018],[1379.0,1159.0000000000018],[1379.0,1160.0],[1377.0,1160.0],[1376.000000000001,1162.0],[1374.0,1162.0],[1373.0,1164.0],[1371.0,1164.0],[1370.000000000001,1166.0],[1368.0,1166.0],[1367.0,1168.0],[1366.0,1168.0],[1366.0,1170.0],[1363.999999999999,1171.0000000000018],[1363.999999999999,1173.0000000000018],[1362.0,1174.0],[1362.0,1176.0],[1361.0,1176.0],[1361.0,1178.0],[1360.0,1178.0],[1360.0,1182.0],[1359.000000000001,1182.0],[1359.000000000001,1190.0],[1358.0,1190.0],[1358.0,1191.0],[1355.0,1191.0],[1355.0,1192.0],[1352.0,1192.0],[1352.0,1194.0],[1350.0,1194.0],[1350.0,1196.0],[1349.0,1196.0],[1349.0,1197.0000000000018],[1347.0,1197.0000000000018],[1347.0,1199.0],[1345.0,1199.0],[1345.0,1200.0],[1344.0,1200.0],[1344.0,1202.0],[1343.000000000001,1202.0],[1343.000000000001,1203.0],[1341.0,1203.0],[1341.0,1204.0],[1340.0,1204.0],[1340.0,1206.0],[1339.0,1206.0],[1339.0,1208.0],[1337.000000000001,1209.0],[1337.000000000001,1211.0],[1335.0,1211.0],[1335.0,1213.0],[1333.0,1213.0],[1332.000000000001,1215.0],[1330.999999999999,1215.0],[1330.999999999999,1216.0],[1330.0,1216.0],[1330.0,1217.0],[1329.0,1217.0],[1329.0,1218.0],[1327.0,1218.0],[1327.0,1219.0],[1321.000000000001,1219.0],[1321.000000000001,1218.0],[1318.0,1218.0],[1318.0,1217.0],[1316.0,1217.0],[1315.000000000001,1215.0],[1313.0,1215.0],[1313.0,1211.0],[1311.0,1211.0],[1311.0,1210.0],[1310.000000000001,1210.0],[1310.000000000001,1200.0],[1308.999999999999,1200.0],[1308.999999999999,1191.0],[1310.000000000001,1191.0],[1310.000000000001,1186.0],[1311.0,1186.0],[1311.0,1180.0],[1308.999999999999,1179.0000000000018],[1308.999999999999,1177.0000000000018],[1308.0,1177.0000000000018],[1308.0,1176.0],[1306.0,1176.0],[1306.0,1175.0000000000018],[1303.0,1175.0000000000018],[1303.0,1176.0],[1296.0,1176.0],[1296.0,1177.0000000000018],[1290.0,1177.0000000000018],[1290.0,1178.0],[1286.999999999999,1178.0],[1286.0,1180.0],[1285.0,1180.0]]]}},{"type":"Feature","id":"country-008-mainland-southwest-region-011","properties":{"id":"country-008-mainland-southwest-region-011","number":11,"name":"Джюдион","type":"region","countryId":"country-008","targetComponentId":"mainland-southwest","datasetId":"country-008/mainland-southwest","styleIndex":0,"isCapital":false,"capital":false,"labelRank":1,"importance":1,"areaWorld":488.4537815126053,"labelPointMethod":"representative-point","source":"regions/country-008/mainland-southwest/regions-source.png"},"geometry":{"type":"Polygon","coordinates":[[[1359.000000000001,1190.0],[1359.000000000001,1182.0],[1360.0,1182.0],[1360.0,1178.0],[1361.0,1178.0],[1361.0,1176.0],[1362.0,1176.0],[1362.0,1174.0],[1363.999999999999,1173.0000000000018],[1363.999999999999,1171.0000000000018],[1366.0,1170.0],[1366.0,1168.0],[1367.0,1168.0],[1368.0,1166.0],[1370.000000000001,1166.0],[1371.0,1164.0],[1373.0,1164.0],[1374.0,1162.0],[1376.000000000001,1162.0],[1377.0,1160.0],[1379.0,1160.0],[1379.0,1159.0000000000018],[1381.000000000001,1159.0000000000018],[1382.0,1157.0000000000018],[1384.0,1157.0000000000018],[1384.0,1156.0],[1387.000000000001,1156.0],[1387.000000000001,1155.0000000000018],[1390.0,1155.0000000000018],[1390.0,1154.0],[1392.000000000001,1154.0],[1392.000000000001,1153.0000000000018],[1396.999999999999,1153.0000000000018],[1396.999999999999,1152.0],[1400.0,1152.0],[1400.0,1151.0],[1428.0,1151.0],[1428.0,1152.0],[1441.999999999999,1152.0],[1441.999999999999,1151.0],[1446.0,1151.0],[1446.0,1150.0],[1450.0,1150.0],[1450.0,1149.0],[1452.0,1149.0],[1452.0,1148.0],[1454.0,1148.0],[1455.0,1146.0],[1457.0,1146.0],[1457.0,1145.0],[1459.000000000001,1145.0],[1460.0,1143.0],[1462.0,1143.0],[1462.0,1142.0],[1463.999999999999,1142.0],[1463.999999999999,1141.0],[1466.0,1141.0],[1466.0,1140.0],[1467.0,1140.0],[1467.0,1139.0],[1468.0,1139.0],[1468.0,1138.0],[1469.000000000001,1138.0],[1470.000000000001,1136.0],[1472.0,1136.0],[1473.0,1134.0],[1474.999999999999,1134.0],[1474.999999999999,1132.0],[1477.0,1131.0],[1477.0,1128.0],[1478.0,1128.0],[1478.0,1126.0],[1479.0,1126.0],[1479.0,1121.0],[1480.000000000001,1121.0],[1480.000000000001,1122.0],[1483.0,1122.0],[1484.0,1120.0000000000018],[1485.999999999999,1120.0000000000018],[1485.999999999999,1119.0],[1488.0,1119.0],[1489.0,1117.0],[1490.0,1117.0],[1490.0,1116.0000000000018],[1491.000000000001,1116.0000000000018],[1491.000000000001,1115.0],[1492.000000000001,1115.0],[1492.000000000001,1114.0],[1493.0,1114.0],[1493.0,1113.0],[1494.0,1113.0],[1494.0,1112.0000000000018],[1496.0,1112.0000000000018],[1496.0,1110.0],[1498.0,1109.0],[1498.0,1108.0000000000018],[1500.0,1108.0000000000018],[1500.0,1107.0],[1502.000000000001,1107.0],[1502.000000000001,1105.0],[1504.0,1105.0],[1504.0,1104.0000000000018],[1505.0,1104.0000000000018],[1505.0,1102.0],[1507.0,1102.0],[1507.0,1100.0000000000018],[1513.000000000001,1100.0000000000018],[1513.000000000001,1099.0],[1516.0,1099.0],[1517.0,1097.0],[1518.0,1097.0],[1518.0,1096.0000000000018],[1520.0,1096.0000000000018],[1520.0,1094.0000000000018],[1522.0,1094.0000000000018],[1523.0,1092.0000000000018],[1525.000000000001,1092.0000000000018],[1525.000000000001,1091.0],[1528.0,1091.0],[1528.0,1090.0000000000018],[1529.0,1090.0000000000018],[1529.999999999999,1092.0000000000018],[1532.0,1092.0000000000018],[1533.0,1094.0000000000018],[1534.0,1094.0000000000018],[1534.0,1095.0],[1535.000000000001,1095.0],[1535.000000000001,1097.0],[1544.0,1097.0],[1544.0,1098.0000000000018],[1546.000000000001,1098.0000000000018],[1546.000000000001,1099.0],[1548.0,1099.0],[1549.0,1101.0],[1551.0,1101.0],[1551.0,1102.0],[1553.0,1102.0],[1554.0,1104.0000000000018],[1555.0,1104.0000000000018],[1555.0,1106.0],[1557.000000000001,1107.0],[1557.000000000001,1108.0000000000018],[1558.000000000001,1108.0000000000018],[1558.000000000001,1114.0],[1557.000000000001,1114.0],[1557.000000000001,1116.0000000000018],[1555.0,1117.0],[1555.0,1118.0],[1554.0,1118.0],[1554.0,1121.0],[1553.0,1121.0],[1553.0,1124.0],[1551.0,1124.0],[1551.0,1126.0],[1549.0,1126.0],[1549.0,1127.0],[1547.000000000001,1127.0],[1547.000000000001,1128.0],[1545.0,1128.0],[1545.0,1129.0],[1544.0,1129.0],[1544.0,1139.0],[1545.0,1139.0],[1545.0,1141.0],[1546.000000000001,1141.0],[1546.000000000001,1150.0],[1548.0,1151.0],[1548.0,1152.0],[1550.0,1152.0],[1550.0,1153.0000000000018],[1551.999999999999,1153.0000000000018],[1551.999999999999,1154.0],[1554.0,1154.0],[1555.0,1156.0],[1562.0,1156.0],[1562.0,1155.0000000000018],[1562.999999999999,1155.0000000000018],[1562.999999999999,1156.0],[1566.0,1156.0],[1566.0,1155.0000000000018],[1567.0,1155.0000000000018],[1567.0,1156.0],[1573.0,1156.0],[1573.0,1155.0000000000018],[1575.0,1155.0000000000018],[1575.0,1154.0],[1578.0,1154.0],[1578.0,1153.0000000000018],[1581.0,1153.0000000000018],[1581.0,1151.0],[1583.0,1151.0],[1583.0,1150.0],[1584.0,1150.0],[1584.0,1151.0],[1587.0,1151.0],[1587.0,1150.0],[1589.0,1150.0],[1589.0,1149.0],[1591.000000000001,1149.0],[1591.000000000001,1148.0],[1593.0,1148.0],[1593.0,1147.0],[1595.0,1147.0],[1595.0,1146.0],[1597.0,1146.0],[1597.0,1145.0],[1599.0,1145.0],[1599.0,1144.0],[1601.000000000001,1144.0],[1601.000000000001,1142.0],[1603.0,1142.0],[1604.0,1140.0],[1605.0,1140.0],[1605.0,1139.0],[1606.0,1139.0],[1606.0,1138.0],[1608.000000000001,1138.0],[1608.000000000001,1137.0],[1610.0,1137.0],[1610.0,1135.0],[1612.000000000001,1134.0],[1612.000000000001,1133.0],[1613.000000000001,1133.0],[1613.000000000001,1132.0],[1614.0,1132.0],[1614.0,1129.0],[1616.0,1128.0],[1616.0,1126.0],[1617.0,1126.0],[1617.0,1124.0],[1619.000000000001,1124.0],[1620.0,1122.0],[1621.0,1122.0],[1621.0,1120.0000000000018],[1622.0,1120.0000000000018],[1622.0,1117.0],[1624.000000000001,1117.0],[1625.0,1115.0],[1626.0,1115.0],[1626.0,1113.0],[1628.0,1113.0],[1628.0,1112.0000000000018],[1630.000000000001,1112.0000000000018],[1631.0,1110.0],[1633.0,1110.0],[1633.0,1109.0],[1634.000000000001,1109.0],[1634.000000000001,1108.0000000000018],[1644.0,1108.0000000000018],[1644.0,1107.0],[1646.000000000001,1107.0],[1646.000000000001,1108.0000000000018],[1650.0,1108.0000000000018],[1650.999999999999,1110.0],[1653.0,1110.0],[1653.0,1111.0],[1654.0,1111.0],[1654.0,1112.0000000000018],[1656.000000000001,1112.0000000000018],[1656.000000000001,1113.0],[1658.0,1113.0],[1659.0,1115.0],[1660.0,1115.0],[1660.0,1116.0000000000018],[1661.0,1116.0000000000018],[1661.0,1118.0],[1663.000000000001,1118.0],[1664.0,1120.0000000000018],[1667.000000000001,1120.0000000000018],[1668.000000000001,1122.0],[1670.0,1122.0],[1670.0,1123.0],[1672.999999999999,1123.0],[1672.999999999999,1124.0],[1675.0,1124.0],[1675.0,1125.0],[1677.0,1125.0],[1677.0,1126.0],[1682.0,1126.0],[1682.0,1127.0],[1685.000000000001,1127.0],[1685.000000000001,1126.0],[1687.0,1126.0],[1687.0,1125.0],[1693.0,1125.0],[1693.0,1124.0],[1694.999999999999,1124.0],[1694.999999999999,1123.0],[1697.0,1123.0],[1697.0,1122.0],[1700.0,1122.0],[1701.000000000001,1120.0000000000018],[1702.0,1120.0000000000018],[1702.0,1119.0],[1704.0,1119.0],[1704.0,1118.0],[1707.000000000001,1118.0],[1707.000000000001,1117.0],[1709.0,1117.0],[1710.0,1115.0],[1713.0,1115.0],[1713.0,1114.0],[1715.0,1114.0],[1716.0,1112.0000000000018],[1718.000000000001,1112.0000000000018],[1718.000000000001,1111.0],[1719.0,1111.0],[1719.0,1110.0],[1721.0,1110.0],[1722.0,1108.0000000000018],[1724.0,1108.0000000000018],[1725.0,1106.0],[1727.999999999999,1106.0],[1727.999999999999,1105.0],[1730.0,1105.0],[1731.0,1103.0],[1732.0,1103.0],[1732.0,1102.0],[1734.000000000001,1102.0],[1734.000000000001,1101.0],[1735.0,1101.0],[1735.0,1100.0000000000018],[1738.999999999999,1100.0000000000018],[1738.999999999999,1098.0000000000018],[1742.0,1098.0000000000018],[1742.0,1096.0000000000018],[1746.0,1096.0000000000018],[1746.0,1095.0],[1749.0,1095.0],[1749.0,1094.0000000000018],[1751.000000000001,1094.0000000000018],[1751.000000000001,1093.0],[1759.0,1093.0],[1759.0,1092.0000000000018],[1761.999999999999,1092.0000000000018],[1761.999999999999,1091.0],[1788.0,1091.0],[1788.0,1092.0000000000018],[1792.0,1092.0000000000018],[1792.0,1093.0],[1797.0,1093.0],[1798.0,1095.0],[1799.0,1095.0],[1799.0,1097.0],[1801.0,1098.0000000000018],[1801.0,1100.0000000000018],[1802.0,1100.0000000000018],[1802.0,1102.0],[1803.0,1102.0],[1803.0,1104.0000000000018],[1804.0,1104.0000000000018],[1804.0,1109.0],[1804.999999999999,1109.0],[1804.999999999999,1110.0],[1804.0,1110.0],[1804.0,1115.0],[1802.0,1116.0000000000018],[1802.0,1118.0],[1801.0,1118.0],[1801.0,1120.0000000000018],[1800.000000000001,1120.0000000000018],[1800.000000000001,1122.0],[1798.0,1123.0],[1798.0,1124.0],[1797.0,1124.0],[1797.0,1125.0],[1796.0,1125.0],[1796.0,1127.0],[1794.999999999999,1127.0],[1794.999999999999,1129.0],[1793.999999999999,1129.0],[1793.999999999999,1130.0],[1792.0,1130.0],[1791.0,1132.0],[1790.0,1132.0],[1790.0,1134.0],[1789.000000000001,1134.0],[1789.000000000001,1137.0],[1787.0,1137.0],[1787.0,1138.0],[1786.0,1138.0],[1786.0,1142.0],[1790.0,1142.0],[1790.0,1143.0],[1792.0,1143.0],[1792.0,1144.0],[1794.999999999999,1144.0],[1796.0,1146.0],[1799.0,1146.0],[1799.0,1145.0],[1800.000000000001,1145.0],[1801.0,1147.0],[1804.0,1147.0],[1804.0,1148.0],[1808.0,1148.0],[1808.0,1149.0],[1810.0,1149.0],[1810.0,1150.0],[1814.0,1150.0],[1814.0,1151.0],[1816.0,1151.0],[1816.0,1152.0],[1820.0,1152.0],[1820.0,1153.0000000000018],[1823.000000000001,1153.0000000000018],[1823.000000000001,1154.0],[1826.0,1154.0],[1826.0,1155.0000000000018],[1833.000000000001,1155.0000000000018],[1833.000000000001,1156.0],[1838.999999999999,1156.0],[1840.0,1158.0],[1844.000000000001,1158.0],[1844.000000000001,1159.0000000000018],[1846.0,1159.0000000000018],[1846.0,1160.0],[1847.0,1160.0],[1847.0,1161.0000000000018],[1849.999999999999,1161.0000000000018],[1849.999999999999,1162.0],[1852.0,1162.0],[1853.0,1164.0],[1855.000000000001,1164.0],[1855.000000000001,1165.0000000000018],[1856.000000000001,1165.0000000000018],[1856.000000000001,1166.0],[1858.0,1166.0],[1859.0,1168.0],[1860.0,1168.0],[1860.0,1169.0000000000018],[1860.999999999999,1169.0000000000018],[1860.999999999999,1170.0],[1864.0,1170.0],[1865.0,1172.0],[1866.000000000001,1172.0],[1866.000000000001,1174.0],[1868.0,1174.0],[1869.0,1176.0],[1871.999999999999,1176.0],[1871.999999999999,1178.0],[1874.0,1178.0],[1874.0,1180.0],[1876.0,1180.0],[1877.000000000001,1182.0],[1878.000000000001,1182.0],[1878.000000000001,1183.0000000000018],[1880.0,1183.0000000000018],[1881.0,1185.0000000000018],[1882.0,1185.0000000000018],[1882.0,1186.0],[1882.999999999999,1186.0],[1882.999999999999,1187.0],[1884.0,1187.0],[1884.0,1188.0],[1885.0,1188.0],[1885.0,1189.0000000000018],[1886.0,1189.0000000000018],[1886.0,1190.0],[1887.0,1190.0],[1887.0,1191.0],[1888.000000000001,1191.0],[1888.000000000001,1193.0000000000018],[1890.0,1194.0],[1890.0,1197.0000000000018],[1891.0,1197.0000000000018],[1891.0,1199.0],[1890.0,1199.0],[1890.0,1203.0],[1888.000000000001,1204.0],[1888.000000000001,1206.0],[1887.0,1206.0],[1887.0,1208.0],[1885.0,1208.0],[1884.0,1210.0],[1882.0,1210.0],[1882.0,1211.0],[1880.0,1211.0],[1880.0,1212.0],[1867.000000000001,1212.0],[1867.000000000001,1211.0],[1860.999999999999,1211.0],[1860.999999999999,1210.0],[1856.000000000001,1210.0],[1856.000000000001,1211.0],[1855.000000000001,1211.0],[1855.000000000001,1210.0],[1852.0,1210.0],[1851.0,1208.0],[1840.0,1208.0],[1838.999999999999,1210.0],[1836.0,1210.0],[1835.0,1212.0],[1834.000000000001,1212.0],[1834.000000000001,1213.0],[1829.0,1213.0],[1829.0,1215.0],[1816.999999999999,1215.0],[1816.999999999999,1214.0],[1810.0,1214.0],[1810.0,1213.0],[1804.999999999999,1213.0],[1804.0,1215.0],[1803.0,1215.0],[1803.0,1216.0],[1802.0,1216.0],[1802.0,1217.0],[1801.0,1217.0],[1801.0,1218.0],[1799.0,1218.0],[1798.0,1220.0],[1796.0,1220.0],[1796.0,1221.0],[1793.999999999999,1221.0],[1793.999999999999,1222.0],[1789.000000000001,1222.0],[1789.000000000001,1221.0],[1782.0,1221.0],[1782.0,1222.0],[1780.0,1222.0],[1780.0,1223.0],[1779.0,1223.0],[1779.0,1224.0],[1776.0,1224.0],[1775.0,1226.0],[1774.0,1226.0],[1774.0,1227.0],[1772.999999999999,1227.0],[1772.999999999999,1228.0],[1771.0,1228.0],[1770.0,1230.0],[1768.0,1230.0],[1768.0,1231.0],[1767.000000000001,1231.0],[1767.000000000001,1233.0],[1764.0,1233.0],[1763.0,1235.0],[1761.999999999999,1235.0],[1761.999999999999,1236.0],[1760.0,1236.0],[1760.0,1237.0],[1758.0,1237.0],[1758.0,1238.0000000000018],[1756.000000000001,1238.0000000000018],[1756.000000000001,1240.0000000000018],[1754.0,1240.0000000000018],[1754.0,1242.0000000000018],[1752.0,1243.0],[1752.0,1244.0000000000018],[1749.0,1244.0000000000018],[1749.0,1246.0000000000018],[1747.0,1246.0000000000018],[1747.0,1248.0000000000018],[1745.000000000001,1249.0],[1745.000000000001,1250.0000000000018],[1744.0,1250.0000000000018],[1744.0,1251.0],[1742.0,1251.0],[1742.0,1253.0],[1741.0,1253.0],[1741.0,1256.0000000000018],[1738.999999999999,1256.0000000000018],[1738.0,1258.0000000000018],[1736.0,1258.0000000000018],[1736.0,1259.0],[1735.0,1259.0],[1735.0,1261.0],[1733.0,1261.0],[1733.0,1263.0],[1731.0,1263.0],[1731.0,1265.0],[1730.0,1265.0],[1730.0,1266.0000000000018],[1727.999999999999,1266.0000000000018],[1727.999999999999,1268.0000000000018],[1726.0,1269.0],[1726.0,1270.0000000000018],[1725.0,1270.0000000000018],[1725.0,1271.0],[1724.0,1271.0],[1724.0,1272.0],[1723.000000000001,1272.0],[1723.000000000001,1278.0000000000018],[1724.0,1278.0000000000018],[1724.0,1280.0],[1726.0,1281.0],[1726.0,1282.0000000000018],[1727.999999999999,1282.0000000000018],[1729.000000000001,1284.0],[1731.0,1284.0],[1732.0,1286.0000000000018],[1733.0,1286.0000000000018],[1733.0,1288.0],[1735.0,1288.0],[1735.0,1289.0],[1736.0,1289.0],[1736.0,1291.0],[1738.0,1291.0],[1738.0,1293.0],[1740.000000000001,1293.0],[1740.000000000001,1294.0],[1741.0,1294.0],[1741.0,1296.0],[1743.0,1296.0],[1743.0,1298.0],[1744.0,1298.0],[1744.0,1299.0],[1746.0,1299.0],[1747.0,1301.0],[1748.0,1301.0],[1748.0,1302.0],[1749.0,1302.0],[1749.0,1304.0],[1751.000000000001,1304.0],[1752.0,1306.0],[1754.0,1306.0],[1755.0,1308.0],[1756.000000000001,1308.0],[1756.000000000001,1309.0],[1758.0,1309.0],[1759.0,1311.0],[1760.0,1311.0],[1760.0,1326.0],[1758.0,1327.0000000000018],[1758.0,1328.0],[1756.000000000001,1328.0],[1756.000000000001,1329.0000000000018],[1754.0,1329.0000000000018],[1754.0,1330.0],[1747.0,1330.0],[1747.0,1331.0000000000018],[1745.000000000001,1331.0000000000018],[1745.000000000001,1332.0],[1737.0,1332.0],[1737.0,1331.0000000000018],[1726.0,1331.0000000000018],[1726.0,1332.0],[1720.0,1332.0],[1720.0,1333.0000000000018],[1713.0,1333.0000000000018],[1713.0,1332.0],[1710.0,1332.0],[1710.0,1331.0000000000018],[1707.000000000001,1331.0000000000018],[1705.999999999999,1329.0000000000018],[1704.0,1329.0000000000018],[1703.0,1327.0000000000018],[1702.0,1327.0000000000018],[1702.0,1325.0000000000018],[1700.0,1324.0],[1700.0,1323.0000000000018],[1699.0,1323.0000000000018],[1699.0,1322.0],[1689.000000000001,1322.0],[1689.000000000001,1321.0],[1661.999999999999,1321.0],[1661.999999999999,1322.0],[1658.0,1322.0],[1658.0,1323.0000000000018],[1655.0,1323.0000000000018],[1655.0,1324.0],[1650.999999999999,1324.0],[1650.999999999999,1325.0000000000018],[1649.0,1325.0000000000018],[1649.0,1326.0],[1648.0,1326.0],[1648.0,1327.0000000000018],[1646.000000000001,1327.0000000000018],[1646.000000000001,1329.0000000000018],[1644.0,1329.0000000000018],[1644.0,1331.0000000000018],[1642.0,1331.0000000000018],[1642.0,1332.0],[1639.999999999999,1332.0],[1639.999999999999,1333.0000000000018],[1639.0,1333.0000000000018],[1639.0,1335.0000000000018],[1638.0,1335.0000000000018],[1638.0,1341.0000000000018],[1639.0,1341.0000000000018],[1639.0,1342.0],[1641.000000000001,1342.0],[1642.0,1344.0],[1643.0,1344.0],[1643.0,1345.0000000000018],[1644.0,1345.0000000000018],[1644.0,1346.0],[1645.000000000001,1346.0],[1645.000000000001,1347.0000000000018],[1646.000000000001,1347.0000000000018],[1646.000000000001,1348.0],[1647.0,1348.0],[1647.0,1349.0000000000018],[1648.0,1349.0000000000018],[1648.0,1352.0],[1650.0,1352.0],[1650.0,1355.0000000000018],[1650.999999999999,1355.0000000000018],[1650.999999999999,1356.0],[1650.0,1356.0],[1650.0,1359.0000000000018],[1650.999999999999,1359.0000000000018],[1650.999999999999,1360.0],[1650.0,1360.0],[1650.0,1365.0],[1649.0,1365.0],[1649.0,1367.0000000000018],[1647.0,1368.0],[1647.0,1369.0],[1646.000000000001,1369.0],[1646.000000000001,1370.0],[1644.0,1370.0],[1644.0,1371.0000000000018],[1642.0,1371.0000000000018],[1642.0,1372.0],[1639.999999999999,1372.0],[1639.0,1374.0],[1637.0,1374.0],[1637.0,1375.0000000000018],[1631.0,1375.0000000000018],[1631.0,1376.0],[1628.999999999999,1376.0],[1628.999999999999,1378.0],[1628.0,1378.0],[1628.0,1380.0],[1626.0,1381.0],[1626.0,1382.0],[1625.0,1382.0],[1625.0,1383.0],[1623.000000000001,1383.0],[1623.000000000001,1385.0],[1622.0,1385.0],[1622.0,1386.0],[1608.000000000001,1386.0],[1608.000000000001,1387.0],[1602.000000000001,1387.0],[1602.000000000001,1388.0],[1600.0,1388.0],[1600.0,1390.0],[1599.0,1390.0],[1599.0,1393.0],[1597.0,1394.0],[1597.0,1398.0],[1595.0,1398.0],[1595.0,1400.0],[1593.0,1401.0],[1593.0,1403.0],[1592.0,1403.0],[1592.0,1404.0],[1590.000000000001,1404.0],[1590.000000000001,1405.0],[1589.0,1405.0],[1589.0,1407.0],[1587.0,1407.0],[1587.0,1409.0],[1586.0,1409.0],[1586.0,1410.0000000000018],[1584.0,1410.0000000000018],[1584.0,1411.0],[1582.0,1411.0],[1581.0,1413.0],[1578.0,1413.0],[1578.0,1414.0000000000018],[1576.0,1414.0000000000018],[1576.0,1413.0],[1554.0,1413.0],[1554.0,1412.0000000000018],[1546.000000000001,1412.0000000000018],[1546.000000000001,1413.0],[1543.0,1413.0],[1542.0,1415.0],[1540.999999999999,1415.0],[1540.999999999999,1416.0000000000018],[1540.0,1416.0000000000018],[1540.0,1417.0],[1537.0,1417.0],[1537.0,1418.0000000000018],[1535.000000000001,1418.0000000000018],[1535.000000000001,1417.0],[1533.0,1417.0],[1532.0,1415.0],[1531.0,1415.0],[1531.0,1414.0000000000018],[1529.0,1414.0000000000018],[1528.0,1412.0000000000018],[1526.0,1412.0000000000018],[1525.000000000001,1410.0000000000018],[1523.0,1410.0000000000018],[1522.0,1408.0000000000018],[1521.0,1408.0000000000018],[1521.0,1407.0],[1520.0,1407.0],[1520.0,1406.0],[1518.999999999999,1406.0],[1518.999999999999,1405.0],[1518.0,1405.0],[1518.0,1403.0],[1516.0,1402.0],[1516.0,1395.0],[1517.0,1395.0],[1517.0,1391.0],[1518.0,1391.0],[1518.0,1387.0],[1518.999999999999,1387.0],[1518.999999999999,1382.0],[1518.0,1382.0],[1518.0,1381.0],[1518.999999999999,1381.0],[1518.999999999999,1379.0],[1520.0,1379.0],[1520.0,1376.0],[1521.0,1376.0],[1521.0,1370.0],[1520.0,1370.0],[1520.0,1367.0000000000018],[1518.999999999999,1367.0000000000018],[1518.999999999999,1365.0],[1518.0,1365.0],[1518.0,1364.0],[1518.999999999999,1364.0],[1518.999999999999,1359.0000000000018],[1518.0,1359.0000000000018],[1518.0,1356.0],[1517.0,1356.0],[1517.0,1354.0],[1515.0,1353.0000000000018],[1515.0,1349.0000000000018],[1514.000000000001,1349.0000000000018],[1514.000000000001,1347.0000000000018],[1512.0,1346.0],[1512.0,1345.0000000000018],[1511.0,1345.0000000000018],[1511.0,1344.0],[1509.0,1344.0],[1509.0,1343.0000000000018],[1507.0,1343.0000000000018],[1507.0,1342.0],[1504.0,1342.0],[1504.0,1341.0000000000018],[1502.000000000001,1341.0000000000018],[1502.000000000001,1340.0],[1500.0,1340.0],[1500.0,1339.0000000000018],[1496.0,1339.0000000000018],[1495.0,1337.0000000000018],[1493.0,1337.0000000000018],[1493.0,1336.0],[1491.000000000001,1336.0],[1490.0,1334.0],[1489.0,1334.0],[1489.0,1333.0000000000018],[1488.0,1333.0000000000018],[1488.0,1332.0],[1485.999999999999,1332.0],[1485.999999999999,1330.0],[1484.0,1330.0],[1484.0,1328.0],[1483.0,1328.0],[1483.0,1326.0],[1482.0,1326.0],[1482.0,1324.0],[1480.000000000001,1324.0],[1480.000000000001,1322.0],[1478.0,1321.0],[1478.0,1318.0],[1477.0,1318.0],[1477.0,1316.0],[1476.0,1316.0],[1476.0,1314.0],[1474.999999999999,1314.0],[1474.999999999999,1312.0],[1474.0,1312.0],[1474.0,1311.0],[1472.0,1311.0],[1472.0,1309.0],[1470.000000000001,1309.0],[1470.000000000001,1307.0],[1468.0,1306.0],[1468.0,1303.0],[1467.0,1303.0],[1467.0,1300.0],[1466.0,1300.0],[1466.0,1297.0],[1463.999999999999,1297.0],[1463.999999999999,1295.0],[1462.0,1294.0],[1462.0,1292.0],[1461.0,1292.0],[1461.0,1290.0000000000018],[1460.0,1290.0000000000018],[1460.0,1288.0],[1458.000000000001,1287.0],[1458.000000000001,1285.0],[1457.0,1285.0],[1457.0,1284.0],[1456.0,1284.0],[1456.0,1282.0000000000018],[1454.0,1281.0],[1454.0,1279.0],[1452.999999999999,1279.0],[1452.999999999999,1277.0],[1452.0,1277.0],[1452.0,1275.0],[1451.0,1275.0],[1451.0,1273.0],[1450.0,1273.0],[1450.0,1271.0],[1448.000000000001,1270.0000000000018],[1448.000000000001,1260.0000000000018],[1446.0,1259.0],[1446.0,1256.0000000000018],[1444.0,1256.0000000000018],[1444.0,1255.0],[1443.0,1255.0],[1443.0,1253.0],[1441.0,1253.0],[1441.0,1251.0],[1440.0,1251.0],[1440.0,1250.0000000000018],[1438.0,1250.0000000000018],[1437.000000000001,1248.0000000000018],[1436.000000000001,1248.0000000000018],[1436.000000000001,1246.0000000000018],[1434.0,1246.0000000000018],[1434.0,1245.0],[1432.0,1245.0],[1432.0,1244.0000000000018],[1430.0,1244.0000000000018],[1430.0,1243.0],[1428.0,1243.0],[1428.0,1242.0000000000018],[1425.000000000001,1242.0000000000018],[1424.0,1240.0000000000018],[1422.0,1240.0000000000018],[1421.0,1238.0000000000018],[1419.999999999999,1238.0000000000018],[1419.999999999999,1237.0],[1419.0,1237.0],[1419.0,1236.0],[1418.0,1236.0],[1418.0,1235.0],[1416.0,1235.0],[1416.0,1234.0],[1414.000000000001,1234.0],[1414.000000000001,1233.0],[1412.0,1233.0],[1412.0,1231.0],[1410.0,1231.0],[1410.0,1230.0],[1408.0,1230.0],[1408.0,1229.0],[1406.0,1229.0],[1405.0,1227.0],[1403.000000000001,1227.0],[1403.000000000001,1226.0],[1401.0,1226.0],[1401.0,1225.0],[1400.0,1225.0],[1400.0,1223.0],[1398.000000000001,1223.0],[1396.999999999999,1221.0],[1396.0,1221.0],[1396.0,1220.0],[1395.0,1220.0],[1395.0,1219.0],[1394.0,1219.0],[1394.0,1218.0],[1393.0,1218.0],[1393.0,1216.0],[1392.000000000001,1216.0],[1392.000000000001,1215.0],[1390.0,1215.0],[1389.0,1213.0],[1387.000000000001,1213.0],[1385.999999999999,1211.0],[1385.0,1211.0],[1385.0,1210.0],[1383.0,1210.0],[1382.0,1208.0],[1381.000000000001,1208.0],[1381.000000000001,1206.0],[1380.0,1206.0],[1380.0,1205.0000000000018],[1378.0,1205.0000000000018],[1377.0,1203.0],[1376.000000000001,1203.0],[1376.000000000001,1202.0],[1374.999999999999,1202.0],[1374.999999999999,1201.0000000000018],[1374.0,1201.0000000000018],[1374.0,1200.0],[1373.0,1200.0],[1373.0,1199.0],[1372.0,1199.0],[1372.0,1198.0],[1371.0,1198.0],[1371.0,1196.0],[1369.0,1196.0],[1369.0,1195.0],[1367.0,1195.0],[1367.0,1194.0],[1365.000000000001,1194.0],[1363.999999999999,1192.0],[1363.0,1192.0],[1363.0,1191.0],[1361.0,1191.0],[1361.0,1190.0],[1359.000000000001,1190.0]]]}},{"type":"Feature","id":"country-008-mainland-southwest-region-012","properties":{"id":"country-008-mainland-southwest-region-012","number":12,"name":"Немланд","type":"region","countryId":"country-008","targetComponentId":"mainland-southwest","datasetId":"country-008/mainland-southwest","styleIndex":1,"isCapital":false,"capital":false,"labelRank":3,"importance":3,"areaWorld":40.91316526610636,"labelPointMethod":"representative-point","source":"regions/country-008/mainland-southwest/regions-source.png"},"geometry":{"type":"Polygon","coordinates":[[[826.0,910.0000000000018],[827.0,910.0000000000018],[827.0,909.0],[828.0,909.0],[829.0,907.0],[832.0,907.0],[832.0,906.0000000000018],[834.0,906.0000000000018],[834.0,905.0],[837.0,905.0],[837.0,904.0000000000018],[840.0,904.0000000000018],[840.0,903.0],[842.0,903.0],[842.0,902.0000000000018],[845.0,902.0000000000018],[845.0,901.0],[847.0000000000009,901.0],[847.0000000000009,900.0000000000018],[850.0,900.0000000000018],[850.0,899.0],[852.0000000000009,899.0],[852.0000000000009,898.0000000000018],[855.0,898.0000000000018],[855.0,897.0],[856.9999999999991,897.0],[856.9999999999991,896.0000000000018],[860.0,896.0000000000018],[860.0,895.0],[862.0,895.0],[862.0,894.0],[864.0,894.0],[864.0,893.0],[867.0,893.0],[867.0,892.0],[869.0000000000009,892.0],[869.0000000000009,891.0],[873.0,891.0],[873.0,890.0],[876.0,890.0],[876.0,889.0],[885.0000000000009,889.0],[885.0000000000009,890.0],[886.0,890.0],[886.0,900.0000000000018],[885.0000000000009,900.0000000000018],[885.0000000000009,904.0000000000018],[884.0,904.0000000000018],[884.0,909.0],[883.0,909.0],[883.0,917.0],[884.0,917.0],[884.0,920.0000000000018],[885.0000000000009,920.0000000000018],[886.0,922.0000000000018],[888.0,922.0000000000018],[888.0,923.0],[893.0,923.0],[893.0,924.0000000000018],[897.0,924.0000000000018],[897.0,925.0],[902.0000000000009,925.0],[902.0000000000009,926.0000000000018],[904.0,926.0000000000018],[904.0,927.0],[906.0,927.0],[906.0,929.0],[907.0000000000009,929.0],[907.0000000000009,932.0000000000018],[908.0,932.0000000000018],[908.0,934.0000000000018],[909.0,934.0000000000018],[909.0,936.0],[910.0,936.0],[910.0,938.0000000000018],[911.0,938.0000000000018],[911.0,939.0],[911.9999999999991,939.0],[911.9999999999991,940.0],[913.0000000000009,940.0],[913.0000000000009,941.0],[914.0,941.0],[914.0,942.0000000000018],[915.0,942.0000000000018],[915.0,943.0],[916.0,943.0],[917.0,945.0],[919.0,945.0],[919.0,946.0],[922.0,946.0],[922.0,947.0],[927.0,947.0],[927.0,948.0],[931.0,948.0],[931.0,949.0],[937.0,949.0],[937.0,950.0],[939.0,950.0],[939.0,952.0],[938.0,952.0],[938.0,956.0],[937.0,956.0],[937.0,959.0],[936.0,959.0],[936.0,962.0],[933.9999999999991,963.0],[933.9999999999991,965.0],[932.0,966.0],[932.0,968.0],[931.0,968.0],[931.0,969.0],[929.0000000000009,970.0],[929.0000000000009,972.0],[927.0,973.0],[927.0,975.0],[926.0,975.0],[926.0,976.0],[925.0,976.0],[925.0,978.0],[924.0000000000009,978.0],[924.0000000000009,981.0000000000018],[922.9999999999991,981.0000000000018],[922.9999999999991,984.0],[922.0,984.0],[922.0,988.0],[921.0,988.0],[921.0,991.0000000000018],[920.0,991.0000000000018],[920.0,996.0],[919.0,996.0],[919.0,998.0],[918.0000000000009,998.0],[918.0000000000009,1002.0],[917.0,1002.0],[917.0,1007.0000000000018],[916.0,1007.0000000000018],[916.0,1010.0],[915.0,1010.0],[915.0,1013.0000000000018],[910.0,1013.0000000000018],[910.0,1014.0],[905.0,1014.0],[905.0,1015.0000000000018],[902.0000000000009,1015.0000000000018],[902.0000000000009,1016.0],[891.0000000000009,1016.0],[891.0000000000009,1015.0000000000018],[886.0,1015.0000000000018],[885.0000000000009,1013.0000000000018],[884.0,1013.0000000000018],[884.0,1012.0],[883.0,1012.0],[883.0,1010.0],[882.0,1010.0],[882.0,1004.0],[881.0,1004.0],[881.0,996.0],[880.0000000000009,996.0],[880.0000000000009,993.0000000000018],[878.9999999999991,993.0000000000018],[878.9999999999991,991.0000000000018],[878.0,991.0000000000018],[878.0,989.0000000000018],[876.0,988.0],[876.0,986.0],[874.0000000000009,985.0000000000018],[874.0000000000009,984.0],[872.0,984.0],[871.0,982.0],[870.0,982.0],[870.0,981.0000000000018],[869.0000000000009,981.0000000000018],[869.0000000000009,980.0],[867.9999999999991,980.0],[867.9999999999991,979.0],[867.0,979.0],[867.0,978.0],[866.0,978.0],[866.0,977.0],[865.0,977.0],[865.0,975.0],[864.0,975.0],[864.0,971.0],[863.0000000000009,971.0],[863.0000000000009,958.0],[861.0,957.0],[861.0,956.0],[860.0,956.0],[860.0,955.0],[858.0000000000009,955.0],[858.0000000000009,954.0],[856.0,954.0],[856.0,953.0],[851.0,953.0],[851.0,952.0],[840.0,952.0],[840.0,951.0],[834.9999999999991,951.0],[834.9999999999991,950.0],[832.0,950.0],[832.0,949.0],[830.0000000000009,949.0],[829.0,947.0],[828.0,947.0],[828.0,946.0],[827.0,946.0],[827.0,945.0],[826.0,945.0],[826.0,931.0],[827.0,931.0],[827.0,911.0],[826.0,911.0],[826.0,910.0000000000018]]]}},{"type":"Feature","id":"country-008-mainland-southwest-region-013","properties":{"id":"country-008-mainland-southwest-region-013","number":13,"name":"Мительланд","type":"region","countryId":"country-008","targetComponentId":"mainland-southwest","datasetId":"country-008/mainland-southwest","styleIndex":2,"isCapital":false,"capital":false,"labelRank":3,"importance":3,"areaWorld":193.12044817927156,"labelPointMethod":"representative-point","source":"regions/country-008/mainland-southwest/regions-source.png"},"geometry":{"type":"Polygon","coordinates":[[[1269.0,948.0],[1269.0,950.0],[1268.0,950.0],[1268.0,961.0],[1267.0,961.0],[1267.0,963.0],[1266.000000000001,963.0],[1266.000000000001,965.0],[1264.999999999999,965.0],[1264.999999999999,966.0],[1263.0,966.0],[1263.0,967.0],[1261.0,967.0],[1261.0,968.0],[1259.0,968.0],[1259.0,969.0],[1258.0,969.0],[1258.0,970.0],[1257.0,970.0],[1256.0,972.0],[1253.0,972.0],[1253.0,973.0],[1252.0,973.0],[1251.0,975.0],[1249.000000000001,975.0],[1249.000000000001,976.0],[1248.0,976.0],[1248.0,979.0],[1247.0,979.0],[1247.0,981.0000000000018],[1248.0,981.0000000000018],[1248.0,985.0000000000018],[1249.000000000001,985.0000000000018],[1249.000000000001,986.0],[1250.0,986.0],[1250.0,987.0000000000018],[1251.0,987.0000000000018],[1251.0,988.0],[1253.0,989.0000000000018],[1253.0,991.0000000000018],[1255.000000000001,992.0],[1255.000000000001,994.0],[1256.0,994.0],[1256.0,995.0000000000018],[1256.0,997.0000000000018],[1255.000000000001,997.0000000000018],[1255.000000000001,999.0000000000018],[1253.999999999999,999.0000000000018],[1253.999999999999,1000.0],[1253.0,1000.0],[1252.0,1002.0],[1249.000000000001,1002.0],[1249.000000000001,1003.0000000000018],[1246.0,1003.0000000000018],[1246.0,1004.0],[1240.0,1004.0],[1240.0,1005.0000000000018],[1237.0,1005.0000000000018],[1237.0,1006.0],[1236.0,1006.0],[1236.0,1010.0],[1235.0,1010.0],[1235.0,1016.0],[1234.0,1016.0],[1234.0,1018.0],[1231.999999999999,1018.0],[1231.999999999999,1019.0000000000018],[1227.000000000001,1019.0000000000018],[1227.000000000001,1020.0],[1222.000000000001,1020.0],[1222.000000000001,1021.0],[1218.0,1021.0],[1218.0,1022.0],[1212.0,1022.0],[1212.0,1023.0000000000018],[1209.999999999999,1023.0000000000018],[1209.999999999999,1024.0],[1205.000000000001,1024.0],[1205.000000000001,1025.0],[1197.0,1025.0],[1197.0,1026.0],[1186.0,1026.0],[1186.0,1025.0],[1184.0,1025.0],[1183.000000000001,1023.0000000000018],[1181.999999999999,1023.0000000000018],[1181.999999999999,1021.0],[1181.0,1021.0],[1181.0,1009.0000000000018],[1180.0,1009.0000000000018],[1180.0,1007.0000000000018],[1179.0,1007.0000000000018],[1179.0,1005.0000000000018],[1176.999999999999,1005.0000000000018],[1176.0,1003.0000000000018],[1174.0,1003.0000000000018],[1174.0,1002.0],[1170.0,1002.0],[1170.0,1001.0000000000018],[1164.0,1001.0000000000018],[1164.0,1000.0],[1156.0,1000.0],[1156.0,999.0000000000018],[1142.0,999.0000000000018],[1142.0,1000.0],[1140.0,1000.0],[1140.0,1002.0],[1139.000000000001,1002.0],[1139.000000000001,1011.0000000000018],[1137.0,1012.0],[1137.0,1013.0000000000018],[1136.0,1013.0000000000018],[1136.0,1014.0],[1132.0,1014.0],[1132.0,1015.0000000000018],[1128.000000000001,1015.0000000000018],[1128.000000000001,1016.0],[1126.0,1016.0],[1126.0,1017.0000000000018],[1124.0,1017.0000000000018],[1124.0,1018.0],[1121.999999999999,1018.0],[1121.0,1020.0],[1120.0,1020.0],[1120.0,1021.0],[1119.0,1021.0],[1119.0,1023.0000000000018],[1118.0,1023.0000000000018],[1118.0,1029.0],[1117.000000000001,1029.0],[1117.000000000001,1035.0],[1116.000000000001,1035.0],[1116.000000000001,1045.0],[1115.0,1045.0],[1115.0,1048.0],[1114.0,1048.0],[1114.0,1050.0],[1112.0,1051.0],[1112.0,1052.0],[1110.999999999999,1052.0],[1110.999999999999,1053.0],[1109.0,1053.0],[1109.0,1054.0],[1107.0,1054.0],[1107.0,1055.0],[1088.999999999999,1055.0],[1088.999999999999,1054.0],[1085.0,1054.0],[1085.0,1053.0],[1082.0,1053.0],[1082.0,1052.0],[1080.0,1052.0],[1080.0,1051.0],[1077.999999999999,1051.0],[1077.0,1049.0],[1075.0,1049.0],[1075.0,1048.0],[1074.0,1048.0],[1074.0,1047.0],[1072.000000000001,1047.0],[1072.000000000001,1046.0],[1070.0,1046.0],[1070.0,1045.0],[1068.0,1045.0],[1068.0,1044.0],[1066.0,1044.0],[1066.0,1043.0],[1064.0,1043.0],[1064.0,1042.0],[1062.000000000001,1042.0],[1062.000000000001,1041.0],[1059.0,1041.0],[1059.0,1040.0],[1055.999999999999,1040.0],[1055.999999999999,1039.0],[1052.0,1039.0],[1052.0,1038.0],[1049.0,1038.0],[1049.0,1037.0],[1046.0,1037.0],[1046.0,1036.0],[1039.000000000001,1036.0],[1039.000000000001,1035.0],[1006.0000000000009,1035.0],[1006.0000000000009,1034.0],[1000.0,1034.0],[1000.0,1033.0],[997.0,1033.0],[997.0,1032.0],[993.0,1032.0],[993.0,1031.0],[990.0000000000009,1031.0],[989.0,1029.0],[987.0,1029.0],[987.0,1028.0],[985.0000000000009,1028.0],[985.0000000000009,1027.0000000000018],[983.0,1027.0000000000018],[982.0,1025.0],[980.0,1025.0],[980.0,1024.0],[979.0000000000009,1024.0],[979.0000000000009,1023.0000000000018],[977.0,1023.0000000000018],[976.0,1021.0],[974.0,1021.0],[974.0,1020.0],[971.0,1020.0],[971.0,1019.0000000000018],[965.0,1019.0000000000018],[965.0,1018.0],[955.9999999999991,1018.0],[955.9999999999991,1017.0000000000018],[939.0,1017.0000000000018],[939.0,1018.0],[938.0,1018.0],[938.0,1017.0000000000018],[933.0,1017.0000000000018],[933.0,1016.0],[925.0,1016.0],[925.0,1015.0000000000018],[918.0000000000009,1015.0000000000018],[918.0000000000009,1014.0],[915.0,1014.0],[915.0,1013.0000000000018],[915.0,1010.0],[916.0,1010.0],[916.0,1007.0000000000018],[917.0,1007.0000000000018],[917.0,1002.0],[918.0000000000009,1002.0],[918.0000000000009,998.0],[919.0,998.0],[919.0,996.0],[920.0,996.0],[920.0,991.0000000000018],[921.0,991.0000000000018],[921.0,988.0],[922.0,988.0],[922.0,984.0],[922.9999999999991,984.0],[922.9999999999991,981.0000000000018],[924.0000000000009,981.0000000000018],[924.0000000000009,978.0],[925.0,978.0],[925.0,976.0],[926.0,976.0],[926.0,975.0],[927.0,975.0],[927.0,973.0],[929.0000000000009,972.0],[929.0000000000009,970.0],[931.0,969.0],[931.0,968.0],[932.0,968.0],[932.0,966.0],[933.9999999999991,965.0],[933.9999999999991,963.0],[936.0,962.0],[936.0,959.0],[937.0,959.0],[937.0,956.0],[938.0,956.0],[938.0,952.0],[939.0,952.0],[939.0,950.0],[941.0,949.0],[941.0,948.0],[942.0,948.0],[942.0,947.0],[943.0,947.0],[943.0,946.0],[944.0,946.0],[944.0,945.0],[944.9999999999991,945.0],[944.9999999999991,944.0],[946.0000000000009,944.0],[946.0000000000009,942.0000000000018],[948.0,941.0],[948.0,940.0],[949.0,940.0],[949.0,938.0000000000018],[950.0,938.0000000000018],[950.0,936.0],[951.0000000000009,936.0],[951.0000000000009,934.0000000000018],[953.0,933.0],[953.0,931.0],[954.0,931.0],[954.0,930.0000000000018],[955.0,930.0000000000018],[955.0,928.0000000000018],[957.0000000000009,927.0],[957.0000000000009,925.0],[959.0,924.0000000000018],[959.0,923.0],[960.0,923.0],[960.0,922.0000000000018],[961.0,922.0000000000018],[961.0,921.0],[966.9999999999991,921.0],[966.9999999999991,922.0000000000018],[968.0000000000009,922.0000000000018],[968.0000000000009,923.0],[969.0,923.0],[969.0,924.0000000000018],[970.0,924.0000000000018],[970.0,925.0],[971.0,925.0],[971.0,926.0000000000018],[972.0,926.0000000000018],[972.0,927.0],[973.0000000000009,927.0],[973.0000000000009,928.0000000000018],[974.0,928.0000000000018],[974.0,929.0],[975.0,929.0],[975.0,930.0000000000018],[976.0,930.0000000000018],[977.0,932.0000000000018],[979.0000000000009,932.0000000000018],[979.0000000000009,933.0],[980.0,933.0],[980.0,934.0000000000018],[981.0,934.0000000000018],[982.0,936.0],[984.0000000000009,936.0],[985.0000000000009,938.0000000000018],[987.0,938.0000000000018],[987.0,939.0],[989.0,939.0],[989.0,940.0],[991.0,940.0],[991.0,941.0],[993.0,941.0],[993.0,942.0000000000018],[996.0000000000009,942.0000000000018],[996.0000000000009,943.0],[1003.0,943.0],[1003.0,944.0],[1011.0,944.0],[1011.0,943.0],[1013.0,943.0],[1013.0,942.0000000000018],[1015.0,942.0000000000018],[1015.0,941.0],[1017.0000000000009,941.0],[1018.0000000000009,939.0],[1020.0,939.0],[1020.0,938.0000000000018],[1021.0,938.0000000000018],[1022.0,936.0],[1024.0,936.0],[1024.0,935.0],[1025.0,935.0],[1026.0,933.0],[1028.000000000001,933.0],[1028.000000000001,932.0000000000018],[1029.000000000001,932.0000000000018],[1030.0,930.0000000000018],[1032.0,930.0000000000018],[1032.0,929.0],[1033.0,929.0],[1033.0,928.0000000000018],[1034.000000000001,928.0000000000018],[1034.000000000001,927.0],[1035.0,927.0],[1035.0,926.0000000000018],[1036.0,926.0000000000018],[1036.0,925.0],[1037.0,925.0],[1037.0,924.0000000000018],[1038.0,924.0000000000018],[1038.0,923.0],[1039.000000000001,923.0],[1039.000000000001,922.0000000000018],[1040.000000000001,922.0000000000018],[1040.000000000001,921.0],[1041.0,921.0],[1041.0,920.0000000000018],[1042.0,920.0000000000018],[1042.0,919.0],[1043.0,919.0],[1043.0,918.0000000000018],[1044.0,918.0000000000018],[1044.0,917.0],[1044.999999999999,917.0],[1046.0,915.0],[1048.0,915.0],[1048.0,914.0000000000018],[1049.0,914.0000000000018],[1050.000000000001,912.0000000000018],[1052.0,912.0000000000018],[1052.0,911.0],[1054.0,911.0],[1054.0,910.0000000000018],[1055.999999999999,910.0000000000018],[1055.999999999999,909.0],[1059.0,909.0],[1059.0,908.0000000000018],[1063.0,908.0000000000018],[1063.0,907.0],[1071.0,907.0],[1071.0,908.0000000000018],[1075.0,908.0000000000018],[1075.0,909.0],[1077.999999999999,909.0],[1077.999999999999,910.0000000000018],[1083.000000000001,910.0000000000018],[1083.000000000001,911.0],[1086.0,911.0],[1086.0,912.0000000000018],[1090.0,912.0000000000018],[1090.0,913.0],[1092.0,913.0],[1092.0,914.0000000000018],[1094.000000000001,914.0000000000018],[1094.000000000001,915.0],[1096.0,915.0],[1096.0,916.0000000000018],[1098.0,916.0000000000018],[1098.0,917.0],[1099.999999999999,917.0],[1099.999999999999,918.0000000000018],[1102.0,918.0000000000018],[1102.0,919.0],[1105.000000000001,919.0],[1105.000000000001,920.0000000000018],[1108.0,920.0000000000018],[1108.0,921.0],[1112.0,921.0],[1112.0,922.0000000000018],[1119.0,922.0000000000018],[1119.0,923.0],[1120.0,923.0],[1120.0,922.0000000000018],[1124.0,922.0000000000018],[1124.0,921.0],[1126.0,921.0],[1126.0,920.0000000000018],[1126.999999999999,920.0000000000018],[1126.999999999999,919.0],[1128.000000000001,919.0],[1128.000000000001,918.0000000000018],[1129.0,918.0000000000018],[1129.0,917.0],[1130.0,917.0],[1130.0,916.0000000000018],[1132.0,915.0],[1132.0,913.0],[1134.0,912.0000000000018],[1134.0,910.0000000000018],[1135.0,910.0000000000018],[1135.0,908.0000000000018],[1136.0,908.0000000000018],[1136.0,907.0],[1137.0,907.0],[1137.0,906.0000000000018],[1139.000000000001,905.0],[1139.000000000001,903.0],[1140.0,903.0],[1140.0,902.0000000000018],[1141.0,902.0000000000018],[1141.0,901.0],[1142.0,901.0],[1143.0,899.0],[1145.0,899.0],[1145.0,898.0000000000018],[1154.0,898.0000000000018],[1154.0,899.0],[1156.0,899.0],[1156.0,900.0000000000018],[1158.0,900.0000000000018],[1158.0,901.0],[1159.0,901.0],[1159.0,902.0000000000018],[1159.999999999999,902.0000000000018],[1159.999999999999,903.0],[1161.000000000001,903.0],[1161.000000000001,904.0000000000018],[1163.0,905.0],[1163.0,907.0],[1165.0,908.0000000000018],[1165.0,910.0000000000018],[1165.999999999999,910.0000000000018],[1165.999999999999,911.0],[1167.0,911.0],[1167.0,912.0000000000018],[1168.0,912.0000000000018],[1168.0,913.0],[1169.0,913.0],[1169.0,914.0000000000018],[1170.0,914.0000000000018],[1170.0,915.0],[1170.999999999999,915.0],[1170.999999999999,916.0000000000018],[1172.000000000001,916.0000000000018],[1172.000000000001,917.0],[1173.0,917.0],[1174.0,919.0],[1176.0,919.0],[1176.0,920.0000000000018],[1176.999999999999,920.0000000000018],[1176.999999999999,921.0],[1179.0,921.0],[1179.0,922.0000000000018],[1181.999999999999,922.0000000000018],[1181.999999999999,923.0],[1186.0,923.0],[1186.0,924.0000000000018],[1189.000000000001,924.0000000000018],[1189.000000000001,923.0],[1193.0,923.0],[1193.0,922.0000000000018],[1195.0,922.0000000000018],[1195.0,921.0],[1198.0,921.0],[1198.0,920.0000000000018],[1201.0,920.0000000000018],[1201.0,919.0],[1203.0,919.0],[1203.0,918.0000000000018],[1204.0,918.0000000000018],[1204.0,917.0],[1206.0,916.0000000000018],[1206.0,912.0000000000018],[1207.0,912.0000000000018],[1207.0,902.0000000000018],[1208.0,902.0000000000018],[1208.0,901.0],[1209.999999999999,901.0],[1209.999999999999,900.0000000000018],[1216.000000000001,900.0000000000018],[1216.000000000001,899.0],[1220.999999999999,899.0],[1220.999999999999,898.0000000000018],[1224.0,898.0000000000018],[1225.0,896.0000000000018],[1227.000000000001,896.0000000000018],[1227.000000000001,895.0],[1228.0,895.0],[1228.0,894.0],[1230.0,893.0],[1231.0,893.0],[1231.0,894.0],[1233.000000000001,894.0],[1233.000000000001,896.0000000000018],[1234.0,896.0000000000018],[1234.0,899.0],[1235.0,899.0],[1235.0,901.0],[1236.0,901.0],[1236.0,906.0000000000018],[1237.0,906.0000000000018],[1237.0,910.0000000000018],[1238.000000000001,910.0000000000018],[1238.000000000001,912.0000000000018],[1239.0,912.0000000000018],[1239.0,914.0000000000018],[1240.0,914.0000000000018],[1240.0,924.0000000000018],[1239.0,924.0000000000018],[1239.0,927.0],[1238.000000000001,927.0],[1238.000000000001,930.0000000000018],[1239.0,930.0000000000018],[1239.0,933.0],[1240.0,933.0],[1240.0,934.0000000000018],[1241.0,934.0000000000018],[1242.0,936.0],[1247.0,936.0],[1248.0,938.0000000000018],[1250.0,938.0000000000018],[1250.0,940.0],[1253.999999999999,940.0],[1253.999999999999,941.0],[1256.0,941.0],[1256.0,942.0000000000018],[1258.0,942.0000000000018],[1259.0,944.0],[1261.0,944.0],[1261.0,945.0],[1264.0,945.0],[1264.0,947.0],[1266.000000000001,947.0],[1266.000000000001,948.0],[1269.0,948.0]]]}},{"type":"Feature","id":"country-008-mainland-southwest-region-014","properties":{"id":"country-008-mainland-southwest-region-014","number":14,"name":"Немецк","type":"region","countryId":"country-008","targetComponentId":"mainland-southwest","datasetId":"country-008/mainland-southwest","styleIndex":3,"isCapital":true,"capital":true,"labelRank":3,"importance":3,"areaWorld":46.31372549019595,"labelPointMethod":"representative-point","source":"regions/country-008/mainland-southwest/regions-source.png"},"geometry":{"type":"Polygon","coordinates":[[[933.0,832.0],[933.0,833.0000000000018],[935.0000000000009,833.0000000000018],[935.0000000000009,834.0],[937.0,834.0],[938.0,836.0],[940.0000000000009,836.0],[940.0000000000009,837.0000000000018],[942.0,837.0000000000018],[943.0,839.0000000000018],[944.9999999999991,839.0000000000018],[944.9999999999991,840.0],[946.0000000000009,840.0],[946.0000000000009,841.0000000000018],[947.0,841.0000000000018],[947.0,842.0],[948.0,842.0],[948.0,843.0000000000018],[949.0,843.0000000000018],[949.0,844.0],[950.0,844.0],[950.0,845.0000000000018],[951.0000000000009,845.0000000000018],[951.0000000000009,846.0],[952.0,846.0],[953.0,848.0],[955.0,848.0],[955.9999999999991,850.0],[959.0,850.0],[960.0,852.0],[962.0000000000009,852.0],[962.0000000000009,853.0000000000018],[964.0,853.0000000000018],[964.0,854.0],[965.0,854.0],[966.0,856.0],[968.0000000000009,856.0],[968.0000000000009,857.0000000000018],[970.0,858.0],[970.0,860.0],[972.0,861.0],[972.0,863.0],[974.0,864.0],[974.0,866.0],[975.0,866.0],[975.0,868.0],[977.0,869.0],[977.0,871.0],[979.0000000000009,872.0],[979.0000000000009,875.0],[980.0,875.0],[980.0,877.0],[981.0,877.0],[981.0,879.0],[982.0,879.0],[982.0,882.0],[983.0,882.0],[983.0,889.0],[984.0000000000009,889.0],[984.0000000000009,890.0],[983.0,890.0],[983.0,900.0000000000018],[982.0,900.0000000000018],[982.0,902.0000000000018],[981.0,902.0000000000018],[981.0,904.0000000000018],[980.0,904.0000000000018],[980.0,906.0000000000018],[979.0000000000009,906.0000000000018],[979.0000000000009,907.0],[977.9999999999991,907.0],[977.9999999999991,908.0000000000018],[977.0,908.0000000000018],[977.0,909.0],[975.0,910.0000000000018],[975.0,912.0000000000018],[974.0,912.0000000000018],[974.0,913.0],[973.0000000000009,913.0],[973.0000000000009,914.0000000000018],[972.0,914.0000000000018],[972.0,915.0],[971.0,915.0],[971.0,916.0000000000018],[970.0,916.0000000000018],[970.0,917.0],[969.0,917.0],[969.0,918.0000000000018],[966.9999999999991,919.0],[966.9999999999991,921.0],[961.0,921.0],[961.0,922.0000000000018],[960.0,922.0000000000018],[960.0,923.0],[959.0,923.0],[959.0,924.0000000000018],[957.0000000000009,925.0],[957.0000000000009,927.0],[955.0,928.0000000000018],[955.0,930.0000000000018],[954.0,930.0000000000018],[954.0,931.0],[953.0,931.0],[953.0,933.0],[951.0000000000009,934.0000000000018],[951.0000000000009,936.0],[950.0,936.0],[950.0,938.0000000000018],[949.0,938.0000000000018],[949.0,940.0],[948.0,940.0],[948.0,941.0],[946.0000000000009,942.0000000000018],[946.0000000000009,944.0],[944.9999999999991,944.0],[944.9999999999991,945.0],[944.0,945.0],[944.0,946.0],[943.0,946.0],[943.0,947.0],[942.0,947.0],[942.0,948.0],[941.0,948.0],[941.0,949.0],[939.0,950.0],[937.0,950.0],[937.0,949.0],[931.0,949.0],[931.0,948.0],[927.0,948.0],[927.0,947.0],[922.0,947.0],[922.0,946.0],[919.0,946.0],[919.0,945.0],[917.0,945.0],[916.0,943.0],[915.0,943.0],[915.0,942.0000000000018],[914.0,942.0000000000018],[914.0,941.0],[913.0000000000009,941.0],[913.0000000000009,940.0],[911.9999999999991,940.0],[911.9999999999991,939.0],[911.0,939.0],[911.0,938.0000000000018],[910.0,938.0000000000018],[910.0,936.0],[909.0,936.0],[909.0,934.0000000000018],[908.0,934.0000000000018],[908.0,932.0000000000018],[907.0000000000009,932.0000000000018],[907.0000000000009,929.0],[906.0,929.0],[906.0,927.0],[904.0,927.0],[904.0,926.0000000000018],[902.0000000000009,926.0000000000018],[902.0000000000009,925.0],[897.0,925.0],[897.0,924.0000000000018],[893.0,924.0000000000018],[893.0,923.0],[888.0,923.0],[888.0,922.0000000000018],[886.0,922.0000000000018],[885.0000000000009,920.0000000000018],[884.0,920.0000000000018],[884.0,917.0],[883.0,917.0],[883.0,909.0],[884.0,909.0],[884.0,904.0000000000018],[885.0000000000009,904.0000000000018],[885.0000000000009,900.0000000000018],[886.0,900.0000000000018],[886.0,890.0],[887.0,888.0],[888.0,888.0],[888.0,887.0],[889.0,887.0],[889.0,885.0],[889.9999999999991,885.0],[889.9999999999991,882.0],[891.0000000000009,882.0],[891.0000000000009,878.0],[892.0,878.0],[892.0,877.0],[891.0000000000009,877.0],[891.0000000000009,873.0],[889.9999999999991,873.0],[889.9999999999991,870.0],[889.0,870.0],[889.0,868.0],[888.0,868.0],[888.0,865.0],[887.0,865.0],[887.0,863.0],[886.0,863.0],[886.0,854.0],[887.0,854.0],[887.0,852.0],[888.0,852.0],[888.0,850.0],[889.0,850.0],[889.0,849.0000000000018],[891.0000000000009,849.0000000000018],[891.0000000000009,848.0],[894.0,848.0],[895.0,846.0],[896.0000000000009,846.0],[896.0000000000009,845.0000000000018],[897.0,845.0000000000018],[897.0,844.0],[899.0,844.0],[900.0,842.0],[900.9999999999991,842.0],[900.9999999999991,841.0000000000018],[903.0,841.0000000000018],[903.0,840.0],[905.0,840.0],[906.0,838.0],[908.0,838.0],[908.0,837.0000000000018],[911.0,837.0000000000018],[911.0,836.0],[915.0,836.0],[915.0,835.0000000000018],[927.0,835.0000000000018],[927.0,834.0],[929.0000000000009,834.0],[929.0000000000009,833.0000000000018],[932.0,833.0000000000018],[932.0,832.0],[933.0,832.0]]]}}]}