{"type":"FeatureCollection","features":[{"type":"Feature","id":"country-001","properties":{"id":"country-001","name":"Unassigned","type":"country","status":"mask-defined","source":"countries-mask","extractionConfidence":"authoritative-mask","rgb":[0,19,127],"color":"#00137f","polygonCount":24,"holeCount":0,"styleIndex":0},"geometry":{"type":"MultiPolygon","coordinates":[[[[138.0,524.0],[135.0,527.0],[135.0,532.0],[138.0,535.0],[143.0,538.0],[145.0,536.0],[145.0,532.0],[142.0,529.0],[141.0,526.0],[139.0,524.0],[138.0,524.0]]],[[[195.0,526.0],[191.0,522.0],[190.0,522.0],[188.0,524.0],[175.0,524.0],[173.0,527.0],[173.0,529.0],[170.0,533.0],[164.0,534.0],[162.0,532.0],[159.0,535.0],[157.0,535.0],[154.0,538.0],[154.0,540.0],[149.0,545.0],[149.0,546.0],[147.0,548.0],[144.0,549.0],[142.0,551.0],[142.0,553.0],[138.0,557.0],[142.0,565.0],[145.0,568.0],[148.0,568.0],[151.0,564.0],[153.0,566.0],[153.0,567.0],[156.0,569.0],[159.0,567.0],[161.0,567.0],[162.0,568.0],[165.0,565.0],[165.0,563.0],[167.0,561.0],[168.0,558.0],[171.0,555.0],[171.0,547.0],[176.0,542.0],[178.0,542.0],[179.0,541.0],[184.0,541.0],[185.0,540.0],[186.0,541.0],[193.0,533.0],[194.0,534.0],[195.0,533.0],[195.0,526.0]]],[[[252.0,470.0],[250.0,467.0],[245.0,467.0],[244.0,466.0],[242.0,467.0],[238.0,472.0],[240.0,474.0],[241.0,474.0],[246.0,471.0],[247.0,472.0],[248.0,471.0],[251.0,471.0],[252.0,470.0]]],[[[211.0,443.0],[208.0,446.0],[206.0,450.0],[209.0,453.0],[213.0,453.0],[214.0,454.0],[213.0,459.0],[217.0,464.0],[219.0,465.0],[222.0,465.0],[223.0,463.0],[221.0,461.0],[221.0,456.0],[222.0,455.0],[225.0,455.0],[227.0,453.0],[227.0,452.0],[224.0,449.0],[217.0,449.0],[215.0,447.0],[214.0,447.0],[211.0,443.0]]],[[[264.0,403.0],[272.0,411.0],[276.0,412.0],[277.0,413.0],[277.0,415.0],[279.0,417.0],[285.0,418.0],[292.0,421.0],[296.0,421.0],[297.0,420.0],[296.0,417.0],[294.0,415.0],[289.0,414.0],[283.0,408.0],[282.0,408.0],[280.0,406.0],[280.0,404.0],[277.0,401.0],[275.0,401.0],[273.0,399.0],[271.0,399.0],[269.0,401.0],[265.0,402.0],[264.0,403.0]]],[[[225.0,347.0],[225.0,348.0],[227.0,350.0],[227.0,354.0],[226.0,355.0],[226.0,357.0],[228.0,359.0],[228.0,364.0],[226.0,366.0],[226.0,369.0],[228.0,370.0],[234.0,376.0],[237.0,376.0],[239.0,377.0],[241.0,375.0],[241.0,374.0],[238.0,371.0],[238.0,369.0],[240.0,367.0],[242.0,367.0],[246.0,371.0],[246.0,373.0],[247.0,374.0],[251.0,374.0],[255.0,377.0],[258.0,377.0],[259.0,376.0],[259.0,374.0],[254.0,370.0],[253.0,365.0],[250.0,362.0],[249.0,359.0],[239.0,350.0],[239.0,348.0],[238.0,347.0],[239.0,343.0],[237.0,341.0],[233.0,341.0],[230.0,344.0],[227.0,345.0],[225.0,347.0]]],[[[213.0,338.0],[213.0,341.0],[216.0,344.0],[220.0,345.0],[223.0,343.0],[219.0,338.0],[217.0,337.0],[214.0,337.0],[213.0,338.0]]],[[[14.0,346.0],[14.0,349.0],[13.0,350.0],[13.0,355.0],[18.0,359.0],[19.0,359.0],[21.0,357.0],[21.0,355.0],[28.0,349.0],[30.0,349.0],[32.0,351.0],[39.0,351.0],[42.0,354.0],[45.0,354.0],[46.0,355.0],[49.0,355.0],[54.0,352.0],[62.0,352.0],[66.0,356.0],[70.0,358.0],[72.0,357.0],[78.0,362.0],[86.0,365.0],[89.0,370.0],[90.0,374.0],[92.0,376.0],[94.0,375.0],[93.0,373.0],[93.0,362.0],[92.0,361.0],[92.0,358.0],[90.0,354.0],[86.0,350.0],[80.0,348.0],[77.0,345.0],[73.0,345.0],[72.0,344.0],[70.0,344.0],[68.0,342.0],[66.0,337.0],[63.0,334.0],[61.0,333.0],[57.0,334.0],[55.0,332.0],[55.0,331.0],[50.0,327.0],[48.0,329.0],[44.0,329.0],[41.0,331.0],[31.0,330.0],[28.0,335.0],[24.0,339.0],[19.0,340.0],[14.0,346.0]]],[[[150.0,325.0],[149.0,326.0],[149.0,328.0],[150.0,329.0],[150.0,332.0],[149.0,333.0],[149.0,338.0],[153.0,340.0],[156.0,337.0],[156.0,335.0],[154.0,331.0],[154.0,327.0],[152.0,325.0],[150.0,325.0]]],[[[181.0,323.0],[178.0,323.0],[175.0,325.0],[174.0,324.0],[173.0,325.0],[167.0,325.0],[166.0,324.0],[163.0,324.0],[161.0,326.0],[165.0,330.0],[165.0,331.0],[161.0,336.0],[162.0,337.0],[162.0,343.0],[161.0,344.0],[161.0,346.0],[159.0,348.0],[158.0,347.0],[154.0,348.0],[150.0,344.0],[148.0,344.0],[147.0,345.0],[147.0,348.0],[149.0,351.0],[149.0,353.0],[151.0,355.0],[151.0,360.0],[149.0,362.0],[148.0,362.0],[146.0,359.0],[144.0,359.0],[142.0,357.0],[141.0,358.0],[140.0,357.0],[140.0,356.0],[142.0,354.0],[142.0,350.0],[141.0,349.0],[142.0,345.0],[141.0,344.0],[138.0,344.0],[134.0,347.0],[130.0,347.0],[129.0,346.0],[128.0,347.0],[124.0,344.0],[119.0,344.0],[116.0,347.0],[115.0,347.0],[112.0,351.0],[113.0,354.0],[116.0,357.0],[116.0,361.0],[111.0,366.0],[111.0,368.0],[113.0,370.0],[113.0,374.0],[114.0,376.0],[118.0,379.0],[118.0,382.0],[117.0,383.0],[112.0,383.0],[111.0,382.0],[109.0,386.0],[111.0,388.0],[113.0,392.0],[119.0,397.0],[120.0,400.0],[128.0,406.0],[130.0,406.0],[131.0,407.0],[138.0,407.0],[140.0,409.0],[141.0,409.0],[143.0,412.0],[147.0,411.0],[149.0,413.0],[150.0,412.0],[152.0,413.0],[152.0,415.0],[148.0,417.0],[141.0,424.0],[141.0,429.0],[139.0,431.0],[139.0,434.0],[140.0,435.0],[139.0,437.0],[141.0,441.0],[141.0,444.0],[140.0,445.0],[136.0,444.0],[135.0,443.0],[133.0,443.0],[132.0,444.0],[132.0,446.0],[134.0,448.0],[138.0,450.0],[148.0,461.0],[147.0,462.0],[147.0,466.0],[149.0,469.0],[148.0,473.0],[150.0,475.0],[150.0,476.0],[148.0,478.0],[145.0,479.0],[144.0,478.0],[142.0,470.0],[140.0,468.0],[136.0,467.0],[128.0,476.0],[128.0,478.0],[125.0,481.0],[125.0,483.0],[122.0,486.0],[120.0,486.0],[118.0,488.0],[118.0,490.0],[121.0,493.0],[127.0,492.0],[130.0,495.0],[137.0,497.0],[140.0,500.0],[140.0,502.0],[141.0,503.0],[141.0,507.0],[145.0,512.0],[145.0,513.0],[148.0,516.0],[153.0,515.0],[156.0,518.0],[155.0,520.0],[155.0,526.0],[156.0,527.0],[160.0,527.0],[163.0,523.0],[166.0,523.0],[168.0,521.0],[175.0,517.0],[179.0,517.0],[181.0,515.0],[185.0,515.0],[189.0,512.0],[191.0,512.0],[192.0,513.0],[198.0,512.0],[199.0,513.0],[200.0,512.0],[203.0,512.0],[204.0,511.0],[204.0,509.0],[200.0,505.0],[200.0,503.0],[199.0,502.0],[199.0,500.0],[201.0,498.0],[202.0,494.0],[203.0,493.0],[203.0,491.0],[201.0,488.0],[201.0,485.0],[202.0,483.0],[200.0,480.0],[199.0,480.0],[197.0,482.0],[193.0,480.0],[194.0,479.0],[194.0,475.0],[188.0,470.0],[187.0,464.0],[193.0,458.0],[198.0,458.0],[202.0,455.0],[199.0,449.0],[199.0,447.0],[201.0,445.0],[201.0,441.0],[213.0,431.0],[213.0,429.0],[214.0,428.0],[214.0,423.0],[213.0,422.0],[213.0,420.0],[216.0,417.0],[219.0,419.0],[219.0,421.0],[218.0,422.0],[218.0,428.0],[220.0,430.0],[220.0,434.0],[221.0,435.0],[221.0,439.0],[220.0,440.0],[222.0,442.0],[225.0,442.0],[227.0,440.0],[229.0,441.0],[231.0,440.0],[232.0,441.0],[232.0,444.0],[234.0,446.0],[238.0,444.0],[247.0,435.0],[248.0,436.0],[249.0,435.0],[249.0,434.0],[251.0,432.0],[251.0,428.0],[252.0,427.0],[252.0,423.0],[251.0,422.0],[251.0,420.0],[249.0,417.0],[249.0,415.0],[247.0,413.0],[245.0,413.0],[244.0,412.0],[240.0,412.0],[239.0,411.0],[239.0,408.0],[245.0,403.0],[252.0,400.0],[256.0,396.0],[254.0,394.0],[253.0,394.0],[251.0,392.0],[251.0,391.0],[252.0,390.0],[257.0,389.0],[259.0,387.0],[259.0,384.0],[257.0,382.0],[256.0,382.0],[254.0,384.0],[251.0,384.0],[249.0,382.0],[243.0,382.0],[238.0,385.0],[235.0,385.0],[230.0,381.0],[223.0,379.0],[222.0,378.0],[222.0,373.0],[221.0,372.0],[221.0,370.0],[219.0,368.0],[219.0,367.0],[217.0,365.0],[215.0,365.0],[209.0,358.0],[209.0,357.0],[211.0,355.0],[212.0,355.0],[217.0,359.0],[219.0,359.0],[220.0,358.0],[220.0,356.0],[217.0,353.0],[217.0,349.0],[212.0,345.0],[207.0,345.0],[203.0,341.0],[202.0,341.0],[200.0,338.0],[196.0,338.0],[195.0,339.0],[193.0,339.0],[188.0,330.0],[185.0,330.0],[184.0,329.0],[184.0,327.0],[181.0,323.0]]],[[[142.0,326.0],[141.0,325.0],[139.0,325.0],[136.0,327.0],[133.0,327.0],[132.0,326.0],[129.0,326.0],[128.0,325.0],[125.0,327.0],[123.0,327.0],[114.0,319.0],[111.0,319.0],[108.0,322.0],[107.0,330.0],[105.0,332.0],[103.0,332.0],[100.0,329.0],[100.0,324.0],[98.0,323.0],[92.0,330.0],[92.0,335.0],[93.0,336.0],[91.0,340.0],[91.0,342.0],[92.0,343.0],[92.0,346.0],[91.0,347.0],[92.0,348.0],[92.0,350.0],[93.0,351.0],[104.0,350.0],[106.0,348.0],[105.0,344.0],[110.0,340.0],[112.0,342.0],[113.0,342.0],[116.0,338.0],[117.0,339.0],[119.0,338.0],[122.0,342.0],[123.0,342.0],[125.0,340.0],[127.0,341.0],[129.0,340.0],[131.0,342.0],[132.0,341.0],[136.0,341.0],[137.0,340.0],[139.0,340.0],[142.0,337.0],[142.0,326.0]]],[[[149.0,317.0],[149.0,313.0],[146.0,311.0],[143.0,311.0],[142.0,312.0],[136.0,312.0],[135.0,313.0],[131.0,313.0],[130.0,312.0],[128.0,314.0],[128.0,315.0],[130.0,317.0],[132.0,317.0],[133.0,318.0],[142.0,318.0],[143.0,319.0],[147.0,319.0],[149.0,317.0]]],[[[374.0,314.0],[373.0,313.0],[363.0,314.0],[359.0,311.0],[358.0,307.0],[355.0,304.0],[348.0,304.0],[346.0,303.0],[343.0,306.0],[343.0,311.0],[342.0,312.0],[342.0,315.0],[338.0,319.0],[335.0,319.0],[333.0,317.0],[327.0,317.0],[326.0,318.0],[326.0,320.0],[323.0,322.0],[324.0,326.0],[327.0,332.0],[327.0,335.0],[323.0,339.0],[320.0,338.0],[316.0,335.0],[313.0,336.0],[312.0,338.0],[315.0,340.0],[321.0,341.0],[324.0,343.0],[328.0,343.0],[329.0,342.0],[331.0,343.0],[333.0,341.0],[335.0,336.0],[338.0,333.0],[339.0,333.0],[341.0,335.0],[343.0,335.0],[344.0,334.0],[345.0,335.0],[348.0,335.0],[350.0,333.0],[352.0,333.0],[353.0,332.0],[352.0,331.0],[354.0,329.0],[355.0,324.0],[358.0,321.0],[360.0,322.0],[364.0,322.0],[365.0,321.0],[367.0,321.0],[372.0,318.0],[374.0,316.0],[374.0,314.0]]],[[[436.0,361.0],[436.0,360.0],[431.0,354.0],[431.0,350.0],[432.0,349.0],[434.0,349.0],[438.0,345.0],[438.0,344.0],[437.0,343.0],[435.0,344.0],[433.0,343.0],[432.0,341.0],[432.0,337.0],[431.0,336.0],[432.0,334.0],[430.0,332.0],[426.0,336.0],[423.0,336.0],[421.0,334.0],[420.0,334.0],[417.0,337.0],[413.0,334.0],[411.0,334.0],[410.0,333.0],[406.0,334.0],[405.0,333.0],[405.0,332.0],[410.0,328.0],[415.0,326.0],[418.0,321.0],[422.0,321.0],[423.0,320.0],[423.0,318.0],[420.0,315.0],[420.0,314.0],[418.0,313.0],[413.0,316.0],[412.0,315.0],[412.0,312.0],[413.0,311.0],[413.0,307.0],[410.0,305.0],[408.0,306.0],[406.0,305.0],[402.0,306.0],[399.0,303.0],[398.0,303.0],[396.0,305.0],[396.0,310.0],[394.0,312.0],[392.0,312.0],[390.0,310.0],[394.0,302.0],[394.0,298.0],[397.0,296.0],[397.0,295.0],[395.0,293.0],[391.0,293.0],[389.0,294.0],[386.0,292.0],[384.0,292.0],[380.0,296.0],[378.0,297.0],[374.0,297.0],[367.0,305.0],[367.0,307.0],[368.0,308.0],[370.0,308.0],[375.0,303.0],[376.0,303.0],[377.0,304.0],[376.0,310.0],[378.0,313.0],[380.0,312.0],[382.0,314.0],[382.0,315.0],[380.0,318.0],[379.0,322.0],[375.0,326.0],[372.0,326.0],[371.0,327.0],[371.0,329.0],[367.0,335.0],[366.0,335.0],[364.0,337.0],[361.0,337.0],[360.0,336.0],[359.0,337.0],[359.0,340.0],[361.0,343.0],[360.0,345.0],[355.0,345.0],[354.0,346.0],[352.0,346.0],[347.0,350.0],[346.0,350.0],[345.0,349.0],[345.0,346.0],[346.0,345.0],[346.0,343.0],[345.0,342.0],[341.0,345.0],[340.0,347.0],[340.0,350.0],[334.0,355.0],[333.0,354.0],[331.0,354.0],[327.0,350.0],[327.0,348.0],[325.0,346.0],[322.0,348.0],[320.0,348.0],[318.0,346.0],[314.0,345.0],[310.0,349.0],[310.0,352.0],[311.0,354.0],[319.0,361.0],[320.0,365.0],[318.0,367.0],[317.0,367.0],[314.0,364.0],[312.0,364.0],[310.0,360.0],[304.0,353.0],[304.0,348.0],[309.0,342.0],[309.0,338.0],[308.0,337.0],[303.0,343.0],[297.0,343.0],[293.0,339.0],[293.0,338.0],[289.0,333.0],[285.0,333.0],[282.0,329.0],[279.0,331.0],[272.0,331.0],[271.0,330.0],[269.0,330.0],[266.0,327.0],[262.0,327.0],[258.0,319.0],[256.0,319.0],[253.0,321.0],[250.0,321.0],[249.0,319.0],[252.0,315.0],[252.0,312.0],[251.0,311.0],[249.0,311.0],[248.0,312.0],[244.0,312.0],[241.0,310.0],[237.0,312.0],[236.0,311.0],[234.0,311.0],[231.0,308.0],[230.0,308.0],[227.0,304.0],[226.0,304.0],[225.0,305.0],[228.0,312.0],[234.0,318.0],[234.0,320.0],[231.0,323.0],[227.0,323.0],[224.0,317.0],[216.0,317.0],[213.0,315.0],[213.0,313.0],[211.0,310.0],[211.0,305.0],[208.0,302.0],[207.0,302.0],[204.0,306.0],[204.0,307.0],[209.0,311.0],[209.0,313.0],[208.0,314.0],[206.0,314.0],[202.0,311.0],[200.0,312.0],[191.0,307.0],[188.0,307.0],[187.0,308.0],[186.0,307.0],[184.0,309.0],[182.0,309.0],[181.0,310.0],[182.0,313.0],[184.0,315.0],[186.0,316.0],[190.0,315.0],[193.0,318.0],[197.0,320.0],[197.0,322.0],[196.0,323.0],[194.0,323.0],[191.0,326.0],[194.0,328.0],[198.0,328.0],[199.0,327.0],[200.0,328.0],[202.0,328.0],[204.0,327.0],[207.0,331.0],[210.0,332.0],[212.0,334.0],[213.0,333.0],[218.0,332.0],[222.0,336.0],[223.0,335.0],[224.0,336.0],[227.0,336.0],[228.0,335.0],[241.0,335.0],[246.0,339.0],[251.0,339.0],[252.0,340.0],[251.0,341.0],[252.0,344.0],[251.0,345.0],[246.0,345.0],[245.0,347.0],[249.0,352.0],[251.0,353.0],[254.0,353.0],[255.0,354.0],[255.0,358.0],[259.0,363.0],[263.0,363.0],[264.0,364.0],[264.0,366.0],[262.0,369.0],[263.0,371.0],[265.0,372.0],[268.0,375.0],[268.0,376.0],[272.0,379.0],[274.0,379.0],[275.0,378.0],[275.0,375.0],[273.0,372.0],[273.0,366.0],[275.0,364.0],[277.0,364.0],[285.0,371.0],[287.0,375.0],[291.0,377.0],[294.0,377.0],[301.0,385.0],[304.0,385.0],[306.0,383.0],[308.0,383.0],[310.0,385.0],[310.0,387.0],[305.0,392.0],[303.0,392.0],[302.0,391.0],[301.0,392.0],[302.0,398.0],[298.0,402.0],[298.0,408.0],[301.0,411.0],[305.0,411.0],[310.0,408.0],[312.0,408.0],[313.0,409.0],[311.0,412.0],[311.0,416.0],[310.0,417.0],[317.0,422.0],[318.0,421.0],[323.0,420.0],[327.0,417.0],[321.0,414.0],[321.0,412.0],[324.0,409.0],[324.0,404.0],[326.0,402.0],[328.0,402.0],[332.0,399.0],[336.0,399.0],[340.0,395.0],[342.0,396.0],[341.0,397.0],[341.0,401.0],[339.0,405.0],[341.0,408.0],[342.0,412.0],[347.0,415.0],[346.0,421.0],[343.0,424.0],[344.0,426.0],[347.0,426.0],[349.0,424.0],[351.0,424.0],[354.0,421.0],[357.0,421.0],[360.0,415.0],[363.0,413.0],[365.0,413.0],[367.0,411.0],[367.0,407.0],[368.0,406.0],[370.0,406.0],[373.0,410.0],[375.0,410.0],[376.0,409.0],[376.0,407.0],[377.0,406.0],[377.0,400.0],[374.0,397.0],[371.0,397.0],[370.0,396.0],[370.0,394.0],[372.0,391.0],[373.0,391.0],[380.0,385.0],[376.0,383.0],[375.0,380.0],[373.0,378.0],[373.0,376.0],[371.0,374.0],[371.0,372.0],[373.0,368.0],[378.0,364.0],[378.0,362.0],[377.0,361.0],[377.0,358.0],[378.0,357.0],[383.0,361.0],[395.0,361.0],[397.0,359.0],[397.0,357.0],[399.0,356.0],[402.0,352.0],[405.0,351.0],[408.0,347.0],[410.0,347.0],[412.0,350.0],[413.0,354.0],[415.0,356.0],[420.0,356.0],[423.0,359.0],[423.0,361.0],[425.0,365.0],[429.0,366.0],[431.0,363.0],[435.0,362.0],[436.0,361.0]]],[[[206.0,280.0],[203.0,283.0],[203.0,285.0],[206.0,288.0],[208.0,288.0],[210.0,290.0],[210.0,292.0],[209.0,293.0],[205.0,292.0],[203.0,294.0],[202.0,297.0],[203.0,298.0],[207.0,298.0],[208.0,297.0],[212.0,298.0],[213.0,299.0],[213.0,303.0],[215.0,305.0],[217.0,305.0],[219.0,301.0],[224.0,297.0],[224.0,295.0],[222.0,291.0],[211.0,281.0],[209.0,280.0],[206.0,280.0]]],[[[187.0,264.0],[181.0,264.0],[180.0,265.0],[180.0,267.0],[178.0,271.0],[178.0,274.0],[175.0,278.0],[173.0,278.0],[172.0,279.0],[168.0,279.0],[165.0,277.0],[163.0,277.0],[162.0,278.0],[162.0,281.0],[160.0,283.0],[160.0,286.0],[159.0,287.0],[155.0,288.0],[151.0,285.0],[149.0,288.0],[150.0,289.0],[150.0,298.0],[154.0,302.0],[154.0,305.0],[153.0,306.0],[155.0,308.0],[158.0,308.0],[160.0,306.0],[163.0,306.0],[165.0,309.0],[165.0,311.0],[167.0,313.0],[170.0,313.0],[175.0,307.0],[175.0,304.0],[176.0,303.0],[178.0,303.0],[183.0,296.0],[184.0,296.0],[189.0,300.0],[192.0,298.0],[195.0,292.0],[197.0,290.0],[196.0,289.0],[192.0,290.0],[190.0,289.0],[188.0,286.0],[190.0,284.0],[193.0,277.0],[189.0,275.0],[187.0,273.0],[187.0,271.0],[188.0,270.0],[188.0,265.0],[187.0,264.0]]],[[[232.0,248.0],[228.0,250.0],[227.0,252.0],[223.0,255.0],[224.0,259.0],[226.0,261.0],[228.0,261.0],[231.0,264.0],[231.0,267.0],[230.0,268.0],[227.0,268.0],[225.0,270.0],[224.0,270.0],[223.0,272.0],[225.0,274.0],[225.0,276.0],[226.0,277.0],[232.0,274.0],[233.0,275.0],[234.0,278.0],[231.0,281.0],[231.0,283.0],[232.0,284.0],[234.0,284.0],[235.0,283.0],[237.0,283.0],[238.0,284.0],[237.0,285.0],[237.0,288.0],[231.0,295.0],[236.0,300.0],[239.0,300.0],[242.0,297.0],[246.0,296.0],[247.0,295.0],[247.0,291.0],[251.0,287.0],[251.0,283.0],[247.0,281.0],[246.0,279.0],[246.0,275.0],[247.0,274.0],[247.0,270.0],[249.0,267.0],[250.0,263.0],[252.0,261.0],[252.0,259.0],[249.0,256.0],[248.0,256.0],[247.0,258.0],[245.0,260.0],[244.0,260.0],[243.0,259.0],[243.0,257.0],[242.0,256.0],[238.0,256.0],[235.0,253.0],[234.0,249.0],[232.0,248.0]]],[[[137.0,248.0],[132.0,254.0],[131.0,258.0],[138.0,265.0],[140.0,265.0],[143.0,268.0],[145.0,266.0],[147.0,266.0],[148.0,267.0],[152.0,267.0],[154.0,265.0],[153.0,262.0],[147.0,256.0],[146.0,252.0],[139.0,248.0],[137.0,248.0]]],[[[33.0,254.0],[33.0,260.0],[35.0,262.0],[38.0,263.0],[40.0,267.0],[42.0,267.0],[43.0,268.0],[44.0,272.0],[46.0,274.0],[46.0,276.0],[49.0,279.0],[49.0,282.0],[43.0,287.0],[43.0,292.0],[42.0,293.0],[45.0,296.0],[46.0,296.0],[48.0,299.0],[53.0,298.0],[56.0,294.0],[58.0,294.0],[60.0,296.0],[59.0,297.0],[58.0,301.0],[55.0,304.0],[53.0,308.0],[54.0,310.0],[57.0,312.0],[59.0,312.0],[62.0,309.0],[62.0,307.0],[67.0,302.0],[71.0,301.0],[75.0,306.0],[75.0,309.0],[74.0,310.0],[74.0,316.0],[76.0,318.0],[77.0,318.0],[79.0,316.0],[81.0,316.0],[83.0,313.0],[84.0,314.0],[86.0,314.0],[88.0,312.0],[94.0,317.0],[97.0,317.0],[103.0,314.0],[105.0,312.0],[105.0,310.0],[106.0,309.0],[104.0,307.0],[97.0,309.0],[94.0,307.0],[94.0,304.0],[95.0,303.0],[99.0,302.0],[101.0,299.0],[103.0,300.0],[106.0,300.0],[114.0,304.0],[119.0,300.0],[119.0,299.0],[122.0,296.0],[122.0,294.0],[126.0,290.0],[122.0,284.0],[123.0,283.0],[125.0,284.0],[129.0,284.0],[131.0,282.0],[134.0,282.0],[135.0,281.0],[135.0,278.0],[136.0,277.0],[136.0,276.0],[131.0,271.0],[131.0,270.0],[125.0,263.0],[123.0,257.0],[120.0,255.0],[120.0,253.0],[119.0,252.0],[120.0,247.0],[118.0,245.0],[116.0,245.0],[115.0,244.0],[113.0,244.0],[111.0,246.0],[111.0,249.0],[109.0,251.0],[106.0,251.0],[105.0,250.0],[103.0,251.0],[98.0,248.0],[97.0,246.0],[95.0,244.0],[94.0,244.0],[91.0,251.0],[87.0,254.0],[83.0,255.0],[78.0,251.0],[78.0,249.0],[75.0,246.0],[75.0,245.0],[71.0,242.0],[67.0,241.0],[66.0,242.0],[62.0,243.0],[56.0,240.0],[54.0,243.0],[51.0,243.0],[49.0,246.0],[46.0,246.0],[44.0,248.0],[37.0,247.0],[33.0,254.0]]],[[[210.0,238.0],[209.0,237.0],[207.0,237.0],[205.0,239.0],[203.0,239.0],[201.0,237.0],[198.0,237.0],[191.0,243.0],[191.0,245.0],[186.0,250.0],[184.0,250.0],[183.0,251.0],[178.0,251.0],[174.0,256.0],[176.0,258.0],[178.0,258.0],[181.0,256.0],[189.0,257.0],[194.0,254.0],[195.0,255.0],[201.0,256.0],[204.0,258.0],[208.0,258.0],[209.0,259.0],[211.0,257.0],[210.0,256.0],[210.0,253.0],[209.0,251.0],[201.0,247.0],[210.0,238.0]]],[[[336.0,219.0],[334.0,219.0],[332.0,221.0],[332.0,222.0],[328.0,225.0],[326.0,230.0],[321.0,237.0],[322.0,239.0],[321.0,240.0],[319.0,240.0],[317.0,242.0],[316.0,244.0],[316.0,248.0],[313.0,252.0],[311.0,251.0],[311.0,245.0],[312.0,244.0],[312.0,242.0],[309.0,239.0],[309.0,237.0],[307.0,236.0],[304.0,240.0],[302.0,240.0],[298.0,236.0],[298.0,234.0],[292.0,228.0],[291.0,228.0],[284.0,220.0],[282.0,222.0],[283.0,223.0],[283.0,225.0],[280.0,229.0],[279.0,229.0],[277.0,231.0],[272.0,231.0],[270.0,234.0],[267.0,234.0],[264.0,238.0],[261.0,238.0],[260.0,237.0],[258.0,238.0],[259.0,242.0],[257.0,244.0],[256.0,253.0],[266.0,260.0],[270.0,261.0],[274.0,265.0],[274.0,269.0],[276.0,272.0],[276.0,274.0],[274.0,276.0],[272.0,274.0],[270.0,269.0],[267.0,266.0],[264.0,266.0],[262.0,264.0],[258.0,266.0],[257.0,268.0],[257.0,272.0],[265.0,278.0],[265.0,280.0],[263.0,283.0],[265.0,286.0],[268.0,287.0],[270.0,289.0],[270.0,292.0],[267.0,295.0],[266.0,299.0],[262.0,302.0],[259.0,301.0],[257.0,298.0],[256.0,298.0],[253.0,301.0],[252.0,300.0],[250.0,302.0],[250.0,304.0],[252.0,306.0],[254.0,307.0],[259.0,306.0],[260.0,307.0],[260.0,310.0],[262.0,314.0],[264.0,316.0],[266.0,315.0],[271.0,320.0],[272.0,320.0],[275.0,317.0],[277.0,317.0],[280.0,321.0],[288.0,322.0],[291.0,326.0],[290.0,327.0],[290.0,329.0],[295.0,332.0],[299.0,332.0],[301.0,334.0],[302.0,334.0],[308.0,329.0],[308.0,327.0],[306.0,323.0],[307.0,322.0],[307.0,320.0],[315.0,313.0],[314.0,308.0],[319.0,304.0],[321.0,304.0],[322.0,303.0],[322.0,299.0],[320.0,295.0],[315.0,289.0],[316.0,287.0],[318.0,288.0],[323.0,288.0],[330.0,293.0],[332.0,293.0],[337.0,287.0],[340.0,287.0],[341.0,288.0],[344.0,287.0],[347.0,289.0],[349.0,288.0],[354.0,288.0],[356.0,289.0],[357.0,288.0],[359.0,288.0],[361.0,286.0],[362.0,284.0],[358.0,281.0],[355.0,281.0],[354.0,280.0],[354.0,278.0],[355.0,277.0],[359.0,277.0],[361.0,276.0],[363.0,274.0],[363.0,272.0],[365.0,268.0],[370.0,268.0],[376.0,262.0],[374.0,260.0],[369.0,260.0],[368.0,261.0],[365.0,261.0],[362.0,259.0],[361.0,255.0],[358.0,252.0],[355.0,252.0],[351.0,249.0],[351.0,247.0],[352.0,246.0],[348.0,242.0],[346.0,242.0],[345.0,241.0],[345.0,238.0],[341.0,234.0],[337.0,234.0],[335.0,232.0],[335.0,231.0],[333.0,229.0],[334.0,228.0],[334.0,224.0],[337.0,220.0],[336.0,219.0]]],[[[321.0,210.0],[318.0,210.0],[317.0,211.0],[312.0,211.0],[308.0,215.0],[308.0,223.0],[311.0,228.0],[314.0,228.0],[316.0,226.0],[318.0,221.0],[324.0,214.0],[324.0,212.0],[321.0,210.0]]],[[[306.0,184.0],[305.0,183.0],[303.0,183.0],[294.0,191.0],[291.0,191.0],[289.0,190.0],[284.0,197.0],[276.0,197.0],[274.0,199.0],[272.0,199.0],[268.0,196.0],[265.0,198.0],[263.0,197.0],[261.0,199.0],[260.0,203.0],[255.0,208.0],[255.0,210.0],[253.0,212.0],[250.0,212.0],[246.0,207.0],[243.0,211.0],[240.0,210.0],[238.0,212.0],[238.0,214.0],[233.0,222.0],[234.0,226.0],[231.0,229.0],[231.0,233.0],[232.0,234.0],[235.0,229.0],[238.0,226.0],[240.0,226.0],[243.0,224.0],[247.0,224.0],[248.0,225.0],[248.0,228.0],[246.0,230.0],[247.0,231.0],[249.0,230.0],[252.0,230.0],[257.0,224.0],[260.0,223.0],[262.0,221.0],[264.0,221.0],[267.0,218.0],[269.0,214.0],[272.0,215.0],[273.0,214.0],[276.0,214.0],[277.0,213.0],[280.0,213.0],[281.0,212.0],[290.0,212.0],[293.0,209.0],[295.0,209.0],[299.0,205.0],[299.0,199.0],[302.0,195.0],[303.0,191.0],[305.0,189.0],[306.0,184.0]]],[[[162.0,161.0],[158.0,165.0],[157.0,165.0],[154.0,168.0],[154.0,169.0],[157.0,173.0],[161.0,169.0],[162.0,170.0],[165.0,170.0],[167.0,172.0],[167.0,175.0],[165.0,178.0],[165.0,184.0],[164.0,185.0],[164.0,187.0],[161.0,190.0],[157.0,190.0],[155.0,189.0],[153.0,192.0],[149.0,192.0],[139.0,199.0],[138.0,198.0],[132.0,198.0],[129.0,201.0],[131.0,203.0],[135.0,204.0],[139.0,207.0],[142.0,207.0],[145.0,209.0],[145.0,211.0],[141.0,215.0],[141.0,217.0],[140.0,218.0],[140.0,220.0],[141.0,221.0],[143.0,221.0],[146.0,223.0],[149.0,223.0],[152.0,218.0],[153.0,214.0],[155.0,212.0],[158.0,216.0],[164.0,216.0],[165.0,215.0],[168.0,217.0],[168.0,220.0],[170.0,222.0],[173.0,219.0],[175.0,219.0],[181.0,225.0],[183.0,223.0],[188.0,221.0],[190.0,219.0],[194.0,217.0],[196.0,215.0],[198.0,211.0],[198.0,205.0],[199.0,204.0],[204.0,204.0],[206.0,201.0],[214.0,197.0],[217.0,192.0],[217.0,189.0],[216.0,188.0],[216.0,186.0],[214.0,184.0],[210.0,183.0],[207.0,186.0],[206.0,190.0],[205.0,191.0],[203.0,191.0],[199.0,195.0],[192.0,191.0],[192.0,188.0],[190.0,184.0],[190.0,180.0],[189.0,178.0],[190.0,177.0],[190.0,173.0],[193.0,170.0],[194.0,168.0],[194.0,165.0],[196.0,163.0],[193.0,161.0],[187.0,161.0],[182.0,166.0],[181.0,166.0],[180.0,165.0],[178.0,165.0],[175.0,162.0],[174.0,163.0],[170.0,163.0],[167.0,161.0],[166.0,162.0],[162.0,161.0]]]]}},{"type":"Feature","id":"country-002","properties":{"id":"country-002","name":"Unassigned","type":"country","status":"mask-defined","source":"countries-mask","extractionConfidence":"authoritative-mask","rgb":[0,38,255],"color":"#0026ff","polygonCount":3,"holeCount":0,"styleIndex":1},"geometry":{"type":"MultiPolygon","coordinates":[[[[1043.0,440.0],[1044.0,443.0],[1046.0,444.0],[1050.0,449.0],[1054.0,450.0],[1057.0,448.0],[1057.0,447.0],[1055.0,445.0],[1053.0,445.0],[1051.0,442.0],[1047.0,441.0],[1045.0,439.0],[1043.0,440.0]]],[[[973.0,423.0],[973.0,439.0],[972.0,440.0],[972.0,448.0],[982.0,458.0],[983.0,460.0],[982.0,461.0],[983.0,465.0],[982.0,467.0],[980.0,469.0],[979.0,469.0],[972.0,477.0],[972.0,483.0],[973.0,484.0],[975.0,484.0],[977.0,486.0],[978.0,489.0],[981.0,492.0],[984.0,492.0],[985.0,493.0],[987.0,492.0],[990.0,492.0],[996.0,487.0],[1000.0,487.0],[1006.0,481.0],[1009.0,481.0],[1010.0,482.0],[1010.0,484.0],[1011.0,485.0],[1010.0,486.0],[1013.0,489.0],[1019.0,491.0],[1021.0,489.0],[1023.0,489.0],[1025.0,487.0],[1028.0,487.0],[1030.0,486.0],[1036.0,481.0],[1032.0,477.0],[1030.0,477.0],[1027.0,475.0],[1027.0,474.0],[1029.0,472.0],[1033.0,474.0],[1037.0,473.0],[1040.0,475.0],[1043.0,475.0],[1046.0,473.0],[1048.0,473.0],[1050.0,471.0],[1050.0,469.0],[1048.0,467.0],[1045.0,467.0],[1044.0,466.0],[1044.0,457.0],[1043.0,456.0],[1043.0,454.0],[1040.0,451.0],[1038.0,451.0],[1033.0,455.0],[1031.0,455.0],[1030.0,454.0],[1030.0,453.0],[1032.0,451.0],[1035.0,450.0],[1038.0,447.0],[1036.0,445.0],[1036.0,441.0],[1028.0,434.0],[1026.0,434.0],[1025.0,433.0],[1026.0,432.0],[1023.0,429.0],[1015.0,434.0],[1012.0,434.0],[1007.0,430.0],[1001.0,430.0],[995.0,424.0],[990.0,425.0],[988.0,423.0],[986.0,423.0],[982.0,420.0],[979.0,422.0],[974.0,422.0],[973.0,423.0]]],[[[1031.0,420.0],[1030.0,419.0],[1025.0,418.0],[1021.0,422.0],[1019.0,422.0],[1017.0,424.0],[1011.0,424.0],[1010.0,425.0],[1010.0,428.0],[1012.0,431.0],[1013.0,430.0],[1017.0,430.0],[1026.0,422.0],[1028.0,422.0],[1031.0,420.0]]]]}},{"type":"Feature","id":"country-003","properties":{"id":"country-003","name":"Unassigned","type":"country","status":"mask-defined","source":"countries-mask","extractionConfidence":"authoritative-mask","rgb":[0,74,127],"color":"#004a7f","polygonCount":8,"holeCount":0,"styleIndex":2},"geometry":{"type":"MultiPolygon","coordinates":[[[[277.0,543.0],[278.0,546.0],[281.0,549.0],[283.0,550.0],[286.0,550.0],[287.0,549.0],[287.0,547.0],[281.0,542.0],[278.0,542.0],[277.0,543.0]]],[[[234.0,526.0],[234.0,531.0],[238.0,533.0],[240.0,535.0],[240.0,537.0],[237.0,540.0],[243.0,545.0],[246.0,545.0],[252.0,541.0],[257.0,544.0],[260.0,544.0],[261.0,543.0],[261.0,542.0],[258.0,539.0],[255.0,539.0],[250.0,535.0],[251.0,534.0],[250.0,530.0],[252.0,527.0],[251.0,525.0],[250.0,526.0],[248.0,526.0],[247.0,525.0],[243.0,525.0],[242.0,526.0],[237.0,526.0],[235.0,525.0],[234.0,526.0]]],[[[257.0,519.0],[259.0,521.0],[262.0,521.0],[264.0,522.0],[266.0,521.0],[269.0,518.0],[269.0,517.0],[268.0,516.0],[262.0,515.0],[261.0,516.0],[259.0,516.0],[257.0,518.0],[257.0,519.0]]],[[[343.0,484.0],[342.0,484.0],[341.0,486.0],[338.0,488.0],[339.0,489.0],[339.0,494.0],[340.0,495.0],[342.0,495.0],[343.0,494.0],[342.0,492.0],[342.0,488.0],[344.0,485.0],[343.0,484.0]]],[[[285.0,469.0],[285.0,471.0],[288.0,473.0],[292.0,473.0],[294.0,471.0],[294.0,470.0],[292.0,468.0],[286.0,468.0],[285.0,469.0]]],[[[261.0,462.0],[258.0,465.0],[261.0,468.0],[261.0,470.0],[262.0,471.0],[261.0,473.0],[256.0,477.0],[256.0,478.0],[260.0,482.0],[265.0,482.0],[267.0,484.0],[265.0,486.0],[267.0,487.0],[268.0,489.0],[266.0,491.0],[264.0,489.0],[263.0,489.0],[261.0,486.0],[258.0,486.0],[255.0,482.0],[253.0,482.0],[251.0,480.0],[250.0,481.0],[248.0,481.0],[246.0,479.0],[244.0,479.0],[243.0,480.0],[243.0,484.0],[244.0,485.0],[240.0,488.0],[236.0,488.0],[232.0,493.0],[233.0,495.0],[232.0,497.0],[233.0,498.0],[236.0,498.0],[240.0,502.0],[240.0,503.0],[237.0,505.0],[243.0,508.0],[244.0,507.0],[249.0,511.0],[253.0,510.0],[259.0,505.0],[261.0,505.0],[263.0,507.0],[263.0,509.0],[265.0,511.0],[270.0,510.0],[273.0,513.0],[274.0,512.0],[276.0,512.0],[277.0,513.0],[276.0,517.0],[278.0,519.0],[276.0,523.0],[277.0,524.0],[276.0,529.0],[281.0,534.0],[284.0,534.0],[290.0,530.0],[292.0,530.0],[294.0,532.0],[296.0,531.0],[298.0,534.0],[296.0,536.0],[297.0,540.0],[295.0,542.0],[295.0,543.0],[296.0,544.0],[297.0,548.0],[303.0,554.0],[303.0,555.0],[304.0,556.0],[307.0,556.0],[310.0,558.0],[314.0,558.0],[316.0,560.0],[316.0,562.0],[317.0,563.0],[319.0,563.0],[321.0,561.0],[323.0,561.0],[324.0,560.0],[324.0,558.0],[327.0,556.0],[325.0,552.0],[325.0,547.0],[324.0,546.0],[323.0,536.0],[322.0,535.0],[323.0,533.0],[323.0,529.0],[329.0,521.0],[329.0,519.0],[333.0,515.0],[338.0,507.0],[338.0,505.0],[334.0,503.0],[335.0,501.0],[333.0,499.0],[334.0,497.0],[331.0,495.0],[331.0,491.0],[333.0,489.0],[333.0,487.0],[330.0,484.0],[330.0,482.0],[328.0,480.0],[329.0,478.0],[325.0,473.0],[324.0,474.0],[322.0,474.0],[321.0,473.0],[320.0,474.0],[317.0,472.0],[315.0,473.0],[312.0,471.0],[310.0,471.0],[309.0,470.0],[310.0,469.0],[308.0,467.0],[305.0,470.0],[303.0,469.0],[296.0,475.0],[299.0,478.0],[299.0,479.0],[297.0,481.0],[295.0,481.0],[293.0,479.0],[290.0,479.0],[289.0,478.0],[290.0,477.0],[289.0,476.0],[286.0,476.0],[284.0,473.0],[283.0,473.0],[282.0,475.0],[278.0,479.0],[277.0,479.0],[276.0,478.0],[277.0,477.0],[276.0,473.0],[278.0,471.0],[276.0,469.0],[272.0,470.0],[271.0,469.0],[271.0,467.0],[267.0,463.0],[266.0,464.0],[263.0,464.0],[261.0,462.0]]],[[[276.0,461.0],[275.0,462.0],[275.0,465.0],[277.0,467.0],[279.0,467.0],[281.0,465.0],[279.0,462.0],[276.0,461.0]]],[[[280.0,456.0],[280.0,459.0],[282.0,461.0],[287.0,463.0],[289.0,460.0],[299.0,460.0],[300.0,459.0],[300.0,457.0],[299.0,456.0],[294.0,456.0],[291.0,453.0],[289.0,453.0],[285.0,456.0],[283.0,456.0],[282.0,455.0],[280.0,456.0]]]]}},{"type":"Feature","id":"country-004","properties":{"id":"country-004","name":"Unassigned","type":"country","status":"mask-defined","source":"countries-mask","extractionConfidence":"authoritative-mask","rgb":[0,127,14],"color":"#007f0e","polygonCount":3,"holeCount":1,"styleIndex":3},"geometry":{"type":"MultiPolygon","coordinates":[[[[378.0,751.0],[377.0,750.0],[372.0,750.0],[369.0,752.0],[362.0,752.0],[361.0,754.0],[363.0,757.0],[368.0,758.0],[371.0,755.0],[376.0,756.0],[378.0,754.0],[378.0,751.0]]],[[[362.0,625.0],[357.0,619.0],[351.0,619.0],[347.0,615.0],[346.0,615.0],[343.0,618.0],[341.0,618.0],[340.0,619.0],[342.0,621.0],[342.0,623.0],[340.0,625.0],[338.0,624.0],[335.0,628.0],[334.0,627.0],[332.0,627.0],[329.0,629.0],[333.0,631.0],[339.0,631.0],[340.0,630.0],[344.0,631.0],[346.0,629.0],[350.0,627.0],[356.0,627.0],[357.0,628.0],[359.0,628.0],[361.0,627.0],[362.0,625.0]]],[[[466.0,614.0],[463.0,611.0],[462.0,612.0],[453.0,612.0],[450.0,614.0],[446.0,614.0],[443.0,611.0],[441.0,611.0],[438.0,609.0],[420.0,609.0],[419.0,610.0],[414.0,610.0],[413.0,611.0],[411.0,611.0],[405.0,617.0],[393.0,617.0],[393.0,618.0],[390.0,621.0],[387.0,621.0],[387.0,622.0],[389.0,624.0],[390.0,624.0],[392.0,626.0],[392.0,627.0],[391.0,628.0],[389.0,628.0],[387.0,630.0],[384.0,630.0],[378.0,633.0],[376.0,633.0],[371.0,639.0],[369.0,639.0],[367.0,636.0],[364.0,636.0],[356.0,645.0],[356.0,647.0],[354.0,649.0],[354.0,653.0],[353.0,654.0],[349.0,654.0],[346.0,652.0],[344.0,652.0],[342.0,654.0],[342.0,656.0],[341.0,657.0],[339.0,655.0],[338.0,655.0],[334.0,659.0],[332.0,658.0],[328.0,658.0],[327.0,659.0],[327.0,662.0],[328.0,663.0],[327.0,664.0],[327.0,667.0],[328.0,668.0],[328.0,674.0],[329.0,675.0],[329.0,678.0],[325.0,680.0],[323.0,683.0],[324.0,685.0],[323.0,686.0],[324.0,688.0],[324.0,691.0],[326.0,694.0],[323.0,696.0],[322.0,695.0],[318.0,695.0],[316.0,697.0],[317.0,698.0],[315.0,701.0],[313.0,701.0],[311.0,699.0],[310.0,699.0],[308.0,701.0],[308.0,705.0],[309.0,706.0],[310.0,710.0],[308.0,712.0],[308.0,714.0],[307.0,715.0],[300.0,715.0],[297.0,713.0],[291.0,713.0],[289.0,714.0],[287.0,716.0],[288.0,717.0],[288.0,719.0],[291.0,721.0],[288.0,723.0],[285.0,723.0],[283.0,725.0],[283.0,728.0],[276.0,734.0],[276.0,737.0],[275.0,738.0],[275.0,743.0],[276.0,744.0],[287.0,745.0],[291.0,742.0],[293.0,742.0],[295.0,744.0],[297.0,744.0],[299.0,742.0],[300.0,742.0],[300.0,739.0],[305.0,734.0],[310.0,734.0],[312.0,736.0],[314.0,736.0],[321.0,742.0],[324.0,742.0],[325.0,743.0],[328.0,741.0],[333.0,741.0],[338.0,746.0],[339.0,745.0],[347.0,746.0],[353.0,743.0],[358.0,743.0],[360.0,745.0],[360.0,747.0],[362.0,748.0],[366.0,746.0],[368.0,744.0],[367.0,742.0],[368.0,741.0],[367.0,740.0],[367.0,734.0],[369.0,732.0],[369.0,729.0],[368.0,728.0],[369.0,726.0],[372.0,723.0],[375.0,723.0],[377.0,721.0],[378.0,721.0],[380.0,723.0],[377.0,726.0],[375.0,726.0],[373.0,728.0],[374.0,729.0],[373.0,737.0],[379.0,741.0],[382.0,741.0],[383.0,742.0],[383.0,744.0],[386.0,747.0],[388.0,747.0],[389.0,746.0],[394.0,752.0],[398.0,753.0],[399.0,754.0],[404.0,754.0],[406.0,752.0],[406.0,748.0],[410.0,745.0],[413.0,748.0],[413.0,750.0],[416.0,753.0],[418.0,753.0],[419.0,754.0],[423.0,749.0],[425.0,750.0],[438.0,751.0],[440.0,752.0],[441.0,751.0],[441.0,749.0],[443.0,747.0],[445.0,747.0],[446.0,746.0],[446.0,744.0],[441.0,738.0],[442.0,736.0],[441.0,735.0],[442.0,733.0],[441.0,733.0],[439.0,731.0],[439.0,728.0],[437.0,726.0],[434.0,726.0],[431.0,723.0],[418.0,723.0],[414.0,720.0],[411.0,715.0],[411.0,713.0],[412.0,712.0],[412.0,702.0],[413.0,700.0],[422.0,692.0],[426.0,685.0],[426.0,683.0],[428.0,679.0],[431.0,676.0],[435.0,676.0],[441.0,670.0],[442.0,670.0],[444.0,668.0],[448.0,668.0],[452.0,664.0],[453.0,662.0],[453.0,648.0],[450.0,645.0],[450.0,639.0],[451.0,638.0],[451.0,636.0],[454.0,633.0],[454.0,632.0],[459.0,629.0],[464.0,623.0],[466.0,619.0],[466.0,614.0]],[[393.0,626.0],[394.0,625.0],[396.0,625.0],[397.0,626.0],[396.0,627.0],[394.0,627.0],[393.0,626.0]]]]}},{"type":"Feature","id":"country-005","properties":{"id":"country-005","name":"Unassigned","type":"country","status":"mask-defined","source":"countries-mask","extractionConfidence":"authoritative-mask","rgb":[0,127,70],"color":"#007f46","polygonCount":2,"holeCount":0,"styleIndex":4},"geometry":{"type":"MultiPolygon","coordinates":[[[[309.0,773.0],[310.0,775.0],[312.0,776.0],[315.0,776.0],[316.0,777.0],[317.0,777.0],[320.0,774.0],[318.0,772.0],[316.0,772.0],[314.0,770.0],[312.0,770.0],[309.0,773.0]]],[[[296.0,763.0],[297.0,764.0],[301.0,764.0],[305.0,767.0],[311.0,767.0],[314.0,764.0],[315.0,765.0],[319.0,765.0],[322.0,768.0],[324.0,768.0],[325.0,769.0],[326.0,769.0],[328.0,767.0],[330.0,767.0],[331.0,768.0],[332.0,767.0],[343.0,766.0],[347.0,761.0],[351.0,759.0],[350.0,758.0],[350.0,756.0],[351.0,755.0],[352.0,750.0],[351.0,749.0],[349.0,749.0],[347.0,751.0],[342.0,751.0],[333.0,742.0],[328.0,742.0],[325.0,744.0],[324.0,743.0],[321.0,743.0],[319.0,742.0],[314.0,737.0],[312.0,737.0],[310.0,735.0],[305.0,735.0],[301.0,739.0],[301.0,741.0],[304.0,743.0],[305.0,742.0],[308.0,744.0],[307.0,745.0],[308.0,747.0],[304.0,752.0],[301.0,752.0],[299.0,754.0],[300.0,756.0],[296.0,759.0],[296.0,763.0]]]]}},{"type":"Feature","id":"country-006","properties":{"id":"country-006","name":"Unassigned","type":"country","status":"mask-defined","source":"countries-mask","extractionConfidence":"authoritative-mask","rgb":[0,127,127],"color":"#007f7f","polygonCount":9,"holeCount":2,"styleIndex":5},"geometry":{"type":"MultiPolygon","coordinates":[[[[372.0,620.0],[372.0,621.0],[375.0,624.0],[379.0,624.0],[381.0,622.0],[380.0,620.0],[377.0,618.0],[374.0,618.0],[372.0,620.0]]],[[[334.0,588.0],[332.0,590.0],[333.0,591.0],[333.0,593.0],[332.0,594.0],[333.0,595.0],[337.0,595.0],[338.0,594.0],[337.0,593.0],[338.0,592.0],[338.0,590.0],[334.0,588.0]]],[[[321.0,580.0],[319.0,582.0],[320.0,583.0],[320.0,585.0],[323.0,588.0],[325.0,588.0],[326.0,587.0],[326.0,585.0],[325.0,583.0],[322.0,580.0],[321.0,580.0]]],[[[299.0,563.0],[301.0,565.0],[301.0,568.0],[300.0,569.0],[301.0,571.0],[306.0,571.0],[310.0,569.0],[310.0,568.0],[304.0,563.0],[302.0,562.0],[300.0,562.0],[299.0,563.0]]],[[[424.0,495.0],[421.0,492.0],[418.0,492.0],[416.0,494.0],[414.0,494.0],[412.0,496.0],[412.0,497.0],[415.0,499.0],[420.0,499.0],[422.0,498.0],[424.0,496.0],[424.0,495.0]]],[[[324.0,529.0],[324.0,533.0],[323.0,535.0],[324.0,536.0],[324.0,541.0],[325.0,542.0],[325.0,546.0],[326.0,547.0],[326.0,552.0],[328.0,556.0],[326.0,558.0],[327.0,559.0],[327.0,561.0],[326.0,562.0],[326.0,566.0],[328.0,568.0],[328.0,570.0],[329.0,571.0],[329.0,574.0],[327.0,576.0],[327.0,579.0],[332.0,583.0],[334.0,583.0],[336.0,580.0],[343.0,586.0],[341.0,588.0],[343.0,591.0],[346.0,591.0],[347.0,592.0],[345.0,594.0],[345.0,600.0],[350.0,606.0],[350.0,607.0],[356.0,612.0],[358.0,612.0],[359.0,613.0],[360.0,612.0],[365.0,611.0],[366.0,612.0],[365.0,613.0],[368.0,616.0],[370.0,616.0],[371.0,615.0],[376.0,615.0],[377.0,614.0],[381.0,618.0],[383.0,618.0],[384.0,617.0],[386.0,621.0],[387.0,620.0],[390.0,620.0],[393.0,616.0],[405.0,616.0],[411.0,610.0],[413.0,610.0],[414.0,609.0],[419.0,609.0],[420.0,608.0],[438.0,608.0],[441.0,610.0],[443.0,610.0],[446.0,613.0],[450.0,613.0],[453.0,611.0],[462.0,611.0],[465.0,608.0],[465.0,606.0],[472.0,596.0],[472.0,593.0],[471.0,592.0],[472.0,591.0],[481.0,591.0],[482.0,592.0],[487.0,592.0],[489.0,595.0],[493.0,595.0],[495.0,596.0],[497.0,599.0],[499.0,599.0],[501.0,602.0],[504.0,599.0],[506.0,600.0],[508.0,598.0],[508.0,595.0],[511.0,592.0],[510.0,589.0],[508.0,587.0],[508.0,585.0],[511.0,582.0],[510.0,580.0],[513.0,576.0],[506.0,574.0],[504.0,572.0],[503.0,570.0],[503.0,567.0],[501.0,565.0],[500.0,565.0],[496.0,561.0],[493.0,561.0],[489.0,559.0],[481.0,551.0],[474.0,549.0],[472.0,545.0],[472.0,540.0],[475.0,534.0],[477.0,532.0],[478.0,529.0],[483.0,525.0],[483.0,523.0],[486.0,519.0],[487.0,512.0],[486.0,511.0],[486.0,508.0],[484.0,504.0],[483.0,504.0],[482.0,506.0],[479.0,508.0],[480.0,509.0],[479.0,510.0],[477.0,509.0],[475.0,511.0],[472.0,511.0],[467.0,517.0],[465.0,515.0],[465.0,513.0],[466.0,512.0],[465.0,511.0],[463.0,511.0],[460.0,509.0],[458.0,510.0],[455.0,510.0],[452.0,506.0],[449.0,509.0],[446.0,509.0],[445.0,510.0],[444.0,509.0],[444.0,506.0],[442.0,504.0],[440.0,504.0],[438.0,501.0],[439.0,500.0],[437.0,499.0],[434.0,495.0],[430.0,499.0],[430.0,500.0],[432.0,502.0],[432.0,504.0],[430.0,506.0],[428.0,507.0],[423.0,503.0],[421.0,503.0],[419.0,506.0],[416.0,506.0],[415.0,507.0],[413.0,505.0],[409.0,504.0],[405.0,499.0],[403.0,501.0],[402.0,500.0],[402.0,497.0],[405.0,495.0],[400.0,490.0],[397.0,489.0],[391.0,495.0],[389.0,495.0],[387.0,492.0],[385.0,494.0],[383.0,492.0],[381.0,494.0],[380.0,494.0],[379.0,496.0],[382.0,499.0],[383.0,502.0],[381.0,504.0],[381.0,505.0],[378.0,507.0],[374.0,504.0],[375.0,502.0],[368.0,496.0],[366.0,495.0],[362.0,498.0],[359.0,496.0],[357.0,496.0],[354.0,493.0],[351.0,495.0],[349.0,495.0],[348.0,494.0],[347.0,495.0],[347.0,497.0],[350.0,500.0],[349.0,501.0],[351.0,503.0],[346.0,506.0],[346.0,508.0],[344.0,510.0],[343.0,509.0],[341.0,509.0],[340.0,508.0],[340.0,505.0],[338.0,504.0],[339.0,505.0],[338.0,509.0],[336.0,511.0],[334.0,515.0],[330.0,519.0],[330.0,521.0],[324.0,529.0]],[[361.0,579.0],[362.0,580.0],[359.0,583.0],[356.0,588.0],[353.0,590.0],[351.0,594.0],[347.0,591.0],[348.0,590.0],[348.0,588.0],[347.0,587.0],[345.0,587.0],[344.0,586.0],[345.0,585.0],[348.0,585.0],[349.0,584.0],[351.0,585.0],[352.0,584.0],[354.0,584.0],[357.0,582.0],[357.0,580.0],[358.0,579.0],[361.0,579.0]],[[376.0,508.0],[377.0,507.0],[380.0,510.0],[380.0,511.0],[379.0,512.0],[376.0,509.0],[376.0,508.0]]],[[[367.0,487.0],[370.0,490.0],[375.0,490.0],[377.0,487.0],[372.0,484.0],[370.0,484.0],[367.0,487.0]]],[[[485.0,481.0],[483.0,481.0],[477.0,484.0],[475.0,486.0],[474.0,489.0],[470.0,492.0],[470.0,494.0],[472.0,497.0],[474.0,497.0],[478.0,494.0],[479.0,492.0],[478.0,491.0],[479.0,489.0],[486.0,484.0],[486.0,482.0],[485.0,481.0]]],[[[440.0,463.0],[439.0,462.0],[437.0,462.0],[436.0,463.0],[429.0,464.0],[425.0,468.0],[425.0,470.0],[426.0,471.0],[431.0,471.0],[433.0,470.0],[435.0,467.0],[439.0,465.0],[440.0,463.0]]]]}},{"type":"Feature","id":"country-007","properties":{"id":"country-007","name":"Unassigned","type":"country","status":"mask-defined","source":"countries-mask","extractionConfidence":"authoritative-mask","rgb":[0,148,255],"color":"#0094ff","polygonCount":1,"holeCount":0,"styleIndex":0},"geometry":{"type":"Polygon","coordinates":[[[981.0,458.0],[971.0,448.0],[970.0,449.0],[965.0,449.0],[964.0,448.0],[962.0,448.0],[960.0,446.0],[955.0,446.0],[952.0,442.0],[943.0,442.0],[935.0,450.0],[933.0,448.0],[933.0,446.0],[931.0,444.0],[929.0,444.0],[928.0,445.0],[927.0,444.0],[925.0,444.0],[924.0,445.0],[920.0,445.0],[919.0,446.0],[914.0,446.0],[910.0,448.0],[907.0,448.0],[905.0,446.0],[902.0,448.0],[900.0,448.0],[896.0,452.0],[893.0,453.0],[889.0,456.0],[887.0,456.0],[886.0,457.0],[880.0,457.0],[879.0,458.0],[877.0,457.0],[875.0,459.0],[873.0,459.0],[864.0,467.0],[861.0,468.0],[859.0,470.0],[858.0,472.0],[858.0,475.0],[854.0,479.0],[847.0,479.0],[846.0,480.0],[846.0,481.0],[848.0,483.0],[848.0,486.0],[852.0,489.0],[853.0,493.0],[857.0,494.0],[860.0,497.0],[859.0,498.0],[859.0,500.0],[856.0,504.0],[856.0,506.0],[854.0,508.0],[854.0,510.0],[853.0,511.0],[853.0,515.0],[854.0,516.0],[854.0,519.0],[856.0,521.0],[857.0,524.0],[858.0,525.0],[861.0,525.0],[864.0,528.0],[864.0,532.0],[862.0,535.0],[862.0,538.0],[866.0,536.0],[870.0,536.0],[871.0,535.0],[874.0,535.0],[875.0,536.0],[876.0,535.0],[879.0,535.0],[886.0,528.0],[887.0,528.0],[892.0,532.0],[893.0,532.0],[897.0,537.0],[900.0,538.0],[903.0,541.0],[904.0,541.0],[907.0,545.0],[909.0,545.0],[909.0,544.0],[910.0,543.0],[912.0,543.0],[915.0,539.0],[921.0,536.0],[924.0,536.0],[930.0,541.0],[933.0,540.0],[936.0,543.0],[938.0,543.0],[943.0,538.0],[943.0,535.0],[944.0,534.0],[947.0,537.0],[947.0,544.0],[946.0,545.0],[946.0,547.0],[948.0,548.0],[951.0,545.0],[959.0,540.0],[959.0,539.0],[962.0,536.0],[962.0,533.0],[961.0,532.0],[964.0,529.0],[965.0,529.0],[970.0,525.0],[973.0,525.0],[975.0,522.0],[975.0,517.0],[976.0,516.0],[980.0,517.0],[981.0,518.0],[983.0,516.0],[984.0,516.0],[986.0,518.0],[990.0,517.0],[991.0,516.0],[993.0,517.0],[997.0,517.0],[998.0,516.0],[1000.0,517.0],[1002.0,515.0],[1000.0,512.0],[995.0,512.0],[993.0,509.0],[993.0,505.0],[994.0,504.0],[994.0,502.0],[993.0,501.0],[990.0,501.0],[986.0,496.0],[984.0,497.0],[981.0,497.0],[979.0,496.0],[975.0,492.0],[975.0,491.0],[972.0,488.0],[970.0,488.0],[968.0,485.0],[969.0,483.0],[971.0,483.0],[972.0,484.0],[971.0,483.0],[971.0,477.0],[976.0,472.0],[976.0,471.0],[981.0,467.0],[982.0,465.0],[982.0,463.0],[981.0,462.0],[982.0,460.0],[981.0,458.0]]]}},{"type":"Feature","id":"country-008","properties":{"id":"country-008","name":"Unassigned","type":"country","status":"mask-defined","source":"countries-mask","extractionConfidence":"authoritative-mask","rgb":[0,255,33],"color":"#00ff21","polygonCount":50,"holeCount":4,"styleIndex":1},"geometry":{"type":"MultiPolygon","coordinates":[[[[842.0,1058.0],[842.0,1059.0],[846.0,1064.0],[848.0,1064.0],[849.0,1065.0],[854.0,1065.0],[855.0,1066.0],[859.0,1065.0],[860.0,1064.0],[857.0,1061.0],[856.0,1062.0],[853.0,1061.0],[847.0,1054.0],[842.0,1058.0]]],[[[802.0,1054.0],[803.0,1055.0],[802.0,1056.0],[806.0,1058.0],[808.0,1060.0],[808.0,1062.0],[809.0,1063.0],[813.0,1063.0],[814.0,1062.0],[811.0,1059.0],[812.0,1058.0],[810.0,1056.0],[810.0,1052.0],[808.0,1050.0],[802.0,1054.0]]],[[[772.0,1030.0],[773.0,1032.0],[775.0,1033.0],[779.0,1033.0],[781.0,1035.0],[784.0,1035.0],[786.0,1034.0],[787.0,1036.0],[790.0,1038.0],[793.0,1036.0],[795.0,1038.0],[796.0,1037.0],[800.0,1041.0],[803.0,1039.0],[803.0,1038.0],[800.0,1035.0],[801.0,1033.0],[800.0,1032.0],[800.0,1029.0],[797.0,1025.0],[795.0,1025.0],[793.0,1027.0],[788.0,1023.0],[785.0,1023.0],[783.0,1022.0],[779.0,1027.0],[777.0,1027.0],[776.0,1026.0],[775.0,1028.0],[772.0,1030.0]]],[[[806.0,948.0],[805.0,950.0],[802.0,952.0],[803.0,953.0],[801.0,956.0],[801.0,958.0],[799.0,960.0],[800.0,961.0],[797.0,963.0],[797.0,965.0],[802.0,969.0],[813.0,970.0],[814.0,969.0],[814.0,966.0],[807.0,959.0],[809.0,957.0],[811.0,953.0],[808.0,951.0],[809.0,950.0],[806.0,948.0]]],[[[919.0,937.0],[915.0,936.0],[913.0,940.0],[910.0,943.0],[906.0,945.0],[906.0,948.0],[907.0,950.0],[905.0,952.0],[903.0,952.0],[899.0,956.0],[895.0,958.0],[893.0,956.0],[899.0,950.0],[898.0,949.0],[896.0,949.0],[893.0,946.0],[893.0,945.0],[899.0,940.0],[900.0,941.0],[905.0,940.0],[907.0,938.0],[906.0,936.0],[901.0,936.0],[898.0,934.0],[893.0,934.0],[890.0,936.0],[886.0,936.0],[885.0,935.0],[883.0,937.0],[883.0,938.0],[878.0,942.0],[873.0,937.0],[868.0,935.0],[865.0,938.0],[866.0,939.0],[865.0,940.0],[858.0,940.0],[857.0,939.0],[858.0,938.0],[857.0,937.0],[859.0,935.0],[859.0,933.0],[856.0,931.0],[848.0,940.0],[845.0,945.0],[848.0,948.0],[850.0,948.0],[851.0,949.0],[851.0,951.0],[846.0,955.0],[842.0,955.0],[839.0,959.0],[838.0,959.0],[836.0,957.0],[832.0,957.0],[830.0,959.0],[831.0,960.0],[830.0,961.0],[830.0,965.0],[829.0,966.0],[826.0,966.0],[824.0,963.0],[825.0,961.0],[824.0,960.0],[824.0,956.0],[822.0,953.0],[820.0,955.0],[820.0,957.0],[821.0,958.0],[820.0,959.0],[821.0,960.0],[818.0,964.0],[819.0,966.0],[826.0,972.0],[824.0,974.0],[820.0,974.0],[813.0,979.0],[811.0,979.0],[809.0,977.0],[808.0,977.0],[806.0,979.0],[806.0,980.0],[801.0,984.0],[801.0,988.0],[803.0,990.0],[803.0,991.0],[807.0,994.0],[807.0,995.0],[804.0,998.0],[800.0,998.0],[795.0,1001.0],[792.0,1001.0],[789.0,1004.0],[789.0,1006.0],[788.0,1007.0],[788.0,1010.0],[789.0,1012.0],[784.0,1016.0],[785.0,1018.0],[787.0,1019.0],[788.0,1018.0],[791.0,1018.0],[795.0,1013.0],[797.0,1013.0],[798.0,1014.0],[796.0,1017.0],[797.0,1019.0],[798.0,1019.0],[800.0,1021.0],[804.0,1019.0],[809.0,1024.0],[809.0,1026.0],[810.0,1027.0],[809.0,1028.0],[812.0,1032.0],[808.0,1037.0],[807.0,1040.0],[809.0,1044.0],[815.0,1050.0],[814.0,1052.0],[815.0,1053.0],[814.0,1054.0],[814.0,1056.0],[816.0,1058.0],[815.0,1059.0],[818.0,1063.0],[824.0,1064.0],[826.0,1062.0],[826.0,1060.0],[825.0,1059.0],[823.0,1059.0],[821.0,1057.0],[822.0,1056.0],[821.0,1055.0],[824.0,1053.0],[825.0,1054.0],[827.0,1053.0],[832.0,1053.0],[834.0,1051.0],[839.0,1051.0],[843.0,1049.0],[845.0,1046.0],[848.0,1046.0],[849.0,1045.0],[852.0,1045.0],[854.0,1044.0],[859.0,1039.0],[862.0,1039.0],[863.0,1040.0],[859.0,1044.0],[859.0,1047.0],[858.0,1048.0],[859.0,1049.0],[857.0,1053.0],[860.0,1056.0],[864.0,1054.0],[865.0,1055.0],[864.0,1056.0],[868.0,1059.0],[869.0,1058.0],[874.0,1058.0],[875.0,1059.0],[877.0,1059.0],[880.0,1057.0],[883.0,1061.0],[887.0,1060.0],[887.0,1057.0],[888.0,1055.0],[890.0,1054.0],[893.0,1050.0],[893.0,1043.0],[889.0,1038.0],[889.0,1034.0],[891.0,1031.0],[892.0,1025.0],[896.0,1021.0],[897.0,1017.0],[899.0,1013.0],[901.0,1011.0],[901.0,1008.0],[906.0,1005.0],[910.0,1005.0],[911.0,1003.0],[911.0,995.0],[912.0,994.0],[912.0,992.0],[915.0,988.0],[915.0,972.0],[914.0,971.0],[914.0,968.0],[916.0,967.0],[916.0,965.0],[919.0,961.0],[919.0,959.0],[917.0,957.0],[921.0,954.0],[918.0,952.0],[916.0,952.0],[913.0,949.0],[914.0,947.0],[913.0,945.0],[920.0,939.0],[919.0,937.0]]],[[[638.0,892.0],[638.0,893.0],[640.0,895.0],[644.0,895.0],[645.0,896.0],[647.0,896.0],[648.0,895.0],[648.0,894.0],[645.0,891.0],[642.0,891.0],[640.0,890.0],[638.0,892.0]]],[[[633.0,883.0],[629.0,881.0],[627.0,882.0],[626.0,884.0],[628.0,886.0],[630.0,886.0],[632.0,885.0],[633.0,883.0]]],[[[655.0,882.0],[655.0,880.0],[654.0,879.0],[652.0,879.0],[651.0,877.0],[648.0,875.0],[645.0,877.0],[642.0,877.0],[639.0,880.0],[639.0,881.0],[641.0,883.0],[643.0,881.0],[646.0,881.0],[648.0,883.0],[654.0,883.0],[655.0,882.0]]],[[[467.0,876.0],[466.0,878.0],[468.0,880.0],[470.0,880.0],[471.0,881.0],[473.0,880.0],[475.0,882.0],[475.0,884.0],[473.0,886.0],[473.0,887.0],[477.0,892.0],[482.0,891.0],[486.0,894.0],[485.0,896.0],[482.0,896.0],[480.0,898.0],[479.0,900.0],[480.0,901.0],[480.0,903.0],[475.0,911.0],[476.0,912.0],[475.0,913.0],[475.0,915.0],[479.0,921.0],[480.0,921.0],[482.0,919.0],[482.0,917.0],[485.0,914.0],[491.0,914.0],[492.0,915.0],[493.0,914.0],[497.0,914.0],[502.0,918.0],[503.0,917.0],[506.0,917.0],[508.0,916.0],[509.0,914.0],[512.0,912.0],[508.0,909.0],[508.0,906.0],[507.0,905.0],[508.0,904.0],[507.0,903.0],[507.0,900.0],[511.0,894.0],[513.0,893.0],[515.0,894.0],[518.0,891.0],[517.0,889.0],[519.0,887.0],[519.0,886.0],[521.0,884.0],[523.0,884.0],[528.0,880.0],[528.0,875.0],[526.0,874.0],[524.0,876.0],[522.0,872.0],[520.0,870.0],[517.0,872.0],[518.0,873.0],[516.0,876.0],[513.0,876.0],[510.0,873.0],[510.0,872.0],[508.0,871.0],[507.0,872.0],[501.0,872.0],[500.0,874.0],[497.0,876.0],[495.0,875.0],[492.0,875.0],[490.0,877.0],[488.0,877.0],[485.0,874.0],[485.0,869.0],[483.0,867.0],[482.0,868.0],[479.0,868.0],[478.0,869.0],[478.0,872.0],[476.0,874.0],[471.0,874.0],[467.0,876.0]]],[[[645.0,861.0],[645.0,864.0],[648.0,866.0],[652.0,867.0],[654.0,865.0],[654.0,864.0],[649.0,860.0],[646.0,860.0],[645.0,861.0]]],[[[450.0,837.0],[448.0,839.0],[448.0,843.0],[451.0,846.0],[452.0,846.0],[455.0,843.0],[455.0,841.0],[452.0,837.0],[450.0,837.0]]],[[[593.0,851.0],[595.0,853.0],[599.0,853.0],[600.0,854.0],[605.0,854.0],[609.0,852.0],[614.0,852.0],[616.0,850.0],[616.0,848.0],[618.0,846.0],[623.0,845.0],[625.0,843.0],[625.0,842.0],[621.0,839.0],[618.0,841.0],[616.0,841.0],[613.0,843.0],[609.0,844.0],[607.0,842.0],[608.0,837.0],[605.0,834.0],[604.0,834.0],[601.0,837.0],[600.0,840.0],[597.0,842.0],[597.0,846.0],[593.0,851.0]]],[[[465.0,831.0],[463.0,831.0],[461.0,833.0],[463.0,840.0],[461.0,841.0],[459.0,844.0],[459.0,848.0],[463.0,851.0],[463.0,854.0],[460.0,859.0],[454.0,863.0],[454.0,866.0],[455.0,867.0],[457.0,867.0],[459.0,869.0],[458.0,871.0],[458.0,874.0],[460.0,876.0],[462.0,876.0],[464.0,873.0],[464.0,870.0],[467.0,866.0],[471.0,866.0],[473.0,867.0],[474.0,866.0],[474.0,864.0],[478.0,860.0],[481.0,855.0],[476.0,851.0],[477.0,847.0],[466.0,837.0],[466.0,834.0],[467.0,833.0],[465.0,831.0]]],[[[452.0,825.0],[453.0,826.0],[459.0,826.0],[460.0,825.0],[462.0,825.0],[464.0,823.0],[462.0,821.0],[455.0,821.0],[452.0,823.0],[452.0,825.0]]],[[[586.0,822.0],[588.0,825.0],[591.0,824.0],[593.0,822.0],[595.0,824.0],[599.0,824.0],[602.0,821.0],[602.0,819.0],[601.0,818.0],[598.0,818.0],[596.0,816.0],[592.0,816.0],[590.0,817.0],[586.0,822.0]]],[[[502.0,817.0],[502.0,819.0],[504.0,821.0],[510.0,821.0],[511.0,820.0],[511.0,818.0],[510.0,817.0],[507.0,817.0],[506.0,816.0],[503.0,816.0],[502.0,817.0]]],[[[472.0,830.0],[473.0,832.0],[475.0,834.0],[476.0,834.0],[482.0,841.0],[484.0,841.0],[487.0,846.0],[487.0,850.0],[489.0,852.0],[489.0,854.0],[492.0,857.0],[492.0,859.0],[489.0,861.0],[489.0,863.0],[494.0,866.0],[496.0,866.0],[498.0,868.0],[506.0,869.0],[507.0,868.0],[507.0,862.0],[511.0,860.0],[516.0,856.0],[517.0,857.0],[517.0,862.0],[518.0,863.0],[522.0,863.0],[523.0,862.0],[525.0,862.0],[528.0,865.0],[528.0,866.0],[532.0,869.0],[534.0,873.0],[538.0,874.0],[540.0,872.0],[541.0,872.0],[542.0,873.0],[542.0,876.0],[544.0,880.0],[545.0,879.0],[547.0,879.0],[555.0,871.0],[557.0,870.0],[559.0,872.0],[561.0,872.0],[568.0,868.0],[570.0,871.0],[573.0,870.0],[577.0,874.0],[580.0,875.0],[588.0,883.0],[588.0,885.0],[592.0,888.0],[590.0,893.0],[592.0,895.0],[593.0,894.0],[594.0,895.0],[595.0,894.0],[597.0,894.0],[601.0,890.0],[602.0,891.0],[605.0,888.0],[605.0,886.0],[604.0,885.0],[606.0,883.0],[607.0,884.0],[608.0,883.0],[611.0,883.0],[615.0,885.0],[617.0,883.0],[614.0,880.0],[615.0,878.0],[614.0,877.0],[616.0,875.0],[617.0,875.0],[619.0,872.0],[621.0,872.0],[622.0,871.0],[623.0,872.0],[626.0,872.0],[627.0,871.0],[630.0,871.0],[631.0,870.0],[629.0,866.0],[628.0,867.0],[622.0,864.0],[621.0,862.0],[622.0,860.0],[620.0,858.0],[616.0,859.0],[614.0,861.0],[612.0,860.0],[610.0,862.0],[604.0,861.0],[601.0,864.0],[599.0,864.0],[598.0,865.0],[595.0,865.0],[594.0,864.0],[595.0,861.0],[593.0,859.0],[589.0,861.0],[587.0,860.0],[583.0,861.0],[581.0,859.0],[579.0,860.0],[575.0,856.0],[576.0,854.0],[576.0,847.0],[578.0,844.0],[583.0,850.0],[587.0,848.0],[590.0,845.0],[590.0,844.0],[589.0,843.0],[585.0,842.0],[582.0,839.0],[580.0,835.0],[577.0,836.0],[573.0,841.0],[571.0,839.0],[571.0,838.0],[569.0,837.0],[566.0,843.0],[563.0,843.0],[561.0,841.0],[562.0,840.0],[559.0,836.0],[560.0,833.0],[565.0,829.0],[566.0,829.0],[568.0,826.0],[571.0,826.0],[572.0,827.0],[574.0,827.0],[575.0,826.0],[575.0,823.0],[571.0,820.0],[571.0,816.0],[572.0,815.0],[572.0,813.0],[571.0,812.0],[570.0,812.0],[568.0,814.0],[564.0,815.0],[562.0,817.0],[555.0,817.0],[554.0,816.0],[551.0,816.0],[548.0,812.0],[545.0,812.0],[539.0,818.0],[537.0,817.0],[535.0,819.0],[530.0,816.0],[528.0,812.0],[526.0,812.0],[525.0,813.0],[524.0,817.0],[523.0,818.0],[521.0,817.0],[519.0,821.0],[517.0,823.0],[515.0,824.0],[509.0,824.0],[507.0,826.0],[504.0,823.0],[500.0,823.0],[498.0,821.0],[496.0,821.0],[495.0,820.0],[495.0,818.0],[492.0,815.0],[490.0,815.0],[489.0,816.0],[490.0,817.0],[490.0,819.0],[488.0,822.0],[487.0,821.0],[483.0,825.0],[481.0,825.0],[478.0,829.0],[476.0,830.0],[475.0,829.0],[473.0,829.0],[472.0,830.0]]],[[[435.0,812.0],[434.0,813.0],[434.0,815.0],[436.0,817.0],[440.0,818.0],[441.0,817.0],[441.0,815.0],[439.0,813.0],[435.0,812.0]]],[[[550.0,793.0],[546.0,792.0],[542.0,796.0],[540.0,795.0],[537.0,795.0],[535.0,797.0],[535.0,798.0],[537.0,800.0],[538.0,800.0],[541.0,804.0],[543.0,804.0],[544.0,803.0],[546.0,803.0],[548.0,801.0],[548.0,799.0],[551.0,795.0],[550.0,793.0]]],[[[428.0,791.0],[428.0,794.0],[430.0,796.0],[437.0,796.0],[438.0,795.0],[438.0,794.0],[433.0,790.0],[429.0,790.0],[428.0,791.0]]],[[[788.0,776.0],[787.0,775.0],[785.0,777.0],[779.0,777.0],[778.0,778.0],[768.0,778.0],[761.0,782.0],[756.0,782.0],[754.0,780.0],[751.0,780.0],[748.0,778.0],[745.0,778.0],[743.0,777.0],[739.0,781.0],[735.0,782.0],[732.0,785.0],[731.0,788.0],[727.0,790.0],[726.0,792.0],[727.0,793.0],[735.0,793.0],[741.0,790.0],[746.0,796.0],[748.0,796.0],[749.0,797.0],[750.0,796.0],[758.0,795.0],[760.0,793.0],[764.0,793.0],[768.0,791.0],[771.0,793.0],[774.0,793.0],[778.0,796.0],[788.0,797.0],[789.0,796.0],[789.0,782.0],[788.0,781.0],[788.0,776.0]]],[[[494.0,777.0],[493.0,776.0],[490.0,776.0],[489.0,775.0],[486.0,775.0],[484.0,776.0],[482.0,774.0],[479.0,774.0],[477.0,775.0],[471.0,782.0],[467.0,782.0],[462.0,777.0],[459.0,776.0],[458.0,777.0],[458.0,779.0],[456.0,781.0],[457.0,782.0],[456.0,783.0],[456.0,785.0],[458.0,786.0],[460.0,788.0],[460.0,789.0],[459.0,790.0],[457.0,789.0],[454.0,791.0],[449.0,791.0],[448.0,790.0],[445.0,792.0],[446.0,793.0],[446.0,795.0],[449.0,799.0],[447.0,803.0],[442.0,807.0],[442.0,809.0],[444.0,811.0],[448.0,811.0],[449.0,812.0],[452.0,807.0],[451.0,806.0],[453.0,803.0],[457.0,806.0],[457.0,807.0],[455.0,809.0],[455.0,813.0],[459.0,815.0],[462.0,812.0],[461.0,811.0],[461.0,809.0],[463.0,807.0],[462.0,806.0],[463.0,804.0],[460.0,801.0],[460.0,799.0],[461.0,798.0],[466.0,798.0],[472.0,803.0],[474.0,802.0],[476.0,804.0],[479.0,804.0],[486.0,808.0],[487.0,807.0],[489.0,807.0],[492.0,804.0],[493.0,800.0],[486.0,796.0],[485.0,794.0],[485.0,788.0],[486.0,787.0],[486.0,784.0],[487.0,782.0],[494.0,777.0]]],[[[455.0,725.0],[454.0,727.0],[454.0,730.0],[458.0,733.0],[458.0,736.0],[456.0,738.0],[458.0,740.0],[460.0,739.0],[465.0,743.0],[467.0,743.0],[468.0,744.0],[475.0,744.0],[476.0,742.0],[478.0,740.0],[479.0,740.0],[483.0,744.0],[484.0,744.0],[486.0,742.0],[489.0,741.0],[491.0,738.0],[491.0,736.0],[489.0,734.0],[487.0,734.0],[486.0,735.0],[485.0,734.0],[487.0,730.0],[486.0,729.0],[486.0,723.0],[487.0,722.0],[487.0,720.0],[483.0,715.0],[482.0,711.0],[475.0,711.0],[472.0,713.0],[470.0,713.0],[470.0,715.0],[468.0,718.0],[460.0,720.0],[455.0,725.0]]],[[[906.0,702.0],[906.0,703.0],[908.0,705.0],[911.0,705.0],[912.0,706.0],[912.0,709.0],[914.0,712.0],[916.0,712.0],[918.0,714.0],[922.0,715.0],[923.0,714.0],[928.0,713.0],[930.0,710.0],[932.0,710.0],[933.0,711.0],[932.0,719.0],[930.0,720.0],[929.0,722.0],[937.0,732.0],[937.0,734.0],[936.0,735.0],[937.0,737.0],[939.0,738.0],[943.0,736.0],[944.0,737.0],[943.0,741.0],[947.0,745.0],[951.0,745.0],[952.0,744.0],[958.0,749.0],[962.0,749.0],[963.0,748.0],[963.0,746.0],[960.0,742.0],[961.0,738.0],[962.0,737.0],[966.0,737.0],[970.0,735.0],[975.0,735.0],[976.0,734.0],[977.0,735.0],[978.0,734.0],[979.0,735.0],[985.0,734.0],[987.0,736.0],[993.0,736.0],[994.0,738.0],[990.0,743.0],[990.0,745.0],[998.0,752.0],[997.0,753.0],[993.0,753.0],[992.0,752.0],[990.0,752.0],[987.0,749.0],[985.0,749.0],[983.0,747.0],[981.0,748.0],[978.0,746.0],[974.0,746.0],[972.0,748.0],[972.0,754.0],[974.0,757.0],[973.0,758.0],[974.0,759.0],[974.0,761.0],[980.0,768.0],[980.0,769.0],[982.0,771.0],[984.0,771.0],[987.0,774.0],[986.0,777.0],[987.0,777.0],[993.0,783.0],[995.0,781.0],[1002.0,781.0],[1003.0,782.0],[1005.0,780.0],[1010.0,778.0],[1011.0,776.0],[1010.0,777.0],[1008.0,775.0],[1012.0,771.0],[1009.0,769.0],[1004.0,769.0],[1002.0,767.0],[1003.0,766.0],[1006.0,766.0],[1009.0,764.0],[1008.0,762.0],[1008.0,756.0],[1007.0,755.0],[1009.0,753.0],[1012.0,752.0],[1014.0,748.0],[1013.0,747.0],[1013.0,744.0],[1011.0,741.0],[1011.0,739.0],[1008.0,736.0],[1005.0,738.0],[1001.0,738.0],[1000.0,737.0],[999.0,733.0],[1000.0,732.0],[1002.0,734.0],[1007.0,732.0],[1009.0,734.0],[1013.0,734.0],[1016.0,731.0],[1016.0,728.0],[1012.0,723.0],[1009.0,716.0],[1007.0,714.0],[1006.0,715.0],[1004.0,715.0],[1003.0,714.0],[1004.0,712.0],[1001.0,710.0],[998.0,710.0],[996.0,712.0],[995.0,714.0],[996.0,716.0],[992.0,720.0],[990.0,719.0],[990.0,717.0],[991.0,716.0],[990.0,708.0],[992.0,705.0],[992.0,703.0],[991.0,702.0],[991.0,700.0],[989.0,698.0],[986.0,698.0],[983.0,695.0],[984.0,693.0],[987.0,693.0],[988.0,692.0],[988.0,688.0],[989.0,687.0],[988.0,685.0],[983.0,681.0],[983.0,679.0],[980.0,676.0],[978.0,676.0],[975.0,680.0],[976.0,681.0],[972.0,684.0],[970.0,684.0],[965.0,678.0],[957.0,679.0],[954.0,677.0],[952.0,677.0],[948.0,682.0],[946.0,682.0],[944.0,684.0],[944.0,687.0],[948.0,692.0],[947.0,696.0],[946.0,697.0],[940.0,690.0],[941.0,688.0],[940.0,690.0],[937.0,693.0],[936.0,693.0],[936.0,694.0],[934.0,696.0],[929.0,693.0],[927.0,694.0],[923.0,699.0],[920.0,699.0],[919.0,700.0],[914.0,700.0],[913.0,699.0],[910.0,699.0],[906.0,702.0]],[[1001.0,766.0],[1002.0,765.0],[1003.0,766.0],[1002.0,767.0],[1001.0,766.0]],[[999.0,765.0],[1000.0,764.0],[1001.0,765.0],[1000.0,766.0],[999.0,765.0]],[[994.0,762.0],[995.0,761.0],[1000.0,764.0],[999.0,765.0],[997.0,765.0],[995.0,764.0],[994.0,762.0]]],[[[1694.0,507.0],[1693.0,508.0],[1693.0,514.0],[1699.0,521.0],[1699.0,525.0],[1697.0,528.0],[1697.0,533.0],[1698.0,535.0],[1697.0,536.0],[1697.0,540.0],[1695.0,542.0],[1695.0,549.0],[1694.0,550.0],[1695.0,552.0],[1695.0,555.0],[1697.0,558.0],[1697.0,563.0],[1695.0,566.0],[1696.0,568.0],[1698.0,567.0],[1702.0,562.0],[1702.0,555.0],[1701.0,553.0],[1702.0,552.0],[1703.0,548.0],[1709.0,543.0],[1709.0,540.0],[1705.0,538.0],[1703.0,536.0],[1704.0,534.0],[1704.0,531.0],[1703.0,530.0],[1703.0,524.0],[1704.0,523.0],[1704.0,521.0],[1709.0,516.0],[1711.0,511.0],[1710.0,510.0],[1702.0,510.0],[1697.0,507.0],[1694.0,507.0]]],[[[1681.0,494.0],[1680.0,495.0],[1681.0,499.0],[1685.0,504.0],[1687.0,500.0],[1685.0,496.0],[1683.0,494.0],[1681.0,494.0]]],[[[1696.0,490.0],[1693.0,492.0],[1693.0,499.0],[1695.0,501.0],[1697.0,500.0],[1699.0,496.0],[1699.0,494.0],[1696.0,490.0]]],[[[764.0,484.0],[763.0,486.0],[764.0,493.0],[763.0,494.0],[763.0,497.0],[762.0,498.0],[762.0,502.0],[764.0,505.0],[764.0,507.0],[758.0,513.0],[759.0,518.0],[764.0,527.0],[764.0,530.0],[768.0,533.0],[770.0,537.0],[770.0,539.0],[772.0,543.0],[772.0,546.0],[773.0,547.0],[773.0,551.0],[774.0,552.0],[776.0,560.0],[779.0,566.0],[781.0,566.0],[788.0,571.0],[791.0,572.0],[793.0,574.0],[797.0,576.0],[801.0,580.0],[802.0,579.0],[801.0,578.0],[801.0,576.0],[805.0,572.0],[811.0,569.0],[816.0,564.0],[816.0,563.0],[819.0,561.0],[820.0,559.0],[819.0,558.0],[820.0,556.0],[823.0,553.0],[823.0,552.0],[827.0,549.0],[828.0,547.0],[827.0,546.0],[827.0,544.0],[828.0,543.0],[829.0,544.0],[830.0,543.0],[829.0,542.0],[833.0,537.0],[837.0,535.0],[839.0,536.0],[851.0,536.0],[853.0,535.0],[855.0,537.0],[857.0,536.0],[859.0,538.0],[860.0,538.0],[863.0,532.0],[863.0,528.0],[861.0,526.0],[858.0,526.0],[856.0,524.0],[855.0,521.0],[853.0,519.0],[853.0,516.0],[852.0,515.0],[852.0,511.0],[853.0,510.0],[853.0,508.0],[855.0,506.0],[855.0,504.0],[858.0,500.0],[858.0,498.0],[859.0,497.0],[857.0,495.0],[853.0,494.0],[850.0,488.0],[848.0,488.0],[846.0,490.0],[846.0,491.0],[840.0,496.0],[829.0,496.0],[805.0,484.0],[802.0,484.0],[800.0,485.0],[795.0,490.0],[789.0,490.0],[786.0,488.0],[784.0,488.0],[781.0,486.0],[779.0,486.0],[775.0,484.0],[764.0,484.0]]],[[[1728.0,452.0],[1726.0,456.0],[1727.0,458.0],[1725.0,461.0],[1725.0,463.0],[1727.0,465.0],[1728.0,468.0],[1733.0,473.0],[1734.0,473.0],[1736.0,469.0],[1734.0,468.0],[1731.0,464.0],[1732.0,458.0],[1730.0,454.0],[1728.0,452.0]]],[[[1779.0,432.0],[1777.0,435.0],[1776.0,434.0],[1773.0,437.0],[1769.0,439.0],[1770.0,440.0],[1770.0,444.0],[1772.0,447.0],[1774.0,447.0],[1776.0,449.0],[1779.0,449.0],[1780.0,448.0],[1778.0,444.0],[1780.0,442.0],[1779.0,441.0],[1783.0,438.0],[1782.0,435.0],[1779.0,432.0]]],[[[1814.0,407.0],[1812.0,409.0],[1812.0,411.0],[1810.0,413.0],[1809.0,412.0],[1807.0,412.0],[1802.0,415.0],[1801.0,419.0],[1804.0,421.0],[1804.0,422.0],[1802.0,424.0],[1805.0,426.0],[1807.0,426.0],[1809.0,428.0],[1808.0,430.0],[1810.0,432.0],[1809.0,433.0],[1810.0,436.0],[1813.0,439.0],[1815.0,440.0],[1818.0,440.0],[1819.0,441.0],[1818.0,443.0],[1820.0,444.0],[1822.0,447.0],[1821.0,449.0],[1822.0,452.0],[1819.0,455.0],[1821.0,460.0],[1822.0,461.0],[1828.0,455.0],[1829.0,455.0],[1838.0,462.0],[1842.0,462.0],[1843.0,464.0],[1841.0,466.0],[1841.0,467.0],[1842.0,468.0],[1842.0,472.0],[1843.0,473.0],[1847.0,469.0],[1848.0,469.0],[1850.0,467.0],[1853.0,467.0],[1856.0,464.0],[1857.0,462.0],[1856.0,459.0],[1860.0,454.0],[1859.0,450.0],[1862.0,448.0],[1863.0,448.0],[1865.0,450.0],[1866.0,449.0],[1866.0,446.0],[1868.0,444.0],[1867.0,443.0],[1869.0,441.0],[1868.0,439.0],[1871.0,435.0],[1870.0,434.0],[1875.0,428.0],[1876.0,429.0],[1875.0,428.0],[1874.0,429.0],[1872.0,427.0],[1871.0,428.0],[1868.0,425.0],[1866.0,421.0],[1862.0,417.0],[1860.0,417.0],[1859.0,418.0],[1855.0,418.0],[1853.0,416.0],[1847.0,416.0],[1846.0,415.0],[1844.0,416.0],[1840.0,412.0],[1838.0,412.0],[1837.0,411.0],[1833.0,413.0],[1829.0,411.0],[1828.0,412.0],[1822.0,413.0],[1818.0,409.0],[1819.0,408.0],[1818.0,407.0],[1814.0,407.0]]],[[[1837.0,376.0],[1833.0,377.0],[1831.0,379.0],[1831.0,381.0],[1825.0,387.0],[1826.0,393.0],[1827.0,394.0],[1831.0,392.0],[1830.0,390.0],[1832.0,388.0],[1834.0,383.0],[1837.0,380.0],[1838.0,378.0],[1837.0,376.0]]],[[[1047.0,365.0],[1044.0,369.0],[1044.0,372.0],[1047.0,377.0],[1047.0,379.0],[1051.0,381.0],[1055.0,379.0],[1056.0,377.0],[1049.0,371.0],[1049.0,367.0],[1047.0,365.0]]],[[[581.0,343.0],[579.0,341.0],[577.0,341.0],[574.0,343.0],[571.0,343.0],[569.0,345.0],[566.0,345.0],[563.0,343.0],[559.0,343.0],[555.0,345.0],[553.0,347.0],[551.0,347.0],[549.0,349.0],[549.0,351.0],[550.0,352.0],[554.0,352.0],[555.0,351.0],[560.0,351.0],[562.0,350.0],[564.0,353.0],[563.0,355.0],[563.0,360.0],[565.0,361.0],[569.0,358.0],[569.0,356.0],[570.0,355.0],[569.0,353.0],[570.0,352.0],[570.0,350.0],[576.0,345.0],[577.0,346.0],[578.0,345.0],[580.0,345.0],[581.0,343.0]]],[[[1814.0,338.0],[1806.0,344.0],[1805.0,346.0],[1805.0,348.0],[1806.0,349.0],[1801.0,356.0],[1801.0,360.0],[1800.0,361.0],[1797.0,360.0],[1795.0,362.0],[1794.0,362.0],[1790.0,367.0],[1790.0,371.0],[1791.0,372.0],[1792.0,372.0],[1794.0,370.0],[1798.0,371.0],[1800.0,373.0],[1799.0,376.0],[1805.0,379.0],[1805.0,383.0],[1804.0,384.0],[1804.0,387.0],[1803.0,388.0],[1806.0,390.0],[1808.0,389.0],[1807.0,388.0],[1811.0,384.0],[1810.0,380.0],[1812.0,378.0],[1818.0,379.0],[1820.0,376.0],[1820.0,374.0],[1817.0,371.0],[1817.0,369.0],[1814.0,366.0],[1813.0,367.0],[1810.0,367.0],[1808.0,369.0],[1807.0,369.0],[1805.0,367.0],[1805.0,365.0],[1804.0,364.0],[1806.0,362.0],[1805.0,358.0],[1807.0,356.0],[1807.0,355.0],[1808.0,354.0],[1811.0,354.0],[1814.0,351.0],[1815.0,351.0],[1816.0,350.0],[1815.0,349.0],[1816.0,348.0],[1816.0,346.0],[1820.0,343.0],[1819.0,341.0],[1816.0,340.0],[1814.0,338.0]]],[[[1056.0,320.0],[1055.0,321.0],[1052.0,321.0],[1050.0,323.0],[1049.0,329.0],[1054.0,334.0],[1054.0,337.0],[1055.0,338.0],[1054.0,340.0],[1056.0,344.0],[1058.0,345.0],[1060.0,342.0],[1059.0,340.0],[1061.0,338.0],[1059.0,336.0],[1056.0,330.0],[1060.0,326.0],[1058.0,324.0],[1058.0,322.0],[1056.0,320.0]]],[[[1036.0,307.0],[1034.0,310.0],[1034.0,316.0],[1037.0,319.0],[1040.0,320.0],[1041.0,319.0],[1038.0,315.0],[1038.0,308.0],[1036.0,307.0]]],[[[1022.0,292.0],[1021.0,291.0],[1019.0,292.0],[1016.0,292.0],[1014.0,294.0],[1014.0,296.0],[1015.0,297.0],[1018.0,295.0],[1020.0,295.0],[1022.0,293.0],[1022.0,292.0]]],[[[1664.0,284.0],[1666.0,286.0],[1666.0,287.0],[1671.0,291.0],[1673.0,291.0],[1676.0,293.0],[1679.0,291.0],[1679.0,287.0],[1680.0,286.0],[1678.0,284.0],[1674.0,286.0],[1668.0,283.0],[1665.0,283.0],[1664.0,284.0]]],[[[1213.0,306.0],[1213.0,305.0],[1203.0,296.0],[1201.0,292.0],[1201.0,288.0],[1197.0,286.0],[1195.0,287.0],[1193.0,286.0],[1194.0,285.0],[1193.0,283.0],[1194.0,282.0],[1196.0,282.0],[1201.0,279.0],[1201.0,278.0],[1203.0,276.0],[1203.0,274.0],[1202.0,273.0],[1199.0,276.0],[1195.0,276.0],[1193.0,278.0],[1189.0,278.0],[1188.0,279.0],[1183.0,276.0],[1180.0,279.0],[1180.0,281.0],[1181.0,282.0],[1179.0,284.0],[1179.0,285.0],[1181.0,287.0],[1181.0,291.0],[1176.0,295.0],[1172.0,295.0],[1170.0,297.0],[1169.0,300.0],[1166.0,302.0],[1167.0,303.0],[1172.0,303.0],[1175.0,301.0],[1178.0,301.0],[1181.0,298.0],[1183.0,298.0],[1187.0,294.0],[1188.0,294.0],[1189.0,295.0],[1189.0,297.0],[1192.0,300.0],[1194.0,300.0],[1196.0,302.0],[1200.0,304.0],[1206.0,304.0],[1210.0,307.0],[1212.0,307.0],[1213.0,306.0]]],[[[1794.0,297.0],[1788.0,297.0],[1784.0,295.0],[1783.0,297.0],[1779.0,297.0],[1777.0,299.0],[1774.0,299.0],[1773.0,300.0],[1770.0,300.0],[1768.0,298.0],[1765.0,298.0],[1764.0,299.0],[1760.0,296.0],[1761.0,294.0],[1760.0,293.0],[1762.0,291.0],[1761.0,291.0],[1759.0,289.0],[1757.0,289.0],[1754.0,285.0],[1750.0,283.0],[1748.0,284.0],[1744.0,281.0],[1743.0,282.0],[1735.0,281.0],[1733.0,282.0],[1734.0,284.0],[1730.0,288.0],[1727.0,288.0],[1724.0,284.0],[1724.0,282.0],[1727.0,279.0],[1727.0,276.0],[1720.0,274.0],[1719.0,275.0],[1716.0,275.0],[1715.0,276.0],[1713.0,275.0],[1711.0,277.0],[1709.0,275.0],[1707.0,275.0],[1703.0,272.0],[1702.0,273.0],[1701.0,272.0],[1699.0,272.0],[1697.0,273.0],[1693.0,278.0],[1692.0,278.0],[1693.0,280.0],[1693.0,287.0],[1696.0,291.0],[1694.0,293.0],[1694.0,294.0],[1692.0,295.0],[1692.0,300.0],[1693.0,301.0],[1690.0,305.0],[1688.0,305.0],[1686.0,307.0],[1682.0,308.0],[1679.0,310.0],[1673.0,311.0],[1670.0,307.0],[1670.0,306.0],[1672.0,305.0],[1672.0,303.0],[1670.0,302.0],[1664.0,302.0],[1662.0,301.0],[1658.0,297.0],[1658.0,295.0],[1657.0,295.0],[1656.0,293.0],[1654.0,292.0],[1654.0,286.0],[1652.0,285.0],[1649.0,285.0],[1648.0,289.0],[1647.0,290.0],[1647.0,293.0],[1645.0,294.0],[1645.0,297.0],[1643.0,299.0],[1638.0,299.0],[1638.0,300.0],[1636.0,301.0],[1635.0,303.0],[1634.0,303.0],[1634.0,305.0],[1635.0,306.0],[1633.0,307.0],[1633.0,311.0],[1634.0,312.0],[1634.0,314.0],[1636.0,315.0],[1639.0,315.0],[1641.0,314.0],[1642.0,315.0],[1642.0,318.0],[1640.0,320.0],[1640.0,322.0],[1641.0,323.0],[1639.0,325.0],[1638.0,325.0],[1638.0,328.0],[1634.0,331.0],[1633.0,329.0],[1631.0,329.0],[1626.0,332.0],[1623.0,335.0],[1622.0,334.0],[1622.0,332.0],[1621.0,332.0],[1619.0,330.0],[1618.0,327.0],[1615.0,327.0],[1615.0,328.0],[1613.0,329.0],[1613.0,331.0],[1614.0,331.0],[1616.0,334.0],[1616.0,340.0],[1618.0,341.0],[1619.0,343.0],[1619.0,347.0],[1620.0,347.0],[1621.0,349.0],[1620.0,350.0],[1618.0,350.0],[1614.0,347.0],[1612.0,347.0],[1612.0,349.0],[1611.0,350.0],[1611.0,352.0],[1612.0,353.0],[1612.0,357.0],[1619.0,360.0],[1620.0,362.0],[1620.0,366.0],[1622.0,366.0],[1625.0,368.0],[1626.0,374.0],[1631.0,376.0],[1634.0,379.0],[1634.0,383.0],[1639.0,383.0],[1638.0,379.0],[1639.0,378.0],[1639.0,372.0],[1640.0,371.0],[1642.0,371.0],[1643.0,370.0],[1648.0,371.0],[1649.0,369.0],[1652.0,369.0],[1652.0,366.0],[1653.0,365.0],[1656.0,369.0],[1654.0,370.0],[1655.0,385.0],[1653.0,386.0],[1653.0,388.0],[1651.0,389.0],[1652.0,393.0],[1651.0,395.0],[1647.0,399.0],[1646.0,399.0],[1646.0,402.0],[1643.0,405.0],[1642.0,405.0],[1642.0,410.0],[1640.0,411.0],[1640.0,414.0],[1633.0,418.0],[1633.0,423.0],[1639.0,426.0],[1639.0,430.0],[1640.0,431.0],[1640.0,433.0],[1641.0,435.0],[1642.0,435.0],[1645.0,438.0],[1648.0,444.0],[1651.0,444.0],[1653.0,447.0],[1656.0,448.0],[1661.0,452.0],[1665.0,452.0],[1666.0,453.0],[1668.0,453.0],[1670.0,455.0],[1670.0,460.0],[1667.0,462.0],[1663.0,462.0],[1661.0,466.0],[1659.0,467.0],[1659.0,469.0],[1660.0,469.0],[1663.0,472.0],[1662.0,479.0],[1664.0,480.0],[1666.0,484.0],[1665.0,486.0],[1665.0,493.0],[1667.0,494.0],[1667.0,497.0],[1669.0,498.0],[1670.0,500.0],[1670.0,503.0],[1671.0,503.0],[1673.0,506.0],[1672.0,520.0],[1673.0,520.0],[1676.0,523.0],[1678.0,523.0],[1679.0,520.0],[1681.0,518.0],[1681.0,514.0],[1680.0,514.0],[1678.0,512.0],[1678.0,508.0],[1680.0,507.0],[1680.0,503.0],[1679.0,503.0],[1676.0,500.0],[1675.0,496.0],[1674.0,495.0],[1674.0,494.0],[1676.0,493.0],[1675.0,487.0],[1677.0,485.0],[1678.0,485.0],[1680.0,488.0],[1683.0,488.0],[1683.0,487.0],[1685.0,486.0],[1685.0,484.0],[1686.0,483.0],[1688.0,483.0],[1689.0,480.0],[1691.0,478.0],[1693.0,477.0],[1699.0,477.0],[1700.0,476.0],[1704.0,476.0],[1709.0,480.0],[1712.0,481.0],[1713.0,482.0],[1713.0,485.0],[1716.0,485.0],[1716.0,483.0],[1717.0,482.0],[1717.0,475.0],[1716.0,475.0],[1715.0,473.0],[1713.0,472.0],[1713.0,466.0],[1714.0,465.0],[1714.0,457.0],[1715.0,456.0],[1715.0,452.0],[1721.0,449.0],[1721.0,447.0],[1716.0,444.0],[1716.0,435.0],[1718.0,434.0],[1718.0,432.0],[1719.0,431.0],[1721.0,431.0],[1724.0,436.0],[1726.0,437.0],[1729.0,437.0],[1730.0,435.0],[1730.0,430.0],[1731.0,429.0],[1732.0,430.0],[1734.0,430.0],[1735.0,432.0],[1737.0,433.0],[1741.0,441.0],[1743.0,442.0],[1750.0,442.0],[1751.0,441.0],[1753.0,441.0],[1753.0,440.0],[1756.0,437.0],[1758.0,437.0],[1758.0,434.0],[1757.0,434.0],[1755.0,432.0],[1755.0,431.0],[1757.0,430.0],[1758.0,424.0],[1759.0,423.0],[1759.0,420.0],[1760.0,419.0],[1760.0,417.0],[1762.0,415.0],[1763.0,417.0],[1766.0,417.0],[1766.0,416.0],[1768.0,414.0],[1769.0,415.0],[1772.0,415.0],[1775.0,418.0],[1776.0,418.0],[1780.0,423.0],[1784.0,423.0],[1787.0,420.0],[1787.0,419.0],[1789.0,418.0],[1789.0,412.0],[1793.0,410.0],[1793.0,404.0],[1794.0,403.0],[1799.0,403.0],[1798.0,397.0],[1797.0,397.0],[1784.0,385.0],[1785.0,377.0],[1784.0,375.0],[1783.0,375.0],[1781.0,373.0],[1781.0,370.0],[1782.0,369.0],[1782.0,367.0],[1781.0,366.0],[1783.0,365.0],[1783.0,361.0],[1785.0,357.0],[1787.0,355.0],[1788.0,355.0],[1791.0,351.0],[1796.0,349.0],[1799.0,346.0],[1800.0,343.0],[1802.0,342.0],[1802.0,340.0],[1804.0,338.0],[1804.0,335.0],[1806.0,333.0],[1806.0,332.0],[1810.0,328.0],[1811.0,328.0],[1811.0,324.0],[1809.0,322.0],[1809.0,321.0],[1812.0,318.0],[1816.0,317.0],[1816.0,315.0],[1815.0,316.0],[1813.0,314.0],[1810.0,308.0],[1808.0,306.0],[1806.0,305.0],[1804.0,306.0],[1802.0,304.0],[1795.0,301.0],[1794.0,300.0],[1795.0,298.0],[1794.0,297.0]]],[[[1323.0,287.0],[1325.0,289.0],[1327.0,289.0],[1328.0,290.0],[1328.0,292.0],[1331.0,295.0],[1335.0,293.0],[1338.0,289.0],[1340.0,289.0],[1343.0,291.0],[1344.0,290.0],[1347.0,290.0],[1350.0,294.0],[1351.0,294.0],[1354.0,297.0],[1356.0,297.0],[1358.0,299.0],[1364.0,299.0],[1365.0,297.0],[1362.0,294.0],[1362.0,291.0],[1363.0,290.0],[1366.0,290.0],[1368.0,292.0],[1371.0,292.0],[1372.0,290.0],[1371.0,289.0],[1366.0,288.0],[1364.0,286.0],[1360.0,286.0],[1359.0,285.0],[1356.0,285.0],[1354.0,287.0],[1353.0,287.0],[1349.0,283.0],[1350.0,282.0],[1350.0,280.0],[1352.0,278.0],[1355.0,280.0],[1358.0,280.0],[1361.0,278.0],[1363.0,278.0],[1367.0,281.0],[1366.0,283.0],[1367.0,284.0],[1372.0,284.0],[1374.0,282.0],[1375.0,282.0],[1377.0,285.0],[1380.0,285.0],[1381.0,284.0],[1385.0,284.0],[1386.0,285.0],[1389.0,283.0],[1385.0,280.0],[1382.0,279.0],[1380.0,277.0],[1380.0,276.0],[1382.0,274.0],[1381.0,273.0],[1382.0,270.0],[1381.0,269.0],[1379.0,269.0],[1378.0,270.0],[1374.0,269.0],[1372.0,267.0],[1370.0,263.0],[1368.0,264.0],[1368.0,266.0],[1366.0,268.0],[1365.0,268.0],[1363.0,266.0],[1359.0,266.0],[1356.0,268.0],[1353.0,268.0],[1351.0,269.0],[1350.0,268.0],[1350.0,266.0],[1353.0,262.0],[1353.0,260.0],[1352.0,259.0],[1350.0,261.0],[1349.0,260.0],[1345.0,260.0],[1343.0,262.0],[1339.0,262.0],[1338.0,263.0],[1339.0,264.0],[1338.0,267.0],[1341.0,270.0],[1340.0,271.0],[1341.0,272.0],[1341.0,274.0],[1338.0,277.0],[1338.0,280.0],[1335.0,282.0],[1332.0,282.0],[1330.0,280.0],[1330.0,279.0],[1328.0,277.0],[1327.0,277.0],[1325.0,280.0],[1326.0,282.0],[1323.0,287.0]]],[[[862.0,245.0],[861.0,244.0],[858.0,244.0],[857.0,245.0],[852.0,246.0],[848.0,250.0],[848.0,254.0],[849.0,255.0],[855.0,248.0],[858.0,248.0],[862.0,245.0]]],[[[935.0,233.0],[932.0,231.0],[928.0,231.0],[925.0,234.0],[923.0,233.0],[919.0,233.0],[918.0,232.0],[913.0,235.0],[913.0,237.0],[909.0,241.0],[907.0,242.0],[904.0,241.0],[902.0,244.0],[904.0,246.0],[903.0,247.0],[906.0,249.0],[908.0,249.0],[911.0,246.0],[914.0,246.0],[918.0,242.0],[922.0,241.0],[929.0,235.0],[932.0,235.0],[935.0,233.0]]],[[[1239.0,238.0],[1239.0,239.0],[1243.0,243.0],[1243.0,248.0],[1241.0,250.0],[1239.0,250.0],[1238.0,251.0],[1238.0,252.0],[1236.0,254.0],[1237.0,257.0],[1236.0,258.0],[1234.0,258.0],[1231.0,261.0],[1231.0,263.0],[1228.0,266.0],[1229.0,268.0],[1229.0,272.0],[1227.0,274.0],[1225.0,274.0],[1222.0,276.0],[1222.0,278.0],[1224.0,280.0],[1224.0,284.0],[1226.0,287.0],[1226.0,289.0],[1229.0,291.0],[1228.0,292.0],[1229.0,294.0],[1227.0,296.0],[1221.0,296.0],[1220.0,297.0],[1226.0,303.0],[1228.0,303.0],[1233.0,307.0],[1235.0,307.0],[1237.0,305.0],[1241.0,305.0],[1245.0,300.0],[1248.0,300.0],[1250.0,302.0],[1250.0,303.0],[1254.0,306.0],[1255.0,308.0],[1257.0,308.0],[1260.0,305.0],[1262.0,307.0],[1262.0,308.0],[1259.0,311.0],[1259.0,313.0],[1260.0,314.0],[1258.0,316.0],[1259.0,317.0],[1259.0,321.0],[1262.0,324.0],[1264.0,323.0],[1268.0,323.0],[1269.0,322.0],[1273.0,322.0],[1274.0,321.0],[1278.0,321.0],[1280.0,318.0],[1283.0,322.0],[1284.0,321.0],[1289.0,320.0],[1293.0,325.0],[1292.0,327.0],[1299.0,331.0],[1302.0,329.0],[1305.0,331.0],[1308.0,331.0],[1309.0,332.0],[1312.0,330.0],[1314.0,330.0],[1319.0,334.0],[1320.0,334.0],[1322.0,332.0],[1325.0,334.0],[1328.0,330.0],[1330.0,330.0],[1331.0,329.0],[1331.0,326.0],[1333.0,323.0],[1334.0,323.0],[1339.0,328.0],[1341.0,328.0],[1342.0,327.0],[1341.0,324.0],[1345.0,320.0],[1346.0,321.0],[1347.0,327.0],[1351.0,331.0],[1359.0,335.0],[1365.0,332.0],[1367.0,330.0],[1366.0,329.0],[1360.0,330.0],[1358.0,328.0],[1358.0,324.0],[1359.0,323.0],[1360.0,323.0],[1362.0,321.0],[1363.0,322.0],[1366.0,322.0],[1368.0,324.0],[1369.0,323.0],[1372.0,323.0],[1373.0,322.0],[1369.0,319.0],[1366.0,319.0],[1363.0,317.0],[1364.0,315.0],[1363.0,314.0],[1364.0,311.0],[1362.0,309.0],[1358.0,308.0],[1354.0,313.0],[1352.0,313.0],[1348.0,308.0],[1345.0,307.0],[1341.0,303.0],[1338.0,303.0],[1332.0,309.0],[1331.0,308.0],[1327.0,308.0],[1326.0,309.0],[1325.0,308.0],[1324.0,309.0],[1322.0,309.0],[1321.0,308.0],[1317.0,308.0],[1315.0,307.0],[1314.0,308.0],[1308.0,308.0],[1303.0,312.0],[1301.0,310.0],[1301.0,308.0],[1303.0,306.0],[1305.0,306.0],[1308.0,303.0],[1307.0,299.0],[1310.0,294.0],[1307.0,290.0],[1307.0,285.0],[1311.0,282.0],[1305.0,279.0],[1306.0,277.0],[1305.0,276.0],[1306.0,275.0],[1305.0,273.0],[1307.0,271.0],[1306.0,270.0],[1306.0,267.0],[1307.0,266.0],[1305.0,264.0],[1305.0,263.0],[1307.0,260.0],[1308.0,262.0],[1311.0,264.0],[1317.0,261.0],[1319.0,258.0],[1317.0,256.0],[1320.0,251.0],[1322.0,251.0],[1325.0,248.0],[1324.0,246.0],[1321.0,246.0],[1313.0,253.0],[1312.0,253.0],[1309.0,250.0],[1307.0,246.0],[1304.0,246.0],[1303.0,247.0],[1303.0,251.0],[1302.0,252.0],[1302.0,254.0],[1298.0,257.0],[1295.0,257.0],[1292.0,253.0],[1290.0,253.0],[1286.0,255.0],[1285.0,254.0],[1285.0,251.0],[1287.0,247.0],[1286.0,246.0],[1284.0,246.0],[1281.0,250.0],[1274.0,252.0],[1270.0,254.0],[1268.0,256.0],[1266.0,253.0],[1268.0,251.0],[1265.0,246.0],[1263.0,247.0],[1262.0,246.0],[1260.0,247.0],[1258.0,246.0],[1256.0,243.0],[1256.0,241.0],[1257.0,240.0],[1255.0,238.0],[1255.0,235.0],[1256.0,234.0],[1256.0,230.0],[1255.0,229.0],[1250.0,234.0],[1248.0,234.0],[1245.0,237.0],[1243.0,237.0],[1242.0,236.0],[1239.0,238.0]]],[[[964.0,228.0],[964.0,229.0],[966.0,231.0],[968.0,231.0],[969.0,230.0],[979.0,230.0],[980.0,231.0],[983.0,231.0],[984.0,230.0],[983.0,228.0],[979.0,228.0],[977.0,226.0],[977.0,225.0],[974.0,223.0],[971.0,224.0],[969.0,226.0],[966.0,226.0],[964.0,228.0]]],[[[1005.0,219.0],[1004.0,220.0],[1004.0,223.0],[1005.0,224.0],[1004.0,225.0],[1004.0,228.0],[1005.0,229.0],[1004.0,234.0],[1006.0,236.0],[1005.0,237.0],[1006.0,238.0],[1008.0,238.0],[1011.0,241.0],[1017.0,241.0],[1020.0,243.0],[1022.0,242.0],[1023.0,243.0],[1023.0,246.0],[1020.0,248.0],[1021.0,249.0],[1018.0,252.0],[1017.0,251.0],[1015.0,252.0],[1013.0,250.0],[1009.0,250.0],[1008.0,251.0],[1009.0,252.0],[1008.0,254.0],[1011.0,257.0],[1014.0,257.0],[1015.0,256.0],[1018.0,257.0],[1019.0,258.0],[1018.0,259.0],[1018.0,262.0],[1021.0,264.0],[1025.0,264.0],[1027.0,262.0],[1026.0,260.0],[1027.0,259.0],[1029.0,259.0],[1031.0,261.0],[1036.0,262.0],[1037.0,261.0],[1037.0,259.0],[1032.0,255.0],[1033.0,254.0],[1031.0,252.0],[1031.0,247.0],[1032.0,246.0],[1032.0,244.0],[1031.0,243.0],[1031.0,238.0],[1032.0,237.0],[1031.0,236.0],[1034.0,233.0],[1030.0,230.0],[1029.0,228.0],[1030.0,226.0],[1027.0,224.0],[1023.0,224.0],[1020.0,226.0],[1020.0,229.0],[1017.0,233.0],[1017.0,235.0],[1016.0,236.0],[1014.0,236.0],[1011.0,233.0],[1011.0,226.0],[1010.0,225.0],[1011.0,223.0],[1007.0,221.0],[1005.0,219.0]]],[[[852.0,199.0],[856.0,201.0],[859.0,198.0],[862.0,198.0],[867.0,202.0],[870.0,203.0],[871.0,202.0],[871.0,200.0],[875.0,198.0],[875.0,196.0],[874.0,195.0],[866.0,195.0],[865.0,196.0],[863.0,195.0],[858.0,195.0],[854.0,197.0],[852.0,199.0]]],[[[1001.0,198.0],[1000.0,197.0],[994.0,198.0],[992.0,196.0],[990.0,196.0],[988.0,194.0],[984.0,196.0],[980.0,200.0],[977.0,200.0],[975.0,198.0],[973.0,198.0],[971.0,200.0],[969.0,198.0],[970.0,197.0],[970.0,194.0],[967.0,192.0],[964.0,195.0],[961.0,195.0],[959.0,197.0],[957.0,197.0],[956.0,196.0],[954.0,197.0],[952.0,195.0],[951.0,195.0],[950.0,196.0],[948.0,196.0],[946.0,198.0],[942.0,196.0],[940.0,198.0],[938.0,197.0],[934.0,199.0],[932.0,198.0],[930.0,201.0],[931.0,202.0],[930.0,204.0],[927.0,206.0],[925.0,204.0],[929.0,199.0],[929.0,198.0],[927.0,196.0],[928.0,195.0],[927.0,193.0],[932.0,190.0],[934.0,187.0],[932.0,186.0],[930.0,182.0],[928.0,181.0],[927.0,182.0],[927.0,187.0],[925.0,189.0],[922.0,187.0],[920.0,187.0],[918.0,189.0],[916.0,189.0],[912.0,191.0],[909.0,191.0],[908.0,192.0],[905.0,192.0],[904.0,193.0],[902.0,193.0],[899.0,190.0],[898.0,190.0],[897.0,191.0],[898.0,194.0],[890.0,201.0],[888.0,201.0],[885.0,199.0],[882.0,199.0],[881.0,200.0],[885.0,203.0],[884.0,206.0],[889.0,212.0],[889.0,213.0],[886.0,215.0],[876.0,215.0],[870.0,218.0],[871.0,220.0],[875.0,223.0],[874.0,224.0],[875.0,225.0],[874.0,227.0],[874.0,229.0],[875.0,230.0],[871.0,232.0],[871.0,234.0],[869.0,236.0],[869.0,238.0],[873.0,243.0],[875.0,243.0],[878.0,239.0],[879.0,239.0],[882.0,242.0],[884.0,242.0],[886.0,240.0],[888.0,242.0],[888.0,243.0],[885.0,246.0],[886.0,247.0],[885.0,248.0],[883.0,248.0],[881.0,250.0],[880.0,252.0],[882.0,254.0],[881.0,255.0],[876.0,252.0],[874.0,252.0],[873.0,253.0],[873.0,255.0],[870.0,257.0],[869.0,257.0],[866.0,254.0],[864.0,254.0],[863.0,255.0],[863.0,256.0],[866.0,259.0],[865.0,260.0],[866.0,261.0],[866.0,266.0],[867.0,267.0],[870.0,267.0],[871.0,268.0],[869.0,270.0],[870.0,271.0],[868.0,273.0],[869.0,275.0],[867.0,277.0],[867.0,278.0],[870.0,281.0],[869.0,282.0],[870.0,286.0],[871.0,287.0],[873.0,287.0],[875.0,285.0],[875.0,283.0],[878.0,279.0],[877.0,278.0],[879.0,276.0],[878.0,274.0],[879.0,273.0],[882.0,274.0],[883.0,273.0],[883.0,271.0],[889.0,264.0],[888.0,260.0],[890.0,258.0],[891.0,259.0],[893.0,259.0],[894.0,258.0],[891.0,254.0],[892.0,252.0],[891.0,250.0],[895.0,248.0],[894.0,247.0],[894.0,241.0],[897.0,239.0],[895.0,237.0],[896.0,235.0],[894.0,233.0],[895.0,231.0],[899.0,228.0],[898.0,227.0],[899.0,225.0],[902.0,225.0],[906.0,222.0],[905.0,218.0],[907.0,216.0],[912.0,219.0],[914.0,221.0],[914.0,222.0],[916.0,224.0],[917.0,224.0],[919.0,222.0],[922.0,222.0],[924.0,221.0],[931.0,214.0],[934.0,214.0],[935.0,213.0],[934.0,212.0],[936.0,209.0],[940.0,209.0],[945.0,214.0],[945.0,216.0],[947.0,217.0],[948.0,216.0],[948.0,214.0],[950.0,212.0],[953.0,212.0],[954.0,211.0],[953.0,210.0],[956.0,207.0],[958.0,207.0],[961.0,204.0],[962.0,204.0],[964.0,207.0],[957.0,211.0],[962.0,217.0],[967.0,217.0],[969.0,215.0],[976.0,217.0],[980.0,215.0],[984.0,211.0],[984.0,209.0],[985.0,208.0],[987.0,208.0],[989.0,210.0],[990.0,213.0],[992.0,215.0],[994.0,215.0],[995.0,214.0],[994.0,212.0],[994.0,208.0],[992.0,207.0],[991.0,205.0],[993.0,202.0],[995.0,201.0],[999.0,201.0],[1001.0,199.0],[1001.0,198.0]],[[888.0,258.0],[889.0,257.0],[890.0,258.0],[889.0,259.0],[888.0,258.0]]],[[[1279.0,35.0],[1274.0,41.0],[1274.0,46.0],[1273.0,47.0],[1274.0,48.0],[1273.0,49.0],[1275.0,51.0],[1275.0,52.0],[1274.0,53.0],[1271.0,53.0],[1268.0,55.0],[1269.0,57.0],[1271.0,57.0],[1272.0,58.0],[1271.0,59.0],[1271.0,62.0],[1269.0,64.0],[1270.0,65.0],[1268.0,66.0],[1269.0,68.0],[1268.0,69.0],[1268.0,88.0],[1266.0,90.0],[1266.0,92.0],[1265.0,93.0],[1267.0,95.0],[1264.0,99.0],[1265.0,100.0],[1264.0,102.0],[1265.0,105.0],[1263.0,107.0],[1262.0,111.0],[1259.0,114.0],[1259.0,115.0],[1255.0,119.0],[1250.0,119.0],[1249.0,121.0],[1252.0,123.0],[1254.0,123.0],[1256.0,122.0],[1263.0,115.0],[1264.0,116.0],[1264.0,119.0],[1260.0,123.0],[1261.0,125.0],[1260.0,126.0],[1264.0,129.0],[1266.0,129.0],[1268.0,131.0],[1272.0,131.0],[1278.0,137.0],[1280.0,141.0],[1279.0,142.0],[1277.0,142.0],[1273.0,137.0],[1268.0,137.0],[1259.0,144.0],[1259.0,145.0],[1261.0,147.0],[1260.0,149.0],[1257.0,149.0],[1253.0,145.0],[1250.0,148.0],[1253.0,151.0],[1253.0,152.0],[1257.0,157.0],[1257.0,159.0],[1260.0,163.0],[1259.0,165.0],[1259.0,168.0],[1260.0,169.0],[1264.0,170.0],[1267.0,173.0],[1269.0,173.0],[1270.0,174.0],[1272.0,174.0],[1280.0,167.0],[1283.0,169.0],[1288.0,169.0],[1292.0,166.0],[1291.0,164.0],[1296.0,160.0],[1298.0,161.0],[1299.0,163.0],[1298.0,164.0],[1300.0,165.0],[1302.0,168.0],[1303.0,167.0],[1305.0,169.0],[1310.0,169.0],[1313.0,172.0],[1315.0,172.0],[1316.0,171.0],[1317.0,173.0],[1320.0,175.0],[1321.0,175.0],[1324.0,172.0],[1323.0,171.0],[1325.0,169.0],[1324.0,168.0],[1325.0,167.0],[1327.0,168.0],[1333.0,168.0],[1336.0,171.0],[1337.0,170.0],[1337.0,167.0],[1336.0,166.0],[1337.0,164.0],[1336.0,163.0],[1336.0,158.0],[1334.0,156.0],[1331.0,157.0],[1330.0,158.0],[1331.0,159.0],[1330.0,160.0],[1328.0,160.0],[1324.0,158.0],[1321.0,155.0],[1322.0,154.0],[1319.0,151.0],[1317.0,151.0],[1316.0,152.0],[1314.0,152.0],[1313.0,151.0],[1313.0,148.0],[1314.0,146.0],[1317.0,144.0],[1317.0,142.0],[1314.0,138.0],[1314.0,135.0],[1318.0,133.0],[1315.0,127.0],[1315.0,125.0],[1313.0,123.0],[1309.0,122.0],[1305.0,117.0],[1306.0,116.0],[1305.0,115.0],[1306.0,114.0],[1308.0,114.0],[1311.0,117.0],[1313.0,115.0],[1310.0,111.0],[1311.0,109.0],[1310.0,107.0],[1320.0,99.0],[1317.0,96.0],[1316.0,96.0],[1310.0,101.0],[1308.0,101.0],[1306.0,99.0],[1306.0,98.0],[1310.0,95.0],[1306.0,92.0],[1306.0,90.0],[1307.0,89.0],[1312.0,90.0],[1319.0,84.0],[1314.0,79.0],[1314.0,78.0],[1316.0,76.0],[1320.0,76.0],[1322.0,79.0],[1327.0,82.0],[1332.0,82.0],[1333.0,83.0],[1335.0,82.0],[1337.0,84.0],[1341.0,82.0],[1342.0,80.0],[1338.0,78.0],[1335.0,78.0],[1333.0,74.0],[1331.0,72.0],[1327.0,73.0],[1325.0,71.0],[1326.0,69.0],[1325.0,67.0],[1322.0,67.0],[1320.0,65.0],[1315.0,65.0],[1312.0,61.0],[1308.0,61.0],[1307.0,62.0],[1304.0,61.0],[1302.0,63.0],[1301.0,63.0],[1300.0,62.0],[1300.0,60.0],[1296.0,58.0],[1297.0,57.0],[1296.0,55.0],[1299.0,52.0],[1298.0,50.0],[1293.0,49.0],[1290.0,46.0],[1287.0,48.0],[1283.0,48.0],[1281.0,46.0],[1282.0,44.0],[1286.0,43.0],[1287.0,42.0],[1286.0,40.0],[1290.0,36.0],[1286.0,33.0],[1284.0,35.0],[1279.0,35.0]]]]}},{"type":"Feature","id":"country-009","properties":{"id":"country-009","name":"Unassigned","type":"country","status":"mask-defined","source":"countries-mask","extractionConfidence":"authoritative-mask","rgb":[0,255,144],"color":"#00ff90","polygonCount":3,"holeCount":0,"styleIndex":2},"geometry":{"type":"MultiPolygon","coordinates":[[[[822.0,350.0],[820.0,350.0],[818.0,355.0],[820.0,357.0],[824.0,355.0],[823.0,354.0],[823.0,351.0],[822.0,350.0]]],[[[826.0,329.0],[824.0,331.0],[824.0,332.0],[828.0,334.0],[829.0,333.0],[829.0,330.0],[828.0,329.0],[826.0,329.0]]],[[[984.0,247.0],[979.0,247.0],[976.0,245.0],[973.0,248.0],[974.0,249.0],[973.0,250.0],[974.0,252.0],[973.0,253.0],[971.0,253.0],[964.0,245.0],[957.0,244.0],[956.0,246.0],[954.0,247.0],[949.0,242.0],[947.0,242.0],[945.0,240.0],[945.0,239.0],[943.0,237.0],[942.0,237.0],[940.0,239.0],[940.0,241.0],[939.0,242.0],[937.0,242.0],[935.0,244.0],[932.0,245.0],[931.0,246.0],[932.0,247.0],[927.0,250.0],[928.0,251.0],[926.0,254.0],[923.0,255.0],[919.0,253.0],[916.0,253.0],[914.0,255.0],[913.0,254.0],[911.0,257.0],[911.0,259.0],[912.0,260.0],[907.0,266.0],[907.0,270.0],[908.0,271.0],[910.0,271.0],[912.0,274.0],[910.0,276.0],[909.0,275.0],[905.0,280.0],[905.0,282.0],[904.0,283.0],[905.0,289.0],[903.0,291.0],[900.0,290.0],[896.0,285.0],[892.0,289.0],[893.0,291.0],[891.0,293.0],[889.0,298.0],[888.0,299.0],[886.0,298.0],[884.0,298.0],[883.0,299.0],[883.0,303.0],[882.0,304.0],[879.0,303.0],[877.0,306.0],[876.0,306.0],[874.0,304.0],[871.0,307.0],[868.0,307.0],[867.0,308.0],[863.0,308.0],[861.0,306.0],[857.0,306.0],[852.0,303.0],[848.0,303.0],[846.0,301.0],[844.0,301.0],[843.0,303.0],[845.0,305.0],[844.0,308.0],[846.0,310.0],[846.0,311.0],[843.0,314.0],[841.0,314.0],[839.0,311.0],[834.0,315.0],[832.0,315.0],[830.0,319.0],[828.0,319.0],[825.0,321.0],[828.0,324.0],[831.0,324.0],[832.0,323.0],[834.0,325.0],[836.0,325.0],[837.0,324.0],[840.0,326.0],[839.0,328.0],[840.0,329.0],[839.0,330.0],[840.0,332.0],[836.0,337.0],[836.0,338.0],[839.0,341.0],[837.0,343.0],[838.0,344.0],[836.0,346.0],[833.0,346.0],[831.0,348.0],[832.0,350.0],[828.0,353.0],[828.0,355.0],[827.0,356.0],[828.0,357.0],[828.0,360.0],[830.0,362.0],[828.0,364.0],[829.0,365.0],[826.0,368.0],[826.0,370.0],[825.0,371.0],[828.0,374.0],[830.0,374.0],[831.0,375.0],[830.0,377.0],[832.0,381.0],[838.0,387.0],[838.0,393.0],[842.0,396.0],[843.0,408.0],[844.0,409.0],[847.0,409.0],[849.0,407.0],[854.0,407.0],[855.0,409.0],[860.0,409.0],[864.0,411.0],[866.0,413.0],[866.0,414.0],[869.0,414.0],[870.0,415.0],[876.0,415.0],[879.0,413.0],[884.0,413.0],[890.0,419.0],[891.0,419.0],[896.0,425.0],[896.0,426.0],[898.0,428.0],[899.0,434.0],[903.0,441.0],[906.0,444.0],[906.0,446.0],[907.0,447.0],[910.0,447.0],[914.0,445.0],[924.0,444.0],[925.0,443.0],[927.0,443.0],[928.0,444.0],[929.0,443.0],[931.0,443.0],[934.0,446.0],[934.0,448.0],[935.0,449.0],[943.0,441.0],[952.0,441.0],[955.0,445.0],[960.0,445.0],[962.0,447.0],[964.0,447.0],[965.0,448.0],[970.0,448.0],[971.0,447.0],[971.0,440.0],[972.0,439.0],[972.0,423.0],[973.0,422.0],[971.0,421.0],[972.0,419.0],[974.0,418.0],[977.0,418.0],[978.0,417.0],[980.0,418.0],[982.0,416.0],[985.0,417.0],[987.0,419.0],[990.0,419.0],[992.0,417.0],[994.0,417.0],[996.0,415.0],[997.0,412.0],[999.0,410.0],[1002.0,410.0],[1004.0,409.0],[1006.0,405.0],[1009.0,402.0],[1008.0,401.0],[1003.0,401.0],[1002.0,400.0],[1005.0,397.0],[1009.0,397.0],[1010.0,396.0],[1012.0,396.0],[1013.0,397.0],[1013.0,399.0],[1015.0,401.0],[1017.0,400.0],[1020.0,400.0],[1021.0,401.0],[1028.0,400.0],[1029.0,399.0],[1029.0,396.0],[1028.0,395.0],[1029.0,393.0],[1033.0,389.0],[1035.0,389.0],[1036.0,388.0],[1036.0,386.0],[1038.0,384.0],[1040.0,384.0],[1041.0,383.0],[1038.0,380.0],[1039.0,375.0],[1036.0,372.0],[1036.0,369.0],[1034.0,368.0],[1030.0,372.0],[1028.0,370.0],[1029.0,366.0],[1030.0,365.0],[1034.0,365.0],[1038.0,362.0],[1037.0,360.0],[1037.0,357.0],[1042.0,353.0],[1038.0,349.0],[1038.0,348.0],[1034.0,343.0],[1033.0,343.0],[1029.0,347.0],[1028.0,346.0],[1028.0,343.0],[1031.0,340.0],[1033.0,340.0],[1037.0,335.0],[1036.0,334.0],[1039.0,328.0],[1037.0,324.0],[1034.0,327.0],[1026.0,326.0],[1023.0,324.0],[1024.0,322.0],[1022.0,320.0],[1022.0,319.0],[1026.0,316.0],[1026.0,314.0],[1024.0,312.0],[1022.0,313.0],[1021.0,311.0],[1023.0,309.0],[1024.0,309.0],[1028.0,304.0],[1027.0,303.0],[1028.0,302.0],[1027.0,299.0],[1026.0,298.0],[1021.0,304.0],[1019.0,304.0],[1018.0,305.0],[1011.0,304.0],[1008.0,301.0],[1005.0,301.0],[1004.0,300.0],[1002.0,300.0],[1000.0,302.0],[998.0,302.0],[997.0,301.0],[997.0,299.0],[999.0,295.0],[1001.0,293.0],[1003.0,293.0],[1004.0,292.0],[1004.0,290.0],[1003.0,289.0],[1001.0,289.0],[1000.0,290.0],[997.0,287.0],[997.0,284.0],[998.0,283.0],[994.0,279.0],[994.0,278.0],[991.0,275.0],[990.0,275.0],[989.0,276.0],[990.0,280.0],[988.0,282.0],[984.0,282.0],[983.0,284.0],[976.0,290.0],[974.0,294.0],[973.0,300.0],[971.0,303.0],[970.0,302.0],[970.0,295.0],[973.0,291.0],[973.0,288.0],[972.0,287.0],[968.0,288.0],[967.0,287.0],[968.0,286.0],[968.0,284.0],[969.0,283.0],[975.0,284.0],[977.0,281.0],[976.0,279.0],[978.0,277.0],[977.0,275.0],[979.0,273.0],[981.0,272.0],[987.0,272.0],[991.0,269.0],[990.0,267.0],[986.0,267.0],[985.0,268.0],[984.0,267.0],[984.0,260.0],[985.0,259.0],[985.0,257.0],[987.0,255.0],[987.0,253.0],[989.0,251.0],[984.0,247.0]]]]}},{"type":"Feature","id":"country-010","properties":{"id":"country-010","name":"Unassigned","type":"country","status":"mask-defined","source":"countries-mask","extractionConfidence":"authoritative-mask","rgb":[0,255,255],"color":"#00ffff","polygonCount":4,"holeCount":0,"styleIndex":3},"geometry":{"type":"MultiPolygon","coordinates":[[[[762.0,366.0],[761.0,367.0],[762.0,369.0],[759.0,373.0],[757.0,373.0],[756.0,374.0],[756.0,376.0],[753.0,381.0],[754.0,382.0],[757.0,382.0],[758.0,380.0],[760.0,378.0],[761.0,378.0],[764.0,381.0],[764.0,384.0],[765.0,385.0],[767.0,385.0],[770.0,383.0],[769.0,381.0],[771.0,378.0],[768.0,375.0],[766.0,375.0],[764.0,373.0],[764.0,370.0],[766.0,368.0],[766.0,367.0],[765.0,366.0],[762.0,366.0]]],[[[801.0,352.0],[797.0,353.0],[795.0,351.0],[793.0,351.0],[792.0,352.0],[792.0,354.0],[794.0,357.0],[794.0,361.0],[793.0,362.0],[790.0,362.0],[789.0,361.0],[785.0,366.0],[782.0,366.0],[780.0,368.0],[777.0,368.0],[776.0,369.0],[776.0,373.0],[777.0,374.0],[775.0,378.0],[776.0,381.0],[774.0,384.0],[773.0,388.0],[767.0,396.0],[764.0,393.0],[765.0,391.0],[763.0,388.0],[762.0,389.0],[758.0,389.0],[755.0,392.0],[756.0,393.0],[753.0,397.0],[749.0,396.0],[745.0,399.0],[739.0,398.0],[737.0,396.0],[735.0,397.0],[734.0,400.0],[732.0,402.0],[732.0,407.0],[733.0,408.0],[729.0,416.0],[729.0,418.0],[728.0,420.0],[724.0,423.0],[724.0,424.0],[720.0,429.0],[720.0,441.0],[717.0,445.0],[714.0,451.0],[714.0,453.0],[712.0,455.0],[712.0,457.0],[711.0,458.0],[711.0,460.0],[713.0,462.0],[712.0,463.0],[713.0,464.0],[713.0,467.0],[712.0,469.0],[705.0,476.0],[705.0,478.0],[709.0,486.0],[712.0,489.0],[715.0,490.0],[720.0,496.0],[722.0,497.0],[725.0,497.0],[726.0,498.0],[731.0,498.0],[732.0,499.0],[733.0,498.0],[735.0,498.0],[736.0,499.0],[738.0,499.0],[742.0,501.0],[749.0,507.0],[754.0,509.0],[757.0,512.0],[758.0,512.0],[763.0,507.0],[763.0,505.0],[761.0,502.0],[761.0,498.0],[762.0,497.0],[762.0,494.0],[763.0,493.0],[762.0,486.0],[764.0,483.0],[775.0,483.0],[776.0,484.0],[781.0,485.0],[784.0,487.0],[786.0,487.0],[789.0,489.0],[795.0,489.0],[800.0,484.0],[802.0,483.0],[805.0,483.0],[829.0,495.0],[840.0,495.0],[842.0,494.0],[848.0,487.0],[847.0,486.0],[847.0,483.0],[845.0,481.0],[845.0,480.0],[847.0,478.0],[854.0,478.0],[857.0,475.0],[857.0,472.0],[861.0,467.0],[864.0,466.0],[873.0,458.0],[875.0,458.0],[877.0,456.0],[879.0,457.0],[880.0,456.0],[886.0,456.0],[887.0,455.0],[889.0,455.0],[893.0,452.0],[896.0,451.0],[900.0,447.0],[902.0,447.0],[905.0,445.0],[905.0,444.0],[900.0,438.0],[897.0,431.0],[897.0,428.0],[895.0,426.0],[895.0,425.0],[891.0,421.0],[891.0,420.0],[890.0,420.0],[884.0,414.0],[879.0,414.0],[876.0,416.0],[870.0,416.0],[869.0,415.0],[866.0,415.0],[864.0,412.0],[860.0,410.0],[855.0,410.0],[854.0,408.0],[849.0,408.0],[847.0,410.0],[844.0,410.0],[842.0,408.0],[841.0,396.0],[837.0,393.0],[837.0,387.0],[831.0,381.0],[831.0,380.0],[829.0,379.0],[830.0,378.0],[826.0,377.0],[822.0,373.0],[823.0,371.0],[819.0,366.0],[817.0,365.0],[815.0,366.0],[810.0,366.0],[805.0,361.0],[805.0,359.0],[806.0,358.0],[801.0,352.0]]],[[[807.0,347.0],[806.0,348.0],[806.0,350.0],[807.0,351.0],[806.0,354.0],[810.0,357.0],[812.0,355.0],[812.0,354.0],[810.0,352.0],[810.0,349.0],[808.0,347.0],[807.0,347.0]]],[[[780.0,341.0],[785.0,345.0],[787.0,349.0],[790.0,347.0],[789.0,346.0],[790.0,345.0],[783.0,340.0],[781.0,340.0],[780.0,341.0]]]]}},{"type":"Feature","id":"country-011","properties":{"id":"country-011","name":"Unassigned","type":"country","status":"mask-defined","source":"countries-mask","extractionConfidence":"authoritative-mask","rgb":[38,127,0],"color":"#267f00","polygonCount":1,"holeCount":0,"styleIndex":4},"geometry":{"type":"Polygon","coordinates":[[[591.0,624.0],[592.0,626.0],[594.0,626.0],[597.0,629.0],[601.0,631.0],[606.0,631.0],[608.0,629.0],[608.0,628.0],[610.0,627.0],[613.0,630.0],[613.0,634.0],[614.0,635.0],[619.0,635.0],[620.0,634.0],[622.0,634.0],[627.0,628.0],[632.0,628.0],[635.0,631.0],[635.0,632.0],[639.0,632.0],[641.0,630.0],[641.0,628.0],[644.0,622.0],[649.0,619.0],[649.0,613.0],[652.0,611.0],[652.0,607.0],[646.0,607.0],[644.0,605.0],[643.0,606.0],[642.0,605.0],[633.0,605.0],[632.0,606.0],[628.0,606.0],[627.0,605.0],[610.0,605.0],[604.0,608.0],[593.0,611.0],[593.0,612.0],[591.0,614.0],[591.0,624.0]]]}},{"type":"Feature","id":"country-012","properties":{"id":"country-012","name":"Unassigned","type":"country","status":"mask-defined","source":"countries-mask","extractionConfidence":"authoritative-mask","rgb":[72,0,255],"color":"#4800ff","polygonCount":7,"holeCount":2,"styleIndex":5},"geometry":{"type":"MultiPolygon","coordinates":[[[[632.0,444.0],[630.0,444.0],[625.0,448.0],[625.0,450.0],[626.0,451.0],[625.0,452.0],[627.0,454.0],[635.0,447.0],[632.0,444.0]]],[[[640.0,400.0],[639.0,401.0],[639.0,405.0],[635.0,409.0],[639.0,414.0],[639.0,418.0],[641.0,419.0],[644.0,416.0],[644.0,414.0],[642.0,412.0],[642.0,410.0],[644.0,406.0],[643.0,405.0],[643.0,403.0],[640.0,400.0]]],[[[660.0,386.0],[659.0,387.0],[659.0,394.0],[662.0,397.0],[663.0,397.0],[664.0,396.0],[664.0,392.0],[663.0,391.0],[662.0,387.0],[660.0,386.0]]],[[[677.0,367.0],[675.0,369.0],[676.0,370.0],[676.0,375.0],[674.0,378.0],[673.0,382.0],[677.0,386.0],[679.0,383.0],[680.0,383.0],[683.0,386.0],[685.0,384.0],[685.0,381.0],[684.0,379.0],[680.0,376.0],[680.0,373.0],[681.0,371.0],[680.0,369.0],[677.0,367.0]]],[[[692.0,351.0],[689.0,352.0],[686.0,357.0],[686.0,358.0],[688.0,360.0],[691.0,359.0],[693.0,357.0],[692.0,355.0],[693.0,352.0],[692.0,351.0]]],[[[751.0,360.0],[749.0,360.0],[743.0,365.0],[740.0,365.0],[738.0,363.0],[738.0,358.0],[736.0,356.0],[734.0,356.0],[730.0,360.0],[728.0,360.0],[725.0,363.0],[722.0,363.0],[720.0,361.0],[722.0,356.0],[724.0,354.0],[722.0,352.0],[722.0,350.0],[719.0,347.0],[719.0,346.0],[716.0,344.0],[714.0,347.0],[715.0,348.0],[714.0,350.0],[712.0,350.0],[711.0,349.0],[708.0,351.0],[706.0,350.0],[703.0,350.0],[697.0,353.0],[699.0,355.0],[703.0,356.0],[704.0,357.0],[704.0,359.0],[699.0,366.0],[692.0,366.0],[686.0,371.0],[689.0,374.0],[690.0,378.0],[691.0,379.0],[691.0,388.0],[689.0,390.0],[692.0,393.0],[692.0,395.0],[689.0,398.0],[689.0,399.0],[685.0,402.0],[684.0,401.0],[684.0,399.0],[686.0,397.0],[685.0,396.0],[685.0,394.0],[684.0,393.0],[680.0,393.0],[678.0,391.0],[673.0,393.0],[669.0,398.0],[669.0,399.0],[671.0,400.0],[674.0,404.0],[674.0,406.0],[673.0,407.0],[670.0,407.0],[669.0,408.0],[665.0,403.0],[659.0,403.0],[657.0,405.0],[661.0,409.0],[661.0,411.0],[655.0,417.0],[655.0,418.0],[658.0,421.0],[657.0,422.0],[657.0,424.0],[655.0,426.0],[652.0,426.0],[650.0,429.0],[655.0,433.0],[655.0,434.0],[657.0,436.0],[657.0,438.0],[659.0,440.0],[661.0,440.0],[663.0,443.0],[661.0,447.0],[659.0,446.0],[660.0,444.0],[658.0,442.0],[656.0,442.0],[652.0,447.0],[650.0,446.0],[646.0,446.0],[645.0,447.0],[648.0,452.0],[652.0,456.0],[656.0,456.0],[658.0,455.0],[659.0,456.0],[658.0,457.0],[658.0,459.0],[655.0,461.0],[653.0,461.0],[651.0,459.0],[650.0,459.0],[647.0,462.0],[644.0,461.0],[642.0,463.0],[643.0,464.0],[641.0,468.0],[642.0,469.0],[641.0,470.0],[639.0,470.0],[637.0,472.0],[637.0,473.0],[640.0,475.0],[638.0,477.0],[636.0,475.0],[633.0,475.0],[632.0,474.0],[632.0,470.0],[628.0,465.0],[626.0,467.0],[625.0,472.0],[623.0,474.0],[623.0,476.0],[624.0,476.0],[627.0,479.0],[627.0,480.0],[630.0,481.0],[636.0,487.0],[637.0,489.0],[642.0,489.0],[644.0,491.0],[644.0,497.0],[646.0,497.0],[647.0,496.0],[653.0,496.0],[656.0,499.0],[656.0,500.0],[657.0,500.0],[661.0,496.0],[666.0,496.0],[666.0,494.0],[665.0,493.0],[665.0,485.0],[663.0,486.0],[660.0,484.0],[656.0,484.0],[655.0,483.0],[655.0,480.0],[658.0,477.0],[664.0,477.0],[667.0,474.0],[670.0,474.0],[671.0,475.0],[674.0,475.0],[675.0,476.0],[679.0,476.0],[683.0,481.0],[685.0,481.0],[687.0,480.0],[693.0,473.0],[698.0,473.0],[704.0,476.0],[711.0,469.0],[712.0,467.0],[712.0,464.0],[711.0,463.0],[712.0,462.0],[710.0,460.0],[710.0,458.0],[711.0,457.0],[711.0,455.0],[713.0,453.0],[713.0,451.0],[716.0,445.0],[719.0,441.0],[719.0,429.0],[721.0,427.0],[723.0,423.0],[725.0,421.0],[726.0,421.0],[728.0,418.0],[728.0,416.0],[732.0,408.0],[731.0,407.0],[731.0,402.0],[733.0,400.0],[734.0,397.0],[737.0,394.0],[739.0,394.0],[742.0,391.0],[741.0,389.0],[743.0,386.0],[746.0,386.0],[749.0,383.0],[746.0,381.0],[743.0,381.0],[741.0,382.0],[738.0,379.0],[741.0,375.0],[745.0,375.0],[746.0,374.0],[748.0,374.0],[753.0,370.0],[749.0,368.0],[750.0,367.0],[750.0,365.0],[753.0,363.0],[751.0,360.0]],[[683.0,402.0],[684.0,403.0],[684.0,405.0],[682.0,406.0],[681.0,405.0],[683.0,402.0]],[[683.0,402.0],[684.0,401.0],[685.0,402.0],[684.0,403.0],[683.0,402.0]]],[[[739.0,332.0],[735.0,333.0],[734.0,334.0],[734.0,336.0],[731.0,341.0],[734.0,344.0],[741.0,339.0],[740.0,333.0],[739.0,332.0]]]]}},{"type":"Feature","id":"country-013","properties":{"id":"country-013","name":"Unassigned","type":"country","status":"mask-defined","source":"countries-mask","extractionConfidence":"authoritative-mask","rgb":[91,127,0],"color":"#5b7f00","polygonCount":2,"holeCount":0,"styleIndex":0},"geometry":{"type":"MultiPolygon","coordinates":[[[[566.0,709.0],[566.0,711.0],[568.0,713.0],[567.0,715.0],[569.0,717.0],[571.0,716.0],[574.0,716.0],[576.0,717.0],[578.0,715.0],[572.0,709.0],[570.0,708.0],[567.0,708.0],[566.0,709.0]]],[[[412.0,715.0],[415.0,720.0],[418.0,722.0],[431.0,722.0],[434.0,725.0],[437.0,725.0],[440.0,728.0],[440.0,731.0],[443.0,733.0],[445.0,732.0],[444.0,731.0],[446.0,728.0],[447.0,728.0],[449.0,726.0],[451.0,726.0],[453.0,724.0],[454.0,725.0],[460.0,719.0],[468.0,717.0],[469.0,713.0],[475.0,710.0],[482.0,710.0],[483.0,711.0],[484.0,715.0],[487.0,718.0],[488.0,722.0],[490.0,724.0],[492.0,724.0],[495.0,727.0],[496.0,726.0],[498.0,728.0],[499.0,728.0],[501.0,726.0],[500.0,725.0],[500.0,723.0],[503.0,720.0],[504.0,718.0],[503.0,717.0],[507.0,715.0],[509.0,712.0],[510.0,712.0],[514.0,717.0],[514.0,721.0],[515.0,722.0],[518.0,722.0],[519.0,721.0],[524.0,720.0],[526.0,718.0],[526.0,717.0],[527.0,716.0],[528.0,717.0],[532.0,712.0],[534.0,712.0],[536.0,710.0],[539.0,710.0],[540.0,709.0],[543.0,712.0],[544.0,711.0],[545.0,712.0],[546.0,711.0],[551.0,715.0],[554.0,713.0],[553.0,711.0],[556.0,709.0],[551.0,704.0],[553.0,702.0],[557.0,700.0],[561.0,700.0],[565.0,697.0],[568.0,698.0],[570.0,696.0],[570.0,692.0],[573.0,689.0],[573.0,687.0],[578.0,682.0],[579.0,682.0],[587.0,676.0],[588.0,672.0],[590.0,669.0],[590.0,667.0],[594.0,662.0],[606.0,657.0],[620.0,657.0],[622.0,655.0],[623.0,653.0],[623.0,650.0],[621.0,648.0],[621.0,645.0],[624.0,642.0],[624.0,638.0],[622.0,636.0],[622.0,635.0],[620.0,635.0],[619.0,636.0],[614.0,636.0],[612.0,634.0],[612.0,630.0],[610.0,628.0],[609.0,628.0],[609.0,629.0],[606.0,632.0],[601.0,632.0],[597.0,630.0],[594.0,627.0],[591.0,627.0],[585.0,632.0],[583.0,632.0],[582.0,631.0],[576.0,631.0],[573.0,634.0],[570.0,634.0],[566.0,638.0],[565.0,638.0],[563.0,635.0],[558.0,635.0],[556.0,637.0],[554.0,637.0],[552.0,635.0],[552.0,630.0],[546.0,624.0],[544.0,623.0],[538.0,623.0],[537.0,622.0],[525.0,622.0],[522.0,619.0],[518.0,617.0],[512.0,610.0],[511.0,608.0],[511.0,602.0],[508.0,599.0],[506.0,601.0],[504.0,600.0],[501.0,603.0],[499.0,601.0],[499.0,600.0],[497.0,600.0],[495.0,598.0],[495.0,597.0],[493.0,596.0],[489.0,596.0],[487.0,594.0],[487.0,593.0],[482.0,593.0],[481.0,592.0],[472.0,592.0],[473.0,593.0],[473.0,596.0],[469.0,601.0],[468.0,604.0],[466.0,606.0],[466.0,608.0],[464.0,610.0],[464.0,611.0],[467.0,614.0],[467.0,619.0],[463.0,626.0],[459.0,630.0],[455.0,632.0],[455.0,633.0],[452.0,636.0],[452.0,638.0],[451.0,639.0],[451.0,645.0],[454.0,648.0],[454.0,662.0],[448.0,669.0],[444.0,669.0],[435.0,677.0],[431.0,677.0],[429.0,679.0],[427.0,683.0],[427.0,685.0],[423.0,692.0],[416.0,699.0],[415.0,699.0],[413.0,702.0],[413.0,712.0],[412.0,713.0],[412.0,715.0]]]]}},{"type":"Feature","id":"country-014","properties":{"id":"country-014","name":"Unassigned","type":"country","status":"mask-defined","source":"countries-mask","extractionConfidence":"authoritative-mask","rgb":[127,0,0],"color":"#7f0000","polygonCount":2,"holeCount":1,"styleIndex":1},"geometry":{"type":"MultiPolygon","coordinates":[[[[695.0,667.0],[691.0,671.0],[691.0,674.0],[696.0,674.0],[700.0,676.0],[702.0,678.0],[701.0,679.0],[699.0,679.0],[698.0,678.0],[694.0,678.0],[692.0,679.0],[690.0,681.0],[690.0,684.0],[688.0,686.0],[687.0,692.0],[686.0,693.0],[690.0,700.0],[689.0,704.0],[693.0,707.0],[691.0,709.0],[688.0,709.0],[686.0,711.0],[687.0,713.0],[687.0,716.0],[688.0,717.0],[688.0,720.0],[687.0,721.0],[687.0,724.0],[686.0,726.0],[688.0,728.0],[689.0,727.0],[689.0,725.0],[690.0,724.0],[692.0,724.0],[693.0,725.0],[692.0,727.0],[697.0,730.0],[701.0,727.0],[704.0,727.0],[706.0,730.0],[709.0,731.0],[711.0,733.0],[714.0,733.0],[718.0,736.0],[721.0,736.0],[722.0,737.0],[720.0,739.0],[720.0,747.0],[719.0,748.0],[719.0,751.0],[718.0,752.0],[718.0,754.0],[719.0,755.0],[718.0,756.0],[720.0,759.0],[721.0,764.0],[724.0,767.0],[726.0,767.0],[735.0,774.0],[738.0,775.0],[740.0,773.0],[740.0,772.0],[738.0,770.0],[738.0,768.0],[739.0,767.0],[744.0,771.0],[746.0,771.0],[754.0,778.0],[756.0,778.0],[757.0,779.0],[759.0,778.0],[762.0,780.0],[768.0,777.0],[778.0,777.0],[779.0,776.0],[785.0,776.0],[788.0,772.0],[788.0,760.0],[786.0,756.0],[780.0,749.0],[779.0,749.0],[777.0,747.0],[775.0,747.0],[770.0,743.0],[770.0,737.0],[771.0,736.0],[777.0,736.0],[779.0,734.0],[780.0,730.0],[783.0,727.0],[784.0,720.0],[783.0,719.0],[779.0,719.0],[777.0,716.0],[777.0,714.0],[775.0,712.0],[773.0,712.0],[770.0,716.0],[766.0,714.0],[765.0,715.0],[762.0,711.0],[760.0,711.0],[758.0,713.0],[757.0,712.0],[758.0,710.0],[757.0,709.0],[759.0,707.0],[759.0,706.0],[757.0,704.0],[757.0,699.0],[754.0,696.0],[753.0,692.0],[752.0,691.0],[749.0,690.0],[745.0,686.0],[744.0,687.0],[743.0,686.0],[742.0,681.0],[740.0,681.0],[736.0,676.0],[734.0,669.0],[732.0,667.0],[728.0,667.0],[727.0,668.0],[720.0,668.0],[719.0,667.0],[711.0,666.0],[710.0,665.0],[702.0,665.0],[701.0,666.0],[695.0,667.0]],[[721.0,736.0],[722.0,735.0],[727.0,735.0],[728.0,736.0],[733.0,736.0],[735.0,738.0],[738.0,738.0],[740.0,737.0],[742.0,738.0],[743.0,740.0],[741.0,743.0],[740.0,743.0],[738.0,741.0],[734.0,743.0],[732.0,741.0],[726.0,740.0],[721.0,736.0]]],[[[185.0,601.0],[185.0,604.0],[184.0,605.0],[186.0,605.0],[185.0,604.0],[185.0,601.0]]]]}},{"type":"Feature","id":"country-015","properties":{"id":"country-015","name":"Unassigned","type":"country","status":"mask-defined","source":"countries-mask","extractionConfidence":"authoritative-mask","rgb":[127,51,0],"color":"#7f3300","polygonCount":8,"holeCount":1,"styleIndex":2},"geometry":{"type":"MultiPolygon","coordinates":[[[[764.0,807.0],[764.0,808.0],[768.0,812.0],[774.0,812.0],[776.0,810.0],[768.0,806.0],[765.0,806.0],[764.0,807.0]]],[[[918.0,801.0],[918.0,802.0],[920.0,804.0],[922.0,804.0],[927.0,808.0],[928.0,808.0],[931.0,804.0],[933.0,804.0],[936.0,802.0],[935.0,801.0],[931.0,801.0],[928.0,798.0],[926.0,799.0],[921.0,799.0],[918.0,801.0]]],[[[934.0,774.0],[934.0,777.0],[937.0,779.0],[941.0,779.0],[943.0,777.0],[942.0,775.0],[938.0,772.0],[934.0,774.0]]],[[[883.0,740.0],[886.0,743.0],[888.0,743.0],[889.0,744.0],[893.0,744.0],[895.0,745.0],[897.0,743.0],[894.0,739.0],[886.0,739.0],[885.0,738.0],[883.0,740.0]]],[[[850.0,719.0],[848.0,721.0],[848.0,723.0],[846.0,726.0],[847.0,728.0],[851.0,729.0],[852.0,731.0],[854.0,731.0],[853.0,730.0],[856.0,727.0],[857.0,727.0],[858.0,725.0],[855.0,722.0],[855.0,720.0],[854.0,719.0],[852.0,719.0],[851.0,720.0],[850.0,719.0]]],[[[868.0,710.0],[868.0,712.0],[873.0,717.0],[878.0,718.0],[882.0,721.0],[890.0,721.0],[892.0,719.0],[892.0,718.0],[890.0,716.0],[887.0,716.0],[886.0,715.0],[881.0,714.0],[871.0,709.0],[869.0,709.0],[868.0,710.0]]],[[[777.0,699.0],[777.0,700.0],[784.0,707.0],[786.0,708.0],[783.0,711.0],[785.0,723.0],[784.0,724.0],[784.0,727.0],[781.0,730.0],[780.0,734.0],[777.0,737.0],[771.0,737.0],[771.0,743.0],[775.0,746.0],[777.0,746.0],[779.0,748.0],[780.0,748.0],[784.0,752.0],[789.0,760.0],[789.0,772.0],[788.0,773.0],[788.0,775.0],[789.0,776.0],[789.0,781.0],[790.0,782.0],[790.0,792.0],[791.0,791.0],[792.0,792.0],[796.0,792.0],[797.0,793.0],[799.0,792.0],[800.0,793.0],[806.0,793.0],[810.0,795.0],[809.0,797.0],[807.0,797.0],[806.0,796.0],[800.0,796.0],[799.0,797.0],[797.0,797.0],[795.0,798.0],[793.0,801.0],[793.0,804.0],[800.0,810.0],[800.0,812.0],[803.0,815.0],[806.0,815.0],[807.0,814.0],[809.0,818.0],[813.0,819.0],[820.0,811.0],[824.0,812.0],[827.0,815.0],[828.0,814.0],[831.0,814.0],[832.0,813.0],[836.0,813.0],[841.0,808.0],[839.0,806.0],[838.0,807.0],[836.0,807.0],[834.0,805.0],[834.0,804.0],[841.0,799.0],[844.0,802.0],[849.0,803.0],[856.0,797.0],[859.0,797.0],[860.0,798.0],[862.0,797.0],[867.0,797.0],[868.0,798.0],[870.0,796.0],[869.0,794.0],[870.0,792.0],[872.0,792.0],[875.0,795.0],[875.0,797.0],[880.0,800.0],[885.0,800.0],[886.0,801.0],[886.0,803.0],[884.0,805.0],[887.0,807.0],[891.0,807.0],[892.0,808.0],[896.0,808.0],[897.0,809.0],[899.0,809.0],[900.0,808.0],[904.0,810.0],[908.0,810.0],[910.0,809.0],[912.0,807.0],[912.0,806.0],[911.0,805.0],[906.0,805.0],[905.0,804.0],[907.0,800.0],[907.0,798.0],[905.0,796.0],[905.0,794.0],[906.0,793.0],[905.0,791.0],[906.0,790.0],[912.0,793.0],[914.0,792.0],[917.0,793.0],[920.0,789.0],[920.0,787.0],[922.0,785.0],[924.0,784.0],[927.0,784.0],[930.0,781.0],[929.0,780.0],[929.0,777.0],[927.0,773.0],[923.0,770.0],[925.0,768.0],[923.0,766.0],[923.0,763.0],[924.0,762.0],[926.0,762.0],[927.0,763.0],[932.0,763.0],[933.0,762.0],[935.0,762.0],[936.0,763.0],[938.0,761.0],[938.0,760.0],[933.0,755.0],[931.0,755.0],[920.0,749.0],[917.0,749.0],[916.0,750.0],[911.0,751.0],[907.0,753.0],[905.0,755.0],[902.0,756.0],[901.0,757.0],[901.0,760.0],[903.0,762.0],[903.0,763.0],[902.0,764.0],[900.0,764.0],[897.0,761.0],[893.0,761.0],[890.0,759.0],[890.0,756.0],[889.0,754.0],[881.0,750.0],[875.0,751.0],[870.0,754.0],[864.0,754.0],[862.0,752.0],[862.0,747.0],[866.0,744.0],[866.0,740.0],[865.0,739.0],[862.0,740.0],[859.0,738.0],[857.0,738.0],[856.0,736.0],[853.0,735.0],[852.0,733.0],[852.0,734.0],[846.0,739.0],[845.0,738.0],[843.0,739.0],[842.0,737.0],[838.0,735.0],[836.0,733.0],[836.0,732.0],[834.0,731.0],[835.0,733.0],[828.0,741.0],[827.0,740.0],[828.0,738.0],[828.0,735.0],[826.0,733.0],[826.0,726.0],[825.0,724.0],[826.0,723.0],[830.0,722.0],[834.0,718.0],[834.0,716.0],[835.0,715.0],[832.0,711.0],[834.0,709.0],[833.0,707.0],[831.0,706.0],[827.0,706.0],[826.0,707.0],[824.0,707.0],[821.0,704.0],[820.0,704.0],[814.0,697.0],[809.0,695.0],[804.0,701.0],[803.0,700.0],[803.0,698.0],[800.0,695.0],[798.0,695.0],[796.0,691.0],[795.0,691.0],[793.0,693.0],[790.0,693.0],[789.0,694.0],[789.0,697.0],[790.0,698.0],[789.0,700.0],[784.0,696.0],[777.0,699.0]],[[804.0,702.0],[805.0,701.0],[806.0,702.0],[805.0,703.0],[804.0,702.0]]],[[[783.0,676.0],[780.0,676.0],[778.0,674.0],[777.0,676.0],[771.0,681.0],[770.0,683.0],[770.0,692.0],[767.0,695.0],[767.0,697.0],[770.0,700.0],[772.0,699.0],[772.0,696.0],[776.0,689.0],[778.0,689.0],[781.0,686.0],[780.0,684.0],[784.0,677.0],[783.0,676.0]]]]}},{"type":"Feature","id":"country-016","properties":{"id":"country-016","name":"Unassigned","type":"country","status":"mask-defined","source":"countries-mask","extractionConfidence":"authoritative-mask","rgb":[127,106,0],"color":"#7f6a00","polygonCount":22,"holeCount":2,"styleIndex":3},"geometry":{"type":"MultiPolygon","coordinates":[[[[454.0,1064.0],[455.0,1065.0],[457.0,1065.0],[462.0,1061.0],[464.0,1062.0],[466.0,1060.0],[465.0,1059.0],[457.0,1059.0],[454.0,1062.0],[454.0,1064.0]]],[[[510.0,1046.0],[513.0,1048.0],[515.0,1048.0],[517.0,1051.0],[521.0,1051.0],[522.0,1050.0],[522.0,1047.0],[518.0,1043.0],[513.0,1043.0],[510.0,1046.0]]],[[[288.0,1039.0],[288.0,1040.0],[290.0,1042.0],[293.0,1042.0],[296.0,1040.0],[296.0,1039.0],[294.0,1037.0],[291.0,1037.0],[288.0,1039.0]]],[[[326.0,1034.0],[324.0,1036.0],[324.0,1037.0],[331.0,1045.0],[333.0,1045.0],[334.0,1043.0],[329.0,1037.0],[329.0,1036.0],[327.0,1034.0],[326.0,1034.0]]],[[[352.0,1032.0],[350.0,1035.0],[350.0,1037.0],[349.0,1038.0],[349.0,1042.0],[348.0,1043.0],[351.0,1046.0],[355.0,1047.0],[359.0,1043.0],[359.0,1039.0],[352.0,1032.0]]],[[[250.0,1017.0],[249.0,1018.0],[250.0,1020.0],[255.0,1024.0],[257.0,1024.0],[259.0,1026.0],[260.0,1031.0],[262.0,1032.0],[265.0,1028.0],[265.0,1025.0],[263.0,1023.0],[263.0,1019.0],[264.0,1017.0],[263.0,1016.0],[261.0,1016.0],[258.0,1018.0],[255.0,1018.0],[253.0,1016.0],[250.0,1017.0]]],[[[372.0,1008.0],[369.0,1005.0],[367.0,1005.0],[365.0,1007.0],[363.0,1007.0],[362.0,1008.0],[361.0,1012.0],[363.0,1014.0],[364.0,1013.0],[369.0,1012.0],[372.0,1010.0],[372.0,1008.0]]],[[[606.0,1001.0],[604.0,999.0],[600.0,1001.0],[594.0,1007.0],[594.0,1009.0],[595.0,1010.0],[597.0,1010.0],[601.0,1006.0],[605.0,1005.0],[606.0,1004.0],[606.0,1001.0]]],[[[639.0,984.0],[638.0,985.0],[637.0,989.0],[638.0,991.0],[640.0,993.0],[641.0,993.0],[643.0,991.0],[643.0,989.0],[645.0,987.0],[643.0,985.0],[640.0,985.0],[639.0,984.0]]],[[[614.0,983.0],[613.0,984.0],[613.0,987.0],[612.0,988.0],[613.0,989.0],[613.0,992.0],[616.0,994.0],[618.0,994.0],[622.0,991.0],[617.0,986.0],[616.0,986.0],[614.0,983.0]]],[[[581.0,983.0],[581.0,988.0],[580.0,990.0],[585.0,995.0],[589.0,997.0],[591.0,997.0],[596.0,993.0],[600.0,993.0],[602.0,994.0],[604.0,992.0],[604.0,991.0],[600.0,987.0],[596.0,987.0],[593.0,989.0],[590.0,989.0],[587.0,987.0],[587.0,985.0],[589.0,983.0],[589.0,980.0],[588.0,979.0],[585.0,979.0],[583.0,980.0],[581.0,983.0]]],[[[264.0,975.0],[262.0,977.0],[263.0,984.0],[267.0,989.0],[269.0,989.0],[273.0,984.0],[273.0,982.0],[271.0,979.0],[270.0,980.0],[268.0,980.0],[264.0,975.0]]],[[[639.0,962.0],[638.0,963.0],[638.0,966.0],[643.0,969.0],[645.0,967.0],[644.0,964.0],[641.0,962.0],[639.0,962.0]]],[[[274.0,941.0],[272.0,941.0],[270.0,944.0],[270.0,952.0],[271.0,953.0],[273.0,952.0],[274.0,950.0],[274.0,947.0],[276.0,943.0],[274.0,941.0]]],[[[655.0,905.0],[652.0,902.0],[651.0,902.0],[648.0,906.0],[644.0,906.0],[643.0,905.0],[641.0,905.0],[636.0,910.0],[636.0,917.0],[638.0,918.0],[642.0,913.0],[644.0,913.0],[645.0,912.0],[647.0,913.0],[648.0,912.0],[653.0,911.0],[654.0,910.0],[655.0,905.0]]],[[[261.0,893.0],[259.0,895.0],[259.0,898.0],[260.0,899.0],[263.0,898.0],[266.0,901.0],[266.0,903.0],[268.0,905.0],[272.0,904.0],[273.0,903.0],[273.0,901.0],[271.0,899.0],[271.0,897.0],[272.0,896.0],[270.0,892.0],[267.0,892.0],[265.0,894.0],[261.0,893.0]]],[[[287.0,846.0],[284.0,849.0],[285.0,850.0],[285.0,852.0],[283.0,855.0],[285.0,858.0],[286.0,857.0],[289.0,862.0],[293.0,863.0],[295.0,861.0],[295.0,860.0],[291.0,855.0],[291.0,854.0],[295.0,850.0],[295.0,848.0],[293.0,846.0],[291.0,846.0],[290.0,847.0],[287.0,846.0]]],[[[314.0,790.0],[313.0,791.0],[313.0,794.0],[305.0,802.0],[305.0,804.0],[301.0,809.0],[302.0,811.0],[301.0,817.0],[298.0,819.0],[297.0,818.0],[294.0,822.0],[292.0,822.0],[284.0,829.0],[283.0,832.0],[287.0,834.0],[288.0,833.0],[290.0,833.0],[293.0,836.0],[296.0,836.0],[300.0,841.0],[303.0,838.0],[305.0,837.0],[307.0,838.0],[310.0,835.0],[311.0,836.0],[311.0,839.0],[312.0,841.0],[315.0,844.0],[319.0,839.0],[320.0,840.0],[320.0,845.0],[318.0,847.0],[312.0,850.0],[308.0,850.0],[300.0,857.0],[301.0,870.0],[303.0,873.0],[303.0,874.0],[301.0,876.0],[298.0,871.0],[292.0,871.0],[288.0,877.0],[289.0,878.0],[289.0,880.0],[287.0,882.0],[281.0,879.0],[280.0,879.0],[278.0,881.0],[279.0,887.0],[282.0,891.0],[282.0,900.0],[280.0,902.0],[280.0,903.0],[282.0,905.0],[282.0,907.0],[281.0,908.0],[273.0,908.0],[270.0,913.0],[267.0,916.0],[267.0,919.0],[266.0,920.0],[267.0,922.0],[266.0,923.0],[266.0,926.0],[263.0,930.0],[263.0,933.0],[265.0,934.0],[271.0,929.0],[271.0,927.0],[272.0,926.0],[280.0,925.0],[283.0,928.0],[288.0,924.0],[289.0,925.0],[289.0,928.0],[288.0,929.0],[289.0,932.0],[286.0,936.0],[286.0,946.0],[288.0,948.0],[288.0,951.0],[285.0,953.0],[281.0,953.0],[280.0,954.0],[278.0,954.0],[274.0,958.0],[274.0,959.0],[276.0,961.0],[276.0,963.0],[275.0,964.0],[275.0,967.0],[276.0,968.0],[278.0,968.0],[284.0,963.0],[286.0,964.0],[285.0,968.0],[284.0,969.0],[284.0,970.0],[287.0,972.0],[286.0,976.0],[284.0,980.0],[280.0,984.0],[280.0,985.0],[270.0,994.0],[270.0,996.0],[268.0,1000.0],[265.0,999.0],[263.0,996.0],[261.0,996.0],[259.0,994.0],[259.0,991.0],[260.0,990.0],[259.0,989.0],[256.0,989.0],[255.0,990.0],[253.0,987.0],[248.0,987.0],[242.0,984.0],[240.0,985.0],[240.0,987.0],[244.0,990.0],[244.0,996.0],[246.0,998.0],[248.0,999.0],[251.0,999.0],[253.0,1000.0],[255.0,1003.0],[257.0,1004.0],[262.0,1004.0],[264.0,1006.0],[264.0,1009.0],[265.0,1011.0],[269.0,1014.0],[269.0,1019.0],[270.0,1020.0],[270.0,1022.0],[272.0,1026.0],[276.0,1029.0],[277.0,1031.0],[277.0,1034.0],[279.0,1036.0],[281.0,1035.0],[284.0,1035.0],[286.0,1031.0],[288.0,1029.0],[290.0,1030.0],[293.0,1030.0],[294.0,1031.0],[301.0,1029.0],[304.0,1033.0],[305.0,1037.0],[299.0,1042.0],[299.0,1044.0],[300.0,1045.0],[305.0,1042.0],[309.0,1042.0],[318.0,1033.0],[318.0,1031.0],[320.0,1029.0],[322.0,1029.0],[323.0,1030.0],[328.0,1029.0],[330.0,1031.0],[331.0,1034.0],[335.0,1038.0],[338.0,1037.0],[340.0,1035.0],[342.0,1035.0],[346.0,1033.0],[347.0,1031.0],[346.0,1030.0],[346.0,1028.0],[349.0,1024.0],[349.0,1021.0],[345.0,1017.0],[345.0,1014.0],[346.0,1012.0],[345.0,1010.0],[340.0,1006.0],[339.0,1004.0],[339.0,1001.0],[340.0,1000.0],[342.0,1002.0],[343.0,1002.0],[347.0,1007.0],[354.0,1007.0],[355.0,1006.0],[354.0,1004.0],[355.0,1002.0],[355.0,999.0],[358.0,995.0],[356.0,993.0],[353.0,993.0],[348.0,989.0],[346.0,989.0],[344.0,987.0],[344.0,986.0],[341.0,984.0],[341.0,982.0],[339.0,980.0],[337.0,976.0],[337.0,974.0],[339.0,972.0],[340.0,972.0],[342.0,974.0],[341.0,975.0],[342.0,978.0],[346.0,981.0],[348.0,981.0],[355.0,977.0],[358.0,979.0],[358.0,986.0],[361.0,988.0],[363.0,988.0],[367.0,983.0],[368.0,984.0],[372.0,984.0],[373.0,985.0],[375.0,985.0],[377.0,987.0],[376.0,988.0],[371.0,988.0],[369.0,990.0],[367.0,990.0],[366.0,991.0],[367.0,992.0],[365.0,996.0],[365.0,999.0],[367.0,1001.0],[371.0,1002.0],[374.0,1004.0],[375.0,1003.0],[376.0,1004.0],[380.0,1004.0],[381.0,1005.0],[377.0,1009.0],[376.0,1009.0],[367.0,1019.0],[366.0,1021.0],[366.0,1026.0],[362.0,1031.0],[362.0,1034.0],[365.0,1036.0],[368.0,1036.0],[372.0,1031.0],[374.0,1033.0],[374.0,1034.0],[371.0,1036.0],[371.0,1039.0],[372.0,1040.0],[377.0,1039.0],[380.0,1036.0],[388.0,1041.0],[389.0,1041.0],[391.0,1039.0],[395.0,1039.0],[398.0,1042.0],[398.0,1044.0],[400.0,1046.0],[403.0,1046.0],[408.0,1050.0],[411.0,1050.0],[413.0,1048.0],[416.0,1051.0],[416.0,1055.0],[414.0,1057.0],[414.0,1059.0],[416.0,1062.0],[418.0,1061.0],[420.0,1063.0],[423.0,1063.0],[424.0,1062.0],[427.0,1065.0],[429.0,1065.0],[430.0,1066.0],[433.0,1066.0],[434.0,1065.0],[437.0,1066.0],[440.0,1064.0],[441.0,1062.0],[441.0,1059.0],[442.0,1058.0],[443.0,1058.0],[445.0,1056.0],[450.0,1056.0],[452.0,1052.0],[455.0,1050.0],[456.0,1051.0],[460.0,1051.0],[461.0,1050.0],[465.0,1051.0],[467.0,1053.0],[466.0,1055.0],[469.0,1057.0],[472.0,1057.0],[476.0,1052.0],[479.0,1052.0],[484.0,1048.0],[492.0,1049.0],[493.0,1050.0],[499.0,1050.0],[503.0,1054.0],[507.0,1054.0],[509.0,1055.0],[510.0,1054.0],[504.0,1047.0],[502.0,1048.0],[499.0,1046.0],[499.0,1041.0],[501.0,1039.0],[502.0,1040.0],[505.0,1039.0],[509.0,1035.0],[512.0,1036.0],[514.0,1033.0],[516.0,1034.0],[521.0,1033.0],[524.0,1030.0],[523.0,1029.0],[524.0,1027.0],[526.0,1026.0],[528.0,1028.0],[527.0,1030.0],[528.0,1031.0],[527.0,1033.0],[527.0,1036.0],[529.0,1038.0],[529.0,1040.0],[527.0,1042.0],[528.0,1043.0],[528.0,1045.0],[530.0,1047.0],[530.0,1049.0],[529.0,1050.0],[529.0,1052.0],[527.0,1054.0],[526.0,1059.0],[529.0,1063.0],[529.0,1065.0],[527.0,1067.0],[527.0,1068.0],[528.0,1069.0],[530.0,1069.0],[534.0,1065.0],[534.0,1064.0],[540.0,1059.0],[540.0,1057.0],[541.0,1056.0],[540.0,1054.0],[541.0,1053.0],[545.0,1053.0],[547.0,1051.0],[551.0,1043.0],[556.0,1038.0],[555.0,1036.0],[562.0,1032.0],[562.0,1028.0],[563.0,1027.0],[567.0,1031.0],[570.0,1028.0],[573.0,1027.0],[574.0,1026.0],[574.0,1024.0],[576.0,1022.0],[578.0,1022.0],[582.0,1019.0],[585.0,1019.0],[587.0,1022.0],[587.0,1024.0],[589.0,1026.0],[590.0,1025.0],[590.0,1023.0],[591.0,1022.0],[591.0,1016.0],[590.0,1015.0],[590.0,1013.0],[588.0,1011.0],[586.0,1011.0],[583.0,1007.0],[583.0,1005.0],[586.0,1002.0],[584.0,1000.0],[584.0,999.0],[579.0,996.0],[575.0,991.0],[573.0,991.0],[572.0,992.0],[569.0,990.0],[566.0,990.0],[561.0,984.0],[563.0,980.0],[565.0,982.0],[566.0,981.0],[571.0,981.0],[573.0,979.0],[573.0,977.0],[571.0,974.0],[571.0,971.0],[573.0,969.0],[575.0,969.0],[576.0,970.0],[580.0,970.0],[581.0,969.0],[582.0,970.0],[589.0,964.0],[592.0,964.0],[594.0,966.0],[594.0,967.0],[598.0,970.0],[598.0,972.0],[600.0,976.0],[602.0,978.0],[602.0,980.0],[604.0,983.0],[608.0,978.0],[607.0,976.0],[607.0,973.0],[608.0,972.0],[614.0,971.0],[616.0,969.0],[618.0,970.0],[621.0,969.0],[622.0,970.0],[622.0,975.0],[624.0,977.0],[624.0,979.0],[627.0,982.0],[628.0,986.0],[630.0,987.0],[633.0,983.0],[630.0,976.0],[631.0,974.0],[633.0,974.0],[639.0,979.0],[640.0,979.0],[642.0,977.0],[642.0,976.0],[640.0,974.0],[638.0,974.0],[636.0,972.0],[634.0,968.0],[631.0,968.0],[630.0,969.0],[629.0,968.0],[629.0,964.0],[632.0,962.0],[632.0,959.0],[633.0,958.0],[634.0,958.0],[636.0,956.0],[639.0,956.0],[641.0,957.0],[644.0,955.0],[648.0,959.0],[652.0,967.0],[654.0,967.0],[658.0,963.0],[663.0,964.0],[665.0,961.0],[665.0,960.0],[663.0,958.0],[658.0,959.0],[654.0,956.0],[654.0,953.0],[655.0,952.0],[655.0,949.0],[656.0,948.0],[656.0,943.0],[658.0,939.0],[657.0,937.0],[653.0,934.0],[654.0,932.0],[654.0,928.0],[650.0,925.0],[649.0,921.0],[647.0,920.0],[645.0,922.0],[647.0,926.0],[644.0,929.0],[642.0,929.0],[640.0,931.0],[637.0,931.0],[634.0,928.0],[634.0,924.0],[630.0,921.0],[630.0,918.0],[631.0,917.0],[628.0,912.0],[632.0,907.0],[632.0,902.0],[630.0,899.0],[630.0,898.0],[634.0,894.0],[632.0,890.0],[631.0,890.0],[628.0,894.0],[626.0,894.0],[623.0,889.0],[621.0,889.0],[618.0,892.0],[618.0,894.0],[619.0,895.0],[619.0,899.0],[617.0,901.0],[613.0,901.0],[612.0,902.0],[604.0,902.0],[601.0,899.0],[600.0,899.0],[599.0,900.0],[599.0,902.0],[598.0,903.0],[596.0,903.0],[594.0,905.0],[593.0,904.0],[590.0,904.0],[588.0,906.0],[584.0,906.0],[582.0,903.0],[586.0,900.0],[580.0,895.0],[580.0,888.0],[578.0,886.0],[575.0,886.0],[572.0,882.0],[570.0,882.0],[566.0,884.0],[564.0,882.0],[564.0,879.0],[561.0,876.0],[559.0,876.0],[557.0,878.0],[557.0,881.0],[555.0,883.0],[553.0,884.0],[551.0,883.0],[548.0,886.0],[547.0,886.0],[546.0,887.0],[546.0,890.0],[544.0,893.0],[542.0,893.0],[539.0,890.0],[536.0,890.0],[532.0,887.0],[529.0,887.0],[527.0,889.0],[525.0,889.0],[524.0,890.0],[524.0,893.0],[527.0,896.0],[527.0,898.0],[528.0,899.0],[527.0,900.0],[524.0,900.0],[519.0,904.0],[522.0,908.0],[522.0,912.0],[521.0,914.0],[523.0,916.0],[526.0,923.0],[528.0,925.0],[530.0,925.0],[531.0,926.0],[536.0,926.0],[539.0,923.0],[540.0,917.0],[542.0,915.0],[543.0,915.0],[545.0,917.0],[545.0,923.0],[544.0,924.0],[543.0,928.0],[541.0,930.0],[539.0,931.0],[523.0,931.0],[522.0,932.0],[524.0,936.0],[527.0,936.0],[530.0,938.0],[527.0,941.0],[525.0,940.0],[517.0,941.0],[514.0,938.0],[513.0,930.0],[512.0,929.0],[508.0,928.0],[506.0,930.0],[503.0,930.0],[500.0,927.0],[498.0,927.0],[494.0,922.0],[488.0,921.0],[485.0,923.0],[485.0,925.0],[484.0,926.0],[482.0,926.0],[481.0,927.0],[479.0,927.0],[477.0,925.0],[476.0,926.0],[474.0,926.0],[471.0,923.0],[469.0,922.0],[466.0,922.0],[464.0,920.0],[468.0,914.0],[464.0,910.0],[464.0,906.0],[466.0,903.0],[467.0,899.0],[466.0,898.0],[463.0,898.0],[458.0,894.0],[458.0,892.0],[461.0,889.0],[461.0,885.0],[460.0,884.0],[456.0,885.0],[454.0,883.0],[452.0,876.0],[450.0,874.0],[447.0,874.0],[444.0,871.0],[444.0,865.0],[443.0,864.0],[442.0,859.0],[446.0,855.0],[446.0,851.0],[442.0,847.0],[442.0,845.0],[441.0,844.0],[441.0,838.0],[440.0,837.0],[441.0,833.0],[443.0,830.0],[443.0,824.0],[441.0,823.0],[438.0,826.0],[437.0,826.0],[432.0,823.0],[433.0,820.0],[429.0,812.0],[420.0,802.0],[420.0,798.0],[419.0,797.0],[421.0,794.0],[420.0,792.0],[421.0,791.0],[420.0,790.0],[421.0,789.0],[421.0,784.0],[419.0,782.0],[418.0,783.0],[418.0,786.0],[413.0,793.0],[411.0,793.0],[410.0,792.0],[405.0,792.0],[403.0,794.0],[403.0,799.0],[399.0,802.0],[399.0,804.0],[397.0,807.0],[398.0,808.0],[397.0,809.0],[397.0,815.0],[400.0,819.0],[400.0,821.0],[398.0,823.0],[395.0,820.0],[395.0,817.0],[393.0,814.0],[393.0,809.0],[388.0,805.0],[387.0,806.0],[387.0,808.0],[384.0,811.0],[382.0,809.0],[382.0,806.0],[380.0,804.0],[380.0,800.0],[379.0,799.0],[371.0,797.0],[367.0,792.0],[367.0,791.0],[362.0,786.0],[356.0,794.0],[350.0,793.0],[347.0,796.0],[347.0,798.0],[346.0,799.0],[346.0,805.0],[347.0,806.0],[351.0,807.0],[352.0,809.0],[355.0,811.0],[353.0,813.0],[345.0,809.0],[340.0,809.0],[337.0,806.0],[328.0,802.0],[325.0,799.0],[322.0,799.0],[321.0,800.0],[320.0,798.0],[317.0,796.0],[318.0,794.0],[317.0,791.0],[316.0,790.0],[314.0,790.0]],[[378.0,989.0],[379.0,988.0],[380.0,989.0],[379.0,990.0],[378.0,989.0]],[[376.0,988.0],[377.0,987.0],[379.0,988.0],[378.0,989.0],[376.0,988.0]]],[[[399.0,783.0],[400.0,784.0],[405.0,785.0],[407.0,783.0],[408.0,783.0],[410.0,781.0],[410.0,780.0],[409.0,779.0],[407.0,779.0],[405.0,777.0],[402.0,777.0],[400.0,779.0],[399.0,783.0]]],[[[54.0,741.0],[54.0,743.0],[56.0,745.0],[56.0,746.0],[58.0,747.0],[61.0,747.0],[64.0,749.0],[67.0,746.0],[64.0,742.0],[62.0,743.0],[58.0,743.0],[54.0,741.0]]],[[[123.0,730.0],[122.0,729.0],[119.0,729.0],[117.0,731.0],[112.0,733.0],[111.0,735.0],[115.0,737.0],[121.0,738.0],[121.0,736.0],[120.0,735.0],[123.0,730.0]]],[[[59.0,733.0],[59.0,735.0],[65.0,735.0],[66.0,736.0],[72.0,735.0],[74.0,737.0],[75.0,736.0],[78.0,736.0],[81.0,739.0],[80.0,742.0],[76.0,746.0],[75.0,746.0],[76.0,747.0],[71.0,752.0],[74.0,755.0],[74.0,758.0],[79.0,764.0],[79.0,767.0],[83.0,771.0],[86.0,772.0],[88.0,774.0],[92.0,776.0],[95.0,774.0],[94.0,773.0],[94.0,771.0],[92.0,769.0],[90.0,769.0],[87.0,766.0],[88.0,764.0],[90.0,764.0],[93.0,762.0],[97.0,762.0],[100.0,765.0],[102.0,765.0],[103.0,766.0],[106.0,766.0],[107.0,765.0],[108.0,766.0],[109.0,765.0],[111.0,765.0],[112.0,764.0],[112.0,761.0],[116.0,757.0],[124.0,757.0],[124.0,756.0],[129.0,751.0],[131.0,751.0],[135.0,753.0],[137.0,752.0],[138.0,748.0],[140.0,745.0],[140.0,743.0],[139.0,742.0],[139.0,738.0],[135.0,736.0],[133.0,734.0],[132.0,735.0],[130.0,734.0],[129.0,735.0],[129.0,737.0],[131.0,739.0],[128.0,742.0],[125.0,742.0],[124.0,743.0],[125.0,745.0],[124.0,747.0],[122.0,747.0],[119.0,745.0],[118.0,746.0],[114.0,746.0],[111.0,744.0],[106.0,744.0],[103.0,741.0],[104.0,739.0],[96.0,732.0],[98.0,730.0],[104.0,730.0],[107.0,728.0],[107.0,724.0],[108.0,723.0],[108.0,721.0],[106.0,720.0],[104.0,722.0],[99.0,718.0],[96.0,718.0],[94.0,720.0],[92.0,720.0],[91.0,721.0],[84.0,721.0],[77.0,717.0],[75.0,719.0],[77.0,721.0],[77.0,722.0],[75.0,724.0],[74.0,724.0],[74.0,726.0],[77.0,729.0],[74.0,731.0],[70.0,731.0],[69.0,732.0],[65.0,732.0],[64.0,731.0],[62.0,732.0],[61.0,731.0],[59.0,733.0]]]]}},{"type":"Feature","id":"country-017","properties":{"id":"country-017","name":"Unassigned","type":"country","status":"mask-defined","source":"countries-mask","extractionConfidence":"authoritative-mask","rgb":[178,0,255],"color":"#b200ff","polygonCount":5,"holeCount":0,"styleIndex":4},"geometry":{"type":"MultiPolygon","coordinates":[[[[583.0,481.0],[582.0,482.0],[582.0,484.0],[583.0,485.0],[586.0,485.0],[587.0,483.0],[585.0,481.0],[583.0,481.0]]],[[[473.0,545.0],[474.0,546.0],[474.0,548.0],[481.0,550.0],[489.0,558.0],[493.0,560.0],[496.0,560.0],[500.0,564.0],[501.0,564.0],[504.0,567.0],[504.0,570.0],[506.0,573.0],[511.0,574.0],[514.0,576.0],[511.0,580.0],[512.0,582.0],[509.0,585.0],[509.0,587.0],[512.0,591.0],[512.0,592.0],[509.0,595.0],[509.0,599.0],[512.0,602.0],[512.0,608.0],[513.0,610.0],[518.0,616.0],[522.0,618.0],[525.0,621.0],[537.0,621.0],[538.0,622.0],[544.0,622.0],[546.0,623.0],[553.0,630.0],[553.0,635.0],[554.0,636.0],[556.0,636.0],[558.0,634.0],[563.0,634.0],[565.0,636.0],[565.0,637.0],[566.0,637.0],[570.0,633.0],[573.0,633.0],[576.0,630.0],[582.0,630.0],[583.0,631.0],[587.0,630.0],[591.0,626.0],[590.0,624.0],[590.0,614.0],[593.0,610.0],[604.0,607.0],[610.0,604.0],[627.0,604.0],[628.0,605.0],[632.0,605.0],[633.0,604.0],[642.0,604.0],[643.0,605.0],[644.0,604.0],[651.0,604.0],[660.0,599.0],[662.0,599.0],[663.0,598.0],[669.0,598.0],[671.0,596.0],[677.0,594.0],[686.0,587.0],[687.0,587.0],[691.0,583.0],[698.0,583.0],[699.0,582.0],[701.0,582.0],[703.0,580.0],[704.0,580.0],[706.0,578.0],[708.0,578.0],[710.0,576.0],[710.0,572.0],[711.0,571.0],[715.0,570.0],[733.0,560.0],[736.0,557.0],[736.0,555.0],[739.0,551.0],[740.0,548.0],[754.0,539.0],[756.0,535.0],[761.0,530.0],[763.0,530.0],[763.0,527.0],[758.0,518.0],[757.0,513.0],[754.0,510.0],[749.0,508.0],[742.0,502.0],[738.0,500.0],[736.0,500.0],[735.0,499.0],[733.0,499.0],[732.0,500.0],[731.0,499.0],[726.0,499.0],[725.0,498.0],[722.0,498.0],[720.0,497.0],[715.0,491.0],[712.0,490.0],[708.0,486.0],[708.0,485.0],[706.0,483.0],[706.0,481.0],[704.0,477.0],[698.0,474.0],[693.0,474.0],[690.0,477.0],[690.0,478.0],[685.0,482.0],[683.0,482.0],[679.0,477.0],[675.0,477.0],[674.0,476.0],[671.0,476.0],[670.0,475.0],[667.0,475.0],[664.0,478.0],[658.0,478.0],[656.0,480.0],[656.0,483.0],[660.0,483.0],[663.0,485.0],[665.0,484.0],[666.0,485.0],[666.0,493.0],[667.0,494.0],[667.0,496.0],[666.0,497.0],[661.0,497.0],[657.0,501.0],[656.0,501.0],[653.0,497.0],[647.0,497.0],[646.0,498.0],[644.0,498.0],[643.0,497.0],[643.0,491.0],[642.0,490.0],[637.0,490.0],[630.0,482.0],[627.0,481.0],[626.0,479.0],[622.0,476.0],[622.0,474.0],[619.0,474.0],[618.0,475.0],[615.0,472.0],[616.0,471.0],[615.0,470.0],[616.0,468.0],[616.0,466.0],[615.0,465.0],[613.0,465.0],[611.0,467.0],[609.0,467.0],[605.0,465.0],[602.0,469.0],[600.0,468.0],[595.0,473.0],[592.0,473.0],[591.0,472.0],[592.0,470.0],[592.0,468.0],[591.0,467.0],[589.0,467.0],[588.0,466.0],[582.0,467.0],[581.0,469.0],[583.0,471.0],[583.0,473.0],[582.0,474.0],[578.0,474.0],[576.0,476.0],[580.0,478.0],[582.0,477.0],[587.0,477.0],[588.0,476.0],[592.0,480.0],[592.0,482.0],[593.0,483.0],[591.0,486.0],[591.0,490.0],[589.0,492.0],[590.0,493.0],[587.0,497.0],[587.0,500.0],[589.0,504.0],[588.0,505.0],[586.0,505.0],[583.0,503.0],[583.0,498.0],[582.0,497.0],[580.0,498.0],[577.0,495.0],[577.0,493.0],[579.0,491.0],[581.0,491.0],[582.0,489.0],[580.0,488.0],[578.0,485.0],[575.0,487.0],[574.0,486.0],[572.0,486.0],[569.0,482.0],[569.0,475.0],[566.0,471.0],[567.0,466.0],[563.0,461.0],[564.0,459.0],[563.0,458.0],[561.0,458.0],[560.0,459.0],[560.0,463.0],[559.0,464.0],[558.0,463.0],[556.0,463.0],[552.0,466.0],[552.0,470.0],[550.0,472.0],[546.0,472.0],[545.0,473.0],[545.0,477.0],[547.0,479.0],[547.0,482.0],[548.0,483.0],[550.0,483.0],[552.0,481.0],[554.0,481.0],[555.0,482.0],[556.0,486.0],[557.0,487.0],[557.0,490.0],[565.0,494.0],[563.0,496.0],[557.0,495.0],[555.0,493.0],[551.0,493.0],[549.0,490.0],[546.0,490.0],[545.0,491.0],[541.0,488.0],[537.0,490.0],[537.0,493.0],[536.0,494.0],[533.0,494.0],[531.0,496.0],[530.0,496.0],[529.0,495.0],[529.0,492.0],[531.0,491.0],[536.0,485.0],[535.0,484.0],[532.0,484.0],[530.0,485.0],[529.0,484.0],[529.0,481.0],[531.0,479.0],[531.0,478.0],[532.0,477.0],[534.0,477.0],[536.0,475.0],[536.0,474.0],[533.0,472.0],[533.0,470.0],[532.0,469.0],[531.0,469.0],[528.0,473.0],[524.0,473.0],[523.0,474.0],[518.0,473.0],[517.0,474.0],[517.0,476.0],[515.0,478.0],[513.0,478.0],[512.0,477.0],[511.0,479.0],[507.0,482.0],[507.0,486.0],[505.0,488.0],[504.0,488.0],[503.0,486.0],[501.0,485.0],[500.0,486.0],[500.0,488.0],[494.0,494.0],[494.0,496.0],[492.0,498.0],[490.0,498.0],[488.0,500.0],[486.0,500.0],[485.0,501.0],[485.0,504.0],[486.0,505.0],[487.0,511.0],[488.0,512.0],[487.0,519.0],[484.0,523.0],[484.0,525.0],[480.0,529.0],[479.0,529.0],[478.0,532.0],[476.0,534.0],[473.0,540.0],[473.0,545.0]]],[[[547.0,452.0],[546.0,453.0],[544.0,453.0],[540.0,456.0],[540.0,462.0],[542.0,464.0],[543.0,464.0],[546.0,461.0],[545.0,460.0],[547.0,458.0],[546.0,456.0],[548.0,454.0],[547.0,452.0]]],[[[617.0,449.0],[615.0,447.0],[612.0,447.0],[610.0,449.0],[603.0,449.0],[601.0,450.0],[599.0,452.0],[598.0,457.0],[597.0,458.0],[593.0,458.0],[592.0,459.0],[592.0,462.0],[597.0,465.0],[604.0,463.0],[608.0,458.0],[612.0,456.0],[617.0,451.0],[617.0,449.0]]],[[[555.0,434.0],[554.0,435.0],[554.0,439.0],[551.0,442.0],[551.0,443.0],[552.0,444.0],[556.0,444.0],[557.0,445.0],[556.0,449.0],[562.0,453.0],[563.0,452.0],[567.0,454.0],[569.0,458.0],[572.0,458.0],[573.0,457.0],[573.0,454.0],[574.0,453.0],[573.0,452.0],[574.0,451.0],[573.0,447.0],[574.0,446.0],[577.0,447.0],[579.0,449.0],[582.0,449.0],[583.0,448.0],[576.0,441.0],[575.0,439.0],[573.0,439.0],[571.0,441.0],[566.0,440.0],[565.0,438.0],[567.0,436.0],[565.0,432.0],[562.0,432.0],[559.0,434.0],[555.0,434.0]]]]}},{"type":"Feature","id":"country-018","properties":{"id":"country-018","name":"Unassigned","type":"country","status":"mask-defined","source":"countries-mask","extractionConfidence":"authoritative-mask","rgb":[182,255,0],"color":"#b6ff00","polygonCount":2,"holeCount":0,"styleIndex":5},"geometry":{"type":"MultiPolygon","coordinates":[[[[1018.0,861.0],[1018.0,863.0],[1023.0,867.0],[1024.0,867.0],[1028.0,863.0],[1033.0,863.0],[1034.0,864.0],[1042.0,864.0],[1043.0,863.0],[1043.0,861.0],[1042.0,860.0],[1038.0,860.0],[1036.0,858.0],[1031.0,858.0],[1029.0,854.0],[1022.0,854.0],[1018.0,861.0]]],[[[955.0,773.0],[952.0,775.0],[952.0,777.0],[955.0,779.0],[957.0,779.0],[960.0,782.0],[961.0,788.0],[957.0,793.0],[956.0,792.0],[954.0,792.0],[951.0,794.0],[950.0,796.0],[950.0,801.0],[951.0,802.0],[952.0,806.0],[954.0,808.0],[956.0,813.0],[958.0,815.0],[958.0,818.0],[959.0,820.0],[967.0,828.0],[967.0,830.0],[966.0,831.0],[964.0,831.0],[962.0,830.0],[958.0,825.0],[955.0,825.0],[953.0,829.0],[954.0,831.0],[954.0,834.0],[956.0,838.0],[959.0,841.0],[962.0,841.0],[963.0,840.0],[970.0,840.0],[971.0,841.0],[975.0,841.0],[978.0,847.0],[982.0,851.0],[983.0,851.0],[987.0,856.0],[989.0,857.0],[990.0,862.0],[997.0,867.0],[1001.0,867.0],[1002.0,866.0],[1002.0,863.0],[998.0,859.0],[998.0,855.0],[999.0,854.0],[1007.0,854.0],[1008.0,853.0],[1008.0,850.0],[1005.0,848.0],[1005.0,846.0],[1008.0,841.0],[1015.0,836.0],[1019.0,834.0],[1020.0,835.0],[1022.0,834.0],[1023.0,835.0],[1023.0,836.0],[1021.0,838.0],[1020.0,838.0],[1017.0,842.0],[1015.0,843.0],[1015.0,844.0],[1017.0,846.0],[1020.0,846.0],[1023.0,843.0],[1024.0,844.0],[1027.0,844.0],[1030.0,847.0],[1036.0,847.0],[1040.0,843.0],[1042.0,839.0],[1043.0,840.0],[1046.0,840.0],[1048.0,838.0],[1047.0,836.0],[1047.0,834.0],[1048.0,833.0],[1050.0,833.0],[1053.0,836.0],[1057.0,836.0],[1062.0,831.0],[1065.0,830.0],[1067.0,828.0],[1066.0,820.0],[1069.0,815.0],[1069.0,809.0],[1068.0,808.0],[1069.0,807.0],[1066.0,803.0],[1063.0,803.0],[1062.0,802.0],[1061.0,798.0],[1060.0,797.0],[1058.0,800.0],[1059.0,804.0],[1053.0,809.0],[1051.0,809.0],[1048.0,812.0],[1049.0,813.0],[1049.0,816.0],[1047.0,818.0],[1044.0,818.0],[1039.0,812.0],[1035.0,812.0],[1033.0,811.0],[1031.0,808.0],[1031.0,805.0],[1029.0,802.0],[1027.0,802.0],[1025.0,800.0],[1021.0,800.0],[1019.0,801.0],[1015.0,798.0],[1013.0,794.0],[1015.0,792.0],[1021.0,793.0],[1022.0,794.0],[1026.0,794.0],[1029.0,797.0],[1031.0,795.0],[1026.0,789.0],[1026.0,788.0],[1028.0,786.0],[1028.0,784.0],[1031.0,782.0],[1031.0,781.0],[1028.0,778.0],[1028.0,776.0],[1029.0,775.0],[1029.0,771.0],[1028.0,770.0],[1025.0,770.0],[1023.0,772.0],[1023.0,775.0],[1021.0,778.0],[1018.0,776.0],[1013.0,776.0],[1011.0,777.0],[1010.0,779.0],[1005.0,781.0],[1003.0,783.0],[1002.0,782.0],[995.0,782.0],[993.0,784.0],[987.0,778.0],[986.0,778.0],[985.0,776.0],[984.0,777.0],[981.0,774.0],[979.0,774.0],[978.0,775.0],[970.0,771.0],[963.0,776.0],[961.0,776.0],[955.0,773.0]]]]}},{"type":"Feature","id":"country-019","properties":{"id":"country-019","name":"Unassigned","type":"country","status":"mask-defined","source":"countries-mask","extractionConfidence":"authoritative-mask","rgb":[255,0,0],"color":"#ff0000","polygonCount":37,"holeCount":6,"styleIndex":0},"geometry":{"type":"MultiPolygon","coordinates":[[[[1003.0,982.0],[1001.0,980.0],[997.0,978.0],[997.0,975.0],[999.0,973.0],[999.0,972.0],[996.0,969.0],[992.0,974.0],[989.0,974.0],[988.0,973.0],[985.0,973.0],[984.0,974.0],[984.0,977.0],[985.0,978.0],[984.0,979.0],[984.0,982.0],[990.0,982.0],[991.0,983.0],[994.0,983.0],[995.0,984.0],[1000.0,984.0],[1003.0,982.0]]],[[[1173.0,801.0],[1171.0,803.0],[1171.0,805.0],[1173.0,807.0],[1177.0,808.0],[1179.0,806.0],[1178.0,804.0],[1173.0,801.0]]],[[[1161.0,793.0],[1159.0,792.0],[1155.0,792.0],[1154.0,793.0],[1155.0,795.0],[1153.0,797.0],[1151.0,797.0],[1150.0,798.0],[1142.0,798.0],[1141.0,799.0],[1137.0,794.0],[1135.0,794.0],[1134.0,793.0],[1132.0,795.0],[1138.0,801.0],[1136.0,803.0],[1134.0,803.0],[1130.0,806.0],[1127.0,807.0],[1124.0,812.0],[1124.0,818.0],[1126.0,822.0],[1126.0,825.0],[1125.0,826.0],[1125.0,831.0],[1127.0,833.0],[1129.0,833.0],[1134.0,828.0],[1136.0,830.0],[1136.0,833.0],[1134.0,835.0],[1134.0,837.0],[1136.0,839.0],[1139.0,838.0],[1140.0,836.0],[1147.0,829.0],[1150.0,831.0],[1155.0,831.0],[1157.0,829.0],[1156.0,823.0],[1155.0,822.0],[1155.0,819.0],[1157.0,817.0],[1159.0,817.0],[1162.0,814.0],[1162.0,811.0],[1160.0,809.0],[1162.0,807.0],[1162.0,806.0],[1160.0,803.0],[1160.0,801.0],[1158.0,799.0],[1159.0,797.0],[1161.0,798.0],[1163.0,796.0],[1163.0,795.0],[1161.0,793.0]],[[1154.0,796.0],[1155.0,795.0],[1156.0,796.0],[1155.0,797.0],[1154.0,796.0]]],[[[1157.0,784.0],[1154.0,787.0],[1155.0,789.0],[1156.0,789.0],[1158.0,787.0],[1158.0,785.0],[1157.0,784.0]]],[[[861.0,738.0],[860.0,737.0],[860.0,733.0],[859.0,732.0],[860.0,726.0],[858.0,726.0],[858.0,727.0],[854.0,730.0],[855.0,731.0],[854.0,732.0],[852.0,732.0],[851.0,730.0],[847.0,729.0],[846.0,727.0],[845.0,728.0],[842.0,728.0],[840.0,730.0],[838.0,729.0],[837.0,730.0],[836.0,729.0],[835.0,730.0],[837.0,732.0],[837.0,733.0],[842.0,736.0],[843.0,738.0],[844.0,737.0],[846.0,738.0],[849.0,735.0],[850.0,735.0],[852.0,732.0],[853.0,734.0],[856.0,735.0],[857.0,737.0],[861.0,738.0]]],[[[1029.0,677.0],[1027.0,679.0],[1028.0,681.0],[1031.0,684.0],[1035.0,685.0],[1036.0,683.0],[1029.0,677.0]]],[[[1065.0,663.0],[1064.0,662.0],[1057.0,663.0],[1056.0,664.0],[1056.0,666.0],[1057.0,667.0],[1061.0,667.0],[1063.0,666.0],[1065.0,664.0],[1065.0,663.0]]],[[[1047.0,650.0],[1047.0,652.0],[1054.0,658.0],[1058.0,658.0],[1060.0,655.0],[1057.0,652.0],[1052.0,649.0],[1048.0,649.0],[1047.0,650.0]]],[[[1075.0,647.0],[1073.0,647.0],[1070.0,650.0],[1072.0,652.0],[1074.0,652.0],[1076.0,650.0],[1076.0,648.0],[1075.0,647.0]]],[[[901.0,609.0],[900.0,608.0],[898.0,608.0],[897.0,609.0],[894.0,609.0],[892.0,611.0],[894.0,613.0],[897.0,613.0],[901.0,609.0]]],[[[250.0,611.0],[251.0,613.0],[253.0,612.0],[257.0,614.0],[259.0,611.0],[259.0,609.0],[258.0,608.0],[254.0,608.0],[250.0,611.0]]],[[[955.0,605.0],[952.0,605.0],[947.0,608.0],[945.0,608.0],[939.0,613.0],[939.0,614.0],[941.0,616.0],[939.0,618.0],[943.0,622.0],[943.0,624.0],[942.0,625.0],[943.0,626.0],[938.0,629.0],[940.0,631.0],[939.0,632.0],[940.0,633.0],[938.0,635.0],[939.0,636.0],[939.0,638.0],[934.0,643.0],[932.0,639.0],[932.0,632.0],[931.0,631.0],[932.0,629.0],[930.0,627.0],[932.0,623.0],[928.0,620.0],[924.0,624.0],[925.0,626.0],[922.0,629.0],[922.0,630.0],[920.0,632.0],[915.0,634.0],[913.0,636.0],[913.0,638.0],[909.0,642.0],[907.0,642.0],[906.0,641.0],[904.0,641.0],[903.0,642.0],[906.0,644.0],[904.0,646.0],[905.0,648.0],[904.0,649.0],[901.0,649.0],[898.0,652.0],[898.0,655.0],[896.0,659.0],[898.0,661.0],[903.0,661.0],[904.0,662.0],[903.0,663.0],[903.0,665.0],[907.0,668.0],[906.0,672.0],[907.0,673.0],[909.0,673.0],[912.0,676.0],[911.0,677.0],[912.0,679.0],[909.0,682.0],[906.0,682.0],[905.0,684.0],[909.0,689.0],[911.0,688.0],[915.0,688.0],[916.0,689.0],[915.0,691.0],[918.0,694.0],[923.0,694.0],[925.0,695.0],[927.0,693.0],[930.0,692.0],[933.0,695.0],[934.0,695.0],[940.0,688.0],[939.0,684.0],[940.0,683.0],[940.0,676.0],[942.0,672.0],[945.0,669.0],[949.0,669.0],[950.0,668.0],[957.0,668.0],[958.0,667.0],[960.0,667.0],[961.0,666.0],[960.0,661.0],[969.0,652.0],[969.0,646.0],[967.0,644.0],[965.0,644.0],[962.0,641.0],[962.0,640.0],[964.0,638.0],[966.0,638.0],[968.0,636.0],[966.0,634.0],[967.0,631.0],[969.0,629.0],[967.0,625.0],[967.0,622.0],[968.0,621.0],[967.0,620.0],[964.0,620.0],[961.0,623.0],[959.0,623.0],[958.0,622.0],[959.0,620.0],[956.0,618.0],[954.0,618.0],[952.0,616.0],[952.0,614.0],[956.0,612.0],[958.0,610.0],[958.0,608.0],[955.0,605.0]]],[[[891.0,596.0],[887.0,599.0],[890.0,601.0],[892.0,601.0],[894.0,599.0],[891.0,596.0]]],[[[211.0,592.0],[205.0,587.0],[202.0,591.0],[199.0,591.0],[197.0,590.0],[193.0,593.0],[189.0,594.0],[185.0,598.0],[186.0,599.0],[186.0,604.0],[187.0,605.0],[185.0,606.0],[187.0,607.0],[189.0,606.0],[193.0,601.0],[194.0,601.0],[197.0,598.0],[199.0,598.0],[200.0,599.0],[199.0,600.0],[200.0,603.0],[199.0,604.0],[197.0,604.0],[196.0,606.0],[200.0,609.0],[202.0,609.0],[208.0,604.0],[207.0,602.0],[204.0,602.0],[203.0,601.0],[203.0,600.0],[205.0,598.0],[204.0,597.0],[205.0,596.0],[209.0,597.0],[211.0,594.0],[211.0,592.0]]],[[[929.0,547.0],[927.0,545.0],[924.0,545.0],[921.0,542.0],[917.0,543.0],[916.0,544.0],[910.0,544.0],[909.0,546.0],[907.0,546.0],[904.0,542.0],[903.0,542.0],[900.0,539.0],[897.0,538.0],[893.0,533.0],[892.0,533.0],[887.0,529.0],[886.0,529.0],[879.0,536.0],[876.0,536.0],[875.0,537.0],[874.0,536.0],[871.0,536.0],[870.0,537.0],[866.0,537.0],[863.0,539.0],[862.0,539.0],[861.0,537.0],[861.0,538.0],[859.0,539.0],[857.0,537.0],[855.0,538.0],[853.0,536.0],[851.0,537.0],[839.0,537.0],[837.0,536.0],[833.0,538.0],[830.0,542.0],[831.0,543.0],[829.0,545.0],[828.0,544.0],[828.0,546.0],[829.0,547.0],[828.0,549.0],[826.0,551.0],[825.0,551.0],[820.0,558.0],[821.0,559.0],[820.0,561.0],[818.0,563.0],[817.0,563.0],[817.0,564.0],[811.0,570.0],[805.0,573.0],[802.0,576.0],[802.0,578.0],[803.0,579.0],[802.0,580.0],[802.0,582.0],[808.0,588.0],[809.0,590.0],[809.0,599.0],[813.0,605.0],[813.0,608.0],[812.0,610.0],[809.0,613.0],[808.0,613.0],[806.0,616.0],[808.0,618.0],[812.0,619.0],[814.0,621.0],[812.0,623.0],[810.0,623.0],[806.0,625.0],[802.0,625.0],[799.0,630.0],[799.0,635.0],[803.0,639.0],[803.0,642.0],[802.0,643.0],[803.0,645.0],[802.0,646.0],[804.0,648.0],[803.0,649.0],[804.0,650.0],[803.0,652.0],[804.0,653.0],[807.0,652.0],[810.0,655.0],[812.0,656.0],[815.0,656.0],[818.0,653.0],[820.0,655.0],[825.0,655.0],[828.0,653.0],[827.0,652.0],[828.0,651.0],[835.0,651.0],[836.0,650.0],[836.0,647.0],[834.0,643.0],[829.0,639.0],[830.0,638.0],[829.0,637.0],[827.0,637.0],[823.0,634.0],[821.0,634.0],[818.0,630.0],[820.0,628.0],[822.0,628.0],[823.0,627.0],[823.0,622.0],[829.0,618.0],[832.0,614.0],[836.0,614.0],[837.0,613.0],[838.0,614.0],[838.0,616.0],[837.0,617.0],[837.0,621.0],[840.0,626.0],[846.0,632.0],[845.0,634.0],[845.0,637.0],[847.0,640.0],[847.0,642.0],[852.0,646.0],[856.0,647.0],[863.0,640.0],[867.0,640.0],[871.0,638.0],[883.0,640.0],[885.0,638.0],[885.0,634.0],[886.0,633.0],[888.0,633.0],[890.0,631.0],[891.0,631.0],[899.0,623.0],[900.0,621.0],[904.0,622.0],[905.0,620.0],[900.0,616.0],[894.0,616.0],[890.0,614.0],[884.0,614.0],[880.0,617.0],[876.0,617.0],[875.0,618.0],[871.0,615.0],[872.0,614.0],[871.0,613.0],[872.0,612.0],[870.0,608.0],[866.0,606.0],[861.0,606.0],[860.0,605.0],[857.0,605.0],[852.0,602.0],[851.0,600.0],[852.0,599.0],[854.0,599.0],[855.0,597.0],[853.0,595.0],[845.0,591.0],[844.0,589.0],[846.0,587.0],[850.0,587.0],[855.0,591.0],[854.0,593.0],[856.0,595.0],[858.0,596.0],[861.0,596.0],[862.0,595.0],[870.0,595.0],[872.0,599.0],[874.0,599.0],[876.0,597.0],[874.0,595.0],[872.0,595.0],[871.0,594.0],[870.0,590.0],[872.0,588.0],[875.0,588.0],[878.0,591.0],[879.0,590.0],[881.0,591.0],[882.0,590.0],[884.0,590.0],[885.0,591.0],[893.0,593.0],[899.0,588.0],[900.0,586.0],[900.0,584.0],[899.0,583.0],[900.0,582.0],[906.0,583.0],[912.0,578.0],[913.0,575.0],[918.0,570.0],[918.0,566.0],[917.0,565.0],[926.0,555.0],[927.0,550.0],[929.0,548.0],[929.0,547.0]],[[870.0,595.0],[871.0,594.0],[872.0,595.0],[871.0,596.0],[870.0,595.0]]],[[[1011.0,525.0],[1010.0,525.0],[1008.0,527.0],[1008.0,530.0],[1007.0,532.0],[1003.0,536.0],[1001.0,534.0],[998.0,534.0],[995.0,538.0],[993.0,538.0],[992.0,539.0],[988.0,539.0],[984.0,537.0],[978.0,542.0],[976.0,542.0],[973.0,544.0],[974.0,545.0],[979.0,545.0],[981.0,547.0],[981.0,549.0],[977.0,553.0],[976.0,555.0],[977.0,556.0],[974.0,560.0],[975.0,561.0],[972.0,564.0],[972.0,568.0],[971.0,569.0],[973.0,571.0],[973.0,572.0],[971.0,574.0],[972.0,575.0],[970.0,577.0],[966.0,573.0],[964.0,575.0],[966.0,577.0],[965.0,579.0],[966.0,580.0],[966.0,584.0],[965.0,585.0],[970.0,591.0],[973.0,596.0],[975.0,596.0],[977.0,598.0],[974.0,602.0],[975.0,603.0],[974.0,606.0],[971.0,609.0],[969.0,609.0],[968.0,611.0],[969.0,612.0],[971.0,612.0],[977.0,617.0],[976.0,623.0],[981.0,627.0],[983.0,626.0],[988.0,634.0],[990.0,631.0],[989.0,630.0],[990.0,628.0],[988.0,626.0],[989.0,624.0],[987.0,622.0],[987.0,620.0],[989.0,617.0],[990.0,617.0],[993.0,614.0],[995.0,614.0],[997.0,616.0],[993.0,621.0],[995.0,623.0],[999.0,625.0],[1006.0,625.0],[1007.0,626.0],[1010.0,624.0],[1010.0,622.0],[1005.0,618.0],[1006.0,617.0],[1005.0,616.0],[1009.0,613.0],[1012.0,613.0],[1017.0,608.0],[1016.0,607.0],[1018.0,605.0],[1015.0,603.0],[1013.0,603.0],[1008.0,597.0],[1009.0,596.0],[1006.0,594.0],[1003.0,594.0],[1001.0,596.0],[997.0,597.0],[994.0,600.0],[993.0,600.0],[988.0,596.0],[989.0,595.0],[994.0,594.0],[998.0,589.0],[1000.0,589.0],[1002.0,587.0],[1003.0,587.0],[1004.0,586.0],[1002.0,584.0],[1004.0,582.0],[1003.0,581.0],[1003.0,578.0],[1007.0,575.0],[1011.0,575.0],[1013.0,573.0],[1009.0,570.0],[1006.0,570.0],[1005.0,569.0],[1005.0,566.0],[1004.0,565.0],[1005.0,561.0],[1007.0,559.0],[1009.0,560.0],[1011.0,557.0],[1013.0,557.0],[1015.0,555.0],[1015.0,554.0],[1017.0,552.0],[1017.0,549.0],[1016.0,548.0],[1019.0,546.0],[1019.0,545.0],[1017.0,543.0],[1018.0,542.0],[1018.0,539.0],[1017.0,538.0],[1018.0,537.0],[1018.0,530.0],[1016.0,529.0],[1014.0,531.0],[1012.0,529.0],[1013.0,527.0],[1011.0,525.0]]],[[[1427.0,417.0],[1426.0,418.0],[1426.0,420.0],[1428.0,421.0],[1431.0,425.0],[1432.0,425.0],[1436.0,429.0],[1437.0,429.0],[1439.0,427.0],[1437.0,425.0],[1437.0,423.0],[1434.0,420.0],[1427.0,417.0]]],[[[1346.0,396.0],[1342.0,400.0],[1342.0,402.0],[1343.0,403.0],[1345.0,403.0],[1350.0,408.0],[1351.0,412.0],[1354.0,414.0],[1355.0,417.0],[1356.0,418.0],[1358.0,418.0],[1359.0,417.0],[1357.0,415.0],[1358.0,412.0],[1356.0,410.0],[1356.0,401.0],[1354.0,400.0],[1351.0,396.0],[1349.0,397.0],[1347.0,397.0],[1346.0,396.0]]],[[[1839.0,394.0],[1843.0,396.0],[1844.0,398.0],[1837.0,407.0],[1838.0,411.0],[1840.0,411.0],[1844.0,415.0],[1845.0,414.0],[1847.0,415.0],[1853.0,415.0],[1855.0,417.0],[1859.0,417.0],[1860.0,416.0],[1862.0,416.0],[1867.0,421.0],[1867.0,422.0],[1871.0,427.0],[1872.0,426.0],[1874.0,428.0],[1875.0,427.0],[1877.0,428.0],[1879.0,426.0],[1878.0,425.0],[1879.0,424.0],[1877.0,422.0],[1878.0,421.0],[1877.0,419.0],[1880.0,417.0],[1881.0,415.0],[1880.0,414.0],[1881.0,412.0],[1885.0,410.0],[1885.0,404.0],[1886.0,402.0],[1885.0,400.0],[1882.0,398.0],[1880.0,398.0],[1875.0,402.0],[1874.0,402.0],[1872.0,400.0],[1872.0,399.0],[1874.0,397.0],[1868.0,390.0],[1869.0,386.0],[1867.0,385.0],[1865.0,382.0],[1863.0,382.0],[1862.0,383.0],[1861.0,387.0],[1859.0,389.0],[1858.0,389.0],[1856.0,392.0],[1855.0,392.0],[1853.0,390.0],[1855.0,388.0],[1852.0,385.0],[1850.0,385.0],[1845.0,390.0],[1844.0,390.0],[1839.0,394.0]]],[[[1826.0,360.0],[1822.0,362.0],[1823.0,364.0],[1822.0,365.0],[1822.0,368.0],[1821.0,369.0],[1824.0,372.0],[1826.0,372.0],[1827.0,371.0],[1826.0,369.0],[1828.0,367.0],[1827.0,366.0],[1828.0,362.0],[1826.0,360.0]]],[[[1849.0,355.0],[1848.0,356.0],[1848.0,362.0],[1849.0,363.0],[1848.0,365.0],[1851.0,367.0],[1850.0,369.0],[1852.0,371.0],[1851.0,373.0],[1852.0,374.0],[1852.0,377.0],[1853.0,378.0],[1856.0,378.0],[1858.0,376.0],[1862.0,374.0],[1862.0,373.0],[1859.0,370.0],[1860.0,369.0],[1858.0,367.0],[1858.0,366.0],[1862.0,362.0],[1861.0,361.0],[1855.0,362.0],[1849.0,355.0]]],[[[1831.0,355.0],[1830.0,357.0],[1834.0,360.0],[1835.0,359.0],[1835.0,356.0],[1834.0,355.0],[1833.0,356.0],[1831.0,355.0]]],[[[1389.0,355.0],[1387.0,354.0],[1383.0,354.0],[1382.0,353.0],[1379.0,357.0],[1380.0,359.0],[1375.0,363.0],[1376.0,366.0],[1374.0,368.0],[1374.0,369.0],[1372.0,371.0],[1369.0,371.0],[1366.0,375.0],[1369.0,378.0],[1373.0,377.0],[1376.0,374.0],[1377.0,371.0],[1383.0,363.0],[1385.0,363.0],[1388.0,361.0],[1389.0,362.0],[1390.0,361.0],[1391.0,357.0],[1389.0,355.0]]],[[[1315.0,363.0],[1316.0,364.0],[1320.0,364.0],[1322.0,366.0],[1323.0,366.0],[1324.0,365.0],[1327.0,365.0],[1330.0,362.0],[1331.0,362.0],[1333.0,364.0],[1335.0,368.0],[1337.0,368.0],[1341.0,371.0],[1345.0,371.0],[1347.0,369.0],[1346.0,367.0],[1342.0,367.0],[1334.0,359.0],[1333.0,357.0],[1335.0,355.0],[1334.0,354.0],[1333.0,350.0],[1331.0,348.0],[1330.0,349.0],[1330.0,351.0],[1331.0,352.0],[1329.0,355.0],[1322.0,355.0],[1320.0,356.0],[1315.0,363.0]]],[[[1345.0,349.0],[1345.0,352.0],[1343.0,355.0],[1343.0,357.0],[1348.0,362.0],[1354.0,363.0],[1358.0,360.0],[1360.0,360.0],[1361.0,359.0],[1365.0,364.0],[1370.0,364.0],[1371.0,363.0],[1368.0,360.0],[1368.0,359.0],[1369.0,358.0],[1372.0,358.0],[1373.0,357.0],[1367.0,354.0],[1365.0,352.0],[1364.0,353.0],[1357.0,353.0],[1355.0,355.0],[1353.0,355.0],[1351.0,353.0],[1351.0,351.0],[1349.0,347.0],[1347.0,347.0],[1345.0,349.0]]],[[[1820.0,327.0],[1819.0,328.0],[1819.0,331.0],[1818.0,332.0],[1823.0,337.0],[1822.0,338.0],[1822.0,341.0],[1826.0,343.0],[1831.0,338.0],[1829.0,334.0],[1825.0,332.0],[1825.0,329.0],[1822.0,327.0],[1820.0,327.0]]],[[[1456.0,313.0],[1454.0,313.0],[1452.0,315.0],[1447.0,317.0],[1445.0,319.0],[1442.0,319.0],[1441.0,320.0],[1434.0,316.0],[1433.0,317.0],[1434.0,318.0],[1434.0,322.0],[1433.0,324.0],[1430.0,326.0],[1428.0,326.0],[1425.0,329.0],[1425.0,331.0],[1424.0,332.0],[1425.0,333.0],[1425.0,335.0],[1424.0,336.0],[1423.0,340.0],[1420.0,343.0],[1420.0,348.0],[1416.0,351.0],[1414.0,350.0],[1414.0,348.0],[1413.0,347.0],[1413.0,339.0],[1411.0,338.0],[1409.0,342.0],[1406.0,345.0],[1403.0,352.0],[1400.0,355.0],[1400.0,357.0],[1398.0,360.0],[1398.0,363.0],[1396.0,366.0],[1395.0,370.0],[1394.0,371.0],[1392.0,371.0],[1391.0,370.0],[1390.0,371.0],[1389.0,370.0],[1385.0,369.0],[1384.0,370.0],[1384.0,377.0],[1379.0,382.0],[1374.0,382.0],[1372.0,384.0],[1371.0,387.0],[1372.0,388.0],[1372.0,394.0],[1373.0,395.0],[1373.0,401.0],[1372.0,402.0],[1373.0,404.0],[1369.0,408.0],[1369.0,414.0],[1364.0,418.0],[1366.0,423.0],[1369.0,426.0],[1369.0,429.0],[1365.0,432.0],[1360.0,427.0],[1358.0,429.0],[1356.0,427.0],[1351.0,427.0],[1349.0,425.0],[1348.0,426.0],[1342.0,426.0],[1340.0,427.0],[1338.0,425.0],[1338.0,423.0],[1342.0,419.0],[1341.0,418.0],[1337.0,419.0],[1327.0,427.0],[1324.0,427.0],[1323.0,426.0],[1323.0,423.0],[1321.0,421.0],[1320.0,421.0],[1316.0,425.0],[1308.0,425.0],[1304.0,429.0],[1299.0,429.0],[1298.0,430.0],[1296.0,430.0],[1291.0,427.0],[1288.0,429.0],[1291.0,435.0],[1287.0,438.0],[1285.0,438.0],[1284.0,437.0],[1281.0,439.0],[1279.0,439.0],[1277.0,441.0],[1277.0,448.0],[1273.0,452.0],[1271.0,452.0],[1267.0,450.0],[1265.0,448.0],[1262.0,448.0],[1261.0,449.0],[1258.0,446.0],[1258.0,443.0],[1261.0,439.0],[1259.0,436.0],[1256.0,439.0],[1254.0,439.0],[1251.0,443.0],[1248.0,443.0],[1247.0,444.0],[1240.0,438.0],[1237.0,438.0],[1235.0,439.0],[1233.0,437.0],[1233.0,433.0],[1232.0,432.0],[1230.0,433.0],[1230.0,435.0],[1229.0,436.0],[1222.0,435.0],[1220.0,439.0],[1218.0,440.0],[1215.0,440.0],[1213.0,438.0],[1213.0,436.0],[1212.0,435.0],[1210.0,436.0],[1209.0,435.0],[1204.0,435.0],[1201.0,437.0],[1189.0,435.0],[1187.0,433.0],[1183.0,431.0],[1183.0,427.0],[1184.0,426.0],[1183.0,425.0],[1180.0,425.0],[1179.0,426.0],[1174.0,427.0],[1172.0,424.0],[1168.0,422.0],[1162.0,417.0],[1153.0,417.0],[1152.0,416.0],[1150.0,418.0],[1144.0,418.0],[1142.0,416.0],[1136.0,415.0],[1135.0,414.0],[1132.0,414.0],[1130.0,416.0],[1129.0,419.0],[1127.0,421.0],[1125.0,425.0],[1113.0,436.0],[1112.0,442.0],[1109.0,448.0],[1104.0,452.0],[1100.0,453.0],[1096.0,456.0],[1093.0,457.0],[1092.0,463.0],[1090.0,465.0],[1089.0,465.0],[1083.0,472.0],[1079.0,473.0],[1078.0,474.0],[1075.0,472.0],[1072.0,475.0],[1070.0,475.0],[1067.0,473.0],[1062.0,473.0],[1061.0,472.0],[1059.0,475.0],[1059.0,478.0],[1060.0,479.0],[1060.0,482.0],[1059.0,483.0],[1059.0,491.0],[1052.0,498.0],[1052.0,499.0],[1053.0,500.0],[1055.0,500.0],[1057.0,498.0],[1059.0,498.0],[1060.0,499.0],[1060.0,505.0],[1062.0,507.0],[1063.0,506.0],[1065.0,507.0],[1067.0,506.0],[1068.0,507.0],[1071.0,507.0],[1072.0,506.0],[1077.0,506.0],[1081.0,509.0],[1081.0,512.0],[1076.0,519.0],[1073.0,519.0],[1071.0,518.0],[1069.0,515.0],[1067.0,516.0],[1068.0,521.0],[1070.0,523.0],[1077.0,523.0],[1078.0,524.0],[1075.0,530.0],[1075.0,534.0],[1076.0,535.0],[1076.0,542.0],[1075.0,543.0],[1073.0,543.0],[1071.0,545.0],[1071.0,546.0],[1068.0,548.0],[1068.0,554.0],[1069.0,555.0],[1069.0,559.0],[1070.0,560.0],[1070.0,564.0],[1069.0,565.0],[1071.0,567.0],[1071.0,570.0],[1073.0,574.0],[1073.0,577.0],[1076.0,580.0],[1077.0,583.0],[1082.0,588.0],[1082.0,593.0],[1081.0,594.0],[1083.0,597.0],[1085.0,597.0],[1088.0,594.0],[1089.0,595.0],[1089.0,597.0],[1091.0,598.0],[1092.0,600.0],[1088.0,604.0],[1087.0,603.0],[1086.0,604.0],[1085.0,603.0],[1082.0,606.0],[1077.0,606.0],[1076.0,607.0],[1069.0,602.0],[1069.0,600.0],[1071.0,596.0],[1071.0,590.0],[1070.0,589.0],[1068.0,589.0],[1066.0,592.0],[1064.0,592.0],[1063.0,591.0],[1059.0,594.0],[1057.0,594.0],[1049.0,600.0],[1049.0,604.0],[1047.0,607.0],[1048.0,609.0],[1048.0,612.0],[1046.0,614.0],[1048.0,618.0],[1048.0,623.0],[1049.0,624.0],[1049.0,626.0],[1048.0,627.0],[1048.0,631.0],[1044.0,635.0],[1045.0,636.0],[1049.0,636.0],[1050.0,635.0],[1052.0,635.0],[1053.0,636.0],[1059.0,636.0],[1061.0,639.0],[1061.0,641.0],[1057.0,645.0],[1058.0,646.0],[1060.0,646.0],[1061.0,645.0],[1065.0,645.0],[1067.0,647.0],[1068.0,646.0],[1071.0,646.0],[1072.0,645.0],[1072.0,643.0],[1074.0,641.0],[1077.0,641.0],[1079.0,643.0],[1079.0,648.0],[1078.0,649.0],[1078.0,656.0],[1079.0,658.0],[1076.0,662.0],[1074.0,660.0],[1072.0,660.0],[1070.0,663.0],[1069.0,662.0],[1065.0,667.0],[1064.0,671.0],[1059.0,675.0],[1060.0,679.0],[1065.0,683.0],[1063.0,686.0],[1060.0,685.0],[1055.0,681.0],[1054.0,677.0],[1055.0,676.0],[1055.0,672.0],[1056.0,671.0],[1054.0,668.0],[1054.0,666.0],[1052.0,664.0],[1049.0,668.0],[1049.0,673.0],[1045.0,677.0],[1043.0,681.0],[1043.0,683.0],[1041.0,685.0],[1040.0,688.0],[1036.0,691.0],[1033.0,688.0],[1029.0,688.0],[1028.0,689.0],[1028.0,691.0],[1030.0,694.0],[1030.0,697.0],[1028.0,699.0],[1028.0,700.0],[1030.0,703.0],[1030.0,705.0],[1034.0,708.0],[1035.0,712.0],[1036.0,713.0],[1038.0,711.0],[1038.0,710.0],[1039.0,709.0],[1041.0,709.0],[1045.0,704.0],[1048.0,704.0],[1052.0,707.0],[1052.0,710.0],[1050.0,712.0],[1047.0,712.0],[1044.0,715.0],[1044.0,716.0],[1036.0,723.0],[1038.0,725.0],[1037.0,726.0],[1038.0,727.0],[1038.0,730.0],[1041.0,733.0],[1041.0,735.0],[1035.0,738.0],[1036.0,739.0],[1040.0,739.0],[1041.0,740.0],[1047.0,740.0],[1050.0,743.0],[1053.0,743.0],[1058.0,747.0],[1062.0,745.0],[1066.0,745.0],[1068.0,747.0],[1067.0,749.0],[1063.0,751.0],[1061.0,751.0],[1060.0,752.0],[1058.0,751.0],[1056.0,752.0],[1051.0,758.0],[1052.0,759.0],[1052.0,762.0],[1054.0,764.0],[1057.0,764.0],[1059.0,766.0],[1056.0,770.0],[1056.0,772.0],[1054.0,774.0],[1055.0,775.0],[1057.0,775.0],[1061.0,771.0],[1064.0,771.0],[1067.0,769.0],[1067.0,767.0],[1071.0,763.0],[1073.0,764.0],[1073.0,766.0],[1078.0,772.0],[1081.0,772.0],[1084.0,770.0],[1094.0,769.0],[1099.0,764.0],[1103.0,763.0],[1104.0,764.0],[1103.0,767.0],[1098.0,771.0],[1098.0,775.0],[1094.0,778.0],[1094.0,781.0],[1095.0,782.0],[1097.0,782.0],[1099.0,785.0],[1101.0,785.0],[1102.0,786.0],[1102.0,787.0],[1096.0,792.0],[1097.0,793.0],[1100.0,793.0],[1102.0,794.0],[1106.0,791.0],[1108.0,791.0],[1111.0,789.0],[1114.0,789.0],[1117.0,786.0],[1117.0,782.0],[1118.0,780.0],[1121.0,778.0],[1123.0,778.0],[1124.0,780.0],[1122.0,782.0],[1122.0,789.0],[1124.0,792.0],[1126.0,792.0],[1127.0,791.0],[1133.0,791.0],[1135.0,789.0],[1137.0,789.0],[1144.0,785.0],[1145.0,786.0],[1141.0,790.0],[1143.0,792.0],[1145.0,792.0],[1148.0,795.0],[1151.0,795.0],[1152.0,794.0],[1152.0,791.0],[1149.0,789.0],[1148.0,790.0],[1144.0,785.0],[1145.0,784.0],[1152.0,784.0],[1157.0,776.0],[1152.0,771.0],[1150.0,771.0],[1148.0,769.0],[1147.0,769.0],[1145.0,766.0],[1145.0,762.0],[1147.0,760.0],[1147.0,758.0],[1146.0,757.0],[1148.0,753.0],[1148.0,750.0],[1150.0,748.0],[1148.0,746.0],[1148.0,741.0],[1150.0,738.0],[1153.0,737.0],[1156.0,734.0],[1160.0,735.0],[1162.0,733.0],[1164.0,733.0],[1166.0,731.0],[1167.0,731.0],[1179.0,718.0],[1185.0,708.0],[1185.0,703.0],[1182.0,700.0],[1182.0,699.0],[1180.0,698.0],[1180.0,696.0],[1186.0,690.0],[1191.0,687.0],[1193.0,687.0],[1194.0,688.0],[1198.0,687.0],[1203.0,691.0],[1208.0,687.0],[1210.0,687.0],[1213.0,685.0],[1218.0,684.0],[1230.0,677.0],[1232.0,678.0],[1234.0,676.0],[1237.0,675.0],[1239.0,673.0],[1239.0,670.0],[1240.0,669.0],[1239.0,668.0],[1243.0,665.0],[1244.0,665.0],[1246.0,667.0],[1247.0,673.0],[1249.0,674.0],[1251.0,677.0],[1251.0,680.0],[1252.0,681.0],[1252.0,684.0],[1253.0,686.0],[1255.0,687.0],[1261.0,694.0],[1265.0,689.0],[1267.0,689.0],[1268.0,690.0],[1270.0,688.0],[1271.0,685.0],[1269.0,683.0],[1269.0,679.0],[1270.0,678.0],[1269.0,676.0],[1271.0,673.0],[1276.0,670.0],[1278.0,666.0],[1278.0,663.0],[1275.0,659.0],[1275.0,653.0],[1278.0,649.0],[1281.0,648.0],[1283.0,646.0],[1283.0,642.0],[1280.0,639.0],[1275.0,636.0],[1276.0,634.0],[1275.0,633.0],[1277.0,631.0],[1281.0,630.0],[1281.0,629.0],[1283.0,627.0],[1282.0,626.0],[1288.0,621.0],[1290.0,614.0],[1294.0,607.0],[1295.0,602.0],[1297.0,600.0],[1297.0,598.0],[1299.0,596.0],[1298.0,595.0],[1300.0,591.0],[1303.0,588.0],[1305.0,589.0],[1307.0,587.0],[1309.0,587.0],[1323.0,572.0],[1324.0,572.0],[1334.0,563.0],[1345.0,563.0],[1346.0,564.0],[1349.0,561.0],[1355.0,559.0],[1364.0,552.0],[1366.0,553.0],[1368.0,551.0],[1369.0,552.0],[1371.0,550.0],[1372.0,551.0],[1374.0,549.0],[1376.0,550.0],[1379.0,547.0],[1383.0,545.0],[1391.0,537.0],[1392.0,535.0],[1392.0,523.0],[1394.0,519.0],[1404.0,513.0],[1408.0,509.0],[1413.0,506.0],[1413.0,505.0],[1416.0,502.0],[1417.0,498.0],[1419.0,496.0],[1419.0,494.0],[1417.0,493.0],[1419.0,492.0],[1419.0,490.0],[1423.0,487.0],[1426.0,487.0],[1427.0,488.0],[1430.0,487.0],[1432.0,489.0],[1435.0,489.0],[1439.0,486.0],[1439.0,484.0],[1441.0,481.0],[1441.0,478.0],[1438.0,472.0],[1438.0,465.0],[1441.0,462.0],[1438.0,458.0],[1438.0,456.0],[1437.0,455.0],[1442.0,449.0],[1442.0,448.0],[1447.0,443.0],[1441.0,437.0],[1439.0,437.0],[1437.0,439.0],[1437.0,441.0],[1435.0,443.0],[1432.0,443.0],[1430.0,441.0],[1429.0,442.0],[1428.0,441.0],[1428.0,434.0],[1427.0,433.0],[1427.0,430.0],[1423.0,427.0],[1423.0,423.0],[1422.0,422.0],[1420.0,422.0],[1418.0,420.0],[1422.0,415.0],[1422.0,413.0],[1423.0,412.0],[1425.0,412.0],[1435.0,403.0],[1437.0,396.0],[1435.0,394.0],[1433.0,394.0],[1431.0,392.0],[1432.0,390.0],[1434.0,389.0],[1440.0,390.0],[1444.0,386.0],[1445.0,386.0],[1447.0,383.0],[1449.0,383.0],[1450.0,384.0],[1454.0,384.0],[1455.0,385.0],[1466.0,384.0],[1468.0,382.0],[1468.0,379.0],[1471.0,376.0],[1471.0,375.0],[1470.0,374.0],[1468.0,374.0],[1467.0,375.0],[1462.0,376.0],[1460.0,374.0],[1462.0,370.0],[1459.0,366.0],[1456.0,366.0],[1455.0,365.0],[1455.0,361.0],[1456.0,360.0],[1454.0,356.0],[1453.0,357.0],[1450.0,357.0],[1448.0,356.0],[1446.0,358.0],[1444.0,358.0],[1440.0,360.0],[1437.0,360.0],[1430.0,364.0],[1424.0,365.0],[1423.0,366.0],[1421.0,366.0],[1419.0,364.0],[1419.0,363.0],[1422.0,360.0],[1426.0,359.0],[1427.0,358.0],[1430.0,358.0],[1437.0,353.0],[1442.0,353.0],[1443.0,352.0],[1451.0,350.0],[1452.0,349.0],[1452.0,346.0],[1453.0,345.0],[1458.0,344.0],[1461.0,341.0],[1457.0,339.0],[1456.0,340.0],[1453.0,340.0],[1452.0,341.0],[1450.0,339.0],[1450.0,333.0],[1451.0,332.0],[1451.0,330.0],[1455.0,325.0],[1455.0,318.0],[1458.0,315.0],[1456.0,313.0]],[[1146.0,790.0],[1147.0,789.0],[1148.0,790.0],[1147.0,791.0],[1146.0,790.0]],[[1070.0,664.0],[1071.0,663.0],[1072.0,664.0],[1071.0,665.0],[1070.0,664.0]],[[1077.0,661.0],[1080.0,665.0],[1080.0,667.0],[1077.0,669.0],[1076.0,668.0],[1073.0,668.0],[1071.0,666.0],[1071.0,665.0],[1072.0,664.0],[1074.0,666.0],[1075.0,666.0],[1076.0,665.0],[1076.0,662.0],[1077.0,661.0]]],[[[1770.0,239.0],[1771.0,241.0],[1777.0,244.0],[1780.0,244.0],[1781.0,243.0],[1779.0,241.0],[1779.0,237.0],[1778.0,236.0],[1771.0,238.0],[1770.0,239.0]]],[[[1673.0,232.0],[1673.0,233.0],[1678.0,237.0],[1682.0,235.0],[1684.0,233.0],[1683.0,231.0],[1681.0,231.0],[1680.0,232.0],[1674.0,231.0],[1673.0,232.0]]],[[[1760.0,220.0],[1759.0,219.0],[1757.0,219.0],[1755.0,217.0],[1750.0,221.0],[1750.0,224.0],[1752.0,227.0],[1758.0,222.0],[1759.0,222.0],[1760.0,220.0]]],[[[1728.0,217.0],[1727.0,218.0],[1727.0,221.0],[1731.0,223.0],[1733.0,221.0],[1731.0,218.0],[1728.0,217.0]]],[[[1852.0,291.0],[1852.0,287.0],[1848.0,286.0],[1846.0,284.0],[1846.0,281.0],[1844.0,280.0],[1845.0,279.0],[1845.0,269.0],[1841.0,269.0],[1836.0,275.0],[1835.0,274.0],[1828.0,273.0],[1826.0,271.0],[1826.0,270.0],[1828.0,269.0],[1828.0,265.0],[1826.0,264.0],[1828.0,263.0],[1828.0,255.0],[1829.0,254.0],[1833.0,255.0],[1834.0,251.0],[1835.0,250.0],[1835.0,247.0],[1833.0,246.0],[1833.0,236.0],[1832.0,235.0],[1832.0,231.0],[1831.0,230.0],[1831.0,228.0],[1828.0,228.0],[1828.0,230.0],[1824.0,234.0],[1822.0,234.0],[1821.0,235.0],[1819.0,234.0],[1816.0,234.0],[1815.0,233.0],[1816.0,232.0],[1816.0,230.0],[1817.0,229.0],[1820.0,229.0],[1821.0,228.0],[1821.0,225.0],[1816.0,224.0],[1814.0,222.0],[1813.0,219.0],[1811.0,218.0],[1807.0,218.0],[1806.0,216.0],[1804.0,216.0],[1803.0,215.0],[1803.0,211.0],[1802.0,210.0],[1797.0,210.0],[1795.0,212.0],[1793.0,212.0],[1792.0,211.0],[1787.0,211.0],[1786.0,212.0],[1785.0,210.0],[1780.0,210.0],[1780.0,211.0],[1777.0,214.0],[1775.0,214.0],[1774.0,216.0],[1774.0,220.0],[1772.0,221.0],[1772.0,223.0],[1773.0,224.0],[1772.0,226.0],[1769.0,229.0],[1768.0,229.0],[1768.0,233.0],[1770.0,233.0],[1771.0,232.0],[1775.0,232.0],[1779.0,227.0],[1780.0,227.0],[1781.0,229.0],[1783.0,229.0],[1783.0,228.0],[1785.0,227.0],[1791.0,230.0],[1791.0,231.0],[1786.0,236.0],[1786.0,238.0],[1788.0,240.0],[1788.0,246.0],[1789.0,247.0],[1789.0,250.0],[1791.0,253.0],[1795.0,253.0],[1796.0,254.0],[1795.0,256.0],[1795.0,262.0],[1794.0,264.0],[1790.0,266.0],[1788.0,268.0],[1786.0,268.0],[1786.0,270.0],[1787.0,270.0],[1792.0,276.0],[1791.0,278.0],[1786.0,278.0],[1785.0,277.0],[1784.0,273.0],[1783.0,272.0],[1783.0,268.0],[1782.0,268.0],[1779.0,264.0],[1781.0,253.0],[1777.0,253.0],[1774.0,251.0],[1772.0,251.0],[1768.0,253.0],[1765.0,253.0],[1762.0,251.0],[1764.0,249.0],[1764.0,248.0],[1766.0,247.0],[1766.0,245.0],[1763.0,244.0],[1761.0,242.0],[1761.0,240.0],[1758.0,237.0],[1756.0,236.0],[1749.0,236.0],[1747.0,235.0],[1746.0,233.0],[1744.0,233.0],[1740.0,237.0],[1739.0,235.0],[1737.0,234.0],[1729.0,235.0],[1728.0,234.0],[1728.0,231.0],[1726.0,231.0],[1725.0,230.0],[1725.0,227.0],[1721.0,226.0],[1720.0,225.0],[1715.0,225.0],[1712.0,227.0],[1702.0,227.0],[1698.0,231.0],[1697.0,231.0],[1697.0,237.0],[1699.0,238.0],[1700.0,241.0],[1703.0,241.0],[1706.0,243.0],[1704.0,244.0],[1703.0,246.0],[1702.0,244.0],[1700.0,243.0],[1694.0,243.0],[1693.0,244.0],[1692.0,243.0],[1687.0,243.0],[1683.0,245.0],[1683.0,248.0],[1682.0,249.0],[1679.0,249.0],[1679.0,252.0],[1673.0,258.0],[1669.0,260.0],[1669.0,264.0],[1671.0,265.0],[1671.0,269.0],[1673.0,270.0],[1674.0,273.0],[1676.0,273.0],[1681.0,276.0],[1684.0,279.0],[1684.0,280.0],[1686.0,280.0],[1689.0,277.0],[1693.0,277.0],[1694.0,275.0],[1699.0,271.0],[1701.0,271.0],[1702.0,272.0],[1703.0,271.0],[1707.0,274.0],[1709.0,274.0],[1711.0,276.0],[1713.0,274.0],[1715.0,275.0],[1716.0,274.0],[1722.0,273.0],[1728.0,276.0],[1728.0,279.0],[1725.0,282.0],[1725.0,284.0],[1727.0,287.0],[1730.0,287.0],[1733.0,284.0],[1732.0,282.0],[1735.0,280.0],[1738.0,280.0],[1739.0,281.0],[1743.0,281.0],[1744.0,280.0],[1748.0,283.0],[1750.0,282.0],[1754.0,284.0],[1757.0,287.0],[1757.0,288.0],[1759.0,288.0],[1761.0,290.0],[1762.0,290.0],[1763.0,291.0],[1761.0,293.0],[1762.0,294.0],[1761.0,296.0],[1762.0,296.0],[1764.0,298.0],[1765.0,297.0],[1768.0,297.0],[1770.0,299.0],[1773.0,299.0],[1774.0,298.0],[1777.0,298.0],[1779.0,296.0],[1783.0,296.0],[1784.0,294.0],[1788.0,296.0],[1794.0,296.0],[1796.0,298.0],[1795.0,300.0],[1802.0,303.0],[1804.0,305.0],[1805.0,304.0],[1808.0,305.0],[1811.0,308.0],[1815.0,315.0],[1816.0,314.0],[1817.0,316.0],[1821.0,316.0],[1825.0,314.0],[1829.0,314.0],[1831.0,310.0],[1833.0,308.0],[1834.0,309.0],[1836.0,309.0],[1836.0,304.0],[1834.0,302.0],[1834.0,299.0],[1833.0,298.0],[1838.0,293.0],[1840.0,295.0],[1842.0,295.0],[1842.0,294.0],[1845.0,291.0],[1852.0,291.0]],[[1737.0,239.0],[1739.0,238.0],[1741.0,240.0],[1739.0,241.0],[1737.0,239.0]]],[[[1772.0,204.0],[1774.0,206.0],[1779.0,204.0],[1782.0,204.0],[1786.0,201.0],[1794.0,201.0],[1795.0,200.0],[1794.0,199.0],[1790.0,199.0],[1789.0,198.0],[1785.0,198.0],[1784.0,197.0],[1782.0,197.0],[1780.0,199.0],[1776.0,199.0],[1772.0,203.0],[1772.0,204.0]]],[[[1730.0,192.0],[1729.0,194.0],[1731.0,196.0],[1731.0,199.0],[1729.0,201.0],[1727.0,201.0],[1726.0,202.0],[1727.0,203.0],[1727.0,205.0],[1728.0,206.0],[1729.0,205.0],[1731.0,206.0],[1735.0,206.0],[1737.0,204.0],[1737.0,203.0],[1735.0,201.0],[1735.0,198.0],[1736.0,196.0],[1733.0,192.0],[1730.0,192.0]]],[[[1700.0,180.0],[1695.0,183.0],[1696.0,184.0],[1693.0,186.0],[1693.0,189.0],[1694.0,190.0],[1693.0,192.0],[1689.0,190.0],[1686.0,193.0],[1684.0,193.0],[1683.0,192.0],[1681.0,194.0],[1677.0,194.0],[1676.0,195.0],[1679.0,197.0],[1681.0,197.0],[1683.0,199.0],[1690.0,199.0],[1691.0,200.0],[1691.0,202.0],[1687.0,205.0],[1690.0,207.0],[1695.0,207.0],[1696.0,206.0],[1695.0,205.0],[1696.0,203.0],[1699.0,203.0],[1704.0,200.0],[1700.0,195.0],[1700.0,193.0],[1701.0,192.0],[1701.0,190.0],[1700.0,189.0],[1701.0,188.0],[1700.0,187.0],[1700.0,184.0],[1702.0,182.0],[1700.0,180.0]]],[[[1715.0,179.0],[1712.0,181.0],[1712.0,184.0],[1710.0,186.0],[1711.0,187.0],[1709.0,189.0],[1710.0,191.0],[1714.0,191.0],[1719.0,187.0],[1718.0,185.0],[1720.0,183.0],[1715.0,179.0]]],[[[1195.0,48.0],[1195.0,50.0],[1194.0,51.0],[1195.0,55.0],[1196.0,56.0],[1194.0,60.0],[1195.0,61.0],[1187.0,65.0],[1189.0,68.0],[1188.0,70.0],[1188.0,73.0],[1190.0,75.0],[1190.0,77.0],[1197.0,83.0],[1194.0,87.0],[1194.0,89.0],[1195.0,90.0],[1198.0,86.0],[1204.0,87.0],[1206.0,90.0],[1208.0,88.0],[1211.0,88.0],[1215.0,90.0],[1216.0,89.0],[1217.0,90.0],[1217.0,92.0],[1215.0,95.0],[1217.0,96.0],[1221.0,101.0],[1223.0,101.0],[1224.0,100.0],[1222.0,98.0],[1222.0,96.0],[1224.0,94.0],[1225.0,94.0],[1228.0,90.0],[1231.0,89.0],[1233.0,91.0],[1235.0,91.0],[1237.0,89.0],[1238.0,89.0],[1242.0,93.0],[1243.0,93.0],[1245.0,96.0],[1248.0,96.0],[1254.0,92.0],[1255.0,93.0],[1258.0,93.0],[1260.0,95.0],[1265.0,92.0],[1265.0,90.0],[1267.0,88.0],[1267.0,69.0],[1268.0,68.0],[1266.0,65.0],[1263.0,65.0],[1262.0,64.0],[1260.0,66.0],[1258.0,66.0],[1253.0,60.0],[1250.0,60.0],[1247.0,57.0],[1245.0,58.0],[1244.0,57.0],[1241.0,57.0],[1235.0,54.0],[1231.0,50.0],[1232.0,48.0],[1231.0,47.0],[1234.0,44.0],[1235.0,42.0],[1234.0,40.0],[1236.0,38.0],[1234.0,36.0],[1230.0,36.0],[1226.0,34.0],[1223.0,31.0],[1221.0,31.0],[1218.0,28.0],[1216.0,28.0],[1215.0,29.0],[1216.0,30.0],[1215.0,31.0],[1212.0,31.0],[1211.0,32.0],[1212.0,36.0],[1209.0,40.0],[1202.0,44.0],[1199.0,44.0],[1195.0,48.0]]]]}},{"type":"Feature","id":"country-020","properties":{"id":"country-020","name":"Unassigned","type":"country","status":"mask-defined","source":"countries-mask","extractionConfidence":"authoritative-mask","rgb":[255,0,110],"color":"#ff006e","polygonCount":1,"holeCount":0,"styleIndex":1},"geometry":{"type":"Polygon","coordinates":[[[684.0,675.0],[680.0,676.0],[677.0,674.0],[675.0,674.0],[672.0,670.0],[672.0,668.0],[667.0,672.0],[660.0,672.0],[656.0,674.0],[654.0,677.0],[656.0,681.0],[660.0,681.0],[661.0,682.0],[666.0,683.0],[668.0,685.0],[670.0,685.0],[671.0,686.0],[676.0,686.0],[684.0,680.0],[684.0,678.0],[683.0,677.0],[684.0,675.0]]]}},{"type":"Feature","id":"country-021","properties":{"id":"country-021","name":"Unassigned","type":"country","status":"mask-defined","source":"countries-mask","extractionConfidence":"authoritative-mask","rgb":[255,0,220],"color":"#ff00dc","polygonCount":3,"holeCount":0,"styleIndex":2},"geometry":{"type":"MultiPolygon","coordinates":[[[[647.0,703.0],[649.0,707.0],[652.0,707.0],[653.0,706.0],[660.0,706.0],[665.0,710.0],[668.0,710.0],[669.0,711.0],[672.0,711.0],[673.0,710.0],[673.0,707.0],[672.0,706.0],[670.0,706.0],[666.0,703.0],[663.0,703.0],[662.0,702.0],[662.0,700.0],[658.0,697.0],[655.0,697.0],[653.0,699.0],[650.0,700.0],[647.0,703.0]]],[[[629.0,677.0],[628.0,678.0],[628.0,680.0],[631.0,683.0],[632.0,683.0],[633.0,682.0],[633.0,679.0],[629.0,677.0]]],[[[808.0,590.0],[797.0,577.0],[796.0,577.0],[791.0,573.0],[788.0,572.0],[783.0,568.0],[779.0,567.0],[775.0,560.0],[775.0,558.0],[772.0,551.0],[772.0,547.0],[771.0,546.0],[771.0,543.0],[770.0,542.0],[769.0,537.0],[766.0,532.0],[764.0,531.0],[761.0,531.0],[757.0,535.0],[756.0,538.0],[754.0,540.0],[741.0,548.0],[740.0,551.0],[737.0,555.0],[737.0,557.0],[733.0,561.0],[723.0,566.0],[721.0,568.0],[715.0,571.0],[711.0,572.0],[711.0,576.0],[708.0,579.0],[706.0,579.0],[701.0,583.0],[699.0,583.0],[698.0,584.0],[691.0,584.0],[683.0,591.0],[682.0,591.0],[677.0,595.0],[671.0,597.0],[669.0,599.0],[663.0,599.0],[651.0,605.0],[645.0,605.0],[646.0,606.0],[652.0,606.0],[653.0,607.0],[653.0,611.0],[651.0,613.0],[650.0,613.0],[650.0,619.0],[648.0,621.0],[645.0,622.0],[642.0,628.0],[642.0,630.0],[639.0,633.0],[635.0,633.0],[632.0,629.0],[627.0,629.0],[624.0,632.0],[623.0,636.0],[625.0,638.0],[625.0,642.0],[622.0,645.0],[622.0,648.0],[624.0,650.0],[624.0,653.0],[620.0,658.0],[606.0,658.0],[600.0,661.0],[598.0,661.0],[594.0,663.0],[592.0,665.0],[588.0,676.0],[582.0,681.0],[578.0,683.0],[574.0,687.0],[574.0,689.0],[576.0,690.0],[576.0,700.0],[575.0,701.0],[575.0,703.0],[577.0,705.0],[582.0,706.0],[583.0,707.0],[583.0,709.0],[585.0,711.0],[588.0,708.0],[589.0,709.0],[592.0,709.0],[594.0,705.0],[596.0,703.0],[598.0,703.0],[599.0,702.0],[601.0,702.0],[602.0,703.0],[606.0,700.0],[609.0,700.0],[614.0,697.0],[613.0,695.0],[609.0,692.0],[609.0,690.0],[610.0,689.0],[613.0,689.0],[615.0,687.0],[619.0,688.0],[623.0,684.0],[623.0,682.0],[620.0,677.0],[622.0,675.0],[623.0,675.0],[626.0,671.0],[629.0,674.0],[631.0,674.0],[632.0,673.0],[633.0,674.0],[635.0,672.0],[638.0,672.0],[640.0,671.0],[641.0,672.0],[641.0,673.0],[639.0,675.0],[640.0,677.0],[642.0,677.0],[645.0,679.0],[647.0,678.0],[649.0,679.0],[652.0,676.0],[653.0,677.0],[656.0,673.0],[660.0,671.0],[667.0,671.0],[672.0,667.0],[673.0,668.0],[676.0,668.0],[678.0,669.0],[681.0,674.0],[684.0,674.0],[685.0,676.0],[686.0,676.0],[688.0,673.0],[690.0,673.0],[690.0,671.0],[695.0,666.0],[701.0,665.0],[702.0,664.0],[710.0,664.0],[711.0,665.0],[715.0,665.0],[716.0,666.0],[719.0,666.0],[720.0,667.0],[727.0,667.0],[728.0,666.0],[732.0,666.0],[735.0,669.0],[737.0,676.0],[740.0,679.0],[740.0,680.0],[742.0,680.0],[743.0,682.0],[745.0,681.0],[747.0,683.0],[750.0,680.0],[752.0,680.0],[756.0,677.0],[762.0,677.0],[768.0,671.0],[769.0,668.0],[773.0,665.0],[773.0,658.0],[775.0,655.0],[776.0,655.0],[778.0,657.0],[780.0,657.0],[785.0,663.0],[787.0,663.0],[788.0,661.0],[795.0,654.0],[797.0,653.0],[795.0,651.0],[797.0,649.0],[797.0,647.0],[796.0,646.0],[798.0,644.0],[802.0,645.0],[801.0,644.0],[802.0,642.0],[802.0,639.0],[798.0,635.0],[798.0,630.0],[800.0,626.0],[802.0,624.0],[806.0,624.0],[813.0,621.0],[812.0,620.0],[808.0,619.0],[805.0,616.0],[806.0,614.0],[808.0,612.0],[809.0,612.0],[812.0,608.0],[812.0,605.0],[808.0,599.0],[808.0,590.0]]]]}},{"type":"Feature","id":"country-022","properties":{"id":"country-022","name":"Unassigned","type":"country","status":"mask-defined","source":"countries-mask","extractionConfidence":"authoritative-mask","rgb":[255,106,0],"color":"#ff6a00","polygonCount":9,"holeCount":1,"styleIndex":3},"geometry":{"type":"MultiPolygon","coordinates":[[[[1245.0,859.0],[1245.0,861.0],[1248.0,864.0],[1252.0,866.0],[1251.0,869.0],[1253.0,871.0],[1255.0,871.0],[1262.0,866.0],[1262.0,863.0],[1260.0,861.0],[1254.0,859.0],[1249.0,855.0],[1248.0,855.0],[1245.0,859.0]]],[[[1224.0,840.0],[1219.0,844.0],[1225.0,851.0],[1227.0,851.0],[1230.0,848.0],[1231.0,845.0],[1226.0,840.0],[1224.0,840.0]]],[[[1191.0,835.0],[1194.0,837.0],[1197.0,837.0],[1200.0,834.0],[1203.0,834.0],[1205.0,836.0],[1210.0,837.0],[1216.0,831.0],[1217.0,829.0],[1212.0,825.0],[1205.0,825.0],[1203.0,823.0],[1197.0,822.0],[1194.0,825.0],[1195.0,829.0],[1192.0,832.0],[1191.0,835.0]]],[[[1369.0,766.0],[1366.0,763.0],[1365.0,764.0],[1364.0,763.0],[1363.0,764.0],[1361.0,764.0],[1359.0,766.0],[1354.0,766.0],[1349.0,772.0],[1349.0,773.0],[1351.0,776.0],[1354.0,776.0],[1355.0,777.0],[1356.0,776.0],[1359.0,776.0],[1363.0,774.0],[1367.0,770.0],[1369.0,766.0]]],[[[1378.0,732.0],[1376.0,734.0],[1376.0,736.0],[1378.0,738.0],[1378.0,739.0],[1376.0,741.0],[1377.0,742.0],[1380.0,741.0],[1382.0,745.0],[1386.0,749.0],[1387.0,752.0],[1390.0,755.0],[1392.0,753.0],[1392.0,751.0],[1389.0,747.0],[1390.0,746.0],[1393.0,745.0],[1396.0,747.0],[1399.0,747.0],[1400.0,748.0],[1402.0,747.0],[1402.0,744.0],[1400.0,742.0],[1398.0,742.0],[1396.0,740.0],[1394.0,736.0],[1389.0,733.0],[1386.0,730.0],[1384.0,731.0],[1382.0,735.0],[1379.0,732.0],[1378.0,732.0]],[[1382.0,735.0],[1383.0,734.0],[1384.0,735.0],[1383.0,736.0],[1382.0,735.0]]],[[[1442.0,721.0],[1443.0,723.0],[1443.0,725.0],[1442.0,726.0],[1444.0,728.0],[1450.0,728.0],[1453.0,730.0],[1456.0,730.0],[1457.0,729.0],[1460.0,729.0],[1461.0,730.0],[1466.0,730.0],[1468.0,728.0],[1468.0,726.0],[1466.0,724.0],[1464.0,723.0],[1461.0,723.0],[1459.0,721.0],[1456.0,721.0],[1454.0,719.0],[1453.0,720.0],[1450.0,720.0],[1449.0,719.0],[1447.0,721.0],[1445.0,720.0],[1443.0,720.0],[1442.0,721.0]]],[[[1555.0,635.0],[1551.0,632.0],[1549.0,633.0],[1548.0,632.0],[1543.0,632.0],[1542.0,631.0],[1540.0,633.0],[1538.0,637.0],[1531.0,645.0],[1530.0,651.0],[1525.0,656.0],[1528.0,661.0],[1530.0,661.0],[1533.0,658.0],[1535.0,658.0],[1537.0,655.0],[1543.0,655.0],[1546.0,651.0],[1545.0,648.0],[1543.0,646.0],[1543.0,640.0],[1545.0,639.0],[1546.0,640.0],[1546.0,642.0],[1549.0,645.0],[1550.0,645.0],[1555.0,640.0],[1555.0,635.0]]],[[[1468.0,479.0],[1468.0,480.0],[1470.0,482.0],[1474.0,484.0],[1479.0,484.0],[1480.0,483.0],[1480.0,481.0],[1473.0,476.0],[1471.0,476.0],[1468.0,479.0]]],[[[1553.0,508.0],[1551.0,510.0],[1549.0,510.0],[1542.0,516.0],[1540.0,516.0],[1539.0,515.0],[1538.0,516.0],[1533.0,516.0],[1528.0,519.0],[1525.0,519.0],[1522.0,517.0],[1520.0,513.0],[1517.0,513.0],[1516.0,511.0],[1511.0,507.0],[1511.0,506.0],[1509.0,504.0],[1508.0,499.0],[1506.0,496.0],[1506.0,492.0],[1504.0,489.0],[1501.0,492.0],[1497.0,493.0],[1493.0,496.0],[1490.0,495.0],[1488.0,498.0],[1484.0,499.0],[1483.0,500.0],[1478.0,500.0],[1476.0,498.0],[1477.0,497.0],[1477.0,494.0],[1476.0,493.0],[1472.0,493.0],[1470.0,491.0],[1468.0,491.0],[1467.0,490.0],[1462.0,490.0],[1460.0,492.0],[1457.0,492.0],[1456.0,493.0],[1456.0,494.0],[1454.0,496.0],[1454.0,500.0],[1455.0,501.0],[1455.0,503.0],[1451.0,505.0],[1447.0,502.0],[1447.0,494.0],[1449.0,491.0],[1451.0,491.0],[1453.0,488.0],[1453.0,485.0],[1454.0,484.0],[1454.0,479.0],[1451.0,474.0],[1453.0,472.0],[1458.0,472.0],[1460.0,473.0],[1464.0,468.0],[1464.0,466.0],[1463.0,465.0],[1460.0,465.0],[1452.0,457.0],[1451.0,455.0],[1451.0,450.0],[1450.0,449.0],[1448.0,449.0],[1447.0,450.0],[1447.0,454.0],[1444.0,456.0],[1444.0,458.0],[1446.0,460.0],[1448.0,464.0],[1448.0,467.0],[1445.0,471.0],[1446.0,476.0],[1444.0,479.0],[1442.0,478.0],[1442.0,481.0],[1440.0,484.0],[1440.0,486.0],[1435.0,490.0],[1432.0,490.0],[1430.0,488.0],[1428.0,489.0],[1426.0,488.0],[1423.0,488.0],[1420.0,490.0],[1420.0,492.0],[1418.0,493.0],[1420.0,494.0],[1420.0,496.0],[1418.0,498.0],[1418.0,500.0],[1414.0,505.0],[1414.0,506.0],[1409.0,510.0],[1408.0,510.0],[1404.0,514.0],[1403.0,514.0],[1398.0,518.0],[1395.0,519.0],[1393.0,523.0],[1393.0,535.0],[1392.0,537.0],[1383.0,546.0],[1379.0,548.0],[1376.0,551.0],[1374.0,550.0],[1372.0,552.0],[1371.0,551.0],[1369.0,553.0],[1368.0,552.0],[1366.0,554.0],[1364.0,553.0],[1358.0,558.0],[1353.0,561.0],[1349.0,562.0],[1346.0,565.0],[1345.0,564.0],[1334.0,564.0],[1324.0,573.0],[1323.0,573.0],[1309.0,588.0],[1307.0,588.0],[1305.0,590.0],[1303.0,589.0],[1301.0,591.0],[1299.0,595.0],[1300.0,596.0],[1298.0,598.0],[1298.0,600.0],[1296.0,602.0],[1295.0,607.0],[1291.0,614.0],[1289.0,621.0],[1284.0,626.0],[1283.0,626.0],[1284.0,627.0],[1281.0,631.0],[1277.0,632.0],[1276.0,633.0],[1277.0,634.0],[1276.0,636.0],[1280.0,638.0],[1284.0,642.0],[1284.0,646.0],[1281.0,649.0],[1278.0,650.0],[1276.0,653.0],[1276.0,659.0],[1279.0,663.0],[1279.0,666.0],[1277.0,670.0],[1272.0,674.0],[1271.0,674.0],[1270.0,676.0],[1271.0,678.0],[1270.0,679.0],[1270.0,683.0],[1272.0,685.0],[1271.0,688.0],[1268.0,691.0],[1267.0,690.0],[1265.0,690.0],[1261.0,695.0],[1257.0,691.0],[1257.0,690.0],[1252.0,686.0],[1251.0,684.0],[1251.0,681.0],[1250.0,680.0],[1250.0,677.0],[1249.0,675.0],[1248.0,675.0],[1246.0,673.0],[1245.0,667.0],[1243.0,666.0],[1240.0,668.0],[1241.0,669.0],[1240.0,670.0],[1240.0,673.0],[1237.0,676.0],[1234.0,677.0],[1232.0,679.0],[1230.0,678.0],[1218.0,685.0],[1216.0,685.0],[1210.0,688.0],[1208.0,688.0],[1203.0,692.0],[1198.0,688.0],[1196.0,688.0],[1195.0,689.0],[1191.0,688.0],[1189.0,689.0],[1181.0,696.0],[1181.0,698.0],[1182.0,698.0],[1186.0,703.0],[1186.0,708.0],[1177.0,722.0],[1167.0,732.0],[1166.0,732.0],[1164.0,734.0],[1162.0,734.0],[1160.0,736.0],[1156.0,735.0],[1153.0,738.0],[1150.0,739.0],[1149.0,741.0],[1149.0,746.0],[1151.0,748.0],[1149.0,750.0],[1149.0,753.0],[1147.0,757.0],[1148.0,758.0],[1148.0,760.0],[1146.0,762.0],[1146.0,766.0],[1147.0,768.0],[1148.0,768.0],[1150.0,770.0],[1152.0,770.0],[1158.0,776.0],[1158.0,777.0],[1161.0,780.0],[1161.0,782.0],[1164.0,785.0],[1165.0,785.0],[1167.0,787.0],[1168.0,786.0],[1170.0,786.0],[1172.0,788.0],[1172.0,790.0],[1173.0,791.0],[1172.0,792.0],[1172.0,794.0],[1173.0,795.0],[1177.0,795.0],[1181.0,793.0],[1183.0,794.0],[1185.0,791.0],[1191.0,788.0],[1197.0,789.0],[1198.0,790.0],[1204.0,789.0],[1209.0,785.0],[1211.0,789.0],[1209.0,791.0],[1205.0,793.0],[1205.0,795.0],[1203.0,798.0],[1204.0,801.0],[1202.0,803.0],[1200.0,803.0],[1199.0,802.0],[1201.0,800.0],[1201.0,797.0],[1199.0,795.0],[1192.0,797.0],[1190.0,799.0],[1191.0,800.0],[1187.0,803.0],[1184.0,808.0],[1185.0,812.0],[1186.0,813.0],[1188.0,812.0],[1190.0,813.0],[1192.0,811.0],[1195.0,812.0],[1197.0,810.0],[1198.0,810.0],[1199.0,811.0],[1203.0,811.0],[1206.0,813.0],[1206.0,815.0],[1205.0,816.0],[1206.0,817.0],[1210.0,817.0],[1212.0,815.0],[1216.0,817.0],[1226.0,808.0],[1228.0,810.0],[1228.0,811.0],[1225.0,816.0],[1228.0,820.0],[1228.0,822.0],[1234.0,826.0],[1234.0,829.0],[1235.0,830.0],[1235.0,833.0],[1232.0,837.0],[1233.0,838.0],[1242.0,838.0],[1246.0,842.0],[1243.0,845.0],[1242.0,844.0],[1240.0,845.0],[1238.0,849.0],[1239.0,850.0],[1241.0,849.0],[1245.0,849.0],[1248.0,852.0],[1258.0,851.0],[1259.0,852.0],[1258.0,855.0],[1260.0,857.0],[1263.0,857.0],[1267.0,855.0],[1267.0,848.0],[1272.0,844.0],[1275.0,847.0],[1277.0,848.0],[1278.0,847.0],[1278.0,840.0],[1274.0,837.0],[1274.0,835.0],[1277.0,833.0],[1275.0,831.0],[1275.0,829.0],[1279.0,826.0],[1285.0,826.0],[1286.0,825.0],[1287.0,819.0],[1292.0,816.0],[1295.0,813.0],[1300.0,811.0],[1303.0,815.0],[1305.0,814.0],[1305.0,812.0],[1306.0,811.0],[1306.0,804.0],[1308.0,803.0],[1309.0,801.0],[1305.0,798.0],[1302.0,798.0],[1301.0,797.0],[1301.0,795.0],[1304.0,792.0],[1310.0,791.0],[1316.0,786.0],[1320.0,785.0],[1321.0,784.0],[1321.0,781.0],[1322.0,780.0],[1322.0,777.0],[1323.0,776.0],[1323.0,772.0],[1321.0,770.0],[1318.0,770.0],[1315.0,773.0],[1314.0,773.0],[1311.0,770.0],[1311.0,769.0],[1315.0,765.0],[1322.0,761.0],[1324.0,761.0],[1326.0,764.0],[1326.0,770.0],[1327.0,771.0],[1327.0,773.0],[1328.0,774.0],[1331.0,774.0],[1337.0,779.0],[1340.0,776.0],[1342.0,771.0],[1345.0,769.0],[1345.0,768.0],[1351.0,761.0],[1355.0,761.0],[1357.0,759.0],[1359.0,759.0],[1361.0,756.0],[1361.0,753.0],[1362.0,752.0],[1362.0,748.0],[1363.0,747.0],[1366.0,747.0],[1370.0,749.0],[1372.0,749.0],[1373.0,748.0],[1373.0,744.0],[1369.0,739.0],[1369.0,737.0],[1367.0,735.0],[1365.0,731.0],[1367.0,729.0],[1368.0,729.0],[1375.0,722.0],[1373.0,717.0],[1373.0,713.0],[1371.0,711.0],[1368.0,711.0],[1366.0,712.0],[1364.0,711.0],[1361.0,707.0],[1361.0,702.0],[1362.0,701.0],[1364.0,702.0],[1366.0,706.0],[1371.0,706.0],[1374.0,700.0],[1377.0,700.0],[1378.0,699.0],[1383.0,698.0],[1385.0,700.0],[1378.0,708.0],[1378.0,714.0],[1379.0,716.0],[1381.0,718.0],[1383.0,718.0],[1384.0,719.0],[1386.0,719.0],[1388.0,717.0],[1392.0,718.0],[1395.0,723.0],[1397.0,725.0],[1399.0,725.0],[1400.0,726.0],[1402.0,735.0],[1403.0,736.0],[1406.0,736.0],[1411.0,739.0],[1415.0,738.0],[1416.0,737.0],[1419.0,737.0],[1420.0,736.0],[1422.0,736.0],[1423.0,737.0],[1425.0,737.0],[1427.0,734.0],[1427.0,730.0],[1423.0,726.0],[1422.0,723.0],[1417.0,717.0],[1419.0,715.0],[1423.0,718.0],[1425.0,718.0],[1426.0,719.0],[1438.0,720.0],[1441.0,717.0],[1441.0,713.0],[1439.0,711.0],[1435.0,709.0],[1437.0,707.0],[1445.0,707.0],[1453.0,711.0],[1457.0,709.0],[1458.0,710.0],[1459.0,709.0],[1463.0,709.0],[1465.0,707.0],[1466.0,708.0],[1472.0,708.0],[1473.0,706.0],[1470.0,701.0],[1472.0,699.0],[1474.0,699.0],[1476.0,701.0],[1476.0,706.0],[1477.0,707.0],[1480.0,707.0],[1483.0,710.0],[1483.0,713.0],[1484.0,714.0],[1488.0,713.0],[1492.0,708.0],[1496.0,708.0],[1499.0,706.0],[1504.0,706.0],[1506.0,708.0],[1508.0,708.0],[1512.0,704.0],[1507.0,699.0],[1503.0,698.0],[1502.0,697.0],[1504.0,692.0],[1506.0,691.0],[1507.0,689.0],[1506.0,688.0],[1498.0,688.0],[1497.0,689.0],[1496.0,688.0],[1494.0,688.0],[1490.0,690.0],[1489.0,688.0],[1493.0,683.0],[1501.0,679.0],[1502.0,677.0],[1498.0,674.0],[1498.0,672.0],[1497.0,671.0],[1498.0,670.0],[1502.0,670.0],[1505.0,668.0],[1511.0,669.0],[1515.0,666.0],[1515.0,663.0],[1519.0,659.0],[1519.0,654.0],[1527.0,645.0],[1526.0,641.0],[1525.0,640.0],[1525.0,637.0],[1527.0,635.0],[1531.0,634.0],[1536.0,630.0],[1536.0,627.0],[1531.0,622.0],[1531.0,620.0],[1533.0,617.0],[1533.0,613.0],[1531.0,611.0],[1529.0,611.0],[1528.0,610.0],[1528.0,607.0],[1530.0,605.0],[1532.0,605.0],[1534.0,608.0],[1536.0,607.0],[1538.0,609.0],[1538.0,612.0],[1539.0,613.0],[1539.0,617.0],[1538.0,618.0],[1539.0,621.0],[1542.0,624.0],[1544.0,624.0],[1547.0,626.0],[1549.0,623.0],[1551.0,622.0],[1555.0,622.0],[1559.0,619.0],[1559.0,615.0],[1558.0,614.0],[1559.0,612.0],[1559.0,607.0],[1557.0,604.0],[1562.0,598.0],[1561.0,592.0],[1562.0,591.0],[1566.0,591.0],[1570.0,589.0],[1569.0,587.0],[1569.0,579.0],[1571.0,576.0],[1570.0,573.0],[1568.0,571.0],[1566.0,571.0],[1565.0,570.0],[1559.0,571.0],[1558.0,570.0],[1558.0,567.0],[1557.0,566.0],[1558.0,565.0],[1558.0,563.0],[1561.0,561.0],[1563.0,561.0],[1565.0,563.0],[1567.0,563.0],[1568.0,564.0],[1574.0,563.0],[1575.0,562.0],[1575.0,558.0],[1569.0,551.0],[1569.0,549.0],[1567.0,546.0],[1569.0,543.0],[1569.0,539.0],[1566.0,535.0],[1566.0,533.0],[1565.0,532.0],[1565.0,528.0],[1563.0,526.0],[1560.0,526.0],[1559.0,525.0],[1555.0,527.0],[1550.0,521.0],[1551.0,519.0],[1549.0,517.0],[1554.0,511.0],[1554.0,509.0],[1553.0,508.0]]]]}},{"type":"Feature","id":"country-023","properties":{"id":"country-023","name":"Unassigned","type":"country","status":"mask-defined","source":"countries-mask","extractionConfidence":"authoritative-mask","rgb":[255,216,0],"color":"#ffd800","polygonCount":7,"holeCount":0,"styleIndex":4},"geometry":{"type":"MultiPolygon","coordinates":[[[[1071.0,457.0],[1070.0,457.0],[1068.0,459.0],[1068.0,461.0],[1063.0,466.0],[1067.0,469.0],[1068.0,468.0],[1074.0,468.0],[1077.0,466.0],[1075.0,462.0],[1072.0,460.0],[1072.0,458.0],[1071.0,457.0]]],[[[1220.0,425.0],[1217.0,422.0],[1215.0,423.0],[1213.0,423.0],[1212.0,422.0],[1208.0,424.0],[1206.0,426.0],[1203.0,426.0],[1202.0,428.0],[1203.0,429.0],[1206.0,429.0],[1209.0,427.0],[1214.0,428.0],[1215.0,427.0],[1218.0,427.0],[1220.0,425.0]]],[[[1079.0,384.0],[1078.0,385.0],[1075.0,385.0],[1073.0,387.0],[1073.0,394.0],[1077.0,397.0],[1080.0,398.0],[1081.0,397.0],[1083.0,397.0],[1085.0,395.0],[1082.0,391.0],[1082.0,386.0],[1080.0,384.0],[1079.0,384.0]]],[[[1239.0,372.0],[1237.0,370.0],[1234.0,370.0],[1229.0,374.0],[1223.0,374.0],[1222.0,373.0],[1220.0,375.0],[1220.0,376.0],[1222.0,379.0],[1225.0,379.0],[1227.0,378.0],[1229.0,380.0],[1233.0,380.0],[1239.0,374.0],[1239.0,372.0]]],[[[1238.0,353.0],[1238.0,354.0],[1240.0,355.0],[1243.0,359.0],[1244.0,359.0],[1248.0,355.0],[1249.0,357.0],[1251.0,359.0],[1252.0,359.0],[1255.0,356.0],[1256.0,353.0],[1258.0,352.0],[1260.0,354.0],[1260.0,357.0],[1262.0,359.0],[1264.0,359.0],[1266.0,361.0],[1272.0,361.0],[1275.0,363.0],[1276.0,363.0],[1278.0,361.0],[1271.0,356.0],[1271.0,351.0],[1267.0,349.0],[1268.0,344.0],[1265.0,341.0],[1262.0,342.0],[1259.0,340.0],[1258.0,341.0],[1258.0,346.0],[1257.0,347.0],[1254.0,347.0],[1252.0,345.0],[1250.0,345.0],[1244.0,352.0],[1242.0,352.0],[1241.0,353.0],[1239.0,352.0],[1238.0,353.0]]],[[[1109.0,302.0],[1107.0,305.0],[1107.0,309.0],[1110.0,312.0],[1110.0,314.0],[1113.0,316.0],[1114.0,315.0],[1113.0,309.0],[1112.0,308.0],[1111.0,304.0],[1109.0,302.0]]],[[[1066.0,424.0],[1067.0,425.0],[1069.0,425.0],[1070.0,424.0],[1075.0,424.0],[1077.0,426.0],[1076.0,428.0],[1079.0,431.0],[1079.0,433.0],[1074.0,438.0],[1076.0,440.0],[1077.0,439.0],[1082.0,439.0],[1086.0,443.0],[1090.0,439.0],[1092.0,439.0],[1093.0,440.0],[1093.0,443.0],[1086.0,450.0],[1081.0,446.0],[1077.0,449.0],[1078.0,450.0],[1078.0,452.0],[1081.0,455.0],[1081.0,458.0],[1080.0,459.0],[1084.0,461.0],[1091.0,455.0],[1092.0,456.0],[1094.0,456.0],[1098.0,453.0],[1102.0,452.0],[1107.0,449.0],[1110.0,445.0],[1112.0,436.0],[1124.0,425.0],[1124.0,424.0],[1128.0,419.0],[1129.0,416.0],[1132.0,413.0],[1139.0,414.0],[1140.0,415.0],[1142.0,415.0],[1144.0,417.0],[1150.0,417.0],[1151.0,416.0],[1151.0,413.0],[1152.0,412.0],[1154.0,412.0],[1158.0,407.0],[1161.0,410.0],[1170.0,408.0],[1173.0,412.0],[1177.0,412.0],[1182.0,408.0],[1182.0,406.0],[1184.0,404.0],[1187.0,405.0],[1189.0,407.0],[1191.0,405.0],[1192.0,406.0],[1194.0,404.0],[1196.0,404.0],[1197.0,405.0],[1197.0,414.0],[1198.0,415.0],[1203.0,415.0],[1204.0,416.0],[1206.0,416.0],[1208.0,414.0],[1210.0,415.0],[1212.0,413.0],[1213.0,413.0],[1217.0,408.0],[1219.0,410.0],[1220.0,414.0],[1222.0,416.0],[1226.0,418.0],[1230.0,418.0],[1234.0,421.0],[1242.0,422.0],[1243.0,421.0],[1247.0,421.0],[1251.0,418.0],[1254.0,418.0],[1255.0,417.0],[1260.0,417.0],[1261.0,419.0],[1259.0,421.0],[1263.0,425.0],[1268.0,425.0],[1269.0,424.0],[1269.0,422.0],[1268.0,421.0],[1270.0,418.0],[1272.0,419.0],[1273.0,418.0],[1273.0,415.0],[1275.0,413.0],[1279.0,414.0],[1281.0,417.0],[1282.0,416.0],[1285.0,416.0],[1289.0,420.0],[1291.0,420.0],[1294.0,416.0],[1295.0,416.0],[1297.0,419.0],[1298.0,419.0],[1301.0,416.0],[1304.0,419.0],[1306.0,419.0],[1307.0,420.0],[1308.0,419.0],[1308.0,417.0],[1305.0,413.0],[1305.0,411.0],[1303.0,408.0],[1297.0,408.0],[1295.0,405.0],[1290.0,402.0],[1290.0,400.0],[1291.0,399.0],[1296.0,401.0],[1297.0,400.0],[1297.0,398.0],[1292.0,391.0],[1290.0,392.0],[1289.0,391.0],[1286.0,391.0],[1284.0,389.0],[1285.0,388.0],[1285.0,385.0],[1286.0,384.0],[1285.0,383.0],[1277.0,387.0],[1274.0,381.0],[1269.0,384.0],[1267.0,384.0],[1266.0,385.0],[1266.0,389.0],[1265.0,391.0],[1268.0,395.0],[1270.0,395.0],[1271.0,396.0],[1271.0,397.0],[1269.0,399.0],[1268.0,398.0],[1265.0,398.0],[1263.0,396.0],[1259.0,395.0],[1255.0,398.0],[1253.0,396.0],[1251.0,398.0],[1251.0,400.0],[1250.0,401.0],[1247.0,399.0],[1245.0,399.0],[1241.0,397.0],[1242.0,396.0],[1242.0,393.0],[1243.0,392.0],[1241.0,390.0],[1232.0,390.0],[1231.0,391.0],[1227.0,391.0],[1224.0,394.0],[1222.0,393.0],[1219.0,389.0],[1219.0,387.0],[1218.0,386.0],[1217.0,386.0],[1215.0,384.0],[1213.0,385.0],[1210.0,382.0],[1211.0,381.0],[1211.0,378.0],[1209.0,376.0],[1205.0,375.0],[1203.0,373.0],[1202.0,374.0],[1194.0,367.0],[1194.0,366.0],[1191.0,363.0],[1191.0,358.0],[1192.0,357.0],[1197.0,363.0],[1197.0,364.0],[1201.0,367.0],[1203.0,366.0],[1207.0,368.0],[1210.0,368.0],[1214.0,365.0],[1216.0,366.0],[1221.0,366.0],[1223.0,364.0],[1223.0,362.0],[1221.0,358.0],[1222.0,357.0],[1225.0,358.0],[1231.0,352.0],[1231.0,349.0],[1229.0,347.0],[1222.0,347.0],[1221.0,348.0],[1219.0,347.0],[1213.0,354.0],[1211.0,354.0],[1204.0,345.0],[1203.0,346.0],[1199.0,345.0],[1198.0,344.0],[1196.0,344.0],[1195.0,345.0],[1188.0,345.0],[1186.0,343.0],[1186.0,339.0],[1187.0,338.0],[1189.0,331.0],[1194.0,327.0],[1192.0,325.0],[1192.0,323.0],[1196.0,320.0],[1195.0,318.0],[1189.0,318.0],[1186.0,320.0],[1183.0,320.0],[1179.0,316.0],[1178.0,317.0],[1178.0,319.0],[1173.0,324.0],[1171.0,324.0],[1168.0,326.0],[1166.0,325.0],[1164.0,327.0],[1163.0,327.0],[1156.0,335.0],[1154.0,336.0],[1152.0,332.0],[1150.0,331.0],[1147.0,334.0],[1145.0,333.0],[1141.0,335.0],[1138.0,335.0],[1136.0,337.0],[1135.0,337.0],[1132.0,341.0],[1131.0,341.0],[1130.0,339.0],[1136.0,331.0],[1139.0,330.0],[1141.0,328.0],[1144.0,328.0],[1146.0,326.0],[1150.0,325.0],[1153.0,322.0],[1152.0,321.0],[1152.0,318.0],[1153.0,317.0],[1152.0,312.0],[1153.0,311.0],[1151.0,309.0],[1149.0,311.0],[1146.0,309.0],[1146.0,307.0],[1147.0,306.0],[1147.0,301.0],[1144.0,298.0],[1144.0,291.0],[1143.0,290.0],[1140.0,293.0],[1140.0,294.0],[1138.0,295.0],[1137.0,294.0],[1137.0,288.0],[1135.0,286.0],[1131.0,286.0],[1129.0,282.0],[1127.0,281.0],[1126.0,282.0],[1126.0,285.0],[1124.0,288.0],[1124.0,291.0],[1126.0,294.0],[1126.0,298.0],[1124.0,299.0],[1120.0,295.0],[1118.0,296.0],[1120.0,300.0],[1120.0,302.0],[1124.0,304.0],[1124.0,308.0],[1122.0,311.0],[1122.0,317.0],[1125.0,321.0],[1125.0,324.0],[1123.0,327.0],[1121.0,327.0],[1120.0,325.0],[1118.0,324.0],[1114.0,327.0],[1110.0,327.0],[1107.0,324.0],[1106.0,325.0],[1106.0,331.0],[1105.0,332.0],[1104.0,332.0],[1102.0,330.0],[1100.0,330.0],[1098.0,332.0],[1103.0,337.0],[1102.0,340.0],[1106.0,344.0],[1109.0,349.0],[1109.0,351.0],[1104.0,354.0],[1108.0,358.0],[1110.0,358.0],[1112.0,360.0],[1114.0,360.0],[1115.0,361.0],[1119.0,361.0],[1121.0,357.0],[1120.0,355.0],[1122.0,354.0],[1124.0,358.0],[1123.0,363.0],[1119.0,366.0],[1113.0,367.0],[1109.0,371.0],[1109.0,372.0],[1107.0,374.0],[1107.0,376.0],[1108.0,377.0],[1105.0,382.0],[1103.0,382.0],[1101.0,380.0],[1099.0,380.0],[1098.0,379.0],[1096.0,380.0],[1094.0,376.0],[1092.0,374.0],[1091.0,375.0],[1091.0,384.0],[1093.0,387.0],[1090.0,393.0],[1092.0,396.0],[1094.0,395.0],[1096.0,395.0],[1097.0,396.0],[1097.0,399.0],[1095.0,403.0],[1090.0,407.0],[1088.0,407.0],[1084.0,405.0],[1081.0,410.0],[1075.0,409.0],[1074.0,410.0],[1076.0,412.0],[1077.0,416.0],[1079.0,418.0],[1079.0,419.0],[1077.0,421.0],[1076.0,421.0],[1074.0,419.0],[1071.0,419.0],[1069.0,418.0],[1067.0,420.0],[1066.0,424.0]]]]}}]}