{"type":"FeatureCollection","features":[{"type":"Feature","id":"region-border-001-019-001","properties":{"id":"region-border-001-019-001","type":"region-border","countryId":"country-019","leftRegionId":"region-034","rightRegionId":"region-003"},"geometry":{"type":"LineString","coordinates":[[1080.6201716738196,508.2254295532646],[1083.147532188841,506.0522336769759],[1083.147532188841,504.96563573883157],[1083.508583690987,504.96563573883157],[1083.869635193133,503.51683848797245],[1084.591738197425,503.15463917525767],[1084.9527896995708,501.70584192439867],[1086.0359442060085,501.3436426116839],[1086.7580472103004,500.25704467353955],[1087.4801502145922,500.25704467353955],[1088.924356223176,498.80824742268044],[1090.3685622317596,498.44604810996566],[1090.7296137339056,497.7216494845361],[1091.4517167381973,497.7216494845361],[1092.1738197424893,496.63505154639176],[1092.895922746781,496.63505154639176],[1093.256974248927,495.9106529209622],[1093.9790772532187,495.9106529209622],[1094.7011802575107,495.18625429553265],[1095.7843347639484,495.18625429553265],[1095.7843347639484,494.82405498281787],[1096.8674892703862,494.82405498281787],[1096.8674892703862,494.4618556701031],[1097.950643776824,494.4618556701031],[1097.950643776824,494.0996563573883],[1099.7559012875536,494.0996563573883],[1100.4780042918455,494.82405498281787],[1100.4780042918455,495.5484536082474],[1100.8390557939915,495.5484536082474],[1103.005364806867,500.61924398625433],[1104.8106223175964,502.06804123711345],[1104.8106223175964,502.7924398625429],[1107.6990343347638,505.6900343642611],[1107.6990343347638,506.4144329896907],[1110.2263948497853,508.94982817869413],[1110.2263948497853,509.6742268041237],[1117.4474248927038,516.9182130584193],[1118.5305793991415,516.9182130584193],[1119.2526824034335,518.0048109965636],[1119.9747854077252,518.0048109965636],[1120.6968884120172,519.4536082474227]]}},{"type":"Feature","id":"region-border-001-021-001","properties":{"id":"region-border-001-021-001","type":"region-border","countryId":"country-019","leftRegionId":"region-034","rightRegionId":"region-023"},"geometry":{"type":"LineString","coordinates":[[1091.4517167381973,595.8776632302405],[1093.9790772532187,595.1532646048109],[1096.1453862660944,592.9800687285223],[1096.1453862660944,592.2556701030928],[1096.8674892703862,591.893470790378],[1096.8674892703862,591.1690721649485],[1098.3116952789699,589.7202749140894],[1101.5611587982833,589.7202749140894],[1102.644313304721,590.8068728522337],[1103.366416309013,590.8068728522337],[1103.7274678111587,591.5312714776633],[1104.4495708154507,591.5312714776633],[1107.3379828326179,594.4288659793814],[1108.7821888412018,598.413058419244],[1109.5042918454935,598.413058419244],[1110.2263948497853,599.1374570446735],[1110.5874463519312,601.3106529209622],[1111.6706008583692,602.3972508591065],[1111.6706008583692,603.1216494845361],[1112.392703862661,603.4838487972509],[1112.392703862661,604.2082474226804],[1112.753755364807,604.2082474226804],[1112.753755364807,604.93264604811],[1113.8369098712446,606.3814432989691],[1114.9200643776824,606.0192439862543],[1115.2811158798283,603.8460481099656],[1117.086373390558,601.672852233677],[1123.9463519313304,600.9484536082474],[1123.9463519313304,600.2240549828178],[1124.6684549356223,599.4996563573883],[1124.6684549356223,597.6886597938144],[1125.75160944206,596.6020618556701]]}},{"type":"Feature","id":"region-border-001-022-001","properties":{"id":"region-border-001-022-001","type":"region-border","countryId":"country-019","leftRegionId":"region-034","rightRegionId":"region-012"},"geometry":{"type":"LineString","coordinates":[[1120.6968884120172,519.4536082474227],[1120.3358369098712,519.4536082474227],[1120.3358369098712,520.9024054982817],[1119.9747854077252,520.9024054982817],[1119.6137339055795,524.1621993127147],[1119.2526824034335,524.1621993127147],[1118.8916309012875,525.9731958762886],[1118.1695278969958,526.3353951890034],[1118.1695278969958,527.059793814433],[1117.4474248927038,527.059793814433],[1117.086373390558,527.7841924398625],[1115.642167381974,528.1463917525773],[1115.2811158798283,528.8707903780069],[1114.5590128755364,528.8707903780069],[1114.1979613733906,529.5951890034364],[1113.4758583690987,529.5951890034364],[1113.1148068669527,530.319587628866],[1112.392703862661,530.319587628866],[1110.9484978540772,531.7683848797251],[1110.2263948497853,531.7683848797251],[1110.2263948497853,532.1305841924399],[1109.5042918454935,532.1305841924399],[1109.5042918454935,532.4927835051546],[1108.7821888412018,532.4927835051546],[1108.4211373390558,533.2171821305842],[1107.3379828326179,533.579381443299],[1107.3379828326179,534.3037800687285],[1106.6158798283261,535.0281786941581],[1106.6158798283261,537.9257731958763],[1106.976931330472,537.9257731958763],[1106.976931330472,539.0123711340206],[1108.0600858369098,539.7367697594501],[1108.0600858369098,541.547766323024],[1107.3379828326179,542.2721649484536],[1105.5327253218884,542.6343642611683],[1105.5327253218884,544.4453608247422],[1105.8937768240344,544.4453608247422],[1106.2548283261804,545.5319587628866],[1109.1432403433475,546.6185567010309],[1111.6706008583692,549.1539518900344],[1112.031652360515,550.9649484536083],[1112.392703862661,550.9649484536083],[1112.753755364807,552.7759450171822],[1113.1148068669527,552.7759450171822],[1113.1148068669527,553.8625429553265],[1113.8369098712446,554.586941580756],[1112.753755364807,557.846735395189],[1111.6706008583692,558.9333333333333],[1109.5042918454935,559.2955326460481],[1107.3379828326179,561.4687285223367],[1107.3379828326179,563.2797250859106],[1108.4211373390558,564.366323024055],[1112.392703862661,565.8151202749141],[1114.9200643776824,568.3505154639175],[1115.2811158798283,571.2481099656358],[1117.8084763948498,572.3347079037801],[1117.8084763948498,572.6969072164949],[1118.5305793991415,572.6969072164949],[1118.5305793991415,573.0591065292097],[1119.2526824034335,573.0591065292097],[1120.3358369098712,574.5079037800688],[1119.9747854077252,577.0432989690721],[1118.5305793991415,578.4920962199312],[1117.8084763948498,578.4920962199312],[1117.086373390558,579.2164948453608],[1116.00321888412,579.2164948453608],[1114.9200643776824,580.3030927835051],[1114.9200643776824,581.0274914089347],[1112.392703862661,583.5628865979381],[1112.031652360515,585.373883161512],[1112.753755364807,586.0982817869416],[1118.1695278969958,587.5470790378007],[1118.5305793991415,588.2714776632303],[1119.9747854077252,588.633676975945],[1120.6968884120172,589.7202749140894],[1121.418991416309,589.7202749140894],[1121.780042918455,590.4446735395189],[1122.5021459227469,590.4446735395189],[1122.8631974248926,591.1690721649485],[1124.6684549356223,591.893470790378],[1126.112660944206,593.7044673539518],[1125.75160944206,596.6020618556701]]}},{"type":"Feature","id":"region-border-002-007-001","properties":{"id":"region-border-002-007-001","type":"region-border","countryId":"country-019","leftRegionId":"region-028","rightRegionId":"region-021"},"geometry":{"type":"LineString","coordinates":[[1156.4409871244634,692.5848797250859],[1157.1630901287554,693.3092783505155],[1158.246244635193,693.3092783505155],[1158.246244635193,693.6714776632302],[1159.6904506437768,694.033676975945],[1160.0515021459228,694.7580756013746],[1160.7736051502145,694.7580756013746],[1161.4957081545065,695.4824742268041],[1161.1346566523605,698.3800687285224],[1161.4957081545065,698.3800687285224],[1161.8567596566522,701.6398625429553],[1162.2178111587982,701.6398625429553],[1162.5788626609442,703.4508591065292],[1164.3841201716737,704.8996563573883],[1167.994635193133,704.8996563573883],[1167.994635193133,704.5374570446735],[1168.716738197425,704.5374570446735],[1172.68830472103,700.1910652920963],[1172.68830472103,699.1044673539519],[1173.049356223176,699.1044673539519],[1172.68830472103,695.1202749140894],[1173.049356223176,695.1202749140894],[1173.4104077253219,692.9470790378007],[1173.7714592274679,692.9470790378007],[1173.7714592274679,687.514089347079],[1176.2988197424893,684.9786941580755],[1178.4651287553647,684.9786941580755],[1179.9093347639484,686.4274914089347],[1180.2703862660944,687.8762886597938],[1180.9924892703862,688.2384879725086],[1180.9924892703862,688.9628865979381],[1181.3535407725321,688.9628865979381],[1181.3535407725321,689.6872852233677],[1182.075643776824,690.0494845360824],[1182.4366952789699,691.1360824742268],[1186.0,691.49354574838]]}},{"type":"Feature","id":"region-border-002-009-001","properties":{"id":"region-border-002-009-001","type":"region-border","countryId":"country-019","leftRegionId":"region-028","rightRegionId":"region-030"},"geometry":{"type":"LineString","coordinates":[[1087.8412017167382,731.7024054982818],[1088.56330472103,732.0646048109966],[1088.56330472103,732.7890034364261],[1089.2854077253219,733.5134020618557],[1089.2854077253219,734.6],[1090.3685622317596,736.0487972508591],[1091.0906652360513,738.9463917525774],[1092.1738197424893,740.0329896907217],[1093.256974248927,740.0329896907217],[1093.256974248927,740.3951890034365],[1098.3116952789699,740.0329896907217],[1098.3116952789699,739.6707903780069],[1101.2001072961373,738.9463917525774],[1101.2001072961373,738.5841924398626],[1105.8937768240344,738.9463917525774],[1105.8937768240344,738.5841924398626],[1106.976931330472,738.5841924398626],[1106.976931330472,738.2219931271478],[1108.7821888412018,737.859793814433],[1108.7821888412018,737.4975945017183],[1123.2242489270386,736.4109965635739],[1123.2242489270386,736.0487972508591],[1124.6684549356223,735.6865979381444],[1126.4737124463518,733.8756013745705],[1133.6947424892703,734.2378006872852],[1133.6947424892703,733.8756013745705],[1135.861051502146,733.8756013745705],[1135.861051502146,733.5134020618557],[1150.3031115879828,733.8756013745705],[1150.3031115879828,734.2378006872852],[1151.0252145922746,734.2378006872852],[1152.4694206008583,735.3243986254296],[1152.4694206008583,736.0487972508591],[1154.1384391371205,737.7231217257591]]}},{"type":"Feature","id":"region-border-002-018-001","properties":{"id":"region-border-002-018-001","type":"region-border","countryId":"country-019","leftRegionId":"region-028","rightRegionId":"region-024"},"geometry":{"type":"LineString","coordinates":[[1116.364270386266,685.7030927835051],[1117.086373390558,689.3250859106529],[1117.4474248927038,689.3250859106529],[1118.1695278969958,691.4982817869416],[1118.8916309012875,691.8604810996563],[1118.8916309012875,692.5848797250859],[1119.6137339055795,692.5848797250859],[1119.6137339055795,692.9470790378007],[1121.418991416309,692.2226804123711],[1121.780042918455,691.4982817869416],[1124.3074034334763,691.4982817869416],[1126.112660944206,689.6872852233677],[1127.9179184549357,689.3250859106529],[1129.0010729613734,687.8762886597938],[1129.0010729613734,686.0652920962199],[1129.3621244635192,686.0652920962199],[1129.3621244635192,684.9786941580755],[1129.7231759656652,684.9786941580755],[1130.0842274678112,683.5298969072164],[1131.5284334763949,682.4432989690722],[1135.861051502146,682.4432989690722],[1135.861051502146,682.805498281787],[1136.5831545064377,682.805498281787],[1138.3884120171674,684.6164948453608],[1138.7494635193134,688.2384879725086],[1139.1105150214592,688.2384879725086],[1139.1105150214592,689.3250859106529],[1139.8326180257511,689.6872852233677],[1139.8326180257511,690.4116838487972],[1140.5547210300429,690.4116838487972],[1141.2768240343348,691.4982817869416],[1143.4431330472103,691.8604810996563],[1143.8041845493563,693.3092783505155],[1144.1652360515022,693.3092783505155],[1144.1652360515022,694.3958762886598],[1145.24839055794,695.4824742268041],[1147.0536480686694,695.4824742268041],[1147.0536480686694,695.8446735395189],[1148.4978540772531,695.8446735395189],[1148.4978540772531,696.2068728522337],[1150.3031115879828,696.5690721649485],[1150.3031115879828,696.9312714776632],[1152.1083690987125,696.9312714776632],[1153.1915236051502,695.8446735395189],[1153.913626609442,695.8446735395189],[1154.99678111588,694.7580756013746],[1155.3578326180257,693.3092783505155],[1156.4409871244634,692.5848797250859]]}},{"type":"Feature","id":"region-border-002-024-001","properties":{"id":"region-border-002-024-001","type":"region-border","countryId":"country-019","leftRegionId":"region-028","rightRegionId":"region-029"},"geometry":{"type":"LineString","coordinates":[[1095.4232832618027,706.7106529209622],[1095.7843347639484,708.1594501718213],[1096.5064377682402,708.1594501718213],[1096.8674892703862,708.8838487972508],[1101.2001072961373,709.6082474226804],[1101.922210300429,710.33264604811],[1101.922210300429,712.1436426116838],[1100.1169527896996,713.592439862543],[1099.7559012875536,715.4034364261169],[1099.3948497854076,715.4034364261169],[1099.3948497854076,716.852233676976],[1098.3116952789699,718.3010309278351],[1093.256974248927,719.0254295532646],[1092.1738197424893,720.1120274914089],[1092.1738197424893,720.8364261168385],[1091.0906652360513,722.2852233676977],[1091.0906652360513,723.371821305842],[1090.7296137339056,723.371821305842],[1090.7296137339056,724.0962199312714],[1089.6464592274679,725.5450171821306],[1089.2854077253219,728.080412371134],[1088.924356223176,728.080412371134],[1088.924356223176,729.1670103092783],[1088.56330472103,729.1670103092783],[1088.56330472103,730.2536082474227],[1088.2022532188842,730.2536082474227],[1087.8412017167382,731.7024054982818]]}},{"type":"Feature","id":"region-border-002-027-001","properties":{"id":"region-border-002-027-001","type":"region-border","countryId":"country-019","leftRegionId":"region-028","rightRegionId":"region-027"},"geometry":{"type":"LineString","coordinates":[[1095.4232832618027,706.7106529209622],[1096.1453862660944,706.3484536082474],[1096.1453862660944,705.6240549828178],[1096.8674892703862,704.8996563573883],[1097.5895922746781,700.1910652920963],[1097.950643776824,700.1910652920963],[1097.950643776824,697.6556701030928],[1098.3116952789699,697.6556701030928],[1098.6727467811158,695.8446735395189],[1099.7559012875536,694.7580756013746],[1101.922210300429,694.033676975945],[1103.7274678111587,691.8604810996563],[1108.4211373390558,691.8604810996563],[1108.4211373390558,692.2226804123711],[1109.5042918454935,691.8604810996563],[1110.5874463519312,690.4116838487972],[1110.5874463519312,688.2384879725086],[1111.6706008583692,686.7896907216494],[1113.4758583690987,686.4274914089347],[1113.4758583690987,686.0652920962199],[1116.364270386266,685.7030927835051]]}},{"type":"Feature","id":"region-border-003-008-001","properties":{"id":"region-border-003-008-001","type":"region-border","countryId":"country-019","leftRegionId":"region-010","rightRegionId":"region-009"},"geometry":{"type":"LineString","coordinates":[[1190.3798283261804,505.6900343642611],[1190.7408798283261,505.6900343642611],[1191.101931330472,504.241237113402],[1193.9903433476395,502.06804123711345],[1200.489270386266,502.06804123711345],[1200.489270386266,502.4302405498281],[1201.5724248927038,502.7924398625429],[1202.6555793991415,505.32783505154634],[1204.0997854077252,506.4144329896907],[1205.543991416309,506.4144329896907],[1205.543991416309,506.0522336769759],[1207.3492489270386,505.6900343642611],[1207.3492489270386,505.32783505154634],[1209.1545064377683,505.32783505154634],[1210.237660944206,506.4144329896907],[1210.9597639484978,506.4144329896907],[1211.3208154506437,507.501030927835],[1211.6818669527897,507.501030927835],[1211.3208154506437,509.3120274914089],[1210.9597639484978,509.3120274914089],[1210.9597639484978,511.84742268041236],[1211.3208154506437,511.84742268041236],[1212.4039699570815,514.7450171821306],[1212.0429184549357,514.7450171821306],[1211.6818669527897,515.8316151202749],[1208.0713519313304,516.5560137457045],[1205.182939914163,519.8158075601375],[1204.4608369098712,519.8158075601375],[1204.0997854077252,520.540206185567],[1203.3776824034335,520.540206185567],[1202.6555793991415,521.2646048109965],[1200.850321888412,521.6268041237113],[1200.850321888412,521.2646048109965],[1199.767167381974,521.2646048109965],[1199.767167381974,520.9024054982817],[1198.3229613733906,520.9024054982817],[1197.9619098712446,519.8158075601375],[1196.156652360515,518.0048109965636],[1196.156652360515,515.8316151202749],[1196.517703862661,515.8316151202749],[1196.517703862661,514.3828178694158],[1196.8787553648067,514.3828178694158],[1196.8787553648067,513.2962199312715],[1197.2398068669527,513.2962199312715],[1197.2398068669527,512.2096219931271],[1197.6008583690987,512.2096219931271],[1197.2398068669527,511.1230240549828],[1192.1850858369098,510.39862542955325],[1190.3798283261804,508.2254295532646],[1190.3798283261804,505.6900343642611]]}},{"type":"Feature","id":"region-border-004-006-001","properties":{"id":"region-border-004-006-001","type":"region-border","countryId":"country-019","leftRegionId":"region-020","rightRegionId":"region-022"},"geometry":{"type":"LineString","coordinates":[[1198.3229613733906,635.719587628866],[1198.3229613733906,636.4439862542955],[1197.2398068669527,636.8061855670103],[1195.4345493562232,638.6171821305842],[1195.4345493562232,639.7037800687285],[1195.0734978540772,639.7037800687285],[1195.0734978540772,641.8769759450172],[1195.4345493562232,641.8769759450172],[1195.4345493562232,642.9635738831615],[1195.7956008583692,642.9635738831615],[1195.7956008583692,644.0501718213059],[1196.156652360515,644.0501718213059],[1196.156652360515,645.498969072165],[1195.7956008583692,645.498969072165],[1195.4345493562232,646.9477663230241],[1194.7124463519312,647.3099656357388],[1194.7124463519312,648.0343642611683],[1193.9903433476395,648.7587628865979],[1193.9903433476395,649.8453608247422]]}},{"type":"Feature","id":"region-border-004-007-001","properties":{"id":"region-border-004-007-001","type":"region-border","countryId":"country-019","leftRegionId":"region-020","rightRegionId":"region-021"},"geometry":{"type":"LineString","coordinates":[[1193.9903433476395,649.8453608247422],[1196.517703862661,650.9319587628866],[1197.2398068669527,651.6563573883161],[1197.2398068669527,653.1051546391752],[1196.517703862661,653.8295532646048],[1194.3513948497853,654.5539518900343],[1192.9071888412018,656.0027491408935],[1192.9071888412018,656.727147766323],[1192.1850858369098,657.0893470790378],[1192.5461373390558,660.3491408934708],[1193.2682403433475,661.0735395189004],[1197.2398068669527,661.4357388316151],[1197.2398068669527,661.7979381443299],[1200.12821888412,661.0735395189004],[1200.850321888412,659.986941580756],[1203.3776824034335,659.986941580756],[1203.7387339055795,660.3491408934708],[1204.4608369098712,665.0577319587629],[1205.182939914163,665.0577319587629],[1205.905042918455,665.7821305841924],[1208.7934549356223,666.1443298969072],[1209.1545064377683,666.8687285223367],[1210.237660944206,667.2309278350515],[1210.237660944206,667.955326460481],[1210.9597639484978,668.6797250859106],[1210.9597639484978,670.1285223367697],[1212.0429184549357,670.4907216494845],[1212.0429184549357,670.8529209621993],[1213.4871244635192,670.8529209621993],[1214.2092274678112,671.5773195876288],[1214.2092274678112,672.3017182130584],[1215.2923819742489,673.7505154639175],[1215.2923819742489,674.8371134020618],[1215.6534334763949,674.8371134020618],[1216.0144849785406,682.0810996563574],[1216.3755364806866,682.0810996563574],[1216.7365879828326,684.9786941580755],[1217.0976394849786,684.9786941580755],[1217.1047189261972,685.0]]}},{"type":"Feature","id":"region-border-004-014-001","properties":{"id":"region-border-004-014-001","type":"region-border","countryId":"country-019","leftRegionId":"region-020","rightRegionId":"region-019"},"geometry":{"type":"LineString","coordinates":[[1198.3229613733906,635.719587628866],[1200.12821888412,635.719587628866],[1200.12821888412,636.0817869415807],[1201.5724248927038,636.4439862542955],[1201.9334763948498,637.1683848797251],[1203.3776824034335,637.5305841924398],[1203.7387339055795,638.2549828178694],[1204.4608369098712,638.2549828178694],[1204.8218884120172,639.3415807560137],[1205.182939914163,639.3415807560137],[1205.182939914163,641.5147766323024],[1205.905042918455,642.239175257732],[1206.6271459227469,642.239175257732],[1207.7103004291846,643.3257731958763],[1210.5987124463518,644.0501718213059],[1210.9597639484978,645.8611683848798],[1211.3208154506437,645.8611683848798],[1211.6818669527897,649.1209621993127],[1212.7650214592275,649.4831615120274],[1212.7650214592275,649.8453608247422],[1216.0144849785406,649.8453608247422],[1216.0144849785406,650.207560137457],[1216.7365879828326,650.207560137457],[1217.0976394849786,651.6563573883161],[1217.4586909871246,651.6563573883161],[1217.4586909871246,652.7429553264604],[1217.8197424892703,652.7429553264604],[1217.4586909871246,654.5539518900343],[1217.0976394849786,654.5539518900343],[1217.0976394849786,655.6405498281787],[1217.4586909871246,655.6405498281787],[1217.8197424892703,657.0893470790378],[1218.902896995708,657.4515463917526],[1219.263948497854,658.1759450171821],[1222.1523605150214,658.9003436426117],[1222.1523605150214,659.2625429553265],[1223.9576180257511,658.9003436426117],[1224.6797210300429,658.1759450171821],[1225.4018240343348,655.2783505154639],[1225.7628755364806,655.2783505154639],[1226.1239270386266,652.0185567010309],[1226.4849785407725,652.0185567010309],[1227.5681330472103,649.1209621993127],[1229.012339055794,647.6721649484535],[1229.012339055794,646.9477663230241],[1230.8175965665237,645.498969072165],[1231.1786480686694,643.6879725085911],[1231.9007510729614,642.9635738831615],[1231.9007510729614,641.8769759450172],[1232.2618025751071,641.8769759450172],[1232.2618025751071,640.7903780068729],[1232.6228540772531,640.7903780068729],[1232.983905579399,639.7037800687285],[1234.4281115879828,639.7037800687285],[1234.4281115879828,639.3415807560137],[1241.2880901287554,639.7037800687285],[1241.2880901287554,639.3415807560137],[1243.0933476394848,639.3415807560137],[1243.0933476394848,638.979381443299],[1244.1765021459228,638.979381443299],[1244.1765021459228,638.6171821305842],[1247.425965665236,638.979381443299],[1247.425965665236,638.6171821305842],[1249.5922746781116,638.6171821305842],[1249.5922746781116,638.2549828178694],[1250.6754291845493,638.2549828178694],[1250.6754291845493,637.8927835051546],[1254.6469957081545,637.8927835051546],[1254.6469957081545,638.2549828178694],[1256.0912017167382,638.6171821305842],[1258.2575107296138,641.5147766323024],[1257.8964592274679,643.3257731958763],[1257.174356223176,644.0501718213059],[1256.4522532188842,644.0501718213059],[1256.0912017167382,645.1367697594502],[1255.7301502145922,645.1367697594502],[1256.4522532188842,647.3099656357388],[1257.8964592274679,648.3965635738831],[1262.9511802575107,648.3965635738831],[1263.3122317596567,649.4831615120274],[1263.6732832618027,649.4831615120274],[1263.6732832618027,652.3807560137457],[1265.4785407725321,652.7429553264604],[1265.4785407725321,652.3807560137457],[1267.2837982832618,652.3807560137457],[1267.2837982832618,652.0185567010309],[1269.0890557939915,652.0185567010309],[1269.0890557939915,651.6563573883161],[1270.894313304721,651.6563573883161],[1270.894313304721,651.2941580756013],[1273.4216738197424,650.9319587628866],[1273.7827253218884,649.1209621993127],[1274.1437768240344,649.1209621993127],[1274.1437768240344,646.9477663230241],[1273.7827253218884,646.9477663230241],[1273.7827253218884,646.2233676975945],[1272.6995708154507,644.7745704467354],[1272.6995708154507,642.9635738831615],[1274.8658798283261,640.7903780068729],[1274.8658798283261,640.0659793814433],[1275.5879828326179,639.7037800687285],[1275.5879828326179,638.979381443299],[1275.9490343347638,638.979381443299],[1276.3100858369098,637.5305841924398],[1277.0321888412018,637.1683848797251],[1277.0321888412018,637.0]]}},{"type":"Feature","id":"region-border-005-013-001","properties":{"id":"region-border-005-013-001","type":"region-border","countryId":"country-019","leftRegionId":"region-005","rightRegionId":"region-015"},"geometry":{"type":"LineString","coordinates":[[1344.5488197424893,465.485910652921],[1344.9098712446353,467.2969072164948],[1344.5488197424893,467.2969072164948],[1343.4656652360513,475.9896907216495]]}},{"type":"Feature","id":"region-border-005-020-001","properties":{"id":"region-border-005-020-001","type":"region-border","countryId":"country-019","leftRegionId":"region-005","rightRegionId":"region-004"},"geometry":{"type":"LineString","coordinates":[[1326.5355954808374,427.0],[1326.857296137339,432.1635738831615],[1327.9404506437768,432.52577319587624],[1327.9404506437768,432.887972508591],[1330.1067596566522,433.2501718213058],[1331.5509656652362,434.6989690721649],[1331.912017167382,436.5099656357388],[1332.273068669528,436.5099656357388],[1332.273068669528,439.04536082474226],[1331.912017167382,439.04536082474226],[1331.912017167382,440.1319587628866],[1331.5509656652362,440.1319587628866],[1331.1899141630902,442.30515463917527],[1330.8288626609442,442.30515463917527],[1331.1899141630902,448.46254295532646],[1331.5509656652362,448.46254295532646],[1332.6341201716737,451.36013745704463],[1335.883583690987,454.61993127147764],[1335.883583690987,455.3443298969072],[1338.7719957081545,457.51752577319587],[1338.7719957081545,458.24192439862543],[1339.4940987124464,458.966323024055],[1340.2162017167382,462.5883161512028],[1340.93830472103,463.31271477663233],[1341.6604077253219,463.31271477663233],[1342.3825107296138,464.39931271477667],[1343.1046137339056,464.39931271477667],[1343.8267167381973,465.485910652921],[1344.5488197424893,465.485910652921]]}},{"type":"Feature","id":"region-border-005-023-001","properties":{"id":"region-border-005-023-001","type":"region-border","countryId":"country-019","leftRegionId":"region-005","rightRegionId":"region-016"},"geometry":{"type":"LineString","coordinates":[[1312.776287553648,499.1704467353952],[1316.7478540772531,499.53264604811],[1318.1920600858368,500.61924398625433],[1319.2752145922746,500.61924398625433],[1319.2752145922746,500.9814432989691],[1320.3583690987125,500.9814432989691],[1320.3583690987125,501.3436426116839],[1321.4415236051502,501.3436426116839],[1321.4415236051502,501.70584192439867],[1324.6909871244634,501.3436426116839],[1325.0520386266094,500.25704467353955],[1325.4130901287554,500.25704467353955],[1325.4130901287554,499.1704467353952],[1325.7741416309013,499.1704467353952],[1326.1351931330473,495.5484536082474],[1326.496244635193,495.5484536082474],[1326.496244635193,494.0996563573883],[1326.857296137339,494.0996563573883],[1327.2183476394848,492.2886597938144],[1328.6625536480688,491.92646048109964],[1330.1067596566522,490.8398625429553],[1330.1067596566522,490.11546391752574],[1329.3846566523605,489.3910652920962],[1328.3015021459228,489.3910652920962],[1328.3015021459228,489.0288659793814],[1327.2183476394848,488.66666666666663],[1327.5793991416308,486.1312714776632],[1332.9951716738196,481.78487972508594],[1335.161480686695,476.71408934707904],[1336.605686695279,475.2652920962199],[1340.577253218884,475.2652920962199],[1340.577253218884,475.6274914089347],[1343.4656652360513,475.9896907216495]]}},{"type":"Feature","id":"region-border-005-026-001","properties":{"id":"region-border-005-026-001","type":"region-border","countryId":"country-019","leftRegionId":"region-005","rightRegionId":"region-006"},"geometry":{"type":"LineString","coordinates":[[1283.5311158798283,439.04536082474226],[1283.5311158798283,441.21855670103093],[1283.1700643776824,441.21855670103093],[1283.1700643776824,443.7539518900344],[1283.5311158798283,444.11615120274917],[1285.336373390558,444.47835051546394],[1285.336373390558,444.11615120274917],[1287.1416309012875,444.11615120274917],[1287.1416309012875,443.7539518900344],[1290.7521459227469,443.7539518900344],[1291.1131974248926,444.8405498281787],[1290.7521459227469,444.8405498281787],[1290.391094420601,448.1003436426117],[1291.4742489270386,448.46254295532646],[1291.4742489270386,448.82474226804123],[1294.362660944206,449.186941580756],[1294.362660944206,449.91134020618557],[1294.7237124463518,449.91134020618557],[1294.362660944206,451.7223367697594],[1294.00160944206,451.7223367697594],[1294.00160944206,452.44673539518897],[1292.9184549356223,453.8955326460481],[1292.9184549356223,455.706529209622],[1292.5574034334763,455.706529209622],[1292.5574034334763,458.6041237113402],[1292.9184549356223,458.6041237113402],[1293.6405579399143,462.226116838488],[1293.2795064377683,462.226116838488],[1293.2795064377683,463.31271477663233],[1292.9184549356223,463.31271477663233],[1291.8353004291844,466.21030927835045],[1290.7521459227469,467.2969072164948],[1290.7521459227469,468.3835051546391],[1291.4742489270386,468.7457044673539],[1291.8353004291844,470.194501718213],[1294.00160944206,472.3676975945017],[1294.7237124463518,472.3676975945017],[1295.4458154506437,473.45429553264603],[1296.1679184549357,473.45429553264603],[1297.2510729613732,474.54089347079037],[1298.3342274678112,477.0762886597938],[1299.0563304721031,477.0762886597938],[1299.0563304721031,477.4384879725086],[1299.7784334763949,477.4384879725086],[1301.2226394849786,478.52508591065293],[1301.5836909871246,480.6982817869416],[1301.9447424892703,480.6982817869416],[1301.9447424892703,482.5092783505155],[1302.3057939914163,482.5092783505155],[1302.3057939914163,485.4068728522336],[1302.666845493562,485.4068728522336],[1302.666845493562,486.85567010309273],[1303.027896995708,486.85567010309273],[1303.75,489.0288659793814],[1305.1942060085837,490.4776632302405],[1307.3605150214592,490.8398625429553],[1310.2489270386266,493.013058419244],[1310.2489270386266,493.73745704467353],[1312.0541845493563,495.18625429553265],[1312.0541845493563,496.272852233677],[1312.4152360515022,496.272852233677],[1312.4152360515022,497.3594501718213],[1312.776287553648,497.3594501718213],[1312.776287553648,499.1704467353952]]}},{"type":"Feature","id":"region-border-006-007-001","properties":{"id":"region-border-006-007-001","type":"region-border","countryId":"country-019","leftRegionId":"region-022","rightRegionId":"region-021"},"geometry":{"type":"LineString","coordinates":[[1164.023068669528,648.7587628865979],[1164.7451716738196,648.7587628865979],[1165.1062231759656,649.4831615120274],[1167.272532188841,649.8453608247422],[1167.272532188841,650.207560137457],[1170.1609442060085,649.8453608247422],[1170.1609442060085,650.207560137457],[1171.6051502145922,650.207560137457],[1171.6051502145922,650.5697594501718],[1172.68830472103,650.5697594501718],[1172.68830472103,650.9319587628866],[1173.7714592274679,650.9319587628866],[1173.7714592274679,651.2941580756013],[1177.381974248927,651.6563573883161],[1177.381974248927,651.2941580756013],[1179.1872317596567,651.2941580756013],[1180.2703862660944,650.207560137457],[1179.9093347639484,648.7587628865979],[1178.4651287553647,647.3099656357388],[1178.4651287553647,646.2233676975945],[1179.1872317596567,645.498969072165],[1180.2703862660944,645.498969072165],[1180.2703862660944,645.1367697594502],[1182.075643776824,645.1367697594502],[1182.075643776824,645.498969072165],[1182.7977467811158,645.498969072165],[1182.7977467811158,645.8611683848798],[1183.5198497854076,645.8611683848798],[1183.5198497854076,646.2233676975945],[1184.2419527896996,646.2233676975945],[1184.2419527896996,646.5855670103093],[1184.9640557939915,646.5855670103093],[1186.408261802575,647.6721649484535],[1189.2966738197424,648.3965635738831],[1189.6577253218884,649.1209621993127],[1190.3798283261804,649.1209621993127],[1191.101931330472,649.8453608247422],[1192.1850858369098,649.8453608247422],[1192.1850858369098,650.207560137457],[1193.9903433476395,649.8453608247422]]}},{"type":"Feature","id":"region-border-006-014-001","properties":{"id":"region-border-006-014-001","type":"region-border","countryId":"country-019","leftRegionId":"region-022","rightRegionId":"region-019"},"geometry":{"type":"LineString","coordinates":[[1200.489270386266,611.0900343642611],[1200.12821888412,620.5072164948454],[1199.767167381974,620.5072164948454],[1199.4061158798283,622.3182130584192],[1197.2398068669527,624.1292096219931],[1197.2398068669527,624.8536082474227],[1196.517703862661,625.2158075601375],[1196.517703862661,625.940206185567],[1195.4345493562232,627.3890034364262],[1195.4345493562232,629.5621993127147],[1196.8787553648067,631.0109965635738],[1196.517703862661,634.2707903780068],[1197.2398068669527,634.9951890034364],[1197.9619098712446,634.9951890034364],[1198.3229613733906,635.719587628866]]}},{"type":"Feature","id":"region-border-006-017-001","properties":{"id":"region-border-006-017-001","type":"region-border","countryId":"country-019","leftRegionId":"region-022","rightRegionId":"region-013"},"geometry":{"type":"LineString","coordinates":[[1160.7736051502145,603.8460481099656],[1163.662017167382,604.5704467353952],[1163.662017167382,604.2082474226804],[1165.1062231759656,603.8460481099656],[1166.1893776824033,602.3972508591065],[1167.994635193133,602.0350515463917],[1172.3272532188842,606.3814432989691],[1173.049356223176,606.3814432989691],[1173.049356223176,606.7436426116839],[1173.7714592274679,606.7436426116839],[1173.7714592274679,607.1058419243986],[1174.4935622317596,607.1058419243986],[1174.4935622317596,607.4680412371134],[1175.2156652360513,607.4680412371134],[1175.2156652360513,607.8302405498282],[1175.9377682403433,607.8302405498282],[1175.9377682403433,608.192439862543],[1176.6598712446353,608.192439862543],[1178.1040772532187,609.2790378006873],[1180.2703862660944,608.9168384879725],[1180.9924892703862,608.192439862543],[1182.4366952789699,608.192439862543],[1185.3251072961373,611.8144329896907],[1186.047210300429,611.8144329896907],[1186.769313304721,612.5388316151202],[1187.8524678111587,612.5388316151202],[1187.8524678111587,612.901030927835],[1189.2966738197424,612.5388316151202],[1190.3798283261804,611.4522336769759],[1191.101931330472,609.2790378006873],[1191.8240343347638,608.9168384879725],[1191.8240343347638,608.192439862543],[1192.5461373390558,607.4680412371134],[1193.6292918454935,607.4680412371134],[1193.6292918454935,607.1058419243986],[1196.517703862661,606.0192439862543],[1197.9619098712446,607.4680412371134],[1198.6840128755364,609.6412371134021],[1199.767167381974,610.0034364261169],[1200.489270386266,611.0900343642611]]}},{"type":"Feature","id":"region-border-006-018-001","properties":{"id":"region-border-006-018-001","type":"region-border","countryId":"country-019","leftRegionId":"region-022","rightRegionId":"region-024"},"geometry":{"type":"LineString","coordinates":[[1140.9157725321888,628.1134020618557],[1141.2768240343348,628.8378006872853],[1144.1652360515022,629.9243986254295],[1145.24839055794,631.0109965635738],[1145.24839055794,631.7353951890034],[1145.9704935622317,632.4597938144329],[1146.3315450643777,636.4439862542955],[1149.219957081545,640.0659793814433],[1152.4694206008583,640.4281786941581],[1152.4694206008583,640.0659793814433],[1153.552575107296,640.0659793814433],[1153.552575107296,639.7037800687285],[1154.635729613734,639.7037800687285],[1154.635729613734,639.3415807560137],[1157.885193133047,639.3415807560137],[1157.885193133047,639.7037800687285],[1160.4125536480688,640.0659793814433],[1161.4957081545065,644.4123711340206],[1161.8567596566522,644.4123711340206],[1161.8567596566522,645.1367697594502],[1162.2178111587982,645.1367697594502],[1162.2178111587982,645.8611683848798],[1162.5788626609442,645.8611683848798],[1162.5788626609442,646.5855670103093],[1162.9399141630902,646.5855670103093],[1162.9399141630902,647.3099656357388],[1163.662017167382,647.6721649484535],[1164.023068669528,648.7587628865979]]}},{"type":"Feature","id":"region-border-006-021-001","properties":{"id":"region-border-006-021-001","type":"region-border","countryId":"country-019","leftRegionId":"region-022","rightRegionId":"region-023"},"geometry":{"type":"LineString","coordinates":[[1139.1105150214592,601.3106529209622],[1138.0273605150214,602.3972508591065],[1135.138948497854,603.4838487972509],[1134.777896995708,604.93264604811],[1138.0273605150214,608.192439862543],[1138.0273605150214,608.9168384879725],[1138.7494635193134,609.6412371134021],[1138.7494635193134,610.7278350515464],[1139.4715665236051,611.4522336769759],[1139.4715665236051,612.5388316151202],[1139.8326180257511,612.5388316151202],[1140.1936695278969,621.2316151202749],[1140.5547210300429,621.2316151202749],[1140.5547210300429,621.9560137457045],[1141.6378755364806,623.4048109965636],[1141.6378755364806,624.4914089347079],[1141.9989270386266,624.4914089347079],[1141.9989270386266,626.6646048109966],[1141.2768240343348,627.0268041237114],[1140.9157725321888,628.1134020618557]]}},{"type":"Feature","id":"region-border-006-022-001","properties":{"id":"region-border-006-022-001","type":"region-border","countryId":"country-019","leftRegionId":"region-022","rightRegionId":"region-012"},"geometry":{"type":"LineString","coordinates":[[1139.1105150214592,601.3106529209622],[1143.0820815450643,602.0350515463917],[1144.1652360515022,603.4838487972509],[1144.526287553648,605.2948453608248],[1146.3315450643777,606.7436426116839],[1154.635729613734,607.4680412371134],[1154.635729613734,607.8302405498282],[1156.8020386266094,607.8302405498282],[1156.8020386266094,608.192439862543],[1157.885193133047,608.192439862543],[1159.6904506437768,606.7436426116839],[1160.0515021459228,604.2082474226804],[1160.7736051502145,603.8460481099656]]}},{"type":"Feature","id":"region-border-007-018-001","properties":{"id":"region-border-007-018-001","type":"region-border","countryId":"country-019","leftRegionId":"region-021","rightRegionId":"region-024"},"geometry":{"type":"LineString","coordinates":[[1164.023068669528,648.7587628865979],[1162.5788626609442,649.1209621993127],[1162.5788626609442,649.4831615120274],[1159.3293991416308,649.4831615120274],[1159.3293991416308,649.8453608247422],[1158.607296137339,649.8453608247422],[1158.9683476394848,652.7429553264604],[1159.6904506437768,653.1051546391752],[1160.4125536480688,654.9161512027491],[1161.8567596566522,656.0027491408935],[1161.8567596566522,656.727147766323],[1164.023068669528,658.5381443298969],[1164.3841201716737,659.986941580756],[1163.300965665236,661.4357388316151],[1162.5788626609442,661.4357388316151],[1161.8567596566522,662.1601374570447],[1160.4125536480688,662.1601374570447],[1157.5241416309013,664.3333333333334],[1157.1630901287554,666.1443298969072],[1156.8020386266094,666.1443298969072],[1156.8020386266094,667.5931271477663],[1156.4409871244634,667.5931271477663],[1156.4409871244634,668.6797250859106],[1156.0799356223176,668.6797250859106],[1156.0799356223176,679.545704467354],[1156.4409871244634,679.545704467354],[1156.0799356223176,682.805498281787],[1156.4409871244634,682.805498281787],[1156.4409871244634,684.9786941580755],[1158.607296137339,687.8762886597938],[1158.246244635193,689.3250859106529],[1157.5241416309013,689.6872852233677],[1157.5241416309013,690.4116838487972],[1156.4409871244634,691.4982817869416],[1156.4409871244634,692.5848797250859]]}},{"type":"Feature","id":"region-border-008-010-001","properties":{"id":"region-border-008-010-001","type":"region-border","countryId":"country-019","leftRegionId":"region-009","rightRegionId":"region-011"},"geometry":{"type":"LineString","coordinates":[[1165.1062231759656,510.39862542955325],[1167.994635193133,510.760824742268],[1167.994635193133,510.39862542955325],[1169.0777896995708,510.39862542955325],[1169.0777896995708,510.03642611683847],[1173.4104077253219,510.03642611683847],[1175.2156652360513,511.4852233676976],[1175.2156652360513,512.2096219931271],[1176.2988197424893,513.6584192439863],[1177.743025751073,513.6584192439863],[1178.1040772532187,512.9340206185567],[1178.8261802575107,512.9340206185567],[1179.1872317596567,512.2096219931271],[1179.9093347639484,512.2096219931271],[1180.6314377682402,511.4852233676976],[1183.1587982832618,511.4852233676976],[1186.047210300429,513.6584192439863],[1186.408261802575,514.7450171821306],[1186.047210300429,514.7450171821306],[1185.6861587982833,516.1938144329897],[1183.5198497854076,517.280412371134],[1183.5198497854076,519.0914089347079],[1184.2419527896996,519.4536082474227],[1185.3251072961373,522.7134020618556],[1186.769313304721,523.8],[1188.5745708154507,523.8],[1188.5745708154507,523.4378006872852],[1189.6577253218884,523.4378006872852],[1189.6577253218884,523.0756013745704],[1192.5461373390558,523.0756013745704],[1193.6292918454935,524.5243986254295],[1193.6292918454935,525.6109965635738],[1192.9071888412018,526.3353951890034],[1192.1850858369098,529.2329896907216],[1192.9071888412018,529.9573883161512],[1193.2682403433475,532.8549828178694],[1193.6292918454935,532.8549828178694],[1193.6292918454935,534.3037800687285],[1193.9903433476395,534.3037800687285],[1193.9903433476395,536.839175257732],[1193.6292918454935,536.839175257732],[1193.6292918454935,539.0123711340206],[1193.2682403433475,539.0123711340206],[1193.2682403433475,542.9965635738831],[1193.9903433476395,543.7209621993127],[1195.7956008583692,544.0831615120275],[1195.7956008583692,543.7209621993127],[1196.8787553648067,543.7209621993127],[1198.3229613733906,542.2721649484536],[1200.489270386266,541.9099656357388],[1200.489270386266,542.2721649484536],[1201.5724248927038,542.2721649484536],[1203.3776824034335,544.807560137457],[1204.0997854077252,544.807560137457],[1205.543991416309,546.2563573883161],[1206.266094420601,546.2563573883161],[1206.9881974248926,546.9807560137457],[1208.0713519313304,546.9807560137457],[1208.7934549356223,547.7051546391752],[1210.237660944206,546.9807560137457],[1210.237660944206,545.5319587628866],[1210.9597639484978,544.807560137457],[1212.4039699570815,544.807560137457],[1212.7650214592275,545.5319587628866],[1213.4871244635192,545.5319587628866],[1215.2923819742489,547.3429553264605],[1215.2923819742489,548.4295532646048],[1215.6534334763949,548.4295532646048],[1215.2923819742489,552.0515463917526],[1215.6534334763949,552.0515463917526],[1216.0144849785406,553.5003436426117],[1217.0976394849786,554.586941580756],[1222.5134120171674,554.2247422680413],[1222.5134120171674,553.8625429553265],[1223.2355150214592,553.8625429553265],[1223.5965665236051,553.1381443298969],[1224.6797210300429,552.7759450171822]]}},{"type":"Feature","id":"region-border-008-012-001","properties":{"id":"region-border-008-012-001","type":"region-border","countryId":"country-019","leftRegionId":"region-009","rightRegionId":"region-014"},"geometry":{"type":"LineString","coordinates":[[1224.6797210300429,552.7759450171822],[1225.0407725321888,552.0515463917526],[1226.4849785407725,552.0515463917526],[1226.4849785407725,551.6893470790378],[1227.5681330472103,551.6893470790378],[1228.2902360515022,550.9649484536083],[1230.0954935622317,546.6185567010309],[1231.1786480686694,545.8941580756014],[1231.5396995708154,544.807560137457],[1233.706008583691,544.4453608247422]]}},{"type":"Feature","id":"region-border-008-016-001","properties":{"id":"region-border-008-016-001","type":"region-border","countryId":"country-019","leftRegionId":"region-009","rightRegionId":"region-008"},"geometry":{"type":"LineString","coordinates":[[1173.049356223176,476.71408934707904],[1174.8546137339056,476.71408934707904],[1174.8546137339056,476.35189003436426],[1176.2988197424893,475.9896907216495],[1179.1872317596567,473.09209621993125],[1180.9924892703862,473.09209621993125],[1181.3535407725321,474.1786941580756],[1182.075643776824,474.54089347079037],[1182.075643776824,475.2652920962199],[1182.7977467811158,475.6274914089347],[1182.7977467811158,476.35189003436426],[1183.5198497854076,477.0762886597938],[1184.9640557939915,477.4384879725086],[1184.9640557939915,477.8006872852234],[1186.047210300429,477.8006872852234],[1187.8524678111587,475.2652920962199],[1188.5745708154507,475.2652920962199],[1189.2966738197424,474.54089347079037],[1190.3798283261804,474.54089347079037],[1191.8240343347638,475.9896907216495],[1191.8240343347638,476.71408934707904],[1192.5461373390558,476.71408934707904],[1193.2682403433475,477.8006872852234],[1193.9903433476395,477.8006872852234],[1195.7956008583692,479.61168384879727],[1195.7956008583692,480.3360824742268],[1196.8787553648067,481.0604810996564],[1196.8787553648067,481.78487972508594],[1197.9619098712446,482.8714776632303],[1198.6840128755364,482.8714776632303],[1199.767167381974,484.3202749140893],[1201.5724248927038,485.04467353951884],[1202.6555793991415,486.1312714776632],[1202.6555793991415,486.85567010309273],[1203.3776824034335,487.2178694158075],[1203.3776824034335,487.94226804123707],[1204.0997854077252,487.94226804123707],[1204.0997854077252,488.30446735395185],[1205.182939914163,487.94226804123707],[1205.905042918455,484.3202749140893],[1207.7103004291846,482.5092783505155],[1211.3208154506437,482.5092783505155],[1212.0429184549357,483.23367697594506],[1214.5702789699571,483.59587628865984]]}},{"type":"Feature","id":"region-border-008-019-001","properties":{"id":"region-border-008-019-001","type":"region-border","countryId":"country-019","leftRegionId":"region-009","rightRegionId":"region-003"},"geometry":{"type":"LineString","coordinates":[[1173.049356223176,476.71408934707904],[1172.68830472103,478.16288659793815],[1172.3272532188842,478.16288659793815],[1172.3272532188842,481.78487972508594],[1172.68830472103,481.78487972508594],[1172.68830472103,482.8714776632303],[1173.049356223176,482.8714776632303],[1173.049356223176,485.04467353951884],[1174.4935622317596,486.49347079037796],[1174.8546137339056,489.0288659793814],[1175.2156652360513,489.0288659793814],[1174.8546137339056,490.11546391752574],[1174.4935622317596,490.11546391752574],[1173.7714592274679,493.37525773195875],[1173.4104077253219,493.37525773195875],[1173.4104077253219,498.80824742268044],[1173.049356223176,498.80824742268044],[1172.68830472103,500.61924398625433],[1171.2440987124464,502.06804123711345],[1169.7998927038625,502.4302405498281],[1169.4388412017167,503.15463917525767],[1168.716738197425,503.15463917525767],[1166.9114806866953,504.96563573883157],[1166.9114806866953,505.6900343642611],[1166.1893776824033,506.4144329896907],[1166.1893776824033,507.501030927835],[1165.8283261802576,507.501030927835],[1165.8283261802576,508.58762886597935],[1165.1062231759656,509.3120274914089],[1165.1062231759656,510.39862542955325]]}},{"type":"Feature","id":"region-border-008-028-001","properties":{"id":"region-border-008-028-001","type":"region-border","countryId":"country-019","leftRegionId":"region-009","rightRegionId":"region-007"},"geometry":{"type":"LineString","coordinates":[[1214.5702789699571,483.59587628865984],[1214.931330472103,484.68247422680406],[1216.3755364806866,485.7690721649484],[1216.3755364806866,489.3910652920962],[1216.0144849785406,489.3910652920962],[1216.0144849785406,491.56426116838486],[1215.6534334763949,491.56426116838486],[1216.0144849785406,494.82405498281787],[1217.4586909871246,496.272852233677],[1218.5418454935623,496.272852233677],[1218.5418454935623,496.63505154639176],[1219.263948497854,496.63505154639176],[1219.263948497854,496.272852233677],[1223.2355150214592,496.63505154639176],[1225.0407725321888,498.0838487972509],[1225.0407725321888,499.1704467353952],[1225.4018240343348,499.1704467353952],[1225.4018240343348,501.3436426116839],[1225.0407725321888,501.3436426116839],[1224.6797210300429,502.7924398625429],[1222.8744635193134,503.51683848797245],[1222.8744635193134,503.87903780068723],[1220.7081545064377,503.87903780068723],[1219.625,504.96563573883157],[1219.625,507.13883161512024],[1219.986051502146,507.13883161512024],[1219.986051502146,508.2254295532646],[1220.3471030042917,508.2254295532646],[1221.0692060085837,514.020618556701],[1220.7081545064377,514.020618556701],[1220.7081545064377,515.1072164948454],[1219.986051502146,515.4694158075602],[1219.986051502146,516.1938144329897],[1218.902896995708,517.6426116838488],[1218.5418454935623,522.3512027491408],[1218.902896995708,522.3512027491408],[1218.902896995708,523.4378006872852],[1219.263948497854,523.4378006872852],[1219.263948497854,524.1621993127147],[1220.3471030042917,525.6109965635738],[1220.3471030042917,527.059793814433],[1221.7913090128754,528.8707903780069],[1222.8744635193134,528.8707903780069],[1222.8744635193134,529.2329896907216],[1223.9576180257511,529.2329896907216],[1223.9576180257511,529.5951890034364],[1224.3186695278969,529.2329896907216],[1226.1239270386266,529.2329896907216],[1226.1239270386266,529.5951890034364],[1229.012339055794,530.6817869415808],[1230.4565450643777,532.1305841924399],[1231.1786480686694,535.3903780068729],[1231.9007510729614,535.7525773195877],[1231.9007510729614,536.4769759450172],[1233.344957081545,537.5635738831616],[1233.344957081545,538.2879725085911],[1234.0670600858368,539.0123711340206],[1234.0670600858368,544.0831615120275],[1233.706008583691,544.4453608247422]]}},{"type":"Feature","id":"region-border-009-024-001","properties":{"id":"region-border-009-024-001","type":"region-border","countryId":"country-019","leftRegionId":"region-030","rightRegionId":"region-029"},"geometry":{"type":"LineString","coordinates":[[1068.0,748.1741323407015],[1068.3444206008583,748.0013745704467],[1068.3444206008583,746.5525773195876],[1068.7054721030042,746.5525773195876],[1068.7054721030042,745.4659793814433],[1068.3444206008583,745.4659793814433],[1068.3444206008583,742.9305841924398],[1068.7054721030042,742.568384879725],[1071.9549356223176,742.2061855670103],[1071.9549356223176,741.8439862542956],[1073.3991416309013,741.4817869415808],[1073.760193133047,740.7573883161513],[1074.482296137339,740.7573883161513],[1074.8433476394848,740.0329896907217],[1075.5654506437768,740.0329896907217],[1075.5654506437768,739.6707903780069],[1076.2875536480688,739.6707903780069],[1077.7317596566522,738.5841924398626],[1079.1759656652362,738.5841924398626],[1079.1759656652362,738.2219931271478],[1080.2591201716737,738.2219931271478],[1080.2591201716737,737.859793814433],[1081.7033261802576,737.4975945017183],[1082.7864806866953,736.0487972508591],[1083.508583690987,736.0487972508591],[1083.508583690987,735.3243986254296],[1087.1190987124464,731.7024054982818],[1087.8412017167382,731.7024054982818]]}},{"type":"Feature","id":"region-border-009-029-001","properties":{"id":"region-border-009-029-001","type":"region-border","countryId":"country-019","leftRegionId":"region-030","rightRegionId":"region-031"},"geometry":{"type":"LineString","coordinates":[[1103.7274678111587,766.4735395189003],[1105.5327253218884,766.4735395189003],[1105.5327253218884,766.1113402061856],[1106.6158798283261,766.1113402061856],[1106.6158798283261,765.7491408934708],[1107.6990343347638,765.7491408934708],[1107.6990343347638,765.386941580756],[1108.7821888412018,765.386941580756],[1108.7821888412018,765.0247422680412],[1109.8653433476395,765.0247422680412],[1109.8653433476395,764.6625429553264],[1111.3095493562232,764.6625429553264],[1111.3095493562232,764.3003436426117],[1116.00321888412,764.3003436426117],[1119.6137339055795,767.1979381443299],[1119.6137339055795,767.9223367697595],[1120.6968884120172,769.3711340206186],[1121.418991416309,769.3711340206186],[1121.418991416309,769.7333333333333],[1125.0295064377683,769.7333333333333],[1126.4737124463518,770.8199312714777],[1127.5568669527897,770.8199312714777],[1127.5568669527897,771.1821305841925],[1128.6400214592275,771.1821305841925],[1128.6400214592275,771.5443298969072],[1130.4452789699571,771.5443298969072],[1130.4452789699571,771.906529209622],[1136.5831545064377,771.906529209622],[1136.5831545064377,771.5443298969072],[1138.0273605150214,771.5443298969072],[1138.0273605150214,771.1821305841925],[1138.7494635193134,771.1821305841925],[1138.7494635193134,770.8199312714777],[1139.4715665236051,770.8199312714777],[1139.4715665236051,770.4577319587629],[1140.1936695278969,770.4577319587629],[1140.1936695278969,770.0955326460481],[1140.9157725321888,770.0955326460481],[1142.3599785407725,769.0089347079038],[1147.0536480686694,769.0089347079038]]}},{"type":"Feature","id":"region-border-010-012-001","properties":{"id":"region-border-010-012-001","type":"region-border","countryId":"country-019","leftRegionId":"region-011","rightRegionId":"region-014"},"geometry":{"type":"LineString","coordinates":[[1224.6797210300429,552.7759450171822],[1225.7628755364806,555.6735395189004],[1225.4018240343348,555.6735395189004],[1225.0407725321888,559.2955326460481],[1224.6797210300429,559.2955326460481],[1224.6797210300429,560.0199312714776],[1223.9576180257511,560.3821305841924],[1223.9576180257511,561.4687285223367],[1223.5965665236051,561.4687285223367],[1223.9576180257511,565.4529209621993],[1225.4018240343348,566.5395189003436],[1226.4849785407725,566.5395189003436],[1226.4849785407725,566.9017182130584],[1227.2070815450643,566.9017182130584],[1227.2070815450643,567.2639175257732],[1227.9291845493563,567.2639175257732],[1229.37339055794,568.3505154639175],[1230.4565450643777,568.3505154639175],[1230.4565450643777,568.7127147766323],[1231.9007510729614,569.0749140893471],[1234.0670600858368,571.6103092783505],[1235.1502145922746,571.9725085910653],[1234.7891630901288,574.145704467354],[1234.0670600858368,574.8701030927834],[1233.344957081545,574.8701030927834],[1232.983905579399,575.594501718213],[1232.2618025751071,575.594501718213],[1231.9007510729614,576.3189003436426],[1231.1786480686694,576.3189003436426],[1230.0954935622317,577.4054982817869],[1229.7344420600857,578.854295532646]]}},{"type":"Feature","id":"region-border-010-017-001","properties":{"id":"region-border-010-017-001","type":"region-border","countryId":"country-019","leftRegionId":"region-011","rightRegionId":"region-013"},"geometry":{"type":"LineString","coordinates":[[1158.9683476394848,582.8384879725086],[1159.3293991416308,582.114089347079],[1161.1346566523605,581.3896907216495],[1162.2178111587982,579.9408934707903],[1162.2178111587982,575.594501718213],[1162.5788626609442,575.594501718213],[1162.5788626609442,574.8701030927834],[1166.1893776824033,573.0591065292097],[1166.1893776824033,572.3347079037801],[1166.9114806866953,571.6103092783505],[1166.9114806866953,568.7127147766323],[1167.272532188841,568.7127147766323],[1167.272532188841,567.626116838488],[1167.994635193133,566.9017182130584],[1170.5219957081545,567.2639175257732],[1170.8830472103004,569.0749140893471],[1171.6051502145922,569.7993127147766],[1172.3272532188842,573.7835051546392],[1174.8546137339056,574.145704467354],[1174.8546137339056,573.7835051546392],[1176.2988197424893,573.7835051546392],[1176.2988197424893,573.4213058419244],[1177.381974248927,573.4213058419244],[1177.381974248927,573.0591065292097],[1178.4651287553647,572.6969072164949],[1178.8261802575107,570.1615120274914],[1179.1872317596567,570.1615120274914],[1179.5482832618027,568.7127147766323],[1180.2703862660944,568.7127147766323],[1180.2703862660944,568.3505154639175],[1182.4366952789699,568.3505154639175],[1182.4366952789699,568.7127147766323],[1183.8809012875536,569.0749140893471],[1184.6030042918455,570.1615120274914],[1185.3251072961373,570.1615120274914],[1185.6861587982833,570.885910652921],[1187.130364806867,570.885910652921],[1188.2135193133047,568.3505154639175],[1190.7408798283261,566.1773195876289],[1192.5461373390558,566.1773195876289],[1192.5461373390558,565.8151202749141],[1203.7387339055795,565.8151202749141],[1203.7387339055795,566.1773195876289],[1205.182939914163,566.5395189003436],[1205.543991416309,567.626116838488],[1205.905042918455,567.626116838488],[1205.543991416309,572.3347079037801],[1205.182939914163,572.3347079037801],[1204.4608369098712,575.9567010309278],[1205.905042918455,577.0432989690721],[1208.7934549356223,577.0432989690721],[1208.7934549356223,577.4054982817869],[1209.87660944206,577.4054982817869],[1209.87660944206,577.7676975945017],[1213.8481759656652,578.4920962199312],[1214.931330472103,579.5786941580756],[1216.0144849785406,582.4762886597938],[1217.0976394849786,583.2006872852234],[1217.0976394849786,583.9250859106529],[1218.5418454935623,585.373883161512],[1221.0692060085837,585.7360824742268],[1221.0692060085837,586.0982817869416],[1222.1523605150214,586.0982817869416],[1222.1523605150214,586.4604810996564],[1223.5965665236051,586.0982817869416],[1224.6797210300429,584.6494845360825],[1225.0407725321888,579.2164948453608],[1225.7628755364806,578.4920962199312],[1229.7344420600857,578.854295532646]]}},{"type":"Feature","id":"region-border-010-019-001","properties":{"id":"region-border-010-019-001","type":"region-border","countryId":"country-019","leftRegionId":"region-011","rightRegionId":"region-003"},"geometry":{"type":"LineString","coordinates":[[1136.5831545064377,532.1305841924399],[1138.3884120171674,532.1305841924399],[1138.3884120171674,532.4927835051546],[1139.8326180257511,532.4927835051546],[1139.8326180257511,532.8549828178694],[1142.7210300429183,532.8549828178694],[1142.7210300429183,533.2171821305842],[1149.9420600858368,532.8549828178694],[1149.9420600858368,532.4927835051546],[1152.4694206008583,532.1305841924399],[1152.4694206008583,531.7683848797251],[1156.8020386266094,531.4061855670103],[1156.8020386266094,531.0439862542955],[1162.2178111587982,530.319587628866],[1162.2178111587982,529.9573883161512],[1163.662017167382,529.9573883161512],[1163.662017167382,529.5951890034364],[1167.633583690987,529.5951890034364],[1167.633583690987,529.2329896907216],[1168.355686695279,529.2329896907216],[1168.716738197425,528.1463917525773],[1169.0777896995708,528.1463917525773],[1169.0777896995708,527.059793814433],[1169.4388412017167,527.059793814433],[1169.4388412017167,525.6109965635738],[1169.7998927038625,525.6109965635738],[1169.4388412017167,523.8],[1167.633583690987,523.0756013745704],[1166.5504291845493,521.9890034364261],[1164.3841201716737,521.6268041237113],[1162.2178111587982,519.0914089347079],[1162.2178111587982,517.280412371134],[1162.5788626609442,517.280412371134],[1162.5788626609442,516.5560137457045],[1163.300965665236,516.1938144329897],[1163.300965665236,515.4694158075602],[1164.3841201716737,514.020618556701],[1164.3841201716737,510.760824742268],[1165.1062231759656,510.39862542955325]]}},{"type":"Feature","id":"region-border-010-022-001","properties":{"id":"region-border-010-022-001","type":"region-border","countryId":"country-019","leftRegionId":"region-011","rightRegionId":"region-012"},"geometry":{"type":"LineString","coordinates":[[1136.5831545064377,532.1305841924399],[1136.2221030042917,532.1305841924399],[1136.2221030042917,533.2171821305842],[1135.861051502146,533.2171821305842],[1135.861051502146,535.7525773195877],[1136.5831545064377,536.1147766323024],[1136.5831545064377,536.839175257732],[1137.3052575107295,536.839175257732],[1137.6663090128754,537.5635738831616],[1138.3884120171674,537.5635738831616],[1138.3884120171674,537.9257731958763],[1139.8326180257511,538.2879725085911],[1140.1936695278969,539.0123711340206],[1141.6378755364806,539.3745704467353],[1142.7210300429183,540.4611683848797],[1142.7210300429183,541.1855670103092],[1143.4431330472103,541.547766323024],[1143.4431330472103,542.2721649484536],[1144.887339055794,543.3587628865979],[1144.887339055794,545.1697594501718],[1144.526287553648,545.1697594501718],[1144.1652360515022,546.6185567010309],[1141.6378755364806,548.7917525773196],[1141.6378755364806,551.6893470790378],[1142.3599785407725,552.0515463917526],[1142.3599785407725,552.7759450171822],[1144.887339055794,555.3113402061856],[1145.6094420600857,555.3113402061856],[1146.3315450643777,556.3979381443299],[1147.0536480686694,556.3979381443299],[1147.7757510729614,557.4845360824742],[1148.4978540772531,557.4845360824742],[1148.858905579399,558.2089347079037],[1149.581008583691,558.2089347079037],[1150.6641630901288,559.2955326460481],[1150.6641630901288,561.106529209622],[1148.1368025751071,563.2797250859106],[1148.1368025751071,565.0907216494845],[1148.4978540772531,565.0907216494845],[1150.6641630901288,570.1615120274914],[1151.7473175965665,571.2481099656358],[1151.3862660944205,576.3189003436426],[1151.7473175965665,576.3189003436426],[1152.1083690987125,577.7676975945017],[1153.552575107296,578.854295532646],[1153.552575107296,579.5786941580756],[1154.635729613734,580.3030927835051],[1154.635729613734,581.0274914089347],[1157.1630901287554,582.114089347079],[1157.5241416309013,582.8384879725086],[1158.9683476394848,582.8384879725086]]}},{"type":"Feature","id":"region-border-011-012-001","properties":{"id":"region-border-011-012-001","type":"region-border","countryId":"country-019","leftRegionId":"region-018","rightRegionId":"region-014"},"geometry":{"type":"LineString","coordinates":[[1239.8438841201717,593.7044673539518],[1239.8438841201717,592.2556701030928],[1241.6491416309013,591.5312714776633],[1242.732296137339,590.4446735395189],[1244.8986051502145,590.4446735395189],[1244.8986051502145,590.8068728522337],[1246.3428111587982,590.8068728522337],[1246.3428111587982,591.1690721649485],[1247.425965665236,591.1690721649485],[1247.425965665236,591.5312714776633],[1248.5091201716737,591.1690721649485],[1248.8701716738196,589.3580756013746],[1249.2312231759656,589.3580756013746],[1249.5922746781116,587.5470790378007],[1249.9533261802576,587.5470790378007],[1250.3143776824033,583.2006872852234],[1252.119635193133,581.0274914089347],[1253.5638412017167,580.6652920962199],[1256.0912017167382,583.5628865979381],[1257.174356223176,583.5628865979381],[1258.6185622317596,582.4762886597938],[1260.7848712446353,582.114089347079],[1261.506974248927,581.3896907216495],[1261.506974248927,577.0432989690721],[1262.5901287553647,575.9567010309278],[1263.6732832618027,575.9567010309278],[1264.7564377682402,574.8701030927834],[1264.7564377682402,574.145704467354],[1265.1174892703862,574.145704467354],[1264.7564377682402,571.2481099656358],[1265.1174892703862,571.2481099656358],[1265.4785407725321,570.1615120274914],[1272.6995708154507,569.7993127147766],[1274.1437768240344,570.885910652921],[1274.1437768240344,571.6103092783505],[1274.8658798283261,572.3347079037801],[1274.8658798283261,575.2323024054982],[1276.3100858369098,576.3189003436426],[1278.1153433476395,576.3189003436426],[1278.1153433476395,576.6810996563573],[1279.1984978540772,576.6810996563573],[1280.642703862661,577.7676975945017],[1282.0869098712446,577.7676975945017],[1282.8090128755366,576.6810996563573],[1287.5026824034335,577.0432989690721],[1287.5026824034335,577.4054982817869],[1288.5858369098712,577.4054982817869],[1288.5858369098712,577.7676975945017],[1290.030042918455,577.7676975945017],[1290.030042918455,577.4054982817869],[1291.4742489270386,577.4054982817869],[1291.4742489270386,577.0432989690721],[1292.5574034334763,577.0432989690721],[1293.2795064377683,576.3189003436426],[1294.362660944206,576.3189003436426],[1295.8068669527897,575.2323024054982],[1296.1679184549357,571.2481099656358],[1296.5289699570815,571.2481099656358],[1296.8900214592275,569.4371134020619]]}},{"type":"Feature","id":"region-border-011-014-001","properties":{"id":"region-border-011-014-001","type":"region-border","countryId":"country-019","leftRegionId":"region-018","rightRegionId":"region-019"},"geometry":{"type":"LineString","coordinates":[[1261.145922746781,612.5388316151202],[1263.3122317596567,612.901030927835],[1266.9227467811158,608.9168384879725],[1269.4501072961373,608.9168384879725],[1270.172210300429,609.6412371134021],[1270.533261802575,611.8144329896907],[1270.894313304721,611.8144329896907],[1270.894313304721,616.160824742268],[1271.255364806867,616.160824742268],[1271.616416309013,617.9718213058419],[1273.4216738197424,617.9718213058419],[1275.226931330472,616.160824742268],[1276.6711373390558,615.7986254295532],[1279.5595493562232,612.901030927835],[1279.5595493562232,612.1766323024054],[1280.642703862661,611.4522336769759],[1280.642703862661,610.7278350515464],[1281.7258583690987,610.3656357388317],[1281.7258583690987,610.0034364261169],[1284.614270386266,610.0034364261169],[1284.614270386266,610.3656357388317],[1285.6974248927038,610.3656357388317],[1285.6974248927038,610.7278350515464],[1286.4195278969955,610.7278350515464],[1287.8637339055795,611.8144329896907],[1288.9468884120172,611.8144329896907],[1289.668991416309,612.5388316151202],[1292.0,613.0065154230684]]}},{"type":"Feature","id":"region-border-011-017-001","properties":{"id":"region-border-011-017-001","type":"region-border","countryId":"country-019","leftRegionId":"region-018","rightRegionId":"region-013"},"geometry":{"type":"LineString","coordinates":[[1239.8438841201717,593.7044673539518],[1240.5659871244634,594.7910652920962],[1241.2880901287554,594.7910652920962],[1242.732296137339,596.6020618556701],[1243.4543991416308,596.6020618556701],[1245.2596566523605,598.413058419244],[1245.2596566523605,599.1374570446735],[1245.9817596566522,599.8618556701031],[1245.9817596566522,600.9484536082474],[1246.3428111587982,600.9484536082474],[1247.425965665236,606.3814432989691],[1248.148068669528,606.7436426116839],[1248.148068669528,607.4680412371134],[1248.8701716738196,608.192439862543],[1257.5354077253219,610.0034364261169],[1257.5354077253219,610.3656357388317],[1258.2575107296138,610.3656357388317],[1258.6185622317596,611.0900343642611],[1260.0627682403433,611.4522336769759],[1261.145922746781,612.5388316151202]]}},{"type":"Feature","id":"region-border-011-030-001","properties":{"id":"region-border-011-030-001","type":"region-border","countryId":"country-019","leftRegionId":"region-018","rightRegionId":"region-017"},"geometry":{"type":"LineString","coordinates":[[1296.8900214592275,569.4371134020619],[1298.6952789699571,570.1615120274914],[1298.6952789699571,570.5237113402062],[1300.8615879828326,570.5237113402062],[1301.5836909871246,571.2481099656358],[1301.5836909871246,571.9725085910653],[1301.9447424892703,571.9725085910653],[1301.9447424892703,573.0591065292097],[1301.5836909871246,573.0591065292097],[1301.9447424892703,575.2323024054982],[1302.666845493562,575.2323024054982],[1303.027896995708,576.3189003436426],[1306.2773605150214,579.2164948453608],[1306.2773605150214,579.9408934707903],[1306.9994635193134,580.3030927835051],[1307.7215665236051,582.114089347079],[1309.8878755364808,583.9250859106529],[1309.8878755364808,584.6494845360825],[1311.570670132583,586.0]]}},{"type":"Feature","id":"region-border-012-017-001","properties":{"id":"region-border-012-017-001","type":"region-border","countryId":"country-019","leftRegionId":"region-014","rightRegionId":"region-013"},"geometry":{"type":"LineString","coordinates":[[1229.7344420600857,578.854295532646],[1230.4565450643777,583.2006872852234],[1231.1786480686694,583.2006872852234],[1232.6228540772531,585.0116838487972],[1233.344957081545,585.0116838487972],[1233.344957081545,585.373883161512],[1234.0670600858368,585.373883161512],[1235.5112660944205,586.4604810996564],[1235.5112660944205,587.5470790378007],[1234.7891630901288,588.2714776632303],[1234.0670600858368,588.2714776632303],[1234.0670600858368,591.1690721649485],[1234.4281115879828,591.1690721649485],[1234.7891630901288,592.6178694158076],[1235.8723175965665,593.7044673539518],[1238.038626609442,594.0666666666666],[1238.038626609442,594.4288659793814],[1239.8438841201717,593.7044673539518]]}},{"type":"Feature","id":"region-border-012-028-001","properties":{"id":"region-border-012-028-001","type":"region-border","countryId":"country-019","leftRegionId":"region-014","rightRegionId":"region-007"},"geometry":{"type":"LineString","coordinates":[[1233.706008583691,544.4453608247422],[1233.706008583691,547.3429553264605],[1235.5112660944205,548.06735395189],[1235.5112660944205,548.4295532646048],[1238.038626609442,548.4295532646048],[1238.038626609442,548.7917525773196],[1241.2880901287554,548.7917525773196],[1243.4543991416308,546.9807560137457],[1243.4543991416308,546.2563573883161],[1244.1765021459228,545.5319587628866],[1246.3428111587982,545.1697594501718],[1247.425965665236,546.6185567010309],[1247.425965665236,547.7051546391752],[1247.787017167382,547.7051546391752],[1247.425965665236,550.9649484536083],[1247.0649141630902,550.9649484536083],[1247.0649141630902,556.7601374570446],[1247.425965665236,556.7601374570446],[1247.787017167382,558.2089347079037],[1250.6754291845493,558.5711340206185],[1250.6754291845493,558.9333333333333],[1252.119635193133,558.9333333333333],[1252.119635193133,559.2955326460481],[1256.81330472103,558.2089347079037],[1257.8964592274679,557.1223367697594],[1258.6185622317596,553.8625429553265],[1259.7017167381973,553.5003436426117],[1259.7017167381973,553.1381443298969],[1267.2837982832618,552.7759450171822],[1267.2837982832618,552.4137457044674],[1269.4501072961373,552.0515463917526],[1269.8111587982833,551.327147766323],[1270.533261802575,551.327147766323],[1270.894313304721,550.6027491408935],[1272.6995708154507,549.8783505154639]]}},{"type":"Feature","id":"region-border-012-030-001","properties":{"id":"region-border-012-030-001","type":"region-border","countryId":"country-019","leftRegionId":"region-014","rightRegionId":"region-017"},"geometry":{"type":"LineString","coordinates":[[1272.6995708154507,549.8783505154639],[1273.0606223175964,549.8783505154639],[1273.0606223175964,550.6027491408935],[1273.7827253218884,550.6027491408935],[1275.5879828326179,552.4137457044674],[1275.9490343347638,554.2247422680413],[1277.0321888412018,554.9491408934708],[1277.0321888412018,555.6735395189004],[1277.7542918454935,556.3979381443299],[1277.7542918454935,560.7443298969072],[1279.1984978540772,562.5553264604811],[1282.4479613733906,563.6419243986254],[1282.4479613733906,563.2797250859106],[1283.5311158798283,563.2797250859106],[1283.5311158798283,562.9175257731958],[1285.336373390558,562.5553264604811],[1286.0584763948498,561.8309278350515],[1288.5858369098712,561.8309278350515],[1290.030042918455,563.2797250859106],[1290.7521459227469,563.2797250859106],[1291.1131974248926,564.0041237113402],[1293.2795064377683,564.7285223367697],[1294.00160944206,565.8151202749141],[1295.8068669527897,566.5395189003436],[1296.1679184549357,567.626116838488],[1296.8900214592275,567.9883161512028],[1296.8900214592275,569.4371134020619]]}},{"type":"Feature","id":"region-border-013-020-001","properties":{"id":"region-border-013-020-001","type":"region-border","countryId":"country-019","leftRegionId":"region-015","rightRegionId":"region-004"},"geometry":{"type":"MultiLineString","coordinates":[[[1344.5488197424893,465.485910652921],[1345.2709227467813,464.76151202749145],[1356.102467811159,465.1237113402062],[1356.102467811159,465.485910652921],[1358.2687768240344,466.21030927835045],[1359.351931330472,467.65910652920957],[1360.0740343347638,467.65910652920957],[1362.2403433476393,470.194501718213],[1364.406652360515,470.5567010309278],[1364.406652360515,470.194501718213],[1366.2119098712446,469.83230240549824],[1367.2950643776824,468.7457044673539],[1368.017167381974,465.485910652921],[1367.6561158798283,465.485910652921],[1367.6561158798283,464.03711340206183],[1366.9340128755366,463.31271477663233],[1366.9340128755366,462.226116838488],[1366.2119098712446,461.50171821305844],[1366.2119098712446,460.4151202749141],[1365.1287553648067,459.32852233676977],[1364.767703862661,456.43092783505153],[1362.6013948497853,453.8955326460481],[1362.9624463519312,451.36013745704463],[1365.4898068669527,449.186941580756],[1365.4898068669527,447.3759450171821],[1364.406652360515,446.2893470790378],[1364.0456008583692,444.8405498281787],[1364.767703862661,444.11615120274917],[1366.2119098712446,444.11615120274917],[1366.2119098712446,443.7539518900344],[1371.6276824034335,443.7539518900344],[1371.9887339055795,444.11615120274917],[1371.9887339055795,443.7539518900344],[1374.155042918455,443.7539518900344],[1374.155042918455,443.3917525773196],[1375.2381974248926,443.3917525773196],[1375.2381974248926,443.02955326460483],[1376.3213519313304,443.02955326460483],[1376.3213519313304,442.66735395189005],[1382.0981759656652,443.3917525773196],[1382.0981759656652,443.02955326460483],[1383.5423819742489,443.02955326460483],[1383.5423819742489,442.66735395189005],[1385.7086909871246,442.30515463917527],[1386.4307939914163,441.5807560137457],[1387.513948497854,441.5807560137457],[1387.513948497854,441.21855670103093],[1388.9581545064377,440.85635738831616],[1390.0413090128754,439.7697594501718],[1390.7634120171674,436.8721649484536],[1392.207618025751,435.4233676975945],[1392.207618025751,434.6989690721649],[1393.2907725321888,433.2501718213058],[1393.2907725321888,432.1635738831615],[1393.6518240343348,432.1635738831615],[1394.3739270386266,429.99037800687285],[1395.0960300429183,429.99037800687285],[1395.0960300429183,429.62817869415807],[1397.6233905579397,429.99037800687285],[1404.4833690987125,436.8721649484536],[1405.2054721030042,436.8721649484536],[1408.0938841201717,439.7697594501718],[1408.8159871244634,439.7697594501718],[1408.8159871244634,440.1319587628866],[1410.2601931330473,440.4941580756014],[1410.621244635193,441.21855670103093],[1413.5096566523605,442.30515463917527],[1415.6759656652362,444.47835051546394],[1418.2033261802576,444.8405498281787],[1419.286480686695,445.927147766323],[1421.4527896995708,446.65154639175256],[1422.1748927038625,447.3759450171821],[1422.5359442060085,448.82474226804123],[1422.8969957081545,448.82474226804123],[1423.2580472103004,450.6357388316151],[1426.5075107296138,450.99793814432985],[1426.5075107296138,451.36013745704463],[1429.0348712446353,451.36013745704463],[1429.756974248927,452.0845360824742],[1430.8401287553647,452.0845360824742],[1430.8401287553647,452.44673539518897],[1432.2843347639484,452.80893470790375],[1432.6453862660944,453.5333333333333],[1433.3674892703862,453.5333333333333],[1433.7285407725321,454.25773195876286],[1434.450643776824,454.25773195876286],[1435.1727467811158,454.9821305841924],[1438.0,455.7556509318921]],[[1438.8931073259985,456.0],[1439.0,456.02924522565155]]]}},{"type":"Feature","id":"region-border-013-023-001","properties":{"id":"region-border-013-023-001","type":"region-border","countryId":"country-019","leftRegionId":"region-015","rightRegionId":"region-016"},"geometry":{"type":"LineString","coordinates":[[1343.4656652360513,475.9896907216495],[1344.9098712446353,477.0762886597938],[1348.8814377682402,477.4384879725086],[1348.8814377682402,477.8006872852234],[1351.0477467811158,478.52508591065293],[1351.7698497854076,479.2494845360825],[1351.7698497854076,480.3360824742268],[1352.1309012875536,480.3360824742268],[1352.1309012875536,483.9580756013746],[1351.7698497854076,483.9580756013746],[1351.4087982832616,488.30446735395185],[1351.0477467811158,488.30446735395185],[1351.0477467811158,489.3910652920962],[1350.325643776824,489.75326460481097],[1350.325643776824,490.4776632302405],[1348.8814377682402,491.92646048109964],[1348.8814377682402,493.013058419244],[1349.9645922746781,493.73745704467353],[1350.325643776824,495.5484536082474],[1350.68669527897,495.5484536082474],[1350.68669527897,497.3594501718213],[1350.325643776824,497.3594501718213],[1350.325643776824,498.0838487972509],[1349.2424892703862,499.53264604811],[1349.2424892703862,503.15463917525767],[1351.0477467811158,505.32783505154634],[1353.2140557939915,505.6900343642611],[1353.2140557939915,505.32783505154634],[1354.297210300429,505.32783505154634],[1354.297210300429,504.96563573883157],[1355.741416309013,504.6034364261168],[1356.102467811159,503.87903780068723],[1361.1571888412018,502.7924398625429],[1361.5182403433478,501.70584192439867],[1361.8792918454935,501.70584192439867],[1361.8792918454935,500.61924398625433],[1362.2403433476393,500.61924398625433],[1362.2403433476393,498.80824742268044],[1363.6845493562232,497.3594501718213],[1366.5729613733906,497.3594501718213],[1366.5729613733906,496.99725085910654],[1373.432939914163,497.3594501718213],[1373.432939914163,497.7216494845361],[1375.2381974248926,497.7216494845361],[1375.5992489270386,498.44604810996566],[1376.3213519313304,498.44604810996566],[1377.4045064377683,499.53264604811],[1377.4045064377683,500.25704467353955],[1378.12660944206,500.61924398625433],[1378.8487124463518,502.7924398625429],[1378.487660944206,502.7924398625429],[1378.487660944206,503.87903780068723],[1377.4045064377683,504.6034364261168],[1377.4045064377683,505.32783505154634],[1376.3213519313304,506.0522336769759],[1376.3213519313304,507.13883161512024],[1377.0434549356223,507.501030927835],[1377.0434549356223,508.2254295532646],[1378.8487124463518,510.03642611683847],[1379.9318669527897,510.39862542955325],[1380.2929184549357,511.4852233676976],[1381.0150214592275,511.4852233676976],[1381.7371244635192,512.5718213058419],[1382.4592274678112,512.5718213058419],[1384.2644849785406,514.7450171821306],[1384.6255364806866,518.3670103092784],[1384.9865879828326,518.3670103092784],[1384.9865879828326,521.2646048109965],[1385.3476394849786,521.2646048109965],[1385.3476394849786,524.1621993127147],[1385.7086909871246,524.1621993127147],[1386.0697424892703,535.3903780068729],[1386.4307939914163,535.3903780068729],[1386.791845493562,537.9257731958763],[1387.152896995708,537.9257731958763],[1388.236051502146,540.8233676975944],[1388.4121240563234,541.0]]}},{"type":"Feature","id":"region-border-014-017-001","properties":{"id":"region-border-014-017-001","type":"region-border","countryId":"country-019","leftRegionId":"region-019","rightRegionId":"region-013"},"geometry":{"type":"LineString","coordinates":[[1200.489270386266,611.0900343642611],[1203.7387339055795,611.0900343642611],[1203.7387339055795,611.4522336769759],[1206.9881974248926,611.8144329896907],[1206.9881974248926,612.1766323024054],[1209.87660944206,611.8144329896907],[1209.87660944206,612.1766323024054],[1211.6818669527897,612.5388316151202],[1211.6818669527897,612.1766323024054],[1212.4039699570815,612.1766323024054],[1212.4039699570815,611.8144329896907],[1213.1260729613734,611.8144329896907],[1214.5702789699571,610.7278350515464],[1218.1807939914163,610.3656357388317],[1219.263948497854,611.8144329896907],[1219.263948497854,612.901030927835],[1219.625,612.901030927835],[1219.263948497854,615.0742268041237],[1218.902896995708,615.0742268041237],[1218.902896995708,619.7828178694158],[1219.263948497854,619.7828178694158],[1219.263948497854,620.5072164948454],[1221.0692060085837,620.8694158075601],[1221.0692060085837,621.2316151202749],[1223.9576180257511,621.2316151202749],[1223.9576180257511,620.8694158075601],[1225.4018240343348,620.8694158075601],[1226.1239270386266,620.1450171821306],[1227.2070815450643,620.1450171821306],[1227.9291845493563,619.420618556701],[1230.0954935622317,619.0584192439862],[1231.1786480686694,617.9718213058419],[1231.9007510729614,615.0742268041237],[1232.2618025751071,615.0742268041237],[1231.9007510729614,610.7278350515464],[1232.6228540772531,610.3656357388317],[1232.6228540772531,609.6412371134021],[1234.0670600858368,608.192439862543],[1237.3165236051502,607.8302405498282],[1238.038626609442,608.5546391752578],[1238.038626609442,611.4522336769759],[1238.399678111588,611.4522336769759],[1238.399678111588,612.5388316151202],[1238.760729613734,612.5388316151202],[1239.12178111588,613.9876288659793],[1240.2049356223176,613.9876288659793],[1240.9270386266094,615.0742268041237],[1242.732296137339,615.4364261168384],[1242.732296137339,615.0742268041237],[1246.3428111587982,613.6254295532646],[1247.0649141630902,614.3498281786941],[1247.0649141630902,617.6096219931271],[1248.148068669528,617.9718213058419],[1248.148068669528,618.3340206185567],[1249.5922746781116,618.3340206185567],[1250.3143776824033,621.2316151202749],[1252.480686695279,623.0426116838488],[1255.0080472103004,623.0426116838488],[1255.0080472103004,622.680412371134],[1258.2575107296138,621.9560137457045],[1259.7017167381973,620.5072164948454],[1260.0627682403433,618.6962199312715],[1260.4238197424893,618.6962199312715],[1261.145922746781,612.5388316151202]]}},{"type":"Feature","id":"region-border-015-018-001","properties":{"id":"region-border-015-018-001","type":"region-border","countryId":"country-019","leftRegionId":"region-025","rightRegionId":"region-024"},"geometry":{"type":"LineString","coordinates":[[1104.8106223175964,629.5621993127147],[1104.4495708154507,637.5305841924398],[1104.0885193133047,637.5305841924398],[1103.366416309013,640.7903780068729],[1102.283261802575,641.8769759450172]]}},{"type":"Feature","id":"region-border-015-021-001","properties":{"id":"region-border-015-021-001","type":"region-border","countryId":"country-019","leftRegionId":"region-025","rightRegionId":"region-023"},"geometry":{"type":"LineString","coordinates":[[1087.8412017167382,604.2082474226804],[1088.2022532188842,604.2082474226804],[1088.56330472103,605.2948453608248],[1089.6464592274679,605.6570446735395],[1089.6464592274679,606.7436426116839],[1090.0075107296138,606.7436426116839],[1090.0075107296138,607.8302405498282],[1090.3685622317596,607.8302405498282],[1090.3685622317596,609.6412371134021],[1090.7296137339056,609.6412371134021],[1091.4517167381973,611.8144329896907],[1092.5348712446353,612.901030927835],[1094.7011802575107,613.6254295532646],[1096.1453862660944,615.0742268041237],[1096.1453862660944,616.160824742268],[1096.5064377682402,616.160824742268],[1096.1453862660944,622.680412371134],[1096.5064377682402,622.680412371134],[1096.5064377682402,623.4048109965636],[1097.5895922746781,624.4914089347079],[1098.3116952789699,624.4914089347079],[1099.7559012875536,626.3024054982818],[1100.4780042918455,626.3024054982818],[1101.5611587982833,627.3890034364262],[1101.5611587982833,628.1134020618557],[1102.283261802575,628.1134020618557],[1103.005364806867,629.1999999999999],[1104.8106223175964,629.5621993127147]]}},{"type":"Feature","id":"region-border-015-025-001","properties":{"id":"region-border-015-025-001","type":"region-border","countryId":"country-019","leftRegionId":"region-025","rightRegionId":"region-026"},"geometry":{"type":"LineString","coordinates":[[1079.0,644.7436247402256],[1080.9812231759656,644.4123711340206],[1081.3422746781116,643.6879725085911],[1083.869635193133,642.9635738831615],[1085.3138412017167,641.5147766323024],[1086.0359442060085,641.5147766323024],[1086.7580472103004,640.7903780068729],[1087.8412017167382,640.7903780068729],[1087.8412017167382,640.4281786941581],[1089.6464592274679,640.4281786941581],[1089.6464592274679,640.0659793814433],[1093.256974248927,640.0659793814433],[1093.256974248927,640.4281786941581],[1095.4232832618027,640.4281786941581],[1095.4232832618027,640.7903780068729],[1097.950643776824,640.7903780068729],[1097.950643776824,641.1525773195876],[1099.7559012875536,641.5147766323024],[1099.7559012875536,641.8769759450172],[1102.283261802575,641.8769759450172]]}},{"type":"Feature","id":"region-border-016-019-001","properties":{"id":"region-border-016-019-001","type":"region-border","countryId":"country-019","leftRegionId":"region-008","rightRegionId":"region-003"},"geometry":{"type":"LineString","coordinates":[[1158.9683476394848,418.0378006872852],[1158.607296137339,418.0378006872852],[1158.607296137339,419.12439862542954],[1158.246244635193,419.12439862542954],[1158.246244635193,419.8487972508591],[1157.885193133047,419.8487972508591],[1157.885193133047,420.57319587628865],[1156.8020386266094,421.659793814433],[1156.4409871244634,423.4707903780069],[1156.0799356223176,423.4707903780069],[1155.7188841201717,427.45498281786945],[1155.3578326180257,427.45498281786945],[1155.7188841201717,434.33676975945014],[1155.3578326180257,434.33676975945014],[1155.3578326180257,435.4233676975945],[1153.552575107296,437.23436426116837],[1153.552575107296,439.7697594501718],[1153.1915236051502,439.7697594501718],[1153.1915236051502,440.85635738831616],[1152.8304721030042,440.85635738831616],[1152.8304721030042,443.02955326460483],[1152.4694206008583,443.02955326460483],[1152.4694206008583,444.11615120274917],[1151.7473175965665,444.8405498281787],[1151.7473175965665,446.2893470790378],[1151.3862660944205,446.2893470790378],[1151.3862660944205,447.01374570446734],[1150.3031115879828,448.46254295532646],[1147.7757510729614,448.82474226804123],[1147.7757510729614,449.186941580756],[1146.6925965665237,449.5491408934708],[1146.3315450643777,451.36013745704463],[1145.9704935622317,451.36013745704463],[1145.9704935622317,453.1711340206185],[1145.6094420600857,453.1711340206185],[1145.24839055794,455.706529209622],[1144.1652360515022,456.7931271477663],[1143.8041845493563,458.24192439862543],[1142.7210300429183,458.966323024055],[1142.7210300429183,459.69072164948454],[1141.2768240343348,460.7773195876289],[1140.9157725321888,464.76151202749145],[1141.2768240343348,464.76151202749145],[1141.2768240343348,465.485910652921],[1142.3599785407725,466.93470790378],[1143.0820815450643,466.93470790378],[1144.526287553648,468.3835051546391],[1145.24839055794,468.3835051546391],[1145.24839055794,468.7457044673539],[1145.9704935622317,468.7457044673539],[1145.9704935622317,469.1079037800687],[1147.4146995708154,469.47010309278346],[1147.7757510729614,470.194501718213],[1149.581008583691,470.5567010309278],[1150.3031115879828,471.28109965635736],[1159.6904506437768,472.3676975945017],[1159.6904506437768,472.72989690721647],[1160.7736051502145,472.72989690721647],[1160.7736051502145,473.09209621993125],[1161.8567596566522,473.09209621993125],[1161.8567596566522,473.45429553264603],[1162.9399141630902,473.45429553264603],[1162.9399141630902,473.8164948453608],[1164.023068669528,473.8164948453608],[1164.023068669528,474.1786941580756],[1165.1062231759656,474.1786941580756],[1165.1062231759656,474.54089347079037],[1169.4388412017167,474.1786941580756],[1169.4388412017167,474.54089347079037],[1170.8830472103004,474.90309278350514],[1171.6051502145922,475.9896907216495],[1172.3272532188842,475.9896907216495],[1173.049356223176,476.71408934707904]]}},{"type":"Feature","id":"region-border-016-026-001","properties":{"id":"region-border-016-026-001","type":"region-border","countryId":"country-019","leftRegionId":"region-008","rightRegionId":"region-006"},"geometry":{"type":"LineString","coordinates":[[1238.760729613734,439.04536082474226],[1239.12178111588,441.21855670103093],[1238.760729613734,441.21855670103093],[1238.399678111588,443.7539518900344],[1238.038626609442,443.7539518900344],[1238.038626609442,446.65154639175256],[1238.399678111588,446.65154639175256],[1238.760729613734,450.6357388316151],[1235.8723175965665,453.5333333333333]]}},{"type":"Feature","id":"region-border-016-028-001","properties":{"id":"region-border-016-028-001","type":"region-border","countryId":"country-019","leftRegionId":"region-008","rightRegionId":"region-007"},"geometry":{"type":"LineString","coordinates":[[1235.8723175965665,453.5333333333333],[1235.8723175965665,453.1711340206185],[1234.7891630901288,453.1711340206185],[1234.0670600858368,452.44673539518897],[1229.37339055794,452.44673539518897],[1229.37339055794,452.80893470790375],[1227.9291845493563,453.1711340206185],[1227.5681330472103,454.9821305841924],[1226.8460300429183,455.3443298969072],[1226.8460300429183,456.06872852233676],[1224.3186695278969,458.6041237113402],[1220.3471030042917,459.69072164948454],[1218.5418454935623,461.13951890034366],[1218.5418454935623,464.03711340206183],[1218.902896995708,464.03711340206183],[1220.3471030042917,467.65910652920957],[1222.1523605150214,469.47010309278346],[1222.5134120171674,472.72989690721647],[1222.1523605150214,472.72989690721647],[1221.7913090128754,474.1786941580756],[1221.0692060085837,474.54089347079037],[1221.0692060085837,475.2652920962199],[1219.986051502146,475.9896907216495],[1218.902896995708,478.52508591065293],[1216.7365879828326,480.3360824742268],[1216.0144849785406,482.5092783505155],[1214.5702789699571,483.59587628865984]]}},{"type":"Feature","id":"region-border-017-022-001","properties":{"id":"region-border-017-022-001","type":"region-border","countryId":"country-019","leftRegionId":"region-013","rightRegionId":"region-012"},"geometry":{"type":"LineString","coordinates":[[1158.9683476394848,582.8384879725086],[1158.9683476394848,583.5628865979381],[1159.6904506437768,584.2872852233677],[1159.6904506437768,586.0982817869416],[1160.0515021459228,586.0982817869416],[1161.8567596566522,590.4446735395189],[1163.662017167382,591.893470790378],[1164.023068669528,594.0666666666666],[1164.3841201716737,594.0666666666666],[1163.662017167382,596.9642611683848],[1161.1346566523605,599.1374570446735],[1160.7736051502145,602.0350515463917],[1160.4125536480688,602.0350515463917],[1160.7736051502145,603.8460481099656]]}},{"type":"Feature","id":"region-border-018-021-001","properties":{"id":"region-border-018-021-001","type":"region-border","countryId":"country-019","leftRegionId":"region-024","rightRegionId":"region-023"},"geometry":{"type":"LineString","coordinates":[[1104.8106223175964,629.5621993127147],[1106.2548283261804,629.1999999999999],[1106.2548283261804,628.8378006872853],[1107.3379828326179,628.8378006872853],[1108.0600858369098,628.1134020618557],[1110.2263948497853,627.7512027491409],[1111.6706008583692,626.6646048109966],[1113.8369098712446,626.6646048109966],[1114.1979613733906,627.7512027491409],[1114.5590128755364,627.7512027491409],[1114.5590128755364,628.8378006872853],[1114.9200643776824,628.8378006872853],[1114.5590128755364,629.1999999999999],[1114.5590128755364,633.5463917525773],[1114.9200643776824,633.5463917525773],[1114.9200643776824,634.6329896907216],[1115.642167381974,634.9951890034364],[1115.642167381974,635.719587628866],[1116.725321888412,636.8061855670103],[1117.4474248927038,636.8061855670103],[1118.8916309012875,637.8927835051546],[1119.9747854077252,637.8927835051546],[1121.418991416309,638.979381443299],[1123.5853004291846,639.3415807560137],[1123.5853004291846,638.979381443299],[1124.6684549356223,638.979381443299],[1124.6684549356223,638.6171821305842],[1127.5568669527897,638.6171821305842],[1127.9179184549357,638.2549828178694],[1127.5568669527897,634.9951890034364],[1128.6400214592275,634.6329896907216],[1129.0010729613734,633.9085910652921],[1129.7231759656652,633.9085910652921],[1134.0557939914163,629.1999999999999],[1138.7494635193134,629.5621993127147],[1138.7494635193134,629.1999999999999],[1139.4715665236051,629.1999999999999],[1140.9157725321888,628.1134020618557]]}},{"type":"Feature","id":"region-border-018-025-001","properties":{"id":"region-border-018-025-001","type":"region-border","countryId":"country-019","leftRegionId":"region-024","rightRegionId":"region-026"},"geometry":{"type":"LineString","coordinates":[[1102.283261802575,641.8769759450172],[1102.644313304721,645.1367697594502],[1103.005364806867,645.1367697594502],[1103.005364806867,647.6721649484535],[1103.366416309013,647.6721649484535],[1103.366416309013,648.7587628865979],[1103.7274678111587,648.7587628865979],[1103.7274678111587,649.8453608247422],[1104.0885193133047,649.8453608247422],[1104.0885193133047,652.3807560137457],[1103.7274678111587,652.3807560137457],[1103.7274678111587,653.46735395189],[1103.366416309013,653.46735395189],[1103.366416309013,657.0893470790378],[1103.7274678111587,657.0893470790378],[1104.0885193133047,659.6247422680412],[1103.7274678111587,659.6247422680412],[1103.366416309013,662.1601374570447],[1103.005364806867,662.1601374570447],[1103.005364806867,663.246735395189],[1102.644313304721,663.246735395189],[1102.644313304721,666.1443298969072],[1103.005364806867,666.1443298969072],[1103.005364806867,666.8687285223367],[1103.7274678111587,667.2309278350515],[1103.7274678111587,667.955326460481],[1104.4495708154507,668.6797250859106],[1105.1716738197424,668.6797250859106],[1106.6158798283261,670.1285223367697],[1108.0600858369098,670.4907216494845],[1108.4211373390558,672.6639175257732]]}},{"type":"Feature","id":"region-border-018-027-001","properties":{"id":"region-border-018-027-001","type":"region-border","countryId":"country-019","leftRegionId":"region-024","rightRegionId":"region-027"},"geometry":{"type":"LineString","coordinates":[[1108.4211373390558,672.6639175257732],[1110.2263948497853,673.026116838488],[1111.6706008583692,674.8371134020618],[1115.2811158798283,675.5615120274914],[1116.725321888412,677.0103092783505],[1116.725321888412,677.7347079037801],[1117.4474248927038,678.4591065292096],[1117.4474248927038,681.3567010309279],[1117.086373390558,681.3567010309279],[1117.086373390558,683.8920962199312],[1116.725321888412,683.8920962199312],[1116.364270386266,685.7030927835051]]}},{"type":"Feature","id":"region-border-019-022-001","properties":{"id":"region-border-019-022-001","type":"region-border","countryId":"country-019","leftRegionId":"region-003","rightRegionId":"region-012"},"geometry":{"type":"LineString","coordinates":[[1120.6968884120172,519.4536082474227],[1121.780042918455,519.4536082474227],[1122.5021459227469,520.540206185567],[1123.2242489270386,520.540206185567],[1123.9463519313304,521.6268041237113],[1124.6684549356223,521.6268041237113],[1125.390557939914,522.7134020618556],[1126.112660944206,522.7134020618556],[1132.6115879828326,529.5951890034364],[1133.3336909871246,529.5951890034364],[1134.4168454935623,530.6817869415808],[1135.861051502146,531.0439862542955],[1136.5831545064377,532.1305841924399]]}},{"type":"Feature","id":"region-border-021-022-001","properties":{"id":"region-border-021-022-001","type":"region-border","countryId":"country-019","leftRegionId":"region-023","rightRegionId":"region-012"},"geometry":{"type":"LineString","coordinates":[[1125.75160944206,596.6020618556701],[1129.3621244635192,597.3264604810996],[1129.3621244635192,597.6886597938144],[1130.806330472103,597.6886597938144],[1130.806330472103,598.0508591065292],[1132.2505364806866,598.0508591065292],[1132.2505364806866,598.413058419244],[1133.6947424892703,598.413058419244],[1133.6947424892703,598.7752577319587],[1135.138948497854,598.7752577319587],[1135.138948497854,599.1374570446735],[1136.5831545064377,599.4996563573883],[1137.3052575107295,600.5862542955326],[1138.3884120171674,600.5862542955326],[1139.1105150214592,601.3106529209622]]}},{"type":"Feature","id":"region-border-023-026-001","properties":{"id":"region-border-023-026-001","type":"region-border","countryId":"country-019","leftRegionId":"region-016","rightRegionId":"region-006"},"geometry":{"type":"LineString","coordinates":[[1288.2247854077254,520.9024054982817],[1288.2247854077254,520.1780068728523],[1289.307939914163,518.7292096219932],[1290.030042918455,518.7292096219932],[1290.7521459227469,518.0048109965636],[1291.8353004291844,518.0048109965636],[1292.5574034334763,517.280412371134],[1293.6405579399143,517.280412371134],[1293.6405579399143,516.9182130584193],[1296.8900214592275,517.6426116838488],[1296.8900214592275,518.0048109965636],[1297.6121244635192,518.0048109965636],[1299.0563304721031,519.0914089347079],[1303.027896995708,519.0914089347079],[1303.027896995708,518.7292096219932],[1304.111051502146,518.7292096219932],[1304.111051502146,518.3670103092784],[1305.5552575107295,518.0048109965636],[1306.6384120171674,516.5560137457045],[1307.3605150214592,516.5560137457045],[1308.082618025751,515.8316151202749],[1308.082618025751,514.7450171821306],[1308.4436695278969,514.7450171821306],[1308.4436695278969,509.3120274914089],[1308.8047210300429,509.3120274914089],[1308.8047210300429,506.0522336769759],[1309.1657725321888,506.0522336769759],[1309.1657725321888,504.241237113402],[1309.5268240343348,504.241237113402],[1309.5268240343348,500.9814432989691],[1309.8878755364808,500.9814432989691],[1309.8878755364808,500.25704467353955],[1312.776287553648,499.1704467353952]]}},{"type":"Feature","id":"region-border-023-028-001","properties":{"id":"region-border-023-028-001","type":"region-border","countryId":"country-019","leftRegionId":"region-016","rightRegionId":"region-007"},"geometry":{"type":"LineString","coordinates":[[1288.2247854077254,520.9024054982817],[1288.5858369098712,523.8],[1288.9468884120172,523.8],[1288.9468884120172,527.4219931271477],[1288.5858369098712,527.4219931271477],[1288.5858369098712,528.1463917525773],[1287.5026824034335,528.5085910652921],[1287.5026824034335,528.8707903780069],[1285.336373390558,528.5085910652921],[1284.25321888412,529.5951890034364],[1282.8090128755366,529.9573883161512],[1282.8090128755366,530.6817869415808],[1282.4479613733906,530.6817869415808],[1283.1700643776824,536.4769759450172],[1284.614270386266,537.5635738831616],[1284.614270386266,538.2879725085911],[1285.6974248927038,539.0123711340206],[1285.6974248927038,540.0989690721649],[1286.0584763948498,540.0989690721649],[1285.6974248927038,541.9099656357388],[1285.336373390558,541.9099656357388],[1285.336373390558,543.7209621993127],[1284.25321888412,544.807560137457]]}},{"type":"Feature","id":"region-border-023-030-001","properties":{"id":"region-border-023-030-001","type":"region-border","countryId":"country-019","leftRegionId":"region-016","rightRegionId":"region-017"},"geometry":{"type":"LineString","coordinates":[[1284.25321888412,544.807560137457],[1285.6974248927038,548.7917525773196],[1287.1416309012875,550.2405498281787],[1288.2247854077254,550.2405498281787],[1289.307939914163,549.1539518900344],[1289.307939914163,548.4295532646048],[1290.030042918455,548.06735395189],[1291.4742489270386,544.0831615120275],[1292.1963519313304,544.0831615120275],[1293.6405579399143,542.9965635738831],[1295.4458154506437,542.9965635738831],[1295.4458154506437,543.3587628865979],[1298.3342274678112,543.7209621993127],[1299.0563304721031,544.807560137457],[1300.1394849785406,544.807560137457],[1300.5005364806866,543.7209621993127],[1301.5836909871246,542.9965635738831],[1302.3057939914163,540.8233676975944],[1303.027896995708,540.4611683848797],[1303.027896995708,539.7367697594501],[1303.75,539.0123711340206],[1303.75,537.9257731958763],[1305.9163090128754,535.7525773195877],[1308.4436695278969,535.3903780068729],[1308.4436695278969,535.7525773195877],[1310.9710300429183,535.7525773195877],[1310.9710300429183,536.1147766323024],[1313.8594420600857,536.1147766323024],[1316.7478540772531,538.2879725085911],[1317.108905579399,539.7367697594501],[1316.7478540772531,539.7367697594501],[1316.7478540772531,540.8233676975944],[1316.3868025751071,540.8233676975944],[1316.3868025751071,541.9099656357388],[1316.0257510729614,541.9099656357388],[1316.0257510729614,542.9965635738831],[1315.6646995708154,542.9965635738831],[1315.6646995708154,545.1697594501718],[1316.7478540772531,545.5319587628866],[1317.108905579399,546.2563573883161],[1318.1920600858368,546.2563573883161],[1318.1920600858368,546.6185567010309],[1322.524678111588,546.2563573883161],[1324.3299356223174,544.4453608247422],[1325.0520386266094,540.8233676975944],[1326.1351931330473,539.7367697594501],[1326.1351931330473,539.0123711340206],[1326.857296137339,539.0123711340206],[1326.857296137339,538.6501718213058],[1330.4678111587982,538.6501718213058],[1330.4678111587982,539.0123711340206],[1331.912017167382,539.3745704467353],[1333.7172746781116,541.1855670103092],[1334.8004291845493,543.7209621993127],[1340.2162017167382,544.4453608247422],[1341.6604077253219,546.2563573883161],[1342.3825107296138,549.5161512027491],[1343.1046137339056,549.5161512027491],[1343.1046137339056,549.8783505154639],[1344.9098712446353,549.8783505154639],[1344.9098712446353,549.5161512027491],[1346.3540772532187,549.5161512027491],[1346.3540772532187,549.1539518900344],[1348.1593347639484,548.7917525773196],[1349.2424892703862,547.7051546391752],[1349.2424892703862,546.9807560137457],[1349.9645922746781,546.6185567010309],[1351.0477467811158,543.7209621993127],[1352.8530042918455,543.7209621993127],[1355.019313304721,545.5319587628866],[1356.8245708154504,551.327147766323],[1358.2687768240344,551.6893470790378],[1358.2687768240344,552.0515463917526],[1359.351931330472,552.0515463917526],[1359.351931330472,552.4137457044674],[1360.4350858369098,552.4137457044674],[1360.4350858369098,552.7759450171822],[1361.5182403433478,552.7759450171822],[1362.6013948497853,554.2247422680413]]}},{"type":"Feature","id":"region-border-024-027-001","properties":{"id":"region-border-024-027-001","type":"region-border","countryId":"country-019","leftRegionId":"region-029","rightRegionId":"region-027"},"geometry":{"type":"LineString","coordinates":[[1065.456008583691,687.1518900343642],[1066.1781115879828,687.514089347079],[1066.9002145922746,689.3250859106529],[1067.6223175965665,689.3250859106529],[1067.9833690987125,690.0494845360824],[1070.149678111588,690.4116838487972],[1071.5938841201717,691.4982817869416],[1073.3991416309013,691.4982817869416],[1074.8433476394848,690.4116838487972],[1079.1759656652362,690.4116838487972],[1079.898068669528,691.1360824742268],[1080.2591201716737,692.5848797250859],[1080.9812231759656,692.9470790378007],[1080.9812231759656,693.6714776632302],[1082.7864806866953,695.4824742268041],[1087.1190987124464,696.2068728522337],[1087.1190987124464,696.5690721649485],[1088.56330472103,696.9312714776632],[1088.924356223176,697.6556701030928],[1089.6464592274679,697.6556701030928],[1090.3685622317596,698.7422680412371],[1091.0906652360513,698.7422680412371],[1092.5348712446353,700.553264604811],[1092.5348712446353,702.7264604810996],[1092.895922746781,702.7264604810996],[1093.256974248927,704.5374570446735],[1095.4232832618027,706.7106529209622]]}},{"type":"Feature","id":"region-border-025-027-001","properties":{"id":"region-border-025-027-001","type":"region-border","countryId":"country-019","leftRegionId":"region-026","rightRegionId":"region-027"},"geometry":{"type":"LineString","coordinates":[[1080.0,665.506579249705],[1080.2591201716737,665.4199312714776],[1080.2591201716737,665.0577319587629],[1084.591738197425,665.0577319587629],[1084.591738197425,665.4199312714776],[1086.7580472103004,666.1443298969072],[1087.1190987124464,666.8687285223367],[1087.8412017167382,666.8687285223367],[1089.6464592274679,668.6797250859106],[1090.3685622317596,668.6797250859106],[1091.4517167381973,669.7663230240549],[1092.895922746781,670.1285223367697],[1094.7011802575107,671.9395189003436],[1095.0622317596567,673.026116838488],[1095.7843347639484,673.026116838488],[1096.5064377682402,673.7505154639175],[1097.5895922746781,673.7505154639175],[1099.0337982832618,674.8371134020618],[1100.1169527896996,674.8371134020618],[1100.8390557939915,675.5615120274914],[1104.0885193133047,674.8371134020618],[1104.0885193133047,674.4749140893471],[1105.8937768240344,674.1127147766323],[1105.8937768240344,673.7505154639175],[1107.3379828326179,673.3883161512027],[1107.6990343347638,672.6639175257732],[1108.4211373390558,672.6639175257732]]}},{"type":"Feature","id":"region-border-026-028-001","properties":{"id":"region-border-026-028-001","type":"region-border","countryId":"country-019","leftRegionId":"region-006","rightRegionId":"region-007"},"geometry":{"type":"LineString","coordinates":[[1235.8723175965665,453.5333333333333],[1236.2333690987125,456.06872852233676],[1236.5944206008583,456.06872852233676],[1236.5944206008583,457.87972508591065],[1236.9554721030042,457.87972508591065],[1236.9554721030042,462.5883161512028],[1236.5944206008583,462.5883161512028],[1236.2333690987125,464.39931271477667],[1235.8723175965665,464.39931271477667],[1235.5112660944205,466.21030927835045],[1235.1502145922746,466.21030927835045],[1235.1502145922746,469.1079037800687],[1235.5112660944205,469.1079037800687],[1235.8723175965665,471.28109965635736],[1236.5944206008583,471.64329896907213],[1236.5944206008583,472.3676975945017],[1237.677575107296,473.8164948453608],[1238.399678111588,473.8164948453608],[1238.399678111588,474.1786941580756],[1239.12178111588,474.1786941580756],[1239.12178111588,474.54089347079037],[1239.8438841201717,474.54089347079037],[1239.8438841201717,474.90309278350514],[1240.5659871244634,474.90309278350514],[1240.5659871244634,475.2652920962199],[1241.2880901287554,475.2652920962199],[1242.732296137339,476.35189003436426],[1242.732296137339,477.0762886597938],[1240.9270386266094,478.16288659793815],[1240.9270386266094,479.2494845360825],[1241.6491416309013,479.61168384879727],[1241.6491416309013,480.3360824742268],[1242.010193133047,480.3360824742268],[1242.371244635193,481.78487972508594],[1243.0933476394848,482.1470790378007],[1243.0933476394848,482.8714776632303],[1244.5375536480688,483.9580756013746],[1245.6207081545065,483.9580756013746],[1247.425965665236,482.1470790378007],[1247.425965665236,481.42268041237116],[1248.148068669528,481.42268041237116],[1248.148068669528,481.0604810996564],[1251.0364806866953,481.0604810996564],[1251.0364806866953,481.42268041237116],[1252.480686695279,481.78487972508594],[1253.5638412017167,482.8714776632303],[1253.5638412017167,483.59587628865984],[1254.2859442060085,484.3202749140893],[1254.2859442060085,485.4068728522336],[1254.6469957081545,485.4068728522336],[1254.2859442060085,490.11546391752574],[1254.6469957081545,490.11546391752574],[1255.0080472103004,491.2020618556701],[1256.81330472103,491.56426116838486],[1256.81330472103,491.92646048109964],[1258.6185622317596,492.2886597938144],[1258.6185622317596,491.92646048109964],[1260.4238197424893,491.56426116838486],[1261.506974248927,490.11546391752574],[1262.2290772532187,490.11546391752574],[1263.3122317596567,489.0288659793814],[1265.8395922746781,489.0288659793814],[1266.9227467811158,490.11546391752574],[1266.9227467811158,490.8398625429553],[1267.6448497854076,491.56426116838486],[1267.6448497854076,492.6508591065292],[1268.0059012875536,492.6508591065292],[1267.6448497854076,495.9106529209622],[1268.0059012875536,495.9106529209622],[1268.0059012875536,496.99725085910654],[1268.7280042918455,497.7216494845361],[1269.4501072961373,501.3436426116839],[1269.8111587982833,501.3436426116839],[1269.8111587982833,502.4302405498281],[1270.172210300429,502.4302405498281],[1270.533261802575,503.87903780068723],[1272.3385193133047,504.6034364261168],[1272.6995708154507,505.32783505154634],[1273.4216738197424,505.32783505154634],[1274.5048283261804,506.4144329896907],[1275.226931330472,508.58762886597935],[1275.9490343347638,508.94982817869413],[1275.9490343347638,509.6742268041237],[1276.6711373390558,510.39862542955325],[1277.3932403433475,514.020618556701],[1277.0321888412018,514.020618556701],[1277.0321888412018,515.1072164948454],[1276.6711373390558,515.1072164948454],[1276.3100858369098,516.9182130584193],[1275.9490343347638,516.9182130584193],[1275.5879828326179,518.7292096219932],[1275.226931330472,518.7292096219932],[1275.226931330472,520.9024054982817],[1275.9490343347638,521.6268041237113],[1277.3932403433475,521.9890034364261],[1277.3932403433475,522.3512027491408],[1278.4763948497853,522.3512027491408],[1278.4763948497853,522.7134020618556],[1280.281652360515,522.3512027491408],[1280.281652360515,521.9890034364261],[1281.0037553648067,521.9890034364261],[1281.7258583690987,521.2646048109965],[1282.8090128755366,521.2646048109965],[1282.8090128755366,520.9024054982817],[1285.336373390558,520.9024054982817],[1285.336373390558,521.2646048109965],[1288.2247854077254,520.9024054982817]]}},{"type":"Feature","id":"region-border-028-030-001","properties":{"id":"region-border-028-030-001","type":"region-border","countryId":"country-019","leftRegionId":"region-007","rightRegionId":"region-017"},"geometry":{"type":"LineString","coordinates":[[1272.6995708154507,549.8783505154639],[1272.6995708154507,548.7917525773196],[1273.7827253218884,547.3429553264605],[1274.5048283261804,547.3429553264605],[1275.9490343347638,545.8941580756014],[1277.0321888412018,545.8941580756014],[1277.0321888412018,545.5319587628866],[1278.4763948497853,545.1697594501718],[1279.9206008583692,543.3587628865979],[1282.4479613733906,543.3587628865979],[1283.5311158798283,544.807560137457],[1284.25321888412,544.807560137457]]}},{"type":"Feature","id":"country-008-mainland-southwest-region-border-004-005-001","properties":{"id":"country-008-mainland-southwest-region-border-004-005-001","type":"region-border","countryId":"country-008","targetComponentId":"mainland-southwest","datasetId":"country-008/mainland-southwest","leftRegionId":"country-008-mainland-southwest-region-004","rightRegionId":"country-008-mainland-southwest-region-005"},"geometry":{"type":"LineString","coordinates":[[526.5144941176487,850.1477647058838],[526.5144941176487,851.9949647058838],[526.6231529411781,851.9949647058838],[526.6231529411781,852.6469176470603],[526.7318117647075,852.6469176470603],[526.7318117647075,852.8642352941191],[526.840470588237,852.8642352941191],[526.840470588237,853.081552941178],[526.9491294117663,853.081552941178],[526.9491294117663,853.2988705882368],[527.0577882352958,853.2988705882368],[527.0577882352958,853.4075294117662],[527.1664470588252,853.4075294117662],[527.1664470588252,853.5161882352957],[527.2751058823546,853.5161882352957],[527.3837647058839,853.7335058823544],[527.6010823529429,853.7335058823544],[527.6010823529429,853.8421647058839],[527.7097411764722,853.8421647058839],[527.7097411764722,853.9508235294132],[527.8184000000017,853.9508235294132],[527.8184000000017,854.0594823529427],[527.9270588235311,854.0594823529427],[527.9270588235311,854.1681411764721],[528.0357176470606,854.1681411764721],[528.0357176470606,854.2768000000015],[528.2530352941193,854.3854588235309],[528.2530352941193,854.6027764705898],[528.3616941176488,854.6027764705898],[528.3616941176488,854.7114352941192],[528.4703529411781,854.7114352941192],[528.4703529411781,854.8200941176485],[528.6876705882371,854.928752941178],[528.6876705882371,855.1460705882369],[528.7963294117664,855.1460705882369],[528.7963294117664,855.2547294117662],[528.9049882352958,855.2547294117662],[528.9049882352958,855.4720470588251],[529.0136470588252,855.4720470588251],[529.0136470588252,857.3192470588253],[528.9049882352958,857.3192470588253],[528.9049882352958,857.8625411764722],[528.7963294117664,857.8625411764722],[528.7963294117664,858.1885176470606],[528.6876705882371,858.1885176470606],[528.6876705882371,858.5144941176486],[528.5790117647075,858.5144941176486],[528.5790117647075,858.840470588237],[528.4703529411781,858.840470588237],[528.4703529411781,859.8184000000016],[528.5790117647075,859.8184000000016],[528.5790117647075,859.9270588235312],[528.7963294117664,859.9270588235312],[528.9049882352958,860.1443764705898],[529.1223058823546,860.1443764705898],[529.1223058823546,860.2530352941193],[529.3396235294134,860.2530352941193],[529.4482823529429,860.4703529411781],[529.6656000000016,860.4703529411781],[529.6656000000016,860.5790117647075],[529.774258823531,860.5790117647075],[529.8829176470606,860.7963294117666],[530.1002352941193,860.7963294117666],[530.1002352941193,860.9049882352957],[530.2088941176487,860.9049882352957],[530.2088941176487,861.1223058823546],[530.4262117647077,861.1223058823546],[530.4262117647077,861.2309647058842],[530.534870588237,861.2309647058842],[530.534870588237,861.3396235294134],[530.6435294117664,861.3396235294134],[530.6435294117664,861.4482823529428],[530.7521882352958,861.4482823529428],[530.7521882352958,861.5569411764723],[530.8608470588252,861.5569411764723],[530.8608470588252,861.6656000000019],[530.9695058823545,861.6656000000019],[531.0781647058842,861.8829176470605],[531.2954823529428,861.8829176470605],[531.2954823529428,861.9915764705898],[531.5128000000017,862.1002352941193],[531.5128000000017,862.3175529411781],[531.6214588235313,862.3175529411781],[531.6214588235313,862.6435294117664],[531.5128000000017,862.6435294117664],[531.5128000000017,862.8608470588252],[531.4041411764723,862.8608470588252],[531.4041411764723,863.078164705884],[531.2954823529428,863.078164705884],[531.2954823529428,863.2954823529428],[531.1868235294135,863.2954823529428],[531.1868235294135,863.7301176470605],[531.0781647058842,863.7301176470605],[531.0781647058842,864.1647529411782],[530.9695058823545,864.1647529411782],[530.9695058823545,864.4907294117664],[530.8608470588252,864.4907294117664],[530.8608470588252,864.5993882352958],[530.7521882352958,864.5993882352958],[530.6435294117664,864.8167058823547],[528.7963294117664,864.8167058823547]]}},{"type":"Feature","id":"country-008-mainland-southwest-region-border-004-010-001","properties":{"id":"country-008-mainland-southwest-region-border-004-010-001","type":"region-border","countryId":"country-008","targetComponentId":"mainland-southwest","datasetId":"country-008/mainland-southwest","leftRegionId":"country-008-mainland-southwest-region-004","rightRegionId":"country-008-mainland-southwest-region-010"},"geometry":{"type":"LineString","coordinates":[[561.1766588235316,850.5824000000014],[561.2853176470611,850.5824000000014],[561.2853176470611,850.7997176470602],[561.3939764705905,850.7997176470602],[561.3939764705905,851.0170352941191],[561.50263529412,851.0170352941191],[561.50263529412,851.3430117647073],[561.6112941176494,851.3430117647073],[561.6112941176494,851.9949647058838],[561.7199529411787,851.9949647058838],[561.7199529411787,852.6469176470603],[561.8286117647082,852.6469176470603],[561.8286117647082,853.2988705882368],[561.9372705882375,853.2988705882368],[561.9372705882375,853.624847058825],[562.045929411767,853.624847058825],[562.045929411767,854.0594823529427],[562.1545882352963,854.0594823529427],[562.1545882352963,854.3854588235309],[562.263247058826,854.3854588235309],[562.263247058826,854.928752941178],[562.3719058823552,854.928752941178],[562.3719058823552,855.3633882352956],[562.4805647058847,855.3633882352956],[562.4805647058847,856.0153411764724],[562.5892235294141,856.0153411764724],[562.5892235294141,856.5586352941192],[562.6978823529435,856.5586352941192],[562.6978823529435,857.1019294117665],[562.806541176473,857.1019294117665],[562.806541176473,857.4279058823545],[562.9152000000023,857.4279058823545],[562.9152000000023,857.9712000000018],[563.0238588235318,857.9712000000018],[563.0238588235318,858.2971764705899],[563.1325176470611,858.2971764705899],[563.1325176470611,858.7318117647075],[563.2411764705905,858.7318117647075],[563.2411764705905,859.1664470588252],[563.3498352941199,859.1664470588252],[563.3498352941199,859.4924235294136],[563.4584941176495,859.4924235294136],[563.4584941176495,859.8184000000016],[563.5671529411788,859.8184000000016],[563.5671529411788,860.1443764705898],[563.6758117647082,860.1443764705898],[563.6758117647082,860.4703529411781],[563.7844705882376,860.4703529411781],[563.7844705882376,860.6876705882369],[563.8931294117671,860.6876705882369],[563.8931294117671,861.0136470588252],[564.0017882352965,861.0136470588252],[564.0017882352965,861.2309647058842],[564.1104470588259,861.2309647058842],[564.1104470588259,861.4482823529428],[564.2191058823553,861.4482823529428],[564.2191058823553,861.8829176470605],[564.3277647058846,861.8829176470605],[564.3277647058846,862.1002352941193],[564.4364235294141,862.1002352941193],[564.4364235294141,862.3175529411781],[564.5450823529434,862.3175529411781],[564.5450823529434,862.6435294117664],[564.653741176473,862.6435294117664],[564.653741176473,862.9695058823546],[564.7624000000023,862.9695058823546],[564.7624000000023,863.2954823529428],[564.8710588235317,863.2954823529428],[564.8710588235317,863.621458823531],[564.9797176470612,863.621458823531],[564.9797176470612,863.9474352941194],[565.0883764705906,863.9474352941194],[565.0883764705906,864.1647529411782],[565.19703529412,864.1647529411782],[565.19703529412,864.4907294117664],[565.3056941176494,864.4907294117664],[565.3056941176494,864.925364705884],[565.4143529411788,864.925364705884],[565.4143529411788,865.2513411764725],[565.5230117647083,865.2513411764725],[565.5230117647083,865.5773176470606],[565.6316705882376,865.5773176470606],[565.6316705882376,865.7946352941194],[565.740329411767,865.7946352941194],[565.740329411767,866.3379294117666],[565.8489882352966,866.3379294117666],[565.8489882352966,866.5552470588254],[565.9576470588258,866.5552470588254],[565.9576470588258,866.8812235294135],[566.0663058823553,866.8812235294135],[566.0663058823553,867.0985411764723],[566.1749647058847,867.0985411764723],[566.1749647058847,867.3158588235311],[566.2836235294142,867.3158588235311],[566.2836235294142,867.53317647059],[566.3922823529437,867.53317647059],[566.3922823529437,867.6418352941196],[566.5009411764729,867.6418352941196],[566.5009411764729,867.8591529411784],[566.7182588235318,867.9678117647077],[566.7182588235318,868.1851294117664]]}},{"type":"Feature","id":"country-008-mainland-southwest-region-border-004-013-001","properties":{"id":"country-008-mainland-southwest-region-border-004-013-001","type":"region-border","countryId":"country-008","targetComponentId":"mainland-southwest","datasetId":"country-008/mainland-southwest","leftRegionId":"country-008-mainland-southwest-region-004","rightRegionId":"country-008-mainland-southwest-region-013"},"geometry":{"type":"LineString","coordinates":[[526.5144941176487,850.1477647058838],[526.840470588237,850.1477647058838],[526.840470588237,850.2564235294134],[527.6010823529429,850.2564235294134],[527.6010823529429,850.3650823529426],[528.4703529411781,850.3650823529426],[528.4703529411781,850.4737411764722],[529.0136470588252,850.4737411764722],[529.0136470588252,850.5824000000014],[529.1223058823546,850.5824000000014],[529.1223058823546,850.4737411764722],[530.9695058823545,850.4737411764722],[530.9695058823545,850.5824000000014],[531.9474352941194,850.5824000000014],[531.9474352941194,850.6910588235311],[532.5993882352958,850.6910588235311],[532.5993882352958,850.7997176470602],[532.9253647058841,850.7997176470602],[532.9253647058841,850.9083764705897],[533.142682352943,850.9083764705897],[533.2513411764724,851.1256941176487],[533.4686588235313,851.1256941176487],[533.4686588235313,851.2343529411779],[533.5773176470606,851.2343529411779],[533.5773176470606,851.3430117647073],[533.7946352941194,851.3430117647073],[533.9032941176488,851.5603294117664],[534.1206117647077,851.5603294117664],[534.1206117647077,851.6689882352956],[534.3379294117665,851.6689882352956],[534.3379294117665,851.777647058825],[534.5552470588253,851.777647058825],[534.6639058823548,851.9949647058838],[534.9898823529429,851.9949647058838],[534.9898823529429,852.1036235294132],[535.4245176470606,852.1036235294132],[535.4245176470606,852.2122823529427],[535.7504941176488,852.2122823529427],[535.7504941176488,852.320941176472],[536.4024470588254,852.320941176472],[536.4024470588254,852.4296000000015],[539.9881882352961,852.4296000000015],[539.9881882352961,852.5382588235309],[540.7488000000019,852.5382588235309],[540.7488000000019,852.6469176470603],[541.0747764705901,852.6469176470603],[541.0747764705901,852.7555764705897],[541.4007529411783,852.7555764705897],[541.4007529411783,852.8642352941191],[541.8353882352959,852.8642352941191],[541.8353882352959,852.9728941176486],[542.1613647058842,852.9728941176486],[542.1613647058842,853.081552941178],[542.4873411764726,853.081552941178],[542.4873411764726,853.1902117647073],[542.7046588235313,853.1902117647073],[542.7046588235313,853.2988705882368],[542.9219764705902,853.2988705882368],[542.9219764705902,853.4075294117662],[543.139294117649,853.4075294117662],[543.139294117649,853.5161882352957],[543.3566117647078,853.5161882352957],[543.3566117647078,853.624847058825],[543.5739294117667,853.624847058825],[543.5739294117667,853.7335058823544],[543.7912470588254,853.7335058823544],[543.7912470588254,853.8421647058839],[543.8999058823549,853.8421647058839],[543.8999058823549,853.9508235294132],[544.1172235294138,853.9508235294132],[544.225882352943,854.1681411764721],[544.443200000002,854.1681411764721],[544.443200000002,854.2768000000015],[544.6605176470608,854.2768000000015],[544.6605176470608,854.3854588235309],[544.986494117649,854.3854588235309],[544.986494117649,854.4941176470603],[545.4211294117666,854.4941176470603],[545.4211294117666,854.6027764705898],[547.3769882352962,854.6027764705898],[547.3769882352962,854.4941176470603],[547.594305882355,854.4941176470603],[547.594305882355,854.3854588235309],[547.8116235294137,854.3854588235309],[547.8116235294137,854.2768000000015],[547.9202823529432,854.2768000000015],[547.9202823529432,854.1681411764721],[548.1376000000021,854.0594823529427],[548.1376000000021,853.8421647058839],[548.2462588235314,853.8421647058839],[548.2462588235314,853.5161882352957],[548.3549176470609,853.5161882352957],[548.3549176470609,852.4296000000015],[548.4635764705904,852.4296000000015],[548.4635764705904,851.777647058825],[548.5722352941197,851.777647058825],[548.5722352941197,851.1256941176487],[548.6808941176491,851.1256941176487],[548.6808941176491,850.9083764705897],[548.7895529411785,850.9083764705897],[548.7895529411785,850.7997176470602],[548.8982117647079,850.7997176470602],[549.0068705882372,850.5824000000014],[549.2241882352962,850.5824000000014],[549.2241882352962,850.4737411764722],[549.4415058823549,850.4737411764722],[549.4415058823549,850.3650823529426],[549.6588235294139,850.3650823529426],[549.6588235294139,850.2564235294134],[550.0934588235315,850.2564235294134],[550.0934588235315,850.1477647058838],[550.5280941176492,850.1477647058838],[550.5280941176492,850.0391058823545],[550.6367529411785,850.0391058823545],[550.6367529411785,849.9304470588249],[550.8540705882375,849.8217882352958],[550.8540705882375,848.8438588235308],[550.9627294117668,848.8438588235308],[550.9627294117668,848.626541176472],[551.1800470588256,848.626541176472],[551.1800470588256,848.5178823529427],[552.7012705882374,848.5178823529427],[552.7012705882374,848.626541176472],[553.5705411764727,848.626541176472],[553.5705411764727,848.7352000000016],[554.2224941176491,848.7352000000016],[554.2224941176491,848.8438588235308],[554.6571294117668,848.8438588235308],[554.6571294117668,848.9525176470604],[554.8744470588257,848.9525176470604],[554.983105882355,849.1698352941193],[555.2004235294139,849.1698352941193],[555.2004235294139,849.3871529411781],[555.3090823529433,849.3871529411781],[555.3090823529433,849.604470588237],[555.4177411764728,849.604470588237],[555.4177411764728,850.9083764705897],[555.526400000002,850.9083764705897],[555.526400000002,851.1256941176487],[555.6350588235316,851.1256941176487],[555.743717647061,851.3430117647073],[555.9610352941198,851.3430117647073],[555.9610352941198,851.4516705882368],[557.1562823529434,851.4516705882368],[557.1562823529434,851.3430117647073],[558.0255529411788,851.3430117647073],[558.0255529411788,851.2343529411779],[558.5688470588257,851.2343529411779],[558.5688470588257,851.1256941176487],[558.7861647058846,851.1256941176487],[558.7861647058846,851.0170352941191],[559.4381176470611,851.0170352941191],[559.4381176470611,850.9083764705897],[559.8727529411788,850.9083764705897],[559.8727529411788,850.7997176470602],[560.4160470588258,850.7997176470602],[560.4160470588258,850.6910588235311],[560.9593411764728,850.6910588235311],[560.9593411764728,850.5824000000014],[561.1766588235316,850.5824000000014]]}},{"type":"Feature","id":"country-008-mainland-southwest-region-border-005-006-001","properties":{"id":"country-008-mainland-southwest-region-border-005-006-001","type":"region-border","countryId":"country-008","targetComponentId":"mainland-southwest","datasetId":"country-008/mainland-southwest","leftRegionId":"country-008-mainland-southwest-region-005","rightRegionId":"country-008-mainland-southwest-region-006"},"geometry":{"type":"LineString","coordinates":[[505.5433411764718,838.4126117647073],[505.5433411764718,838.7385882352953],[505.65200000000124,838.7385882352953],[505.65200000000124,839.3905411764719],[505.76065882353066,839.3905411764719],[505.76065882353066,839.8251764705894],[505.86931764706,839.8251764705894],[505.86931764706,840.2598117647071],[505.97797647058945,840.2598117647071],[505.97797647058945,842.1070117647072],[505.86931764706,842.1070117647072],[505.86931764706,842.4329882352954],[505.76065882353066,842.4329882352954],[505.76065882353066,842.9762823529425],[505.65200000000124,842.9762823529425],[505.65200000000124,843.1936000000013],[505.5433411764718,843.1936000000013],[505.5433411764718,843.4109176470602],[505.4346823529424,843.4109176470602],[505.4346823529424,843.6282352941189],[505.3260235294131,843.6282352941189],[505.3260235294131,843.8455529411777],[505.2173647058835,843.8455529411777],[505.2173647058835,843.9542117647072],[505.00004705882475,844.0628705882366],[505.00004705882475,844.2801882352954],[504.7827294117659,844.3888470588248],[504.7827294117659,844.6061647058837],[504.5654117647071,844.6061647058837],[504.5654117647071,844.8234823529425],[504.4567529411777,844.8234823529425],[504.4567529411777,844.9321411764719],[504.34809411764826,844.9321411764719],[504.34809411764826,845.0408000000014],[504.23943529411883,845.0408000000014],[504.23943529411883,845.1494588235307],[504.1307764705895,845.1494588235307],[504.1307764705895,845.2581176470602],[504.02211764705993,845.2581176470602],[504.02211764705993,845.3667764705896],[503.9134588235306,845.3667764705896],[503.8048000000012,845.5840941176484],[503.5874823529424,845.5840941176484],[503.5874823529424,845.6927529411778],[503.47882352941286,845.6927529411778],[503.37016470588355,845.9100705882366],[503.1528470588247,845.9100705882366],[503.1528470588247,846.0187294117661],[503.0441882352953,846.0187294117661],[502.93552941176597,846.2360470588249],[502.71821176470706,846.2360470588249],[502.60955294117764,846.4533647058837],[502.3922352941188,846.4533647058837],[502.3922352941188,846.5620235294133],[502.2835764705893,846.5620235294133],[502.17491764706,846.7793411764721],[501.95760000000115,846.7793411764721],[501.95760000000115,846.8880000000014],[501.8489411764717,846.8880000000014],[501.7402823529424,847.1053176470602],[501.5229647058835,847.1053176470602],[501.5229647058835,847.2139764705898],[501.30564705882466,847.2139764705898],[501.30564705882466,847.322635294119],[501.08832941176576,847.322635294119],[501.08832941176576,847.4312941176486],[500.97967058823644,847.4312941176486],[500.871011764707,847.6486117647074],[500.65369411764823,847.6486117647074],[500.65369411764823,847.7572705882367],[500.43637647058927,847.7572705882367],[500.32771764705996,847.9745882352955],[500.1104000000011,847.9745882352955],[500.1104000000011,848.0832470588251],[499.89308235294243,848.0832470588251],[499.89308235294243,848.1919058823544],[499.67576470588347,848.1919058823544],[499.56710588235404,848.4092235294131],[499.3497882352953,848.4092235294131],[499.3497882352953,848.5178823529427],[499.1324705882364,848.5178823529427],[499.1324705882364,848.626541176472],[498.91515294117755,848.626541176472],[498.8064941176482,848.8438588235308],[498.58917647058934,848.8438588235308],[498.58917647058934,848.9525176470604],[498.3718588235305,848.9525176470604],[498.3718588235305,849.0611764705897],[498.15454117647175,849.0611764705897],[498.15454117647175,849.1698352941193],[497.93722352941285,849.1698352941193],[497.93722352941285,849.2784941176485],[497.71990588235406,849.2784941176485],[497.71990588235406,849.3871529411781],[497.5025882352953,849.3871529411781],[497.5025882352953,849.4958117647072],[497.28527058823636,849.4958117647072],[497.28527058823636,849.604470588237],[497.17661176470693,849.604470588237],[497.17661176470693,849.7131294117661],[497.0679529411775,849.7131294117661],[497.0679529411775,849.8217882352958],[496.95929411764826,849.8217882352958],[496.95929411764826,849.9304470588249],[496.8506352941186,849.9304470588249],[496.8506352941186,850.0391058823545],[496.63331764705987,850.1477647058838],[496.63331764705987,850.3650823529426],[496.52465882353044,850.3650823529426],[496.52465882353044,850.5824000000014],[496.4160000000011,850.5824000000014],[496.4160000000011,850.7997176470602],[496.3073411764717,850.7997176470602],[496.3073411764717,851.0170352941191],[496.1986823529422,851.0170352941191],[496.1986823529422,851.3430117647073],[496.0900235294128,851.3430117647073],[496.0900235294128,851.5603294117664],[495.9813647058834,851.5603294117664],[495.9813647058834,851.9949647058838],[495.872705882354,851.9949647058838],[495.872705882354,852.2122823529427],[495.76404705882464,852.2122823529427],[495.76404705882464,852.9728941176486],[495.54672941176574,853.081552941178],[495.54672941176574,853.2988705882368],[495.4380705882363,853.2988705882368],[495.4380705882363,853.4075294117662],[495.2207529411775,853.4075294117662],[495.1120941176482,853.624847058825],[494.89477647058925,853.624847058825],[494.89477647058925,853.7335058823544],[494.6774588235304,853.7335058823544],[494.6774588235304,853.8421647058839],[494.4601411764715,853.8421647058839],[494.4601411764715,853.9508235294132],[494.24282352941276,853.9508235294132],[494.24282352941276,854.0594823529427],[494.02550588235397,854.0594823529427],[494.02550588235397,854.1681411764721],[493.8081882352951,854.1681411764721],[493.8081882352951,854.2768000000015],[493.59087058823627,854.2768000000015],[493.59087058823627,854.3854588235309],[493.37355294117754,854.3854588235309],[493.37355294117754,854.4941176470603],[493.15623529411863,854.4941176470603],[493.15623529411863,854.6027764705898],[492.8302588235304,854.6027764705898],[492.8302588235304,854.7114352941192],[492.50428235294214,854.7114352941192],[492.50428235294214,854.8200941176485],[492.17830588235404,854.8200941176485],[492.17830588235404,854.928752941178],[491.9609882352951,854.928752941178],[491.8523294117657,855.1460705882369],[491.63501176470686,855.1460705882369],[491.63501176470686,855.2547294117662],[491.417694117648,855.3633882352956]]}},{"type":"Feature","id":"country-008-mainland-southwest-region-border-005-007-001","properties":{"id":"country-008-mainland-southwest-region-border-005-007-001","type":"region-border","countryId":"country-008","targetComponentId":"mainland-southwest","datasetId":"country-008/mainland-southwest","leftRegionId":"country-008-mainland-southwest-region-005","rightRegionId":"country-008-mainland-southwest-region-007"},"geometry":{"type":"LineString","coordinates":[[505.5433411764718,838.4126117647073],[505.65200000000124,838.4126117647073],[505.65200000000124,838.3039529411776],[508.2598117647071,838.3039529411776],[508.2598117647071,838.1952941176485],[508.5857882352954,838.1952941176485],[508.5857882352954,838.0866352941189],[508.91176470588374,838.0866352941189],[508.91176470588374,837.9779764705896],[509.34640000000127,837.9779764705896],[509.34640000000127,837.86931764706],[509.5637176470601,837.86931764706],[509.5637176470601,837.7606588235308],[509.88969411764833,837.7606588235308],[509.88969411764833,837.6520000000012],[510.2156705882366,837.6520000000012],[510.2156705882366,837.5433411764719],[510.75896470588367,837.5433411764719],[510.75896470588367,837.4346823529423],[512.7148235294131,837.4346823529423],[512.7148235294131,837.5433411764719],[513.2581176470602,837.5433411764719],[513.2581176470602,837.6520000000012],[513.5840941176484,837.6520000000012],[513.5840941176484,837.7606588235308],[513.8014117647073,837.7606588235308],[513.8014117647073,837.86931764706],[514.1273882352955,837.86931764706],[514.1273882352955,837.9779764705896],[514.4533647058837,837.9779764705896],[514.4533647058837,838.0866352941189],[514.6706823529425,838.0866352941189],[514.6706823529425,838.1952941176485],[514.9966588235309,838.1952941176485],[514.9966588235309,838.3039529411776],[515.2139764705896,838.3039529411776],[515.2139764705896,838.4126117647073],[515.4312941176483,838.4126117647073],[515.4312941176483,838.5212705882365],[515.7572705882367,838.5212705882365],[515.7572705882367,838.6299294117662],[516.3005647058837,838.6299294117662],[516.3005647058837,838.7385882352953],[516.7352000000016,838.7385882352953],[516.7352000000016,838.8472470588249],[516.8438588235308,838.8472470588249]]}},{"type":"Feature","id":"country-008-mainland-southwest-region-border-005-012-001","properties":{"id":"country-008-mainland-southwest-region-border-005-012-001","type":"region-border","countryId":"country-008","targetComponentId":"mainland-southwest","datasetId":"country-008/mainland-southwest","leftRegionId":"country-008-mainland-southwest-region-005","rightRegionId":"country-008-mainland-southwest-region-012"},"geometry":{"type":"LineString","coordinates":[[516.8438588235308,838.8472470588249],[516.8438588235308,838.9559058823542],[516.9525176470603,838.9559058823542],[516.9525176470603,841.1290823529424],[516.8438588235308,841.1290823529424],[516.8438588235308,842.6503058823542],[516.9525176470603,842.6503058823542],[516.9525176470603,842.7589647058836],[517.0611764705897,842.7589647058836],[517.0611764705897,842.8676235294131],[517.1698352941191,842.8676235294131],[517.2784941176486,843.0849411764718],[517.4958117647074,843.0849411764718],[517.4958117647074,843.1936000000013],[517.8217882352955,843.1936000000013],[517.8217882352955,843.3022588235307],[518.3650823529426,843.3022588235307],[518.3650823529426,843.4109176470602],[519.5603294117661,843.4109176470602],[519.5603294117661,843.5195764705895],[520.1036235294133,843.5195764705895],[520.1036235294133,843.6282352941189],[520.3209411764722,843.6282352941189],[520.3209411764722,843.7368941176484],[520.5382588235309,843.7368941176484],[520.5382588235309,843.8455529411777],[520.6469176470604,843.8455529411777],[520.6469176470604,843.9542117647072],[520.8642352941192,844.0628705882366],[520.8642352941192,845.4754352941189],[520.9728941176486,845.4754352941189],[520.9728941176486,845.9100705882366],[521.081552941178,845.9100705882366],[521.081552941178,846.1273882352955],[521.1902117647074,846.1273882352955],[521.1902117647074,846.2360470588249],[521.2988705882368,846.2360470588249],[521.2988705882368,846.3447058823543],[521.4075294117662,846.3447058823543],[521.4075294117662,846.4533647058837],[521.5161882352958,846.4533647058837],[521.5161882352958,846.5620235294133],[521.624847058825,846.5620235294133],[521.624847058825,846.6706823529425],[521.7335058823545,846.6706823529425],[521.8421647058839,846.8880000000014],[522.0594823529428,846.8880000000014],[522.0594823529428,846.996658823531],[522.2768000000016,847.1053176470602],[522.2768000000016,847.322635294119],[522.4941176470604,847.4312941176486],[522.4941176470604,847.6486117647074],[522.6027764705897,847.6486117647074],[522.6027764705897,847.8659294117663],[522.7114352941193,847.8659294117663],[522.7114352941193,848.1919058823544],[522.8200941176486,848.1919058823544],[522.8200941176486,849.0611764705897],[522.928752941178,849.0611764705897],[522.928752941178,849.7131294117661],[523.0374117647075,849.7131294117661],[523.0374117647075,849.9304470588249],[523.1460705882369,849.9304470588249],[523.1460705882369,850.0391058823545],[523.2547294117663,850.0391058823545],[523.3633882352957,850.2564235294134],[523.9066823529429,850.2564235294134],[523.9066823529429,850.3650823529426],[525.1019294117664,850.3650823529426],[525.1019294117664,850.2564235294134],[525.4279058823545,850.2564235294134],[525.4279058823545,850.1477647058838],[525.9712000000017,850.1477647058838],[525.9712000000017,850.0391058823545],[526.5144941176487,850.0391058823545]]}},{"type":"Feature","id":"country-008-mainland-southwest-region-border-005-013-001","properties":{"id":"country-008-mainland-southwest-region-border-005-013-001","type":"region-border","countryId":"country-008","targetComponentId":"mainland-southwest","datasetId":"country-008/mainland-southwest","leftRegionId":"country-008-mainland-southwest-region-005","rightRegionId":"country-008-mainland-southwest-region-013"},"geometry":{"type":"LineString","coordinates":[[526.5144941176487,850.0391058823545],[526.5144941176487,850.1477647058838]]}},{"type":"Feature","id":"country-008-mainland-southwest-region-border-006-007-001","properties":{"id":"country-008-mainland-southwest-region-border-006-007-001","type":"region-border","countryId":"country-008","targetComponentId":"mainland-southwest","datasetId":"country-008/mainland-southwest","leftRegionId":"country-008-mainland-southwest-region-006","rightRegionId":"country-008-mainland-southwest-region-007"},"geometry":{"type":"LineString","coordinates":[[498.3718588235305,821.1358588235303],[498.3718588235305,821.2445176470599],[498.2632000000011,821.2445176470599],[498.2632000000011,821.4618352941187],[498.15454117647175,821.4618352941187],[498.15454117647175,821.7878117647068],[498.04588235294216,821.7878117647068],[498.04588235294216,822.0051294117657],[497.8285647058834,822.1137882352953],[497.8285647058834,822.331105882354],[497.71990588235406,822.331105882354],[497.71990588235406,822.6570823529421],[497.6112470588246,822.6570823529421],[497.6112470588246,823.7436705882362],[497.71990588235406,823.7436705882362],[497.71990588235406,824.2869647058833],[497.8285647058834,824.2869647058833],[497.8285647058834,824.721600000001],[497.93722352941285,824.721600000001],[497.93722352941285,824.8302588235304],[498.04588235294216,824.8302588235304],[498.04588235294216,825.0475764705892],[498.15454117647175,825.0475764705892],[498.15454117647175,825.1562352941186],[498.2632000000011,825.1562352941186],[498.2632000000011,825.264894117648],[498.3718588235305,825.264894117648],[498.3718588235305,825.3735529411774],[498.58917647058934,825.4822117647068],[498.58917647058934,826.0255058823539],[498.4805176470599,826.0255058823539],[498.4805176470599,826.2428235294127],[498.3718588235305,826.2428235294127],[498.3718588235305,826.3514823529422],[498.2632000000011,826.3514823529422],[498.15454117647175,826.5688000000009],[497.93722352941285,826.5688000000009],[497.8285647058834,826.7861176470598],[497.6112470588246,826.7861176470598],[497.6112470588246,826.8947764705892],[497.3939294117658,826.8947764705892],[497.3939294117658,827.0034352941186],[497.0679529411775,827.0034352941186],[497.0679529411775,827.1120941176481],[496.8506352941186,827.1120941176481],[496.8506352941186,827.2207529411775],[496.63331764705987,827.2207529411775],[496.63331764705987,827.3294117647068],[496.4160000000011,827.3294117647068],[496.4160000000011,827.4380705882363],[496.3073411764717,827.4380705882363],[496.3073411764717,827.5467294117657],[496.1986823529422,827.5467294117657],[496.1986823529422,827.6553882352952],[496.0900235294128,827.6553882352952],[496.0900235294128,827.7640470588245],[495.872705882354,827.872705882354],[495.872705882354,828.9592941176483],[495.9813647058834,828.9592941176483],[495.9813647058834,829.2852705882364],[496.1986823529422,829.393929411766],[496.1986823529422,829.7199058823539],[496.3073411764717,829.7199058823539],[496.3073411764717,829.8285647058835],[496.52465882353044,829.9372235294128],[496.52465882353044,830.1545411764716],[496.7419764705893,830.1545411764716],[496.8506352941186,830.3718588235305],[497.0679529411775,830.3718588235305],[497.0679529411775,830.4805176470601],[497.28527058823636,830.4805176470601],[497.28527058823636,830.5891764705893],[497.5025882352953,830.5891764705893],[497.6112470588246,830.8064941176481],[497.8285647058834,830.8064941176481],[497.8285647058834,830.9151529411778],[498.04588235294216,830.9151529411778],[498.15454117647175,831.1324705882365],[498.3718588235305,831.1324705882365],[498.3718588235305,831.2411294117658],[498.4805176470599,831.2411294117658],[498.58917647058934,831.4584470588246],[498.8064941176482,831.4584470588246],[498.91515294117755,831.6757647058835],[499.1324705882364,831.6757647058835],[499.1324705882364,831.7844235294131],[499.3497882352953,831.7844235294131],[499.3497882352953,831.8930823529422],[499.67576470588347,831.8930823529422],[499.67576470588347,832.0017411764719],[500.1104000000011,832.0017411764719],[500.1104000000011,832.110400000001],[500.32771764705996,832.110400000001],[500.32771764705996,832.2190588235308],[500.65369411764823,832.2190588235308],[500.65369411764823,832.3277176470599],[501.1969882352953,832.3277176470599],[501.1969882352953,832.4363764705893],[501.4143058823541,832.4363764705893],[501.4143058823541,832.5450352941187],[501.5229647058835,832.5450352941187],[501.5229647058835,832.6536941176483],[501.7402823529424,832.7623529411776],[501.7402823529424,832.871011764707],[501.6316235294128,832.871011764707],[501.6316235294128,833.1969882352952],[501.5229647058835,833.1969882352952],[501.5229647058835,833.414305882354],[501.4143058823541,833.414305882354],[501.4143058823541,833.6316235294129],[501.30564705882466,833.6316235294129],[501.30564705882466,833.7402823529422],[501.1969882352953,833.7402823529422],[501.08832941176576,833.9576000000011],[500.871011764707,833.9576000000011],[500.871011764707,834.0662588235306],[500.65369411764823,834.1749176470599],[500.65369411764823,834.5008941176482],[500.54503529411886,834.5008941176482],[500.54503529411886,835.8048000000011],[500.7623529411776,835.9134588235306],[500.7623529411776,836.1307764705894],[500.871011764707,836.1307764705894],[500.871011764707,836.2394352941188],[500.97967058823644,836.2394352941188],[500.97967058823644,836.3480941176482],[501.08832941176576,836.3480941176482],[501.08832941176576,836.4567529411777],[501.1969882352953,836.4567529411777],[501.1969882352953,836.565411764707],[501.30564705882466,836.565411764707],[501.4143058823541,836.7827294117659],[501.6316235294128,836.7827294117659],[501.6316235294128,836.8913882352953],[501.7402823529424,836.8913882352953],[501.8489411764717,837.1087058823541],[502.0662588235306,837.1087058823541],[502.0662588235306,837.2173647058835],[502.17491764706,837.2173647058835],[502.17491764706,837.3260235294132],[502.2835764705893,837.3260235294132],[502.3922352941188,837.5433411764719],[502.60955294117764,837.5433411764719],[502.71821176470706,837.7606588235308],[503.37016470588355,837.7606588235308],[503.37016470588355,837.86931764706],[504.23943529411883,837.86931764706],[504.23943529411883,837.9779764705896],[504.8913882352953,837.9779764705896],[504.8913882352953,838.0866352941189],[505.1087058823542,838.0866352941189],[505.1087058823542,838.1952941176485],[505.3260235294131,838.1952941176485],[505.3260235294131,838.3039529411776],[505.5433411764718,838.3039529411776],[505.5433411764718,838.4126117647073]]}},{"type":"Feature","id":"country-008-mainland-southwest-region-border-007-008-001","properties":{"id":"country-008-mainland-southwest-region-border-007-008-001","type":"region-border","countryId":"country-008","targetComponentId":"mainland-southwest","datasetId":"country-008/mainland-southwest","leftRegionId":"country-008-mainland-southwest-region-007","rightRegionId":"country-008-mainland-southwest-region-008"},"geometry":{"type":"LineString","coordinates":[[533.2513411764724,819.2886588235305],[533.2513411764724,819.3973176470597],[533.0340235294135,819.5059764705893],[533.0340235294135,819.7232941176482],[532.9253647058841,819.7232941176482],[532.9253647058841,819.940611764707],[532.7080470588253,820.0492705882361],[532.7080470588253,820.266588235295],[532.5993882352958,820.266588235295],[532.5993882352958,820.5925647058834],[532.4907294117664,820.5925647058834],[532.4907294117664,821.6791529411776],[532.3820705882371,821.6791529411776],[532.3820705882371,822.0051294117657],[532.2734117647077,822.0051294117657],[532.2734117647077,822.331105882354],[532.1647529411781,822.331105882354],[532.1647529411781,822.6570823529421],[532.0560941176487,822.6570823529421],[532.0560941176487,823.0917176470598],[531.9474352941194,823.0917176470598],[531.9474352941194,823.3090352941185],[531.83877647059,823.3090352941185],[531.83877647059,823.6350117647069],[531.7301176470605,823.6350117647069],[531.7301176470605,823.7436705882362],[531.6214588235313,823.7436705882362],[531.6214588235313,823.8523294117658],[531.5128000000017,823.8523294117658],[531.5128000000017,823.9609882352951],[531.4041411764723,823.9609882352951],[531.4041411764723,824.0696470588244],[531.2954823529428,824.0696470588244],[531.2954823529428,824.1783058823539],[531.1868235294135,824.1783058823539],[531.0781647058842,824.3956235294127],[530.8608470588252,824.3956235294127],[530.8608470588252,824.6129411764715],[530.6435294117664,824.6129411764715],[530.6435294117664,824.721600000001],[530.4262117647077,824.721600000001],[530.4262117647077,824.8302588235304],[530.2088941176487,824.9389176470597],[530.2088941176487,825.1562352941186],[529.99157647059,825.264894117648],[529.99157647059,825.4822117647068],[529.8829176470606,825.4822117647068],[529.8829176470606,825.6995294117656],[529.774258823531,825.6995294117656],[529.774258823531,825.9168470588245],[529.6656000000016,825.9168470588245],[529.6656000000016,826.3514823529422],[529.5569411764723,826.3514823529422],[529.5569411764723,826.6774588235304],[529.4482823529429,826.6774588235304],[529.4482823529429,827.1120941176481],[529.3396235294134,827.1120941176481],[529.3396235294134,827.4380705882363],[529.2309647058842,827.4380705882363],[529.2309647058842,827.872705882354],[529.1223058823546,827.872705882354],[529.1223058823546,828.3073411764718],[529.0136470588252,828.3073411764718],[529.0136470588252,828.8506352941187],[528.9049882352958,828.8506352941187],[528.9049882352958,829.0679529411775],[528.7963294117664,829.0679529411775],[528.7963294117664,829.5025882352952],[528.6876705882371,829.5025882352952],[528.6876705882371,829.7199058823539],[528.5790117647075,829.7199058823539],[528.5790117647075,830.0458823529424],[528.4703529411781,830.0458823529424],[528.4703529411781,830.3718588235305]]}},{"type":"Feature","id":"country-008-mainland-southwest-region-border-007-012-001","properties":{"id":"country-008-mainland-southwest-region-border-007-012-001","type":"region-border","countryId":"country-008","targetComponentId":"mainland-southwest","datasetId":"country-008/mainland-southwest","leftRegionId":"country-008-mainland-southwest-region-007","rightRegionId":"country-008-mainland-southwest-region-012"},"geometry":{"type":"LineString","coordinates":[[516.8438588235308,838.8472470588249],[516.9525176470603,838.8472470588249],[516.9525176470603,838.7385882352953],[517.0611764705897,838.7385882352953],[517.1698352941191,838.5212705882365],[517.4958117647074,838.5212705882365],[517.4958117647074,838.4126117647073],[517.7131294117662,838.4126117647073],[517.7131294117662,838.3039529411776],[518.0391058823544,838.3039529411776],[518.0391058823544,838.1952941176485],[518.3650823529426,838.1952941176485],[518.3650823529426,838.0866352941189],[518.5824000000015,838.0866352941189],[518.5824000000015,837.9779764705896],[518.9083764705897,837.9779764705896],[518.9083764705897,837.86931764706],[519.1256941176487,837.86931764706],[519.1256941176487,837.7606588235308],[519.4516705882368,837.7606588235308],[519.4516705882368,837.6520000000012],[519.6689882352957,837.6520000000012],[519.6689882352957,837.5433411764719],[519.9949647058838,837.5433411764719],[519.9949647058838,837.4346823529423],[520.2122823529426,837.4346823529423],[520.2122823529426,837.3260235294132],[520.5382588235309,837.3260235294132],[520.5382588235309,837.2173647058835],[520.7555764705897,837.2173647058835],[520.7555764705897,837.1087058823541],[520.9728941176486,837.1087058823541],[520.9728941176486,837.0000470588247],[521.2988705882368,837.0000470588247],[521.2988705882368,836.8913882352953],[521.5161882352958,836.8913882352953],[521.5161882352958,836.7827294117659],[521.9508235294134,836.7827294117659],[521.9508235294134,836.6740705882364],[522.2768000000016,836.6740705882364],[522.2768000000016,836.565411764707],[523.2547294117663,836.565411764707],[523.2547294117663,836.6740705882364],[523.3633882352957,836.6740705882364]]}},{"type":"Feature","id":"country-008-mainland-southwest-region-border-007-014-001","properties":{"id":"country-008-mainland-southwest-region-border-007-014-001","type":"region-border","countryId":"country-008","targetComponentId":"mainland-southwest","datasetId":"country-008/mainland-southwest","leftRegionId":"country-008-mainland-southwest-region-007","rightRegionId":"country-008-mainland-southwest-region-014"},"geometry":{"type":"LineString","coordinates":[[528.4703529411781,830.3718588235305],[528.3616941176488,830.3718588235305],[528.3616941176488,830.4805176470601],[528.0357176470606,830.4805176470601],[528.0357176470606,830.5891764705893],[527.8184000000017,830.5891764705893],[527.8184000000017,830.6978352941189],[526.5144941176487,830.6978352941189],[526.5144941176487,830.8064941176481],[526.079858823531,830.8064941176481],[526.079858823531,830.9151529411778],[525.7538823529428,830.9151529411778],[525.7538823529428,831.0238117647069],[525.536564705884,831.0238117647069],[525.4279058823545,831.2411294117658],[525.2105882352957,831.2411294117658],[525.2105882352957,831.3497882352954],[524.9932705882368,831.3497882352954],[524.9932705882368,831.4584470588246],[524.8846117647074,831.4584470588246],[524.775952941178,831.6757647058835],[524.5586352941192,831.6757647058835],[524.5586352941192,831.7844235294131],[524.44997647059,831.7844235294131],[524.44997647059,831.8930823529422],[524.3413176470604,831.8930823529422],[524.232658823531,832.110400000001],[523.9066823529429,832.110400000001],[523.9066823529429,832.2190588235308],[523.6893647058839,832.2190588235308],[523.6893647058839,832.3277176470599],[523.5807058823546,832.3277176470599],[523.5807058823546,832.5450352941187],[523.4720470588251,832.5450352941187],[523.4720470588251,832.7623529411776],[523.3633882352957,832.7623529411776],[523.3633882352957,833.7402823529422],[523.4720470588251,833.7402823529422],[523.4720470588251,833.9576000000011],[523.5807058823546,833.9576000000011],[523.5807058823546,834.2835764705894],[523.6893647058839,834.2835764705894],[523.6893647058839,834.5008941176482],[523.7980235294133,834.5008941176482],[523.7980235294133,834.8268705882365],[523.9066823529429,834.8268705882365],[523.9066823529429,835.2615058823541],[524.0153411764721,835.2615058823541],[524.0153411764721,835.3701647058836],[523.9066823529429,835.3701647058836],[523.9066823529429,835.8048000000011],[523.7980235294133,835.8048000000011],[523.7980235294133,836.1307764705894],[523.6893647058839,836.1307764705894],[523.6893647058839,836.3480941176482],[523.5807058823546,836.3480941176482],[523.5807058823546,836.4567529411777],[523.4720470588251,836.4567529411777],[523.3633882352957,836.6740705882364]]}},{"type":"Feature","id":"country-008-mainland-southwest-region-border-008-013-001","properties":{"id":"country-008-mainland-southwest-region-border-008-013-001","type":"region-border","countryId":"country-008","targetComponentId":"mainland-southwest","datasetId":"country-008/mainland-southwest","leftRegionId":"country-008-mainland-southwest-region-008","rightRegionId":"country-008-mainland-southwest-region-013"},"geometry":{"type":"LineString","coordinates":[[532.1647529411781,840.0424941176483],[532.1647529411781,840.1511529411779],[532.2734117647077,840.1511529411779],[532.2734117647077,840.2598117647071],[532.3820705882371,840.2598117647071],[532.3820705882371,840.3684705882367],[532.4907294117664,840.3684705882367],[532.4907294117664,840.477129411766],[532.5993882352958,840.477129411766],[532.5993882352958,840.5857882352956],[532.7080470588253,840.5857882352956],[532.7080470588253,840.6944470588248],[532.8167058823548,840.6944470588248],[532.8167058823548,840.8031058823544],[532.9253647058841,840.8031058823544],[532.9253647058841,840.9117647058836],[533.0340235294135,840.9117647058836],[533.0340235294135,841.0204235294132],[533.142682352943,841.0204235294132],[533.2513411764724,841.237741176472],[533.4686588235313,841.237741176472],[533.4686588235313,841.3464000000013],[533.5773176470606,841.3464000000013],[533.5773176470606,841.4550588235309],[533.68597647059,841.4550588235309],[533.7946352941194,841.6723764705895],[534.0119529411784,841.6723764705895],[534.1206117647077,841.8896941176486],[534.3379294117665,841.8896941176486],[534.3379294117665,841.9983529411777],[534.5552470588253,841.9983529411777],[534.5552470588253,842.1070117647072],[534.7725647058842,842.1070117647072],[534.7725647058842,842.2156705882365],[534.9898823529429,842.2156705882365],[534.9898823529429,842.3243294117661],[535.3158588235312,842.3243294117661],[535.3158588235312,842.4329882352954],[536.076470588237,842.4329882352954],[536.076470588237,842.5416470588248],[536.9457411764724,842.5416470588248],[536.9457411764724,842.4329882352954],[537.1630588235312,842.4329882352954],[537.1630588235312,842.3243294117661],[537.38037647059,842.3243294117661],[537.38037647059,842.2156705882365],[537.597694117649,842.2156705882365],[537.7063529411784,841.9983529411777],[537.9236705882371,841.9983529411777],[537.9236705882371,841.8896941176486],[538.0323294117666,841.8896941176486],[538.1409882352959,841.6723764705895],[538.3583058823548,841.6723764705895],[538.3583058823548,841.5637176470601],[538.4669647058842,841.5637176470601],[538.5756235294136,841.3464000000013],[538.7929411764726,841.3464000000013],[538.7929411764726,841.237741176472],[538.901600000002,841.237741176472],[539.0102588235313,841.0204235294132],[539.2275764705901,841.0204235294132],[539.2275764705901,840.9117647058836],[539.3362352941195,840.9117647058836],[539.3362352941195,840.8031058823544],[539.444894117649,840.8031058823544],[539.444894117649,840.6944470588248],[539.5535529411784,840.6944470588248],[539.5535529411784,840.5857882352956],[539.6622117647078,840.5857882352956],[539.6622117647078,840.477129411766],[539.7708705882371,840.477129411766],[539.7708705882371,840.3684705882367],[539.8795294117666,840.3684705882367],[539.8795294117666,840.2598117647071],[539.9881882352961,840.2598117647071],[539.9881882352961,840.1511529411779],[540.0968470588255,840.1511529411779],[540.0968470588255,840.0424941176483],[540.2055058823548,840.0424941176483],[540.2055058823548,839.933835294119],[540.3141647058842,839.933835294119],[540.3141647058842,839.8251764705894],[540.4228235294137,839.8251764705894],[540.4228235294137,839.7165176470603],[540.531482352943,839.7165176470603],[540.531482352943,839.6078588235306],[540.6401411764724,839.6078588235306],[540.7488000000019,839.3905411764719],[540.9661176470607,839.3905411764719],[540.9661176470607,839.2818823529426],[541.0747764705901,839.2818823529426],[541.1834352941196,839.0645647058838],[541.4007529411783,839.0645647058838],[541.4007529411783,838.9559058823542],[541.6180705882372,838.9559058823542],[541.6180705882372,838.8472470588249],[541.8353882352959,838.8472470588249],[541.8353882352959,838.7385882352953],[542.1613647058842,838.7385882352953],[542.1613647058842,838.6299294117662],[542.5960000000019,838.6299294117662],[542.5960000000019,838.5212705882365],[543.4652705882372,838.5212705882365],[543.4652705882372,838.6299294117662],[543.8999058823549,838.6299294117662],[543.8999058823549,838.7385882352953],[544.225882352943,838.7385882352953],[544.225882352943,838.8472470588249],[544.7691764705903,838.8472470588249],[544.7691764705903,838.9559058823542],[545.0951529411784,838.9559058823542],[545.0951529411784,839.0645647058838],[545.5297882352961,839.0645647058838],[545.5297882352961,839.173223529413],[545.747105882355,839.173223529413],[545.747105882355,839.2818823529426],[545.9644235294138,839.2818823529426],[545.9644235294138,839.3905411764719],[546.1817411764725,839.3905411764719],[546.1817411764725,839.4992000000015],[546.3990588235314,839.4992000000015],[546.3990588235314,839.6078588235306],[546.6163764705901,839.6078588235306],[546.6163764705901,839.7165176470603],[546.8336941176491,839.7165176470603],[546.8336941176491,839.8251764705894],[547.1596705882374,839.8251764705894],[547.1596705882374,839.933835294119],[547.4856470588255,839.933835294119],[547.4856470588255,840.0424941176483],[547.9202823529432,840.0424941176483],[547.9202823529432,840.1511529411779],[548.6808941176491,840.1511529411779],[548.6808941176491,840.2598117647071],[548.7895529411785,840.2598117647071],[548.7895529411785,840.1511529411779],[549.2241882352962,840.1511529411779],[549.2241882352962,840.0424941176483],[549.4415058823549,840.0424941176483],[549.4415058823549,839.933835294119],[549.5501647058843,839.933835294119],[549.5501647058843,839.8251764705894],[549.6588235294139,839.8251764705894],[549.6588235294139,839.7165176470603],[549.7674823529433,839.7165176470603],[549.7674823529433,839.6078588235306],[549.8761411764726,839.6078588235306],[549.8761411764726,839.4992000000015],[550.0934588235315,839.3905411764719],[550.0934588235315,839.173223529413],[550.3107764705903,839.0645647058838],[550.3107764705903,838.8472470588249],[550.4194352941197,838.8472470588249],[550.4194352941197,838.6299294117662],[550.5280941176492,838.6299294117662],[550.5280941176492,838.5212705882365],[550.6367529411785,838.5212705882365],[550.6367529411785,838.4126117647073],[550.8540705882375,838.3039529411776],[550.8540705882375,838.0866352941189],[550.9627294117668,838.0866352941189],[550.9627294117668,837.9779764705896],[551.0713882352962,837.9779764705896],[551.0713882352962,837.86931764706],[551.1800470588256,837.86931764706],[551.2887058823551,837.6520000000012],[551.5060235294138,837.6520000000012],[551.5060235294138,837.5433411764719],[552.4839529411786,837.5433411764719],[552.4839529411786,837.6520000000012],[552.7012705882374,837.6520000000012],[552.7012705882374,837.7606588235308],[552.9185882352963,837.7606588235308],[552.9185882352963,837.86931764706],[553.0272470588257,837.86931764706],[553.0272470588257,837.9779764705896],[553.135905882355,837.9779764705896],[553.135905882355,838.0866352941189],[553.2445647058846,838.0866352941189],[553.2445647058846,838.1952941176485],[553.4618823529433,838.3039529411776],[553.4618823529433,838.5212705882365],[553.6792000000021,838.6299294117662],[553.6792000000021,838.8472470588249],[553.7878588235315,838.8472470588249],[553.7878588235315,838.9559058823542],[553.8965176470609,838.9559058823542],[553.8965176470609,839.0645647058838],[554.0051764705904,839.0645647058838],[554.0051764705904,839.173223529413],[554.1138352941198,839.173223529413],[554.1138352941198,839.2818823529426],[554.2224941176491,839.2818823529426],[554.2224941176491,839.3905411764719],[554.3311529411785,839.3905411764719],[554.3311529411785,839.4992000000015],[554.4398117647081,839.4992000000015],[554.4398117647081,839.6078588235306],[554.5484705882375,839.6078588235306],[554.6571294117668,839.8251764705894],[554.8744470588257,839.8251764705894],[554.8744470588257,839.933835294119],[554.983105882355,839.933835294119],[554.983105882355,840.0424941176483],[555.2004235294139,840.0424941176483],[555.2004235294139,840.1511529411779],[555.526400000002,840.1511529411779],[555.526400000002,840.2598117647071],[555.9610352941198,840.2598117647071],[555.9610352941198,840.3684705882367],[556.2870117647082,840.3684705882367],[556.2870117647082,840.2598117647071],[556.7216470588257,840.2598117647071],[556.7216470588257,840.1511529411779],[556.9389647058846,840.1511529411779],[556.9389647058846,840.0424941176483],[557.2649411764728,840.0424941176483],[557.2649411764728,839.933835294119],[557.590917647061,839.933835294119],[557.590917647061,839.8251764705894],[557.8082352941199,839.8251764705894],[557.8082352941199,839.7165176470603],[557.9168941176492,839.7165176470603],[557.9168941176492,839.6078588235306],[558.1342117647081,839.4992000000015],[558.1342117647081,839.0645647058838],[558.2428705882376,839.0645647058838],[558.2428705882376,837.9779764705896],[558.3515294117669,837.9779764705896],[558.3515294117669,837.86931764706],[558.5688470588257,837.86931764706],[558.5688470588257,837.7606588235308],[559.2208000000023,837.7606588235308],[559.2208000000023,837.6520000000012],[559.7640941176492,837.6520000000012],[559.7640941176492,837.5433411764719],[560.0900705882375,837.5433411764719],[560.198729411767,837.3260235294132],[560.4160470588258,837.3260235294132],[560.4160470588258,837.2173647058835],[560.5247058823552,837.2173647058835],[560.5247058823552,837.1087058823541],[560.742023529414,837.0000470588247]]}},{"type":"Feature","id":"country-008-mainland-southwest-region-border-008-014-001","properties":{"id":"country-008-mainland-southwest-region-border-008-014-001","type":"region-border","countryId":"country-008","targetComponentId":"mainland-southwest","datasetId":"country-008/mainland-southwest","leftRegionId":"country-008-mainland-southwest-region-008","rightRegionId":"country-008-mainland-southwest-region-014"},"geometry":{"type":"LineString","coordinates":[[528.4703529411781,830.3718588235305],[528.4703529411781,830.4805176470601],[528.6876705882371,830.4805176470601],[528.6876705882371,830.5891764705893],[528.9049882352958,830.5891764705893],[529.0136470588252,830.8064941176481],[529.2309647058842,830.8064941176481],[529.2309647058842,830.9151529411778],[529.4482823529429,830.9151529411778],[529.5569411764723,831.1324705882365],[529.774258823531,831.1324705882365],[529.774258823531,831.2411294117658],[529.8829176470606,831.2411294117658],[529.8829176470606,831.3497882352954],[529.99157647059,831.3497882352954],[529.99157647059,831.4584470588246],[530.1002352941193,831.4584470588246],[530.1002352941193,831.5671058823542],[530.2088941176487,831.5671058823542],[530.2088941176487,831.6757647058835],[530.3175529411782,831.6757647058835],[530.3175529411782,831.7844235294131],[530.4262117647077,831.7844235294131],[530.4262117647077,831.8930823529422],[530.534870588237,831.8930823529422],[530.6435294117664,832.110400000001],[530.8608470588252,832.110400000001],[530.9695058823545,832.3277176470599],[531.2954823529428,832.3277176470599],[531.4041411764723,832.5450352941187],[531.6214588235313,832.5450352941187],[531.6214588235313,832.6536941176483],[531.83877647059,832.6536941176483],[531.83877647059,832.7623529411776],[531.9474352941194,832.7623529411776],[532.0560941176487,832.9796705882364],[532.2734117647077,832.9796705882364],[532.2734117647077,833.088329411766],[532.4907294117664,833.1969882352952],[532.4907294117664,833.414305882354],[532.7080470588253,833.5229647058835],[532.7080470588253,833.7402823529422],[532.9253647058841,833.8489411764717],[532.9253647058841,834.0662588235306],[533.0340235294135,834.0662588235306],[533.0340235294135,834.2835764705894],[533.2513411764724,834.3922352941188],[533.2513411764724,834.6095529411776],[533.4686588235313,834.718211764707],[533.4686588235313,835.0441882352952],[533.5773176470606,835.0441882352952],[533.5773176470606,835.2615058823541],[533.68597647059,835.2615058823541],[533.68597647059,835.4788235294129],[533.7946352941194,835.4788235294129],[533.7946352941194,835.8048000000011],[533.9032941176488,835.8048000000011],[533.9032941176488,836.565411764707],[534.0119529411784,836.565411764707],[534.0119529411784,836.6740705882364],[533.9032941176488,836.6740705882364],[533.9032941176488,837.7606588235308],[533.7946352941194,837.7606588235308],[533.7946352941194,837.9779764705896],[533.68597647059,837.9779764705896],[533.68597647059,838.1952941176485],[533.5773176470606,838.1952941176485],[533.5773176470606,838.4126117647073],[533.4686588235313,838.4126117647073],[533.4686588235313,838.5212705882365],[533.3600000000016,838.5212705882365],[533.3600000000016,838.6299294117662],[533.2513411764724,838.6299294117662],[533.2513411764724,838.7385882352953],[533.0340235294135,838.8472470588249],[533.0340235294135,839.0645647058838],[532.9253647058841,839.0645647058838],[532.9253647058841,839.173223529413],[532.8167058823548,839.173223529413],[532.8167058823548,839.2818823529426],[532.7080470588253,839.2818823529426],[532.7080470588253,839.3905411764719],[532.5993882352958,839.3905411764719],[532.5993882352958,839.4992000000015],[532.4907294117664,839.4992000000015],[532.4907294117664,839.6078588235306],[532.3820705882371,839.6078588235306],[532.3820705882371,839.7165176470603],[532.1647529411781,839.8251764705894],[532.1647529411781,840.0424941176483]]}},{"type":"Feature","id":"country-008-mainland-southwest-region-border-009-010-001","properties":{"id":"country-008-mainland-southwest-region-border-009-010-001","type":"region-border","countryId":"country-008","targetComponentId":"mainland-southwest","datasetId":"country-008/mainland-southwest","leftRegionId":"country-008-mainland-southwest-region-009","rightRegionId":"country-008-mainland-southwest-region-010"},"geometry":{"type":"LineString","coordinates":[[563.5671529411788,848.0832470588251],[563.8931294117671,848.0832470588251],[563.8931294117671,847.9745882352955],[564.1104470588259,847.9745882352955],[564.1104470588259,847.8659294117663],[564.4364235294141,847.8659294117663],[564.4364235294141,847.7572705882367],[564.653741176473,847.7572705882367],[564.653741176473,847.6486117647074],[565.0883764705906,847.6486117647074],[565.0883764705906,847.5399529411778],[565.3056941176494,847.5399529411778],[565.3056941176494,847.4312941176486],[565.5230117647083,847.4312941176486],[565.5230117647083,847.322635294119],[565.8489882352966,847.322635294119],[565.9576470588258,847.1053176470602],[566.1749647058847,847.1053176470602],[566.2836235294142,846.8880000000014],[566.6096000000024,846.8880000000014],[566.6096000000024,846.7793411764721],[567.4788705882377,846.7793411764721],[567.4788705882377,846.8880000000014],[567.8048470588259,846.8880000000014],[567.8048470588259,846.996658823531],[568.1308235294141,846.996658823531],[568.1308235294141,847.1053176470602],[568.3481411764731,847.1053176470602],[568.3481411764731,847.2139764705898],[568.5654588235318,847.2139764705898],[568.5654588235318,847.322635294119],[568.7827764705908,847.322635294119],[568.7827764705908,847.4312941176486],[569.0000941176495,847.4312941176486],[569.1087529411789,847.6486117647074],[569.3260705882376,847.6486117647074],[569.3260705882376,847.7572705882367],[569.4347294117672,847.7572705882367],[569.4347294117672,847.8659294117663],[569.6520470588259,847.8659294117663],[569.7607058823554,848.0832470588251],[569.9780235294143,848.0832470588251],[569.9780235294143,848.1919058823544],[570.3040000000025,848.1919058823544],[570.3040000000025,848.300564705884],[570.5213176470612,848.300564705884],[570.5213176470612,848.4092235294131],[570.8472941176495,848.4092235294131],[570.8472941176495,848.5178823529427],[571.1732705882379,848.5178823529427],[571.1732705882379,848.626541176472],[571.499247058826,848.626541176472],[571.499247058826,848.7352000000016],[572.803152941179,848.7352000000016],[572.803152941179,848.626541176472],[573.6724235294142,848.626541176472],[573.6724235294142,848.5178823529427],[574.3243764705908,848.5178823529427],[574.3243764705908,848.4092235294131],[574.7590117647085,848.4092235294131],[574.7590117647085,848.300564705884],[575.1936470588261,848.300564705884],[575.1936470588261,848.1919058823544],[575.5196235294143,848.1919058823544],[575.5196235294143,848.0832470588251],[575.8456000000026,848.0832470588251],[575.8456000000026,847.9745882352955],[576.3888941176497,847.9745882352955]]}},{"type":"Feature","id":"country-008-mainland-southwest-region-border-009-013-001","properties":{"id":"country-008-mainland-southwest-region-border-009-013-001","type":"region-border","countryId":"country-008","targetComponentId":"mainland-southwest","datasetId":"country-008/mainland-southwest","leftRegionId":"country-008-mainland-southwest-region-009","rightRegionId":"country-008-mainland-southwest-region-013"},"geometry":{"type":"LineString","coordinates":[[564.9797176470612,842.9762823529425],[564.9797176470612,843.1936000000013],[564.8710588235317,843.1936000000013],[564.8710588235317,844.3888470588248],[564.7624000000023,844.3888470588248],[564.7624000000023,844.6061647058837],[564.653741176473,844.6061647058837],[564.653741176473,844.8234823529425],[564.5450823529434,844.8234823529425],[564.5450823529434,844.9321411764719],[564.3277647058846,844.9321411764719],[564.3277647058846,845.0408000000014],[564.1104470588259,845.0408000000014],[564.1104470588259,845.1494588235307],[563.8931294117671,845.1494588235307],[563.8931294117671,845.2581176470602],[563.7844705882376,845.2581176470602],[563.7844705882376,845.3667764705896],[563.6758117647082,845.3667764705896],[563.5671529411788,845.5840941176484],[563.2411764705905,845.5840941176484],[563.2411764705905,845.6927529411778],[563.1325176470611,845.6927529411778],[563.0238588235318,845.9100705882366],[562.806541176473,845.9100705882366],[562.806541176473,846.0187294117661],[562.6978823529435,846.0187294117661],[562.6978823529435,846.3447058823543],[562.5892235294141,846.3447058823543],[562.5892235294141,846.5620235294133],[562.6978823529435,846.5620235294133],[562.6978823529435,846.996658823531],[562.806541176473,846.996658823531],[562.806541176473,847.1053176470602],[562.9152000000023,847.1053176470602],[562.9152000000023,847.2139764705898],[563.0238588235318,847.2139764705898],[563.0238588235318,847.322635294119],[563.2411764705905,847.4312941176486],[563.2411764705905,847.6486117647074],[563.4584941176495,847.7572705882367],[563.4584941176495,847.9745882352955],[563.5671529411788,847.9745882352955],[563.5671529411788,848.0832470588251]]}},{"type":"Feature","id":"country-008-mainland-southwest-region-border-010-011-001","properties":{"id":"country-008-mainland-southwest-region-border-010-011-001","type":"region-border","countryId":"country-008","targetComponentId":"mainland-southwest","datasetId":"country-008/mainland-southwest","leftRegionId":"country-008-mainland-southwest-region-010","rightRegionId":"country-008-mainland-southwest-region-011"},"geometry":{"type":"LineString","coordinates":[[574.7590117647085,869.2717176470605],[574.7590117647085,868.4024470588253],[574.8676705882378,868.4024470588253],[574.8676705882378,867.9678117647077],[574.9763294117672,867.9678117647077],[574.9763294117672,867.7504941176488],[575.0849882352967,867.7504941176488],[575.0849882352967,867.53317647059],[575.3023058823553,867.4245176470607],[575.3023058823553,867.207200000002],[575.5196235294143,867.0985411764723],[575.5196235294143,866.8812235294135],[575.6282823529438,866.8812235294135],[575.7369411764731,866.6639058823547],[575.9542588235321,866.6639058823547],[576.0629176470613,866.4465882352958],[576.2802352941202,866.4465882352958],[576.3888941176497,866.229270588237],[576.6062117647085,866.229270588237],[576.7148705882379,866.0119529411782],[576.9321882352967,866.0119529411782],[576.9321882352967,865.903294117649],[577.1495058823556,865.903294117649],[577.258164705885,865.6859764705902],[577.4754823529438,865.6859764705902],[577.4754823529438,865.5773176470606],[577.8014588235321,865.5773176470606],[577.8014588235321,865.4686588235313],[578.1274352941202,865.4686588235313],[578.1274352941202,865.3600000000017],[578.3447529411792,865.3600000000017],[578.3447529411792,865.2513411764725],[578.888047058826,865.2513411764725],[578.888047058826,865.1426823529429],[579.2140235294144,865.1426823529429],[579.2140235294144,865.0340235294135],[582.256470588238,865.0340235294135],[582.256470588238,865.1426823529429],[583.7776941176496,865.1426823529429],[583.7776941176496,865.0340235294135],[584.2123294117674,865.0340235294135],[584.2123294117674,864.925364705884],[584.646964705885,864.925364705884],[584.646964705885,864.8167058823547],[584.8642823529439,864.8167058823547],[584.8642823529439,864.7080470588253],[585.0816000000027,864.7080470588253],[585.1902588235321,864.4907294117664],[585.4075764705909,864.4907294117664],[585.4075764705909,864.382070588237],[585.6248941176499,864.382070588237],[585.7335529411791,864.1647529411782],[585.950870588238,864.1647529411782],[585.950870588238,864.0560941176487],[586.1681882352967,864.0560941176487],[586.1681882352967,863.9474352941194],[586.3855058823557,863.9474352941194],[586.3855058823557,863.8387764705899],[586.4941647058852,863.8387764705899],[586.4941647058852,863.7301176470605],[586.6028235294145,863.7301176470605],[586.6028235294145,863.621458823531],[586.711482352944,863.621458823531],[586.8201411764735,863.4041411764723],[587.0374588235322,863.4041411764723],[587.1461176470616,863.1868235294135],[587.3634352941203,863.1868235294135],[587.3634352941203,862.9695058823546],[587.5807529411793,862.8608470588252],[587.5807529411793,862.5348705882369],[587.6894117647087,862.5348705882369],[587.6894117647087,862.3175529411781],[587.798070588238,862.3175529411781],[587.798070588238,861.774258823531]]}},{"type":"Feature","id":"country-008-mainland-southwest-region-border-010-013-001","properties":{"id":"country-008-mainland-southwest-region-border-010-013-001","type":"region-border","countryId":"country-008","targetComponentId":"mainland-southwest","datasetId":"country-008/mainland-southwest","leftRegionId":"country-008-mainland-southwest-region-010","rightRegionId":"country-008-mainland-southwest-region-013"},"geometry":{"type":"LineString","coordinates":[[563.5671529411788,848.0832470588251],[563.5671529411788,848.300564705884],[563.4584941176495,848.300564705884],[563.4584941176495,848.5178823529427],[563.3498352941199,848.5178823529427],[563.3498352941199,848.626541176472],[563.2411764705905,848.626541176472],[563.1325176470611,848.8438588235308],[562.806541176473,848.8438588235308],[562.806541176473,848.9525176470604],[562.4805647058847,848.9525176470604],[562.4805647058847,849.0611764705897],[561.8286117647082,849.0611764705897],[561.8286117647082,849.1698352941193],[561.50263529412,849.1698352941193],[561.50263529412,849.2784941176485],[561.3939764705905,849.2784941176485],[561.3939764705905,849.7131294117661],[561.2853176470611,849.7131294117661],[561.2853176470611,850.3650823529426],[561.1766588235316,850.3650823529426],[561.1766588235316,850.5824000000014]]}},{"type":"Feature","id":"country-008-mainland-southwest-region-border-012-013-001","properties":{"id":"country-008-mainland-southwest-region-border-012-013-001","type":"region-border","countryId":"country-008","targetComponentId":"mainland-southwest","datasetId":"country-008/mainland-southwest","leftRegionId":"country-008-mainland-southwest-region-012","rightRegionId":"country-008-mainland-southwest-region-013"},"geometry":{"type":"LineString","coordinates":[[529.1223058823546,843.1936000000013],[529.1223058823546,843.4109176470602],[529.0136470588252,843.4109176470602],[529.0136470588252,843.8455529411777],[528.9049882352958,843.8455529411777],[528.9049882352958,844.171529411766],[528.7963294117664,844.171529411766],[528.7963294117664,844.4975058823543],[528.5790117647075,844.6061647058837],[528.5790117647075,844.8234823529425],[528.3616941176488,844.9321411764719],[528.3616941176488,845.1494588235307],[528.2530352941193,845.1494588235307],[528.2530352941193,845.2581176470602],[528.0357176470606,845.3667764705896],[528.0357176470606,845.5840941176484],[527.8184000000017,845.6927529411778],[527.8184000000017,845.9100705882366],[527.7097411764722,845.9100705882366],[527.7097411764722,846.0187294117661],[527.6010823529429,846.0187294117661],[527.6010823529429,846.2360470588249],[527.4924235294135,846.2360470588249],[527.4924235294135,846.5620235294133],[527.3837647058839,846.5620235294133],[527.3837647058839,846.8880000000014],[527.2751058823546,846.8880000000014],[527.2751058823546,847.322635294119],[527.1664470588252,847.322635294119],[527.1664470588252,847.6486117647074],[527.0577882352958,847.6486117647074],[527.0577882352958,848.1919058823544],[526.9491294117663,848.1919058823544],[526.9491294117663,848.4092235294131],[526.840470588237,848.4092235294131],[526.840470588237,848.8438588235308],[526.7318117647075,848.8438588235308],[526.7318117647075,849.3871529411781],[526.6231529411781,849.3871529411781],[526.6231529411781,849.7131294117661],[526.5144941176487,849.7131294117661],[526.5144941176487,850.0391058823545]]}},{"type":"Feature","id":"country-008-mainland-southwest-region-border-012-014-001","properties":{"id":"country-008-mainland-southwest-region-border-012-014-001","type":"region-border","countryId":"country-008","targetComponentId":"mainland-southwest","datasetId":"country-008/mainland-southwest","leftRegionId":"country-008-mainland-southwest-region-012","rightRegionId":"country-008-mainland-southwest-region-014"},"geometry":{"type":"LineString","coordinates":[[523.3633882352957,836.6740705882364],[523.3633882352957,837.7606588235308],[523.2547294117663,837.7606588235308],[523.2547294117663,838.1952941176485],[523.1460705882369,838.1952941176485],[523.1460705882369,838.7385882352953],[523.0374117647075,838.7385882352953],[523.0374117647075,839.6078588235306],[523.1460705882369,839.6078588235306],[523.1460705882369,839.933835294119],[523.2547294117663,839.933835294119],[523.3633882352957,840.1511529411779],[523.5807058823546,840.1511529411779],[523.5807058823546,840.2598117647071],[524.1240000000016,840.2598117647071],[524.1240000000016,840.3684705882367],[524.5586352941192,840.3684705882367],[524.5586352941192,840.477129411766],[525.1019294117664,840.477129411766],[525.1019294117664,840.5857882352956],[525.3192470588251,840.5857882352956],[525.3192470588251,840.6944470588248],[525.536564705884,840.6944470588248],[525.536564705884,840.9117647058836],[525.6452235294134,840.9117647058836],[525.6452235294134,841.237741176472],[525.7538823529428,841.237741176472],[525.7538823529428,841.4550588235309],[525.8625411764722,841.4550588235309],[525.8625411764722,841.6723764705895],[525.9712000000017,841.6723764705895],[525.9712000000017,841.8896941176486],[526.079858823531,841.8896941176486],[526.079858823531,841.9983529411777],[526.1885176470603,841.9983529411777],[526.1885176470603,842.1070117647072],[526.29717647059,842.1070117647072],[526.29717647059,842.2156705882365],[526.4058352941192,842.2156705882365],[526.4058352941192,842.3243294117661],[526.5144941176487,842.3243294117661],[526.5144941176487,842.4329882352954],[526.6231529411781,842.4329882352954],[526.7318117647075,842.6503058823542],[526.9491294117663,842.6503058823542],[526.9491294117663,842.7589647058836],[527.2751058823546,842.7589647058836],[527.2751058823546,842.8676235294131],[527.8184000000017,842.8676235294131],[527.8184000000017,842.9762823529425],[528.2530352941193,842.9762823529425],[528.2530352941193,843.0849411764718],[528.9049882352958,843.0849411764718],[528.9049882352958,843.1936000000013],[529.1223058823546,843.1936000000013]]}},{"type":"Feature","id":"country-008-mainland-southwest-region-border-013-014-001","properties":{"id":"country-008-mainland-southwest-region-border-013-014-001","type":"region-border","countryId":"country-008","targetComponentId":"mainland-southwest","datasetId":"country-008/mainland-southwest","leftRegionId":"country-008-mainland-southwest-region-013","rightRegionId":"country-008-mainland-southwest-region-014"},"geometry":{"type":"LineString","coordinates":[[532.1647529411781,840.0424941176483],[531.5128000000017,840.0424941176483],[531.5128000000017,840.1511529411779],[531.4041411764723,840.1511529411779],[531.4041411764723,840.2598117647071],[531.2954823529428,840.2598117647071],[531.2954823529428,840.3684705882367],[531.0781647058842,840.477129411766],[531.0781647058842,840.6944470588248],[530.8608470588252,840.8031058823544],[530.8608470588252,841.0204235294132],[530.7521882352958,841.0204235294132],[530.7521882352958,841.1290823529424],[530.6435294117664,841.1290823529424],[530.6435294117664,841.3464000000013],[530.4262117647077,841.4550588235309],[530.4262117647077,841.6723764705895],[530.3175529411782,841.6723764705895],[530.3175529411782,841.8896941176486],[530.2088941176487,841.8896941176486],[530.2088941176487,842.1070117647072],[530.1002352941193,842.1070117647072],[530.1002352941193,842.2156705882365],[529.8829176470606,842.3243294117661],[529.8829176470606,842.5416470588248],[529.774258823531,842.5416470588248],[529.774258823531,842.6503058823542],[529.6656000000016,842.6503058823542],[529.6656000000016,842.7589647058836],[529.5569411764723,842.7589647058836],[529.5569411764723,842.8676235294131],[529.4482823529429,842.8676235294131],[529.4482823529429,842.9762823529425],[529.3396235294134,842.9762823529425],[529.3396235294134,843.0849411764718],[529.1223058823546,843.1936000000013]]}},{"type":"Feature","id":"country-006-mainland-region-border-001-012-001","properties":{"id":"country-006-mainland-region-border-001-012-001","type":"region-border","countryId":"country-006","targetComponentId":"mainland","datasetId":"country-006/mainland","leftRegionId":"country-006-mainland-region-001","rightRegionId":"country-006-mainland-region-012"},"geometry":{"type":"LineString","coordinates":[[345.6989335520919,515.2058823529411],[346.17391304347825,515.2058823529411],[346.17391304347825,515.3676470588235],[346.6488925348647,515.3676470588235],[346.80721903199344,515.6911764705882],[347.12387202625104,515.6911764705882],[347.12387202625104,515.8529411764706],[347.44052502050863,515.8529411764706],[347.44052502050863,516.0147058823529],[347.7571780147662,516.0147058823529],[347.7571780147662,516.1764705882352],[348.0738310090238,516.1764705882352],[348.0738310090238,516.3382352941176],[348.70713699753895,516.3382352941176],[348.70713699753895,516.5],[349.02378999179655,516.5],[349.02378999179655,516.6617647058823],[349.34044298605414,516.6617647058823],[349.34044298605414,516.8235294117646],[349.97374897456933,516.8235294117646],[349.97374897456933,516.9852941176471],[350.4487284659557,516.9852941176471],[350.4487284659557,517.1470588235294],[351.7153404429861,517.1470588235294],[351.7153404429861,517.3088235294117],[352.19031993437244,517.3088235294117],[352.19031993437244,517.4705882352941],[352.6652994257588,517.4705882352941],[352.6652994257588,517.6323529411765],[352.9819524200164,517.6323529411765],[352.9819524200164,517.7941176470588],[353.45693191140276,517.7941176470588],[353.45693191140276,517.9558823529411],[354.09023789991795,517.9558823529411],[354.09023789991795,518.1176470588235],[354.40689089417555,518.1176470588235],[354.40689089417555,518.2794117647059],[354.72354388843314,518.2794117647059],[354.72354388843314,518.4411764705882],[355.04019688269074,518.4411764705882],[355.04019688269074,518.6029411764706],[356.1484823625923,518.6029411764706],[356.1484823625923,518.7647058823529],[357.41509433962267,518.7647058823529],[357.41509433962267,518.9264705882352],[358.681706316653,518.9264705882352],[358.681706316653,519.0882352941176],[359.6316652994258,519.0882352941176],[359.6316652994258,518.9264705882352],[359.78999179655455,518.9264705882352],[359.78999179655455,518.7647058823529],[359.94831829368337,518.7647058823529],[359.94831829368337,518.6029411764706],[360.26497128794097,518.4411764705882],[360.26497128794097,518.1176470588235],[360.42329778506974,518.1176470588235],[360.42329778506974,517.9558823529411],[360.73995077932733,517.9558823529411],[360.73995077932733,517.7941176470588],[361.0566037735849,517.7941176470588],[361.0566037735849,517.6323529411765],[361.3732567678425,517.6323529411765],[361.3732567678425,517.4705882352941],[363.11484823625926,517.4705882352941],[363.11484823625926,517.6323529411765],[363.9064807219032,517.6323529411765],[363.9064807219032,517.7941176470588],[365.48974569319114,517.7941176470588],[365.48974569319114,517.9558823529411],[365.80639868744873,517.9558823529411],[365.80639868744873,518.1176470588235],[366.4397046759639,518.1176470588235],[366.5980311730927,518.4411764705882],[367.2313371616079,518.4411764705882],[367.2313371616079,518.6029411764706],[367.8646431501231,518.6029411764706],[367.8646431501231,518.7647058823529],[368.81460213289586,518.7647058823529],[368.81460213289586,518.9264705882352],[369.6062346185398,518.9264705882352],[369.6062346185398,518.7647058823529],[370.0812141099262,518.7647058823529],[370.0812141099262,518.9264705882352],[371.9811320754717,518.9264705882352],[371.9811320754717,518.7647058823529],[373.5643970467596,518.7647058823529],[373.5643970467596,518.6029411764706],[373.72272354388843,518.6029411764706],[373.72272354388843,517.3088235294117],[373.88105004101726,517.3088235294117],[374.03937653814603,516.9852941176471],[374.5143560295324,516.9852941176471],[374.5143560295324,516.8235294117646],[374.98933552091876,516.8235294117646],[375.1476620180476,516.5],[375.7809680065628,516.5],[375.93929450369154,516.1764705882352],[376.73092698933556,516.1764705882352],[376.73092698933556,516.0147058823529],[377.5225594749795,516.0147058823529],[377.5225594749795,515.8529411764706],[377.9975389663659,515.8529411764706],[377.9975389663659,515.6911764705882],[378.3141919606235,515.5294117647059],[378.3141919606235,515.2058823529411]]}},{"type":"Feature","id":"country-006-mainland-region-border-001-014-001","properties":{"id":"country-006-mainland-region-border-001-014-001","type":"region-border","countryId":"country-006","targetComponentId":"mainland","datasetId":"country-006/mainland","leftRegionId":"country-006-mainland-region-001","rightRegionId":"country-006-mainland-region-014"},"geometry":{"type":"LineString","coordinates":[[344.59064807219033,510.19117647058823],[344.59064807219033,510.5147058823529],[344.7489745693191,510.5147058823529],[344.9073010664479,510.8382352941176],[345.2239540607055,510.8382352941176],[345.2239540607055,511.0],[345.3822805578343,511.0],[345.3822805578343,511.1617647058823],[345.54060705496306,511.1617647058823],[345.6989335520919,511.485294117647],[346.0155865463495,511.485294117647],[346.0155865463495,511.6470588235294],[346.17391304347825,511.6470588235294],[346.17391304347825,511.8088235294117],[346.49056603773585,511.9705882352941],[346.49056603773585,512.4558823529411],[346.3322395406071,512.4558823529411],[346.3322395406071,513.1029411764706],[346.17391304347825,513.1029411764706],[346.17391304347825,513.4264705882352],[346.0155865463495,513.4264705882352],[346.0155865463495,513.75],[345.85726004922066,513.75],[345.85726004922066,514.0735294117646],[345.54060705496306,514.2352941176471],[345.54060705496306,515.0441176470588],[345.6989335520919,515.0441176470588],[345.6989335520919,515.2058823529411]]}},{"type":"Feature","id":"country-006-mainland-region-border-002-003-001","properties":{"id":"country-006-mainland-region-border-002-003-001","type":"region-border","countryId":"country-006","targetComponentId":"mainland","datasetId":"country-006/mainland","leftRegionId":"country-006-mainland-region-002","rightRegionId":"country-006-mainland-region-003"},"geometry":{"type":"LineString","coordinates":[[409.02953240360955,504.0],[409.02953240360955,504.20588235294116],[409.1878589007383,504.20588235294116],[409.1878589007383,506.4705882352941],[409.02953240360955,506.4705882352941],[409.02953240360955,509.70588235294116],[409.1878589007383,509.70588235294116],[409.1878589007383,510.35294117647055],[409.3461853978671,510.35294117647055],[409.3461853978671,510.5147058823529],[409.5045118949959,510.5147058823529],[409.5045118949959,510.67647058823525],[409.6628383921247,510.67647058823525],[409.6628383921247,510.8382352941176],[409.8211648892535,510.8382352941176],[409.8211648892535,511.0],[409.9794913863823,511.0],[409.9794913863823,511.1617647058823],[410.13781788351105,511.1617647058823],[410.13781788351105,511.3235294117647],[410.2961443806399,511.3235294117647],[410.2961443806399,511.485294117647],[410.4544708777687,511.485294117647],[410.4544708777687,511.6470588235294],[410.61279737489747,511.6470588235294],[410.61279737489747,511.8088235294117],[410.77112387202624,511.8088235294117],[410.77112387202624,511.9705882352941],[410.92945036915506,511.9705882352941],[410.92945036915506,512.1323529411765],[411.08777686628383,512.1323529411765],[411.08777686628383,512.2941176470588],[411.4044298605414,512.4558823529411],[411.4044298605414,512.9411764705882],[411.24610336341266,512.9411764705882],[411.24610336341266,514.7205882352941]]}},{"type":"Feature","id":"country-006-mainland-region-border-002-011-001","properties":{"id":"country-006-mainland-region-border-002-011-001","type":"region-border","countryId":"country-006","targetComponentId":"mainland","datasetId":"country-006/mainland","leftRegionId":"country-006-mainland-region-002","rightRegionId":"country-006-mainland-region-011"},"geometry":{"type":"LineString","coordinates":[[396.52173913043475,514.8823529411765],[396.52173913043475,514.7205882352941],[396.6800656275636,514.7205882352941],[396.6800656275636,514.2352941176471],[396.8383921246924,514.2352941176471],[396.8383921246924,513.5882352941176],[396.9967186218212,513.5882352941176],[396.9967186218212,513.2647058823529],[397.15504511894994,513.2647058823529],[397.31337161607877,512.9411764705882],[398.26333059885155,512.9411764705882],[398.26333059885155,513.1029411764706],[398.8966365873667,513.1029411764706],[398.8966365873667,513.2647058823529],[399.0549630844955,513.2647058823529],[399.0549630844955,513.5882352941176],[399.2132895816243,513.5882352941176],[399.2132895816243,515.3676470588235],[399.5299425758819,515.3676470588235],[399.5299425758819,515.5294117647059],[400.00492206726824,515.5294117647059],[400.00492206726824,515.6911764705882],[400.32157506152583,515.6911764705882],[400.32157506152583,515.8529411764706],[400.7965545529122,515.8529411764706],[400.7965545529122,516.0147058823529],[401.11320754716985,516.0147058823529],[401.11320754716985,516.1764705882352],[401.5881870385562,516.1764705882352],[401.5881870385562,516.3382352941176],[401.9048400328138,516.3382352941176],[401.9048400328138,516.5],[402.3798195242002,516.5],[402.3798195242002,516.6617647058823],[402.69647251845777,516.6617647058823],[402.69647251845777,516.8235294117646],[403.01312551271536,516.8235294117646],[403.01312551271536,516.9852941176471],[403.6464315012305,516.9852941176471],[403.6464315012305,516.8235294117646],[403.8047579983593,516.8235294117646],[403.8047579983593,516.6617647058823],[404.1214109926169,516.6617647058823],[404.1214109926169,516.5],[406.4963084495488,516.5],[406.4963084495488,516.3382352941176],[407.4462674323216,516.3382352941176],[407.4462674323216,516.1764705882352],[407.92124692370794,516.1764705882352],[407.92124692370794,516.0147058823529],[408.07957342083677,516.0147058823529],[408.23789991796554,515.6911764705882],[408.55455291222313,515.6911764705882],[408.55455291222313,515.5294117647059],[408.7128794093519,515.5294117647059],[408.7128794093519,515.3676470588235],[409.02953240360955,515.3676470588235],[409.02953240360955,515.2058823529411],[409.8211648892535,515.2058823529411],[409.8211648892535,515.0441176470588],[410.92945036915506,515.0441176470588],[410.92945036915506,514.8823529411765],[411.24610336341266,514.7205882352941]]}},{"type":"Feature","id":"country-006-mainland-region-border-002-012-001","properties":{"id":"country-006-mainland-region-border-002-012-001","type":"region-border","countryId":"country-006","targetComponentId":"mainland","datasetId":"country-006/mainland","leftRegionId":"country-006-mainland-region-002","rightRegionId":"country-006-mainland-region-012"},"geometry":{"type":"LineString","coordinates":[[379.42247744052503,515.3676470588235],[379.58080393765385,515.3676470588235],[379.7391304347826,515.6911764705882],[380.68908941755535,515.6911764705882],[380.68908941755535,515.5294117647059],[381.48072190319937,515.5294117647059],[381.48072190319937,515.3676470588235],[382.2723543888433,515.3676470588235],[382.2723543888433,515.2058823529411],[382.5890073831009,515.2058823529411],[382.5890073831009,515.0441176470588],[383.0639868744873,515.0441176470588],[383.0639868744873,514.8823529411765],[383.3806398687449,514.8823529411765],[383.3806398687449,514.7205882352941],[383.6972928630025,514.7205882352941],[383.6972928630025,514.5588235294117],[384.17227235438884,514.5588235294117],[384.17227235438884,514.3970588235294],[384.48892534864643,514.3970588235294],[384.48892534864643,514.2352941176471],[384.9639048400328,514.2352941176471],[384.9639048400328,514.0735294117646],[385.597210828548,514.0735294117646],[385.597210828548,513.9117647058823],[386.70549630844954,513.9117647058823],[386.70549630844954,513.75],[387.33880229696473,513.75],[387.33880229696473,513.5882352941176],[388.1304347826087,513.5882352941176],[388.1304347826087,513.4264705882352],[388.7637407711239,513.4264705882352],[388.7637407711239,513.2647058823529],[390.34700574241185,513.2647058823529],[390.34700574241185,513.1029411764706],[391.6136177194422,513.1029411764706],[391.6136177194422,513.2647058823529],[391.771944216571,513.2647058823529],[391.771944216571,513.75],[391.93027071369977,513.75],[391.93027071369977,514.0735294117646],[392.08859721082854,514.0735294117646],[392.08859721082854,514.3970588235294],[392.24692370795736,514.3970588235294],[392.24692370795736,514.5588235294117],[392.8802296964725,514.5588235294117],[392.8802296964725,514.7205882352941],[396.0467596390484,514.7205882352941],[396.0467596390484,514.8823529411765],[396.52173913043475,514.8823529411765]]}},{"type":"Feature","id":"country-006-mainland-region-border-003-004-002","properties":{"id":"country-006-mainland-region-border-003-004-002","type":"region-border","countryId":"country-006","targetComponentId":"mainland","datasetId":"country-006/mainland","leftRegionId":"country-006-mainland-region-003","rightRegionId":"country-006-mainland-region-004"},"geometry":{"type":"LineString","coordinates":[[429.45365053322394,506.3088235294117],[429.45365053322394,506.95588235294116],[429.29532403609517,506.95588235294116],[429.29532403609517,507.60294117647055],[429.1369975389664,507.60294117647055],[429.1369975389664,507.7647058823529],[428.82034454470875,507.7647058823529],[428.82034454470875,507.92647058823525],[428.34536505332244,507.92647058823525],[428.34536505332244,507.7647058823529],[427.71205906480725,507.7647058823529],[427.71205906480725,507.92647058823525],[427.3954060705496,507.92647058823525],[427.3954060705496,509.70588235294116],[427.23707957342083,509.70588235294116],[427.23707957342083,510.8382352941176],[427.07875307629206,510.8382352941176],[427.07875307629206,512.2941176470588],[426.9204265791633,512.2941176470588],[426.9204265791633,512.6176470588235],[427.07875307629206,512.6176470588235],[427.07875307629206,513.4264705882352],[427.23707957342083,513.4264705882352],[427.23707957342083,513.75],[427.3954060705496,513.75],[427.3954060705496,513.9117647058823],[427.5537325676784,513.9117647058823],[427.71205906480725,514.2352941176471],[428.0287120590648,514.2352941176471],[428.0287120590648,514.3970588235294],[428.1870385561936,514.3970588235294],[428.1870385561936,514.5588235294117],[428.5036915504512,514.7205882352941],[428.5036915504512,515.5294117647059],[428.66201804758,515.5294117647059],[428.66201804758,516.9852941176471],[428.82034454470875,516.9852941176471],[428.82034454470875,517.4705882352941],[428.9786710418376,517.4705882352941],[428.9786710418376,517.9558823529411],[429.1369975389664,517.9558823529411],[429.1369975389664,518.4411764705882],[429.29532403609517,518.4411764705882],[429.29532403609517,518.7647058823529],[429.45365053322394,518.7647058823529],[429.45365053322394,521.1911764705882],[429.7703035274816,521.1911764705882],[429.92863002461036,521.5147058823529],[430.2452830188679,521.5147058823529],[430.2452830188679,521.6764705882352],[430.4036095159967,521.6764705882352],[430.56193601312555,522.0],[430.8785890073831,522.0],[430.8785890073831,522.1617647058823],[431.0369155045119,522.1617647058823],[431.0369155045119,522.3235294117646],[431.19524200164074,522.3235294117646],[431.3535684987695,522.6470588235294],[431.67022149302704,522.6470588235294],[431.67022149302704,522.8088235294117],[431.9868744872847,522.8088235294117],[431.9868744872847,522.9705882352941],[432.30352748154223,522.9705882352941],[432.30352748154223,523.1323529411765],[432.46185397867106,523.1323529411765],[432.6201804757999,523.4558823529411],[434.045118949959,523.4558823529411],[434.045118949959,523.2941176470588],[434.36177194421657,523.2941176470588],[434.52009844134534,522.9705882352941],[434.836751435603,522.9705882352941],[434.836751435603,522.8088235294117],[435.15340442986053,522.8088235294117],[435.15340442986053,522.6470588235294],[436.1033634126333,522.6470588235294],[436.1033634126333,522.8088235294117],[436.4200164068909,522.8088235294117],[436.4200164068909,522.9705882352941],[436.73666940114845,522.9705882352941],[436.73666940114845,523.1323529411765],[437.0533223954061,523.1323529411765],[437.0533223954061,523.2941176470588],[437.21164889253487,523.2941176470588],[437.21164889253487,523.4558823529411],[437.36997538966364,523.4558823529411],[437.36997538966364,523.6176470588235],[437.52830188679246,523.6176470588235],[437.52830188679246,523.7794117647059],[437.6866283839213,523.7794117647059],[437.6866283839213,523.9411764705882],[438.0032813781788,524.1029411764706],[438.0032813781788,524.4264705882352],[438.1616078753076,524.4264705882352],[438.1616078753076,524.5882352941176],[438.3199343724364,524.5882352941176],[438.3199343724364,524.75],[438.47826086956525,524.75],[438.47826086956525,524.9117647058823],[438.636587366694,524.9117647058823],[438.636587366694,525.0735294117646],[438.7949138638228,525.0735294117646],[438.7949138638228,525.2352941176471],[439.11156685808044,525.3970588235294],[439.11156685808044,525.8823529411765],[439.2698933552092,525.8823529411765],[439.2698933552092,526.0441176470588],[439.58654634946674,526.0441176470588],[439.58654634946674,526.2058823529411],[439.74487284659557,526.2058823529411],[439.74487284659557,526.5294117647059],[439.9031993437244,526.5294117647059],[439.9031993437244,526.6911764705882],[440.06152584085316,526.6911764705882],[440.06152584085316,526.8529411764706],[440.21985233798193,526.8529411764706],[440.21985233798193,527.0147058823529],[440.5365053322396,527.1764705882352],[440.5365053322396,527.5],[440.8531583264971,527.6617647058823],[440.8531583264971,527.9852941176471],[441.0114848236259,527.9852941176471],[441.0114848236259,528.3088235294117],[441.1698113207547,528.3088235294117],[441.1698113207547,528.4705882352941],[441.4864643150123,528.6323529411765],[441.4864643150123,528.9558823529411],[441.8031173092699,529.1176470588235],[441.8031173092699,529.4411764705882],[441.96144380639873,529.4411764705882],[441.96144380639873,529.7647058823529],[442.2780968006563,529.7647058823529],[442.2780968006563,530.0882352941176],[442.43642329778504,530.0882352941176],[442.43642329778504,530.4117647058823],[442.59474979491387,530.4117647058823],[442.59474979491387,530.7352941176471],[442.7530762920427,530.7352941176471],[442.7530762920427,531.0588235294117],[443.06972928630023,531.2205882352941],[443.06972928630023,531.8676470588235],[443.22805578342906,531.8676470588235],[443.22805578342906,532.0294117647059],[443.3863822805579,532.0294117647059],[443.3863822805579,532.3529411764706],[443.7030352748154,532.5147058823529],[443.7030352748154,533.0],[443.8613617719442,533.0],[443.8613617719442,533.3235294117646],[444.17801476620184,533.4852941176471],[444.17801476620184,533.9705882352941],[444.3363412633306,533.9705882352941],[444.3363412633306,534.1323529411765],[444.4946677604594,534.1323529411765],[444.4946677604594,534.4558823529411],[444.6529942575882,534.4558823529411],[444.6529942575882,534.9411764705882],[444.81132075471703,534.9411764705882],[444.81132075471703,535.4264705882352],[444.9696472518458,535.4264705882352],[444.9696472518458,535.75],[445.12797374897457,535.75],[445.12797374897457,536.2352941176471],[445.28630024610334,536.2352941176471],[445.28630024610334,536.7205882352941],[445.44462674323216,536.7205882352941],[445.44462674323216,537.2058823529411],[445.602953240361,537.2058823529411],[445.602953240361,537.5294117647059],[445.76127973748976,537.5294117647059],[445.76127973748976,537.8529411764706],[445.9196062346185,537.8529411764706],[445.9196062346185,538.5],[446.2362592288761,538.6617647058823],[446.2362592288761,539.4705882352941],[446.39458572600495,539.4705882352941],[446.39458572600495,539.7941176470588],[446.7112387202625,539.9558823529412],[446.7112387202625,540.4411764705882],[447.02789171452014,540.6029411764706],[447.02789171452014,540.9264705882352],[447.1862182116489,540.9264705882352],[447.1862182116489,541.0882352941176],[447.3445447087777,541.0882352941176],[447.3445447087777,541.4117647058823],[447.66119770303527,541.5735294117646],[447.66119770303527,542.0588235294117],[447.8195242001641,542.0588235294117],[447.8195242001641,542.2205882352941],[448.13617719442163,542.3823529411765],[448.13617719442163,542.7058823529412],[448.29450369155046,542.7058823529412],[448.4528301886793,543.0294117647059],[448.7694831829368,543.0294117647059],[448.7694831829368,543.1911764705882],[448.9278096800656,543.1911764705882],[448.9278096800656,543.5147058823529],[449.24446267432324,543.6764705882352],[449.24446267432324,544.0],[449.402789171452,544.0],[449.402789171452,544.1617647058823],[449.7194421657096,544.3235294117646],[449.7194421657096,545.1323529411765],[449.5611156685808,545.1323529411765],[449.5611156685808,545.4558823529412],[449.402789171452,545.4558823529412],[449.402789171452,545.7794117647059],[449.24446267432324,545.7794117647059],[449.24446267432324,546.1029411764706],[449.0861361771944,546.1029411764706],[449.0861361771944,546.9117647058823]]}},{"type":"Feature","id":"country-006-mainland-region-border-003-005-001","properties":{"id":"country-006-mainland-region-border-003-005-001","type":"region-border","countryId":"country-006","targetComponentId":"mainland","datasetId":"country-006/mainland","leftRegionId":"country-006-mainland-region-003","rightRegionId":"country-006-mainland-region-005"},"geometry":{"type":"LineString","coordinates":[[449.0861361771944,546.9117647058823],[449.0861361771944,547.0735294117646],[448.9278096800656,547.0735294117646],[448.9278096800656,547.2352941176471],[448.61115668580806,547.3970588235294],[448.61115668580806,548.0441176470588],[448.29450369155046,548.2058823529412],[448.29450369155046,549.0147058823529],[447.97785069729287,549.1764705882352],[447.97785069729287,549.6617647058823],[447.8195242001641,549.6617647058823],[447.8195242001641,550.1470588235294],[447.66119770303527,550.1470588235294],[447.66119770303527,550.4705882352941],[447.5028712059065,550.4705882352941],[447.5028712059065,550.7941176470588],[447.3445447087777,550.7941176470588],[447.3445447087777,551.2794117647059],[447.1862182116489,551.2794117647059],[447.1862182116489,551.7647058823529],[447.02789171452014,551.7647058823529],[447.02789171452014,552.0882352941176],[446.8695652173913,552.0882352941176],[446.8695652173913,552.5735294117646],[446.5529122231337,552.7352941176471],[446.5529122231337,553.3823529411765],[446.39458572600495,553.3823529411765],[446.39458572600495,553.8676470588235],[446.2362592288761,553.8676470588235],[446.2362592288761,554.1911764705882],[445.9196062346185,554.3529411764706],[445.9196062346185,554.8382352941176],[445.76127973748976,554.8382352941176],[445.76127973748976,555.1617647058823],[445.602953240361,555.1617647058823],[445.602953240361,555.4852941176471],[445.44462674323216,555.4852941176471],[445.44462674323216,556.2941176470588],[445.28630024610334,556.2941176470588],[445.28630024610334,556.6176470588235],[445.12797374897457,556.6176470588235],[445.12797374897457,557.1029411764706],[444.9696472518458,557.1029411764706],[444.9696472518458,557.4264705882352],[444.6529942575882,557.5882352941176],[444.6529942575882,558.0735294117646],[444.4946677604594,558.0735294117646],[444.4946677604594,558.3970588235294],[444.3363412633306,558.3970588235294],[444.3363412633306,559.0441176470588],[444.17801476620184,559.0441176470588],[444.17801476620184,559.3676470588235],[444.019688269073,559.3676470588235],[444.019688269073,559.6911764705882],[443.8613617719442,559.6911764705882],[443.8613617719442,560.0147058823529],[443.7030352748154,560.0147058823529],[443.54470877768665,560.3382352941176]]}},{"type":"Feature","id":"country-006-mainland-region-border-003-008-001","properties":{"id":"country-006-mainland-region-border-003-008-001","type":"region-border","countryId":"country-006","targetComponentId":"mainland","datasetId":"country-006/mainland","leftRegionId":"country-006-mainland-region-003","rightRegionId":"country-006-mainland-region-008"},"geometry":{"type":"LineString","coordinates":[[411.4044298605414,562.7647058823529],[413.304347826087,562.7647058823529],[413.304347826087,562.6029411764706],[414.09598031173095,562.6029411764706],[414.09598031173095,562.4411764705882],[414.8876127973749,562.4411764705882],[414.8876127973749,562.2794117647059],[415.2042657916325,562.1176470588235],[415.2042657916325,561.6323529411765],[415.3625922887613,561.6323529411765],[415.3625922887613,561.3088235294117],[415.6792452830189,561.1470588235294],[415.6792452830189,560.8235294117646],[415.83757178014764,560.8235294117646],[415.99589827727647,560.5],[416.31255127153406,560.5],[416.31255127153406,560.6617647058823],[418.2124692370796,560.6617647058823],[418.2124692370796,561.7941176470588],[418.3707957342084,561.7941176470588],[418.3707957342084,562.4411764705882],[419.9540607054963,562.4411764705882],[419.9540607054963,562.2794117647059],[420.7456931911403,562.2794117647059],[420.7456931911403,562.4411764705882],[420.90401968826905,562.4411764705882],[420.90401968826905,562.2794117647059],[422.8039376538146,562.2794117647059],[422.8039376538146,562.4411764705882],[424.070549630845,562.4411764705882],[424.070549630845,562.6029411764706],[425.1788351107465,562.6029411764706],[425.1788351107465,562.4411764705882],[425.3371616078753,562.4411764705882],[425.3371616078753,561.3088235294117],[425.49548810500414,561.3088235294117],[425.49548810500414,561.1470588235294],[425.8121410992617,561.1470588235294],[425.8121410992617,560.9852941176471],[426.1287940935193,560.9852941176471],[426.1287940935193,560.8235294117646],[426.44544708777687,560.6617647058823],[426.44544708777687,560.0147058823529],[426.60377358490564,560.0147058823529],[426.60377358490564,559.6911764705882],[426.76210008203446,559.6911764705882],[426.76210008203446,559.3676470588235],[428.0287120590648,559.3676470588235],[428.0287120590648,559.2058823529412],[428.5036915504512,559.2058823529412],[428.5036915504512,559.3676470588235],[430.2452830188679,559.3676470588235],[430.2452830188679,559.5294117647059],[430.7202625102543,559.5294117647059],[430.7202625102543,559.6911764705882],[431.0369155045119,559.6911764705882],[431.0369155045119,559.8529411764706],[431.19524200164074,559.8529411764706],[431.19524200164074,560.3382352941176],[431.3535684987695,560.3382352941176],[431.3535684987695,560.5],[431.82854799015587,560.5],[431.82854799015587,560.6617647058823],[433.5701394585726,560.6617647058823],[433.5701394585726,560.8235294117646],[434.67842493847417,560.8235294117646],[434.67842493847417,560.9852941176471],[435.15340442986053,560.9852941176471],[435.15340442986053,561.1470588235294],[436.5783429040197,561.1470588235294],[436.5783429040197,561.3088235294117],[437.36997538966364,561.3088235294117],[437.36997538966364,561.4705882352941],[438.7949138638228,561.4705882352941],[438.7949138638228,561.6323529411765],[440.21985233798193,561.6323529411765],[440.21985233798193,560.3382352941176],[440.37817883511076,560.3382352941176],[440.37817883511076,560.0147058823529],[442.2780968006563,560.0147058823529],[442.2780968006563,560.1764705882352],[443.22805578342906,560.1764705882352],[443.22805578342906,560.3382352941176],[443.54470877768665,560.3382352941176]]}},{"type":"Feature","id":"country-006-mainland-region-border-003-010-001","properties":{"id":"country-006-mainland-region-border-003-010-001","type":"region-border","countryId":"country-006","targetComponentId":"mainland","datasetId":"country-006/mainland","leftRegionId":"country-006-mainland-region-003","rightRegionId":"country-006-mainland-region-010"},"geometry":{"type":"LineString","coordinates":[[411.5627563576702,548.8529411764706],[411.5627563576702,549.0147058823529],[411.721082854799,549.0147058823529],[411.721082854799,549.3382352941176],[411.87940935192785,549.3382352941176],[411.87940935192785,549.5],[412.0377358490566,549.5],[412.0377358490566,549.6617647058823],[412.1960623461854,549.6617647058823],[412.1960623461854,549.8235294117646],[412.3543888433142,549.8235294117646],[412.3543888433142,549.9852941176471],[412.512715340443,549.9852941176471],[412.6710418375718,550.3088235294117],[412.98769483182934,550.3088235294117],[412.98769483182934,550.4705882352941],[413.93765381460213,550.4705882352941],[413.93765381460213,550.6323529411765],[414.4126333059885,550.6323529411765],[414.4126333059885,550.7941176470588],[414.8876127973749,550.7941176470588],[414.8876127973749,550.9558823529412],[415.0459392945037,550.9558823529412],[415.0459392945037,551.2794117647059],[414.8876127973749,551.2794117647059],[414.8876127973749,551.7647058823529],[414.72928630024614,551.7647058823529],[414.72928630024614,552.25],[414.4126333059885,552.4117647058823],[414.4126333059885,553.0588235294117],[414.2543068088597,553.0588235294117],[414.2543068088597,553.5441176470588],[414.09598031173095,553.5441176470588],[414.09598031173095,553.8676470588235],[413.77932731747336,554.0294117647059],[413.77932731747336,554.3529411764706],[413.62100082034453,554.3529411764706],[413.62100082034453,554.5147058823529],[413.46267432321577,554.5147058823529],[413.304347826087,554.8382352941176],[412.98769483182934,554.8382352941176],[412.98769483182934,555.0],[412.8293683347006,555.0],[412.6710418375718,555.3235294117646],[412.3543888433142,555.3235294117646],[412.3543888433142,555.4852941176471],[412.0377358490566,555.4852941176471],[412.0377358490566,555.6470588235294],[411.87940935192785,555.6470588235294],[411.721082854799,555.9705882352941],[411.4044298605414,555.9705882352941],[411.24610336341266,556.2941176470588],[410.92945036915506,556.2941176470588],[410.92945036915506,556.4558823529412],[410.77112387202624,556.4558823529412],[410.61279737489747,556.7794117647059],[410.2961443806399,556.7794117647059],[410.2961443806399,556.9411764705882],[409.9794913863823,557.1029411764706],[409.9794913863823,558.0735294117646],[410.13781788351105,558.0735294117646],[410.13781788351105,558.7205882352941],[410.2961443806399,558.7205882352941],[410.2961443806399,559.5294117647059],[410.4544708777687,559.5294117647059],[410.4544708777687,559.8529411764706],[410.61279737489747,559.8529411764706],[410.61279737489747,560.6617647058823],[410.77112387202624,560.6617647058823],[410.77112387202624,560.9852941176471],[410.92945036915506,560.9852941176471],[410.92945036915506,561.3088235294117],[411.08777686628383,561.3088235294117],[411.08777686628383,561.7941176470588],[411.24610336341266,561.7941176470588],[411.24610336341266,562.2794117647059],[411.4044298605414,562.2794117647059],[411.4044298605414,562.7647058823529]]}},{"type":"Feature","id":"country-006-mainland-region-border-003-011-001","properties":{"id":"country-006-mainland-region-border-003-011-001","type":"region-border","countryId":"country-006","targetComponentId":"mainland","datasetId":"country-006/mainland","leftRegionId":"country-006-mainland-region-003","rightRegionId":"country-006-mainland-region-011"},"geometry":{"type":"LineString","coordinates":[[411.24610336341266,514.7205882352941],[411.5627563576702,514.7205882352941],[411.5627563576702,514.8823529411765],[412.1960623461854,514.8823529411765],[412.1960623461854,515.0441176470588],[412.8293683347006,515.0441176470588],[412.8293683347006,515.2058823529411],[413.14602132895817,515.2058823529411],[413.14602132895817,515.3676470588235],[413.304347826087,515.3676470588235],[413.304347826087,515.5294117647059],[413.46267432321577,515.5294117647059],[413.46267432321577,515.6911764705882],[413.62100082034453,515.6911764705882],[413.62100082034453,515.8529411764706],[413.93765381460213,516.0147058823529],[413.93765381460213,516.3382352941176],[414.2543068088597,516.5],[414.2543068088597,516.8235294117646],[414.4126333059885,516.8235294117646],[414.4126333059885,516.9852941176471],[414.72928630024614,516.9852941176471],[414.72928630024614,517.1470588235294],[414.8876127973749,517.1470588235294],[414.8876127973749,517.3088235294117],[415.0459392945037,517.3088235294117],[415.0459392945037,517.4705882352941],[415.2042657916325,517.4705882352941],[415.2042657916325,517.6323529411765],[415.3625922887613,517.6323529411765],[415.3625922887613,517.7941176470588],[415.5209187858901,517.7941176470588],[415.5209187858901,517.9558823529411],[415.83757178014764,518.1176470588235],[415.83757178014764,518.4411764705882],[415.99589827727647,518.4411764705882],[415.99589827727647,518.7647058823529],[416.15422477440524,518.7647058823529],[416.15422477440524,519.0882352941176],[416.31255127153406,519.0882352941176],[416.31255127153406,519.4117647058823],[416.47087776866283,519.4117647058823],[416.47087776866283,519.7352941176471],[416.62920426579166,519.7352941176471],[416.62920426579166,520.0588235294117],[416.7875307629204,520.0588235294117],[416.7875307629204,520.3823529411765],[416.94585726004925,520.3823529411765],[416.94585726004925,520.8676470588235],[417.104183757178,520.8676470588235],[417.104183757178,521.1911764705882],[417.2625102543068,521.1911764705882],[417.2625102543068,521.5147058823529],[417.4208367514356,521.5147058823529],[417.4208367514356,521.6764705882352],[417.7374897456932,521.6764705882352],[417.7374897456932,521.8382352941176],[419.3207547169811,521.8382352941176],[419.3207547169811,522.0],[419.4790812141099,522.0],[419.4790812141099,522.3235294117646],[419.6374077112387,522.3235294117646],[419.6374077112387,522.9705882352941],[419.4790812141099,522.9705882352941],[419.4790812141099,524.1029411764706],[419.3207547169811,524.1029411764706],[419.3207547169811,524.75],[419.16242821985236,524.75],[419.16242821985236,525.5588235294117],[419.0041017227236,525.5588235294117],[419.0041017227236,526.5294117647059],[418.84577522559476,526.5294117647059],[418.84577522559476,527.3382352941176],[418.68744872846594,527.3382352941176],[418.68744872846594,528.1470588235294],[418.52912223133717,528.1470588235294],[418.52912223133717,528.9558823529411],[418.3707957342084,528.9558823529411],[418.3707957342084,529.4411764705882],[418.2124692370796,529.4411764705882],[418.2124692370796,530.25],[418.0541427399508,530.25],[418.0541427399508,530.8970588235294],[417.895816242822,530.8970588235294],[417.895816242822,531.3823529411765],[417.7374897456932,531.3823529411765],[417.7374897456932,531.7058823529411],[417.5791632485644,531.7058823529411],[417.5791632485644,532.0294117647059],[417.4208367514356,532.0294117647059],[417.4208367514356,532.6764705882352],[417.2625102543068,532.6764705882352],[417.2625102543068,533.1617647058823],[417.104183757178,533.1617647058823],[417.104183757178,533.4852941176471],[416.94585726004925,533.4852941176471],[416.94585726004925,534.1323529411765],[416.7875307629204,534.1323529411765],[416.7875307629204,534.4558823529411],[416.62920426579166,534.4558823529411],[416.62920426579166,534.9411764705882],[416.47087776866283,534.9411764705882],[416.47087776866283,535.2647058823529],[416.15422477440524,535.4264705882352],[416.15422477440524,536.0735294117646],[415.83757178014764,536.2352941176471],[415.83757178014764,537.0441176470588],[415.6792452830189,537.0441176470588],[415.6792452830189,537.6911764705882],[415.5209187858901,537.6911764705882],[415.5209187858901,538.0147058823529],[415.3625922887613,538.0147058823529],[415.3625922887613,539.4705882352941],[415.2042657916325,539.4705882352941],[415.2042657916325,541.8970588235294],[415.3625922887613,541.8970588235294],[415.3625922887613,544.4852941176471],[415.2042657916325,544.4852941176471],[415.2042657916325,544.6470588235294],[415.0459392945037,544.6470588235294],[415.0459392945037,544.9705882352941],[414.8876127973749,544.9705882352941],[414.8876127973749,545.1323529411765],[414.72928630024614,545.1323529411765],[414.72928630024614,545.2941176470588],[414.5709598031173,545.2941176470588],[414.5709598031173,545.4558823529412],[414.4126333059885,545.4558823529412],[414.4126333059885,545.6176470588235],[414.2543068088597,545.6176470588235],[414.2543068088597,545.7794117647059],[414.09598031173095,545.7794117647059],[414.09598031173095,545.9411764705882],[413.93765381460213,545.9411764705882],[413.93765381460213,546.1029411764706],[413.77932731747336,546.1029411764706],[413.77932731747336,546.2647058823529],[413.62100082034453,546.2647058823529],[413.62100082034453,546.4264705882352],[413.304347826087,546.5882352941176],[413.304347826087,546.9117647058823],[413.14602132895817,546.9117647058823],[413.14602132895817,547.2352941176471],[412.8293683347006,547.2352941176471],[412.8293683347006,547.3970588235294],[412.6710418375718,547.3970588235294],[412.6710418375718,547.5588235294117],[412.512715340443,547.5588235294117],[412.512715340443,547.7205882352941],[412.3543888433142,547.7205882352941],[412.3543888433142,547.8823529411765],[412.1960623461854,547.8823529411765],[412.1960623461854,548.0441176470588],[412.0377358490566,548.0441176470588],[412.0377358490566,548.2058823529412],[411.87940935192785,548.2058823529412],[411.87940935192785,548.3676470588235],[411.5627563576702,548.5294117647059],[411.5627563576702,548.8529411764706]]}},{"type":"Feature","id":"country-006-mainland-region-border-004-005-001","properties":{"id":"country-006-mainland-region-border-004-005-001","type":"region-border","countryId":"country-006","targetComponentId":"mainland","datasetId":"country-006/mainland","leftRegionId":"country-006-mainland-region-004","rightRegionId":"country-006-mainland-region-005"},"geometry":{"type":"LineString","coordinates":[[449.0861361771944,546.9117647058823],[449.24446267432324,546.9117647058823],[449.24446267432324,547.0735294117646],[449.87776866283843,547.0735294117646],[449.87776866283843,547.2352941176471],[450.35274815422474,547.2352941176471],[450.35274815422474,548.3676470588235],[450.51107465135357,548.3676470588235],[450.51107465135357,548.6911764705882],[451.7776866283839,548.6911764705882],[451.7776866283839,548.8529411764706],[452.4109926168991,548.8529411764706],[452.4109926168991,549.0147058823529],[453.67760459392946,549.0147058823529],[453.67760459392946,548.8529411764706],[453.8359310910582,548.8529411764706],[453.8359310910582,548.5294117647059],[453.99425758818705,548.5294117647059],[453.99425758818705,547.3970588235294],[454.1525840853159,547.3970588235294],[454.1525840853159,547.2352941176471],[454.31091058244465,547.2352941176471],[454.4692370795734,546.9117647058823],[454.6275635767022,546.9117647058823],[454.6275635767022,547.0735294117646],[455.2608695652174,547.0735294117646],[455.2608695652174,547.2352941176471],[455.89417555373257,547.2352941176471],[455.89417555373257,547.3970588235294],[456.52748154224776,547.3970588235294],[456.52748154224776,547.5588235294117],[457.16078753076295,547.5588235294117],[457.16078753076295,547.7205882352941],[457.3191140278917,547.7205882352941],[457.3191140278917,548.2058823529412],[457.4774405250205,548.2058823529412],[457.4774405250205,549.1764705882352],[457.6357670221493,549.1764705882352],[457.6357670221493,549.5],[457.79409351927814,549.5],[457.79409351927814,550.3088235294117],[457.9524200164069,550.3088235294117],[457.9524200164069,551.7647058823529],[458.2690730106645,551.9264705882352],[458.2690730106645,552.4117647058823],[458.42739950779327,552.4117647058823],[458.42739950779327,552.5735294117646],[459.2190319934373,552.5735294117646],[459.2190319934373,552.7352941176471],[460.3273174733388,552.7352941176471],[460.3273174733388,552.8970588235294],[464.12715340442986,552.8970588235294],[464.12715340442986,553.0588235294117],[465.2354388843314,553.0588235294117],[465.2354388843314,553.2205882352941],[468.4019688269073,553.2205882352941],[468.4019688269073,553.0588235294117],[469.51025430680886,553.0588235294117],[469.51025430680886,553.2205882352941],[471.88515176374074,553.2205882352941],[471.88515176374074,553.0588235294117],[472.04347826086956,553.0588235294117],[472.04347826086956,552.0882352941176],[472.2018047579984,552.0882352941176],[472.2018047579984,551.7647058823529],[473.1517637407711,551.7647058823529],[473.1517637407711,551.9264705882352],[473.62674323215754,551.9264705882352],[473.62674323215754,552.0882352941176],[476.318293683347,552.0882352941176],[476.318293683347,551.9264705882352],[476.9515996718622,551.9264705882352],[476.9515996718622,551.7647058823529],[477.42657916324856,551.7647058823529],[477.42657916324856,551.9264705882352],[478.05988515176375,551.9264705882352],[478.05988515176375,551.7647058823529],[479.4848236259229,551.7647058823529],[479.4848236259229,551.6029411764706],[480.27645611156686,551.6029411764706],[480.27645611156686,551.4411764705882],[480.59310910582445,551.4411764705882],[480.59310910582445,551.2794117647059],[480.90976210008205,551.2794117647059],[480.90976210008205,551.2274405250205]]}},{"type":"Feature","id":"country-006-mainland-region-border-005-006-001","properties":{"id":"country-006-mainland-region-border-005-006-001","type":"region-border","countryId":"country-006","targetComponentId":"mainland","datasetId":"country-006/mainland","leftRegionId":"country-006-mainland-region-005","rightRegionId":"country-006-mainland-region-006"},"geometry":{"type":"LineString","coordinates":[[489.30106644790817,559.0501777413181],[489.30106644790817,559.2058823529412],[489.14273995077934,559.2058823529412],[489.14273995077934,559.3676470588235],[488.9844134536505,559.3676470588235],[488.9844134536505,559.5294117647059],[488.82608695652175,559.5294117647059],[488.82608695652175,559.6911764705882],[488.667760459393,559.6911764705882],[488.667760459393,559.8529411764706],[488.50943396226415,559.8529411764706],[488.50943396226415,560.0147058823529],[488.3511074651353,560.0147058823529],[488.3511074651353,560.1764705882352],[488.0344544708778,560.3382352941176],[488.0344544708778,560.6617647058823],[487.7178014766202,560.6617647058823],[487.7178014766202,560.8235294117646],[487.55947497949137,560.8235294117646],[487.55947497949137,560.9852941176471],[487.24282198523383,561.1470588235294],[487.24282198523383,561.4705882352941],[487.084495488105,561.4705882352941],[487.084495488105,561.6323529411765],[486.9261689909762,561.6323529411765],[486.9261689909762,561.7941176470588],[486.60951599671864,561.9558823529412],[486.60951599671864,562.2794117647059],[486.4511894995899,562.2794117647059],[486.4511894995899,562.4411764705882],[486.1345365053322,562.4411764705882],[486.1345365053322,562.6029411764706],[485.8178835110747,562.7647058823529],[485.8178835110747,563.0882352941176],[485.65955701394586,563.0882352941176],[485.65955701394586,563.25],[485.50123051681703,563.25],[485.50123051681703,563.4117647058823],[485.34290401968826,563.4117647058823],[485.34290401968826,563.5735294117646],[485.1845775225595,563.5735294117646],[485.1845775225595,563.7352941176471],[485.0262510254307,563.7352941176471],[485.0262510254307,563.8970588235294],[484.7095980311731,564.0588235294117],[484.7095980311731,564.3823529411765],[484.5512715340443,564.3823529411765],[484.5512715340443,564.5441176470588],[484.39294503691553,564.5441176470588],[484.39294503691553,564.7058823529412],[484.2346185397867,564.7058823529412],[484.2346185397867,564.8676470588235],[484.0762920426579,564.8676470588235],[484.0762920426579,565.0294117647059],[483.9179655455291,565.0294117647059],[483.9179655455291,565.1911764705882],[483.75963904840035,565.1911764705882],[483.75963904840035,565.3529411764706],[483.6013125512716,565.3529411764706],[483.6013125512716,565.5147058823529],[483.2846595570139,565.6764705882352],[483.2846595570139,567.9411764705882],[483.12633305988516,567.9411764705882],[483.12633305988516,568.1029411764706],[482.6513535684988,568.1029411764706],[482.6513535684988,568.2647058823529],[480.7514356029533,568.2647058823529],[480.7514356029533,568.4264705882352],[480.4347826086956,568.4264705882352],[480.4347826086956,568.5882352941176],[479.8014766201805,568.5882352941176],[479.64315012305167,568.9117647058823],[479.32649712879413,568.9117647058823],[479.32649712879413,569.0735294117646],[479.0098441345365,569.0735294117646],[479.0098441345365,569.2352941176471],[478.69319114027894,569.2352941176471],[478.69319114027894,569.3970588235294],[478.37653814602135,569.3970588235294],[478.37653814602135,569.5588235294117],[478.05988515176375,569.5588235294117],[478.05988515176375,569.7205882352941],[477.74323215750616,569.7205882352941],[477.74323215750616,569.8823529411765],[477.2682526661198,569.8823529411765],[477.2682526661198,570.0441176470588],[476.6349466776046,570.0441176470588],[476.6349466776046,570.2058823529412],[476.1599671862182,570.2058823529412],[476.1599671862182,570.3676470588235],[475.84331419196064,570.3676470588235],[475.84331419196064,570.5294117647059],[475.6849876948319,570.5294117647059],[475.6849876948319,571.1764705882352],[475.84331419196064,571.1764705882352],[475.84331419196064,571.3382352941176],[476.0016406890894,571.3382352941176],[476.0016406890894,571.5],[476.1599671862182,571.5],[476.318293683347,571.8235294117646],[476.6349466776046,571.8235294117646],[476.6349466776046,571.9852941176471],[476.7932731747334,571.9852941176471],[476.7932731747334,572.1470588235294],[477.109926168991,572.3088235294117],[477.109926168991,572.9558823529412],[477.2682526661198,572.9558823529412],[477.2682526661198,573.4411764705882],[477.58490566037733,573.6029411764706],[477.58490566037733,574.5735294117646],[477.42657916324856,574.5735294117646],[477.42657916324856,574.7352941176471],[477.2682526661198,574.7352941176471],[477.2682526661198,574.8970588235294],[476.9515996718622,575.0588235294117],[476.9515996718622,575.3823529411765],[476.7932731747334,575.3823529411765],[476.7932731747334,575.5441176470588],[476.6349466776046,575.5441176470588],[476.6349466776046,575.7058823529412],[476.47662018047583,575.7058823529412],[476.47662018047583,575.8676470588235],[476.318293683347,575.8676470588235],[476.318293683347,576.0294117647059],[476.0016406890894,576.1911764705882],[476.0016406890894,576.6764705882352],[475.6849876948319,576.6764705882352],[475.6849876948319,576.8382352941176],[475.52666119770305,576.8382352941176],[475.52666119770305,577.0],[475.21000820344545,577.1617647058823],[475.21000820344545,577.4852941176471],[475.0516817063167,577.4852941176471],[475.0516817063167,577.6470588235294],[474.89335520918786,577.6470588235294],[474.89335520918786,577.8088235294117],[474.73502871205903,577.8088235294117],[474.73502871205903,577.9705882352941],[474.57670221493026,577.9705882352941],[474.57670221493026,578.1323529411765],[474.2600492206727,578.2941176470588],[474.2600492206727,578.6176470588235],[474.1017227235439,578.6176470588235],[474.1017227235439,578.7794117647059],[473.9433962264151,578.7794117647059],[473.9433962264151,578.9411764705882],[473.7850697292863,578.9411764705882],[473.7850697292863,579.1029411764706],[473.62674323215754,579.1029411764706],[473.62674323215754,579.2647058823529],[473.3100902378999,579.4264705882352],[473.3100902378999,579.75],[473.1517637407711,579.75],[473.1517637407711,580.0735294117646],[472.8351107465136,580.0735294117646],[472.8351107465136,580.2352941176471],[472.5184577522559,580.3970588235294],[472.5184577522559,580.7205882352941],[472.36013125512716,580.7205882352941],[472.36013125512716,580.8823529411765],[472.2018047579984,580.8823529411765],[472.2018047579984,581.0441176470588],[472.04347826086956,581.0441176470588],[472.04347826086956,581.2058823529412],[471.88515176374074,581.2058823529412],[471.88515176374074,581.3676470588235],[471.72682526661197,581.3676470588235],[471.72682526661197,581.5294117647059],[471.41017227235443,581.6911764705882],[471.41017227235443,582.1764705882352],[471.0935192780968,582.1764705882352],[471.0935192780968,582.3382352941176],[470.935192780968,582.3382352941176],[470.935192780968,582.5],[470.77686628383924,582.5],[470.77686628383924,582.6617647058823],[470.46021328958165,582.8235294117646],[470.46021328958165,583.3088235294117],[470.3018867924528,583.3088235294117],[470.3018867924528,583.9558823529412],[470.14356029532405,583.9558823529412],[470.14356029532405,584.6029411764706],[469.9852337981953,584.6029411764706],[469.9852337981953,585.0882352941176],[469.82690730106646,585.0882352941176],[469.82690730106646,585.7352941176471],[469.66858080393763,585.7352941176471],[469.66858080393763,586.0588235294117],[469.82690730106646,586.0588235294117],[469.82690730106646,586.5441176470588],[470.14356029532405,586.7058823529412],[470.14356029532405,587.0294117647059],[470.3018867924528,587.0294117647059],[470.3018867924528,587.3529411764706],[470.46021328958165,587.3529411764706],[470.46021328958165,587.6764705882352],[470.6185397867104,587.6764705882352],[470.6185397867104,587.8382352941176],[470.935192780968,588.0],[470.935192780968,588.3235294117646],[471.0935192780968,588.3235294117646],[471.0935192780968,588.6470588235294],[471.41017227235443,588.8088235294117],[471.41017227235443,589.1323529411765],[471.5684987694832,589.1323529411765],[471.5684987694832,589.2941176470588],[471.72682526661197,589.2941176470588],[471.72682526661197,589.6176470588235],[471.88515176374074,589.6176470588235],[471.88515176374074,590.5882352941176],[471.72682526661197,590.5882352941176],[471.72682526661197,590.9117647058823],[471.41017227235443,591.0735294117646],[471.41017227235443,591.3970588235294],[471.0935192780968,591.5588235294117],[471.0935192780968,592.0441176470588],[470.935192780968,592.0441176470588],[470.935192780968,592.3676470588235],[470.77686628383924,592.3676470588235],[470.77686628383924,592.5294117647059],[470.6185397867104,592.5294117647059],[470.6185397867104,592.8529411764706],[470.46021328958165,592.8529411764706]]}},{"type":"Feature","id":"country-006-mainland-region-border-005-007-001","properties":{"id":"country-006-mainland-region-border-005-007-001","type":"region-border","countryId":"country-006","targetComponentId":"mainland","datasetId":"country-006/mainland","leftRegionId":"country-006-mainland-region-005","rightRegionId":"country-006-mainland-region-007"},"geometry":{"type":"LineString","coordinates":[[445.12797374897457,563.5735294117646],[445.602953240361,563.5735294117646],[445.76127973748976,563.8970588235294],[446.07793273174735,563.8970588235294],[446.07793273174735,564.0588235294117],[446.2362592288761,564.0588235294117],[446.2362592288761,564.2205882352941],[446.39458572600495,564.2205882352941],[446.39458572600495,564.3823529411765],[446.5529122231337,564.3823529411765],[446.7112387202625,564.7058823529412],[447.02789171452014,564.7058823529412],[447.02789171452014,564.8676470588235],[447.1862182116489,564.8676470588235],[447.1862182116489,565.0294117647059],[447.3445447087777,565.0294117647059],[447.3445447087777,565.1911764705882],[447.5028712059065,565.1911764705882],[447.5028712059065,565.3529411764706],[447.66119770303527,565.3529411764706],[447.8195242001641,565.6764705882352],[448.13617719442163,565.6764705882352],[448.13617719442163,565.8382352941176],[448.4528301886793,566.0],[448.4528301886793,566.3235294117646],[448.7694831829368,566.3235294117646],[448.7694831829368,567.9411764705882],[448.9278096800656,567.9411764705882],[448.9278096800656,568.2647058823529],[449.24446267432324,568.4264705882352],[449.24446267432324,568.75],[449.5611156685808,568.75],[449.5611156685808,568.9117647058823],[449.7194421657096,568.9117647058823],[449.7194421657096,569.2352941176471],[450.0360951599672,569.2352941176471],[450.0360951599672,569.3970588235294],[450.194421657096,569.3970588235294],[450.35274815422474,569.7205882352941],[450.6694011484824,569.7205882352941],[450.6694011484824,569.8823529411765],[450.82772764561116,569.8823529411765],[450.82772764561116,570.0441176470588],[450.98605414273993,570.0441176470588],[450.98605414273993,570.2058823529412],[451.14438063986876,570.2058823529412],[451.3027071369976,570.5294117647059],[451.6193601312551,570.5294117647059],[451.6193601312551,570.6911764705882],[451.7776866283839,570.6911764705882],[451.7776866283839,570.8529411764706],[451.9360131255127,570.8529411764706],[451.9360131255127,571.0147058823529],[452.2526661197703,571.1764705882352],[452.2526661197703,571.5],[452.4109926168991,571.5],[452.4109926168991,571.6617647058823],[452.5693191140279,571.6617647058823],[452.5693191140279,571.8235294117646],[452.72764561115673,571.8235294117646],[452.72764561115673,571.9852941176471],[452.8859721082855,571.9852941176471],[452.8859721082855,572.1470588235294],[453.04429860541427,572.1470588235294],[453.04429860541427,572.3088235294117],[453.20262510254304,572.3088235294117],[453.36095159967186,572.6323529411765],[453.67760459392946,572.6323529411765],[453.67760459392946,572.7941176470588],[453.8359310910582,572.7941176470588],[453.8359310910582,572.6323529411765],[454.31091058244465,572.6323529411765],[454.31091058244465,572.4705882352941],[455.1025430680886,572.4705882352941],[455.1025430680886,572.6323529411765],[455.4191960623462,572.7941176470588],[455.4191960623462,573.1176470588235],[455.7358490566038,573.2794117647059],[455.7358490566038,573.7647058823529],[455.89417555373257,573.7647058823529],[455.89417555373257,573.9264705882352],[456.21082854799016,574.0882352941176],[456.21082854799016,574.4117647058823],[456.369155045119,574.4117647058823],[456.369155045119,574.7352941176471],[456.52748154224776,574.7352941176471],[456.52748154224776,575.0588235294117],[456.6858080393765,575.0588235294117],[456.6858080393765,575.3823529411765],[456.84413453650535,575.3823529411765],[456.84413453650535,575.8676470588235],[457.0024610336341,575.8676470588235],[457.0024610336341,576.0294117647059],[457.16078753076295,576.0294117647059],[457.16078753076295,576.3529411764706],[457.4774405250205,576.5147058823529],[457.4774405250205,576.8382352941176],[457.6357670221493,576.8382352941176],[457.6357670221493,577.1617647058823],[457.79409351927814,577.1617647058823],[457.79409351927814,577.4852941176471],[458.1107465135357,577.6470588235294],[458.1107465135357,577.9705882352941],[458.2690730106645,577.9705882352941],[458.2690730106645,578.1323529411765],[458.42739950779327,578.1323529411765],[458.42739950779327,578.2941176470588],[458.5857260049221,578.2941176470588],[458.5857260049221,578.4558823529412],[458.90237899917963,578.6176470588235],[458.90237899917963,578.9411764705882],[459.06070549630846,578.9411764705882],[459.06070549630846,579.1029411764706],[459.37735849056605,579.2647058823529],[459.37735849056605,579.5882352941176],[459.5356849876948,579.5882352941176],[459.5356849876948,579.9117647058823],[459.37735849056605,579.9117647058823],[459.37735849056605,580.2352941176471],[459.2190319934373,580.2352941176471],[459.2190319934373,580.7205882352941],[459.37735849056605,580.7205882352941],[459.37735849056605,581.0441176470588],[459.5356849876948,581.0441176470588],[459.5356849876948,581.2058823529412],[459.8523379819524,581.3676470588235],[459.8523379819524,581.6911764705882],[460.01066447908124,581.6911764705882],[460.01066447908124,581.8529411764706],[460.16899097621,581.8529411764706],[460.16899097621,582.0147058823529],[460.3273174733388,582.0147058823529],[460.3273174733388,582.1764705882352],[460.4856439704676,582.1764705882352],[460.4856439704676,582.3382352941176],[460.8022969647252,582.5],[460.8022969647252,582.9852941176471],[461.11894995898274,582.9852941176471],[461.11894995898274,583.3088235294117],[461.27727645611157,583.3088235294117],[461.27727645611157,583.4705882352941],[462.0689089417556,583.4705882352941],[462.0689089417556,583.3088235294117],[463.96882690730104,583.3088235294117],[463.96882690730104,583.4705882352941],[464.44380639868746,583.4705882352941],[464.44380639868746,583.6323529411765],[464.9187858900739,583.6323529411765],[464.9187858900739,583.7941176470588],[465.07711238720265,583.7941176470588],[465.07711238720265,583.9558823529412],[465.2354388843314,583.9558823529412],[465.2354388843314,584.1176470588235],[465.552091878589,584.2794117647059],[465.552091878589,584.6029411764706],[465.8687448728466,584.6029411764706],[465.8687448728466,585.25],[466.0270713699754,585.25],[466.0270713699754,585.4117647058823],[465.8687448728466,585.4117647058823],[465.8687448728466,585.7352941176471],[465.71041837571784,585.7352941176471],[465.71041837571784,586.2205882352941],[465.8687448728466,586.2205882352941],[465.8687448728466,586.5441176470588],[466.1853978671042,586.7058823529412],[466.1853978671042,587.1911764705882],[466.5020508613618,587.3529411764706],[466.5020508613618,587.6764705882352],[466.66037735849056,587.6764705882352],[466.66037735849056,588.0],[466.81870385561933,588.0],[466.97703035274816,588.3235294117646],[467.4520098441345,588.3235294117646],[467.4520098441345,588.1617647058823],[467.92698933552094,588.1617647058823],[467.92698933552094,588.3235294117646],[468.0853158326497,588.3235294117646],[468.0853158326497,588.6470588235294],[468.2436423297785,588.6470588235294],[468.2436423297785,588.9705882352941],[468.56029532403613,589.1323529411765],[468.56029532403613,589.4558823529412],[468.7186218211649,589.4558823529412],[468.7186218211649,589.7794117647059],[469.0352748154225,589.9411764705882],[469.0352748154225,590.4264705882352],[469.19360131255127,590.4264705882352],[469.19360131255127,591.0735294117646],[469.51025430680886,591.2352941176471],[469.51025430680886,591.5588235294117],[469.66858080393763,591.5588235294117],[469.66858080393763,591.8823529411765],[469.82690730106646,591.8823529411765],[469.82690730106646,592.3676470588235],[470.14356029532405,592.5294117647059],[470.14356029532405,592.8529411764706],[470.46021328958165,592.8529411764706]]}},{"type":"Feature","id":"country-006-mainland-region-border-005-008-001","properties":{"id":"country-006-mainland-region-border-005-008-001","type":"region-border","countryId":"country-006","targetComponentId":"mainland","datasetId":"country-006/mainland","leftRegionId":"country-006-mainland-region-005","rightRegionId":"country-006-mainland-region-008"},"geometry":{"type":"LineString","coordinates":[[443.54470877768665,560.3382352941176],[443.7030352748154,560.3382352941176],[443.7030352748154,561.4705882352941],[443.8613617719442,561.4705882352941],[443.8613617719442,562.6029411764706],[444.17801476620184,562.6029411764706],[444.3363412633306,562.9264705882352],[444.81132075471703,562.9264705882352],[445.12797374897457,563.5735294117646]]}},{"type":"Feature","id":"country-006-mainland-region-border-006-007-001","properties":{"id":"country-006-mainland-region-border-006-007-001","type":"region-border","countryId":"country-006","targetComponentId":"mainland","datasetId":"country-006/mainland","leftRegionId":"country-006-mainland-region-006","rightRegionId":"country-006-mainland-region-007"},"geometry":{"type":"LineString","coordinates":[[470.46021328958165,592.8529411764706],[470.46021328958165,593.1764705882352],[470.6185397867104,593.1764705882352],[470.77686628383924,593.5]]}},{"type":"Feature","id":"country-006-mainland-region-border-006-016-001","properties":{"id":"country-006-mainland-region-border-006-016-001","type":"region-border","countryId":"country-006","targetComponentId":"mainland","datasetId":"country-006/mainland","leftRegionId":"country-006-mainland-region-006","rightRegionId":"country-006-mainland-region-016"},"geometry":{"type":"LineString","coordinates":[[470.77686628383924,593.5],[471.0935192780968,593.5],[471.0935192780968,593.3382352941176],[472.36013125512716,593.3382352941176],[472.36013125512716,593.5],[473.9433962264151,593.5],[473.9433962264151,593.3382352941176],[474.1017227235439,593.3382352941176],[474.1017227235439,593.1764705882352],[474.2600492206727,593.1764705882352],[474.2600492206727,593.0147058823529],[474.4183757178015,593.0147058823529],[474.4183757178015,592.8529411764706],[474.57670221493026,592.8529411764706],[474.73502871205903,592.5294117647059],[475.0516817063167,592.5294117647059],[475.0516817063167,592.3676470588235],[476.0016406890894,592.3676470588235],[476.0016406890894,592.5294117647059],[476.9515996718622,592.5294117647059],[476.9515996718622,592.6911764705882],[478.37653814602135,592.6911764705882],[478.37653814602135,592.8529411764706],[479.95980311730926,592.8529411764706],[479.95980311730926,593.0147058823529],[480.90976210008205,593.0147058823529],[480.90976210008205,593.1764705882352],[482.49302707136997,593.1764705882352],[482.49302707136997,593.3382352941176],[483.75963904840035,593.3382352941176],[483.75963904840035,593.5],[484.8679245283019,593.5],[484.8679245283019,593.6617647058823],[486.60951599671864,593.6617647058823],[486.60951599671864,593.8235294117646],[487.24282198523383,593.8235294117646],[487.24282198523383,593.9852941176471],[487.4011484823626,593.9852941176471],[487.4011484823626,594.7941176470588],[487.55947497949137,594.7941176470588],[487.55947497949137,596.0882352941176],[487.7178014766202,596.0882352941176],[487.7178014766202,596.25],[488.19278096800656,596.25],[488.19278096800656,596.4117647058823],[490.40935192780967,596.4117647058823],[490.40935192780967,596.5735294117646],[492.7842493847416,596.5735294117646],[492.7842493847416,596.7352941176471],[492.9425758818704,596.7352941176471],[492.9425758818704,596.8970588235294],[493.25922887612796,596.8970588235294],[493.25922887612796,597.0588235294117],[493.4175553732568,597.0588235294117],[493.57588187038556,597.3823529411765],[493.89253486464315,597.3823529411765],[493.89253486464315,597.5441176470588],[494.0508613617719,597.5441176470588],[494.20918785890075,597.8676470588235],[494.52584085315834,597.8676470588235],[494.52584085315834,598.0294117647059],[494.6841673502871,598.0294117647059],[494.6841673502871,598.1911764705882],[495.0008203445447,598.1911764705882],[495.0008203445447,598.3529411764706],[495.15914684167353,598.3529411764706],[495.3174733388023,598.6764705882352],[495.6341263330599,598.6764705882352],[495.7924528301887,599.0],[496.10910582444626,599.0],[496.10910582444626,599.1617647058823],[496.26743232157503,599.1617647058823],[496.26743232157503,599.3235294117646],[496.42575881870386,599.3235294117646],[496.42575881870386,599.4852941176471],[496.5840853158327,599.4852941176471],[496.5840853158327,599.6470588235294],[496.74241181296145,599.6470588235294],[496.9007383100902,599.9705882352941],[497.21739130434787,599.9705882352941],[497.21739130434787,600.1323529411765],[497.37571780147664,600.1323529411765],[497.37571780147664,600.2941176470588],[497.5340442986054,600.2941176470588],[497.5340442986054,600.4558823529412],[497.6923707957342,600.4558823529412],[497.6923707957342,600.6176470588235],[497.850697292863,600.6176470588235],[497.850697292863,600.7794117647059],[498.00902378999183,600.7794117647059],[498.00902378999183,600.9411764705882],[498.1673502871206,600.9411764705882],[498.32567678424937,601.2647058823529],[498.642329778507,601.2647058823529],[498.642329778507,601.4264705882352],[498.8006562756358,601.4264705882352],[498.8006562756358,601.2647058823529],[499.433962264151,601.2647058823529],[499.433962264151,601.1029411764706],[500.06726825266617,601.1029411764706],[500.06726825266617,601.2647058823529],[500.22559474979494,601.2647058823529],[500.22559474979494,601.75],[500.3839212469237,601.75],[500.3839212469237,602.0735294117646],[500.5422477440525,602.0735294117646],[500.5422477440525,602.5588235294117],[500.7005742411813,602.5588235294117],[500.7005742411813,602.8823529411765],[500.8589007383101,602.8823529411765],[500.8589007383101,603.3676470588235],[501.0172272354389,603.3676470588235],[501.0172272354389,603.6911764705882],[501.17555373256766,603.6911764705882],[501.17555373256766,604.0147058823529],[501.3338802296965,604.0147058823529],[501.4922067268253,604.3382352941176],[501.6505332239541,604.3382352941176],[501.6505332239541,604.1764705882352],[502.6004922067268,604.1764705882352],[502.6004922067268,604.0147058823529],[503.07547169811323,604.0147058823529],[503.07547169811323,603.8529411764706],[503.39212469237077,603.6911764705882],[503.39212469237077,603.2058823529412],[503.233798195242,603.2058823529412],[503.233798195242,602.7205882352941],[502.9171452009844,602.5588235294117],[502.9171452009844,601.9117647058823],[502.75881870385564,601.9117647058823],[502.75881870385564,601.5882352941176],[502.9171452009844,601.5882352941176],[502.9171452009844,601.4264705882352],[503.233798195242,601.4264705882352],[503.233798195242,601.2647058823529],[504.02543068088596,601.2647058823529],[504.02543068088596,601.4264705882352],[504.1837571780148,601.4264705882352],[504.1837571780148,601.5882352941176],[504.34208367514356,601.5882352941176],[504.34208367514356,601.75],[504.65873666940115,601.9117647058823],[504.65873666940115,602.2352941176471],[504.8170631665299,602.2352941176471],[504.8170631665299,602.3970588235294],[504.97538966365875,602.3970588235294],[505.13371616078757,602.7205882352941],[506.24200164068907,602.7205882352941],[506.24200164068907,602.5588235294117],[506.7169811320755,602.5588235294117],[506.7169811320755,602.3970588235294],[507.033634126333,602.3970588235294],[507.033634126333,602.2352941176471],[507.3502871205907,602.2352941176471],[507.50861361771945,601.9117647058823],[507.82526661197704,601.9117647058823],[507.82526661197704,601.75],[508.3002461033634,601.75],[508.4585726004922,601.4264705882352],[508.7752255947498,601.4264705882352],[508.7752255947498,601.2647058823529],[509.09187858900737,601.2647058823529]]}},{"type":"Feature","id":"country-006-mainland-region-border-007-008-001","properties":{"id":"country-006-mainland-region-border-007-008-001","type":"region-border","countryId":"country-006","targetComponentId":"mainland","datasetId":"country-006/mainland","leftRegionId":"country-006-mainland-region-007","rightRegionId":"country-006-mainland-region-008"},"geometry":{"type":"LineString","coordinates":[[445.12797374897457,563.5735294117646],[445.12797374897457,563.7352941176471],[444.9696472518458,563.7352941176471],[444.9696472518458,564.0588235294117],[444.81132075471703,564.0588235294117],[444.81132075471703,566.0],[444.9696472518458,566.0],[444.9696472518458,566.8088235294117],[444.81132075471703,566.8088235294117],[444.81132075471703,566.9705882352941],[444.4946677604594,566.9705882352941],[444.3363412633306,567.2941176470588],[444.019688269073,567.2941176470588],[444.019688269073,567.4558823529412],[443.7030352748154,567.4558823529412],[443.7030352748154,567.6176470588235],[443.3863822805579,567.6176470588235],[443.3863822805579,567.7794117647059],[443.22805578342906,567.7794117647059],[443.06972928630023,568.1029411764706],[442.7530762920427,568.1029411764706],[442.7530762920427,568.2647058823529],[442.59474979491387,568.2647058823529],[442.59474979491387,568.5882352941176],[442.43642329778504,568.5882352941176],[442.43642329778504,568.9117647058823],[442.59474979491387,568.9117647058823],[442.59474979491387,570.3676470588235],[442.7530762920427,570.3676470588235],[442.7530762920427,571.6617647058823],[442.91140278917146,571.6617647058823],[442.91140278917146,572.4705882352941],[443.06972928630023,572.4705882352941],[443.06972928630023,572.6323529411765],[444.6529942575882,572.6323529411765],[444.6529942575882,572.7941176470588],[445.44462674323216,572.7941176470588],[445.44462674323216,572.9558823529412],[445.602953240361,572.9558823529412],[445.602953240361,573.2794117647059],[445.76127973748976,573.2794117647059],[445.76127973748976,573.7647058823529],[445.9196062346185,573.7647058823529],[445.9196062346185,574.4117647058823],[446.07793273174735,574.4117647058823],[446.07793273174735,574.8970588235294],[446.2362592288761,574.8970588235294],[446.2362592288761,576.5147058823529],[446.39458572600495,576.5147058823529],[446.39458572600495,577.0],[446.7112387202625,577.0],[446.7112387202625,577.1617647058823],[447.1862182116489,577.1617647058823],[447.1862182116489,577.3235294117646],[447.5028712059065,577.3235294117646],[447.5028712059065,577.4852941176471],[447.66119770303527,577.4852941176471],[447.66119770303527,578.7794117647059],[447.8195242001641,578.7794117647059],[447.8195242001641,579.5882352941176],[447.66119770303527,579.5882352941176],[447.66119770303527,580.3970588235294],[447.5028712059065,580.3970588235294],[447.5028712059065,580.7205882352941],[447.3445447087777,580.7205882352941],[447.3445447087777,580.8823529411765],[446.07793273174735,580.8823529411765],[446.07793273174735,580.7205882352941],[445.602953240361,580.7205882352941],[445.602953240361,580.5588235294117],[445.44462674323216,580.5588235294117],[445.44462674323216,580.2352941176471],[445.12797374897457,580.0735294117646],[445.12797374897457,579.75],[444.9696472518458,579.75],[444.9696472518458,579.4264705882352],[444.6529942575882,579.2647058823529],[444.6529942575882,578.9411764705882],[443.7030352748154,578.9411764705882],[443.7030352748154,578.7794117647059],[442.91140278917146,578.7794117647059],[442.91140278917146,578.6176470588235],[442.59474979491387,578.6176470588235],[442.59474979491387,576.8382352941176],[442.43642329778504,576.8382352941176],[442.2780968006563,576.5147058823529],[441.32813781788354,576.5147058823529],[441.32813781788354,577.0],[441.1698113207547,577.0],[441.1698113207547,577.4852941176471],[441.0114848236259,577.4852941176471],[441.0114848236259,577.8088235294117],[440.8531583264971,577.8088235294117],[440.69483182936835,578.1323529411765],[439.428219852338,578.1323529411765],[439.2698933552092,577.8088235294117],[438.636587366694,577.8088235294117],[438.636587366694,577.6470588235294],[438.1616078753076,577.6470588235294],[438.1616078753076,577.4852941176471],[437.36997538966364,577.4852941176471],[437.36997538966364,577.3235294117646],[436.73666940114845,577.3235294117646],[436.73666940114845,577.4852941176471],[436.4200164068909,577.4852941176471],[436.4200164068909,578.1323529411765],[436.26168990976214,578.1323529411765],[436.26168990976214,578.4558823529412],[435.9450369155045,578.4558823529412],[435.9450369155045,578.6176470588235],[434.99507793273176,578.6176470588235],[434.99507793273176,578.7794117647059],[434.836751435603,578.7794117647059],[434.836751435603,580.0735294117646],[434.67842493847417,580.0735294117646],[434.67842493847417,581.6911764705882],[435.31173092698936,581.6911764705882],[435.31173092698936,581.5294117647059],[437.21164889253487,581.5294117647059],[437.21164889253487,581.6911764705882],[437.36997538966364,581.6911764705882],[437.36997538966364,582.5],[437.21164889253487,582.5],[437.0533223954061,582.8235294117646],[436.73666940114845,582.8235294117646],[436.73666940114845,583.1470588235294],[436.5783429040197,583.1470588235294],[436.4200164068909,583.4705882352941],[436.5783429040197,583.4705882352941],[436.5783429040197,583.7941176470588],[436.73666940114845,583.7941176470588],[436.73666940114845,583.9558823529412],[436.8949958982773,583.9558823529412],[436.8949958982773,584.1176470588235],[437.21164889253487,584.2794117647059],[437.21164889253487,584.6029411764706],[437.52830188679246,584.7647058823529],[437.52830188679246,585.0882352941176],[437.6866283839213,585.0882352941176],[437.6866283839213,585.4117647058823],[437.52830188679246,585.4117647058823],[437.52830188679246,585.7352941176471],[437.36997538966364,585.7352941176471],[437.36997538966364,585.8970588235294],[437.0533223954061,585.8970588235294],[437.0533223954061,586.0588235294117],[436.8949958982773,586.0588235294117],[436.73666940114845,586.3823529411765],[436.4200164068909,586.3823529411765],[436.4200164068909,586.5441176470588],[436.26168990976214,586.5441176470588],[436.26168990976214,586.7058823529412],[436.1033634126333,586.7058823529412],[435.9450369155045,587.0294117647059],[435.62838392124695,587.0294117647059],[435.62838392124695,587.1911764705882],[435.31173092698936,587.3529411764706],[435.31173092698936,588.3235294117646],[435.62838392124695,588.4852941176471],[435.62838392124695,589.1323529411765],[435.7867104183757,589.1323529411765],[435.7867104183757,589.2941176470588],[435.62838392124695,589.2941176470588],[435.4700574241181,589.6176470588235],[435.15340442986053,589.6176470588235],[435.15340442986053,589.7794117647059],[434.36177194421657,589.7794117647059],[434.2034454470878,590.1029411764706],[433.8867924528302,590.1029411764706],[433.7284659557014,590.4264705882352],[433.41181296144384,590.4264705882352],[433.41181296144384,590.5882352941176],[433.253486464315,590.5882352941176],[433.253486464315,590.75],[433.0951599671862,590.75],[433.0951599671862,590.9117647058823],[432.9368334700574,590.9117647058823],[432.9368334700574,591.0735294117646],[432.77850697292865,591.0735294117646],[432.77850697292865,591.2352941176471],[432.6201804757999,591.2352941176471],[432.6201804757999,591.3970588235294],[432.30352748154223,591.5588235294117],[432.30352748154223,592.0441176470588],[432.14520098441346,592.0441176470588],[432.14520098441346,592.2058823529412],[431.9868744872847,592.2058823529412],[431.9868744872847,592.5294117647059],[431.67022149302704,592.6911764705882],[431.67022149302704,593.0147058823529],[431.5118949958983,593.0147058823529],[431.5118949958983,593.5],[431.3535684987695,593.5],[431.3535684987695,593.9852941176471],[431.0369155045119,594.1470588235294],[431.0369155045119,596.0882352941176],[430.8785890073831,596.0882352941176],[430.8785890073831,596.4117647058823],[430.7202625102543,596.4117647058823],[430.7202625102543,596.5735294117646],[430.4036095159967,596.5735294117646],[430.4036095159967,596.7352941176471],[430.0869565217391,596.7352941176471],[430.0869565217391,596.8970588235294],[429.92863002461036,596.8970588235294],[429.92863002461036,597.0588235294117],[429.61197703035276,597.2205882352941],[429.61197703035276,598.3529411764706],[429.7703035274816,598.3529411764706],[429.7703035274816,598.6764705882352],[429.92863002461036,598.6764705882352],[429.92863002461036,599.0],[430.0869565217391,599.0],[430.2452830188679,599.3235294117646],[431.0369155045119,599.3235294117646],[431.0369155045119,599.1617647058823],[431.5118949958983,599.1617647058823],[431.5118949958983,599.0],[432.14520098441346,599.0],[432.14520098441346,598.8382352941176],[433.41181296144384,598.8382352941176],[433.41181296144384,599.1617647058823],[433.5701394585726,599.1617647058823],[433.5701394585726,599.8088235294117],[433.41181296144384,599.8088235294117],[433.41181296144384,602.3970588235294],[433.5701394585726,602.3970588235294],[433.7284659557014,602.7205882352941]]}},{"type":"Feature","id":"country-006-mainland-region-border-007-016-001","properties":{"id":"country-006-mainland-region-border-007-016-001","type":"region-border","countryId":"country-006","targetComponentId":"mainland","datasetId":"country-006/mainland","leftRegionId":"country-006-mainland-region-007","rightRegionId":"country-006-mainland-region-016"},"geometry":{"type":"MultiLineString","coordinates":[[[470.77686628383924,593.5],[470.77686628383924,593.6617647058823],[470.935192780968,593.6617647058823],[470.935192780968,593.9852941176471],[471.0935192780968,593.9852941176471],[471.0935192780968,594.4705882352941],[471.2518457752256,594.4705882352941],[471.2518457752256,594.7941176470588],[471.41017227235443,594.7941176470588],[471.41017227235443,595.1176470588235],[471.5684987694832,595.1176470588235],[471.5684987694832,595.4411764705882],[471.72682526661197,595.4411764705882],[471.72682526661197,595.7647058823529],[471.88515176374074,595.7647058823529],[471.88515176374074,595.9264705882352],[472.04347826086956,595.9264705882352],[472.04347826086956,596.25],[472.2018047579984,596.25],[472.2018047579984,596.7352941176471],[472.36013125512716,596.7352941176471],[472.36013125512716,597.2205882352941],[472.5184577522559,597.2205882352941],[472.5184577522559,597.5441176470588],[472.36013125512716,597.5441176470588],[472.36013125512716,598.0294117647059],[472.04347826086956,598.1911764705882],[472.04347826086956,598.5147058823529],[471.88515176374074,598.5147058823529],[471.88515176374074,598.6764705882352],[471.72682526661197,598.6764705882352],[471.72682526661197,599.0],[471.41017227235443,599.1617647058823],[471.41017227235443,599.4852941176471],[471.2518457752256,599.4852941176471],[471.2518457752256,599.8088235294117],[471.0935192780968,599.8088235294117],[471.0935192780968,599.9705882352941],[470.77686628383924,600.1323529411765],[470.77686628383924,600.4558823529412],[470.46021328958165,600.6176470588235],[470.46021328958165,600.9411764705882],[470.14356029532405,601.1029411764706],[470.14356029532405,601.4264705882352],[469.82690730106646,601.5882352941176],[469.82690730106646,601.9117647058823],[469.66858080393763,601.9117647058823],[469.66858080393763,602.0735294117646],[469.3519278096801,602.2352941176471],[469.3519278096801,602.5588235294117],[469.0352748154225,602.7205882352941],[469.0352748154225,603.0441176470588],[468.87694831829367,603.0441176470588],[468.87694831829367,603.3676470588235],[468.7186218211649,603.3676470588235],[468.7186218211649,603.5294117647059],[468.4019688269073,603.6911764705882],[468.4019688269073,604.0147058823529],[468.2436423297785,604.0147058823529],[468.2436423297785,604.3382352941176],[467.92698933552094,604.5],[467.92698933552094,604.8235294117646],[467.61033634126335,604.9852941176471],[467.61033634126335,605.3088235294117],[467.4520098441345,605.3088235294117],[467.4520098441345,605.4705882352941],[467.135356849877,605.6323529411765],[467.135356849877,605.9558823529412],[466.97703035274816,605.9558823529412],[466.97703035274816,606.1176470588235],[466.66037735849056,606.2794117647059],[466.66037735849056,606.6029411764706],[466.5020508613618,606.6029411764706],[466.5020508613618,606.9264705882352],[466.343724364233,606.9264705882352],[466.343724364233,607.0882352941176],[466.0270713699754,607.25],[466.0270713699754,607.5735294117646],[465.8687448728466,607.5735294117646],[465.8687448728466,607.8970588235294],[465.552091878589,608.0588235294117],[465.552091878589,608.8676470588235],[465.71041837571784,608.8676470588235],[465.71041837571784,609.1911764705882],[465.8687448728466,609.1911764705882],[465.8687448728466,610.1617647058823],[465.71041837571784,610.1617647058823],[465.71041837571784,610.3235294117646],[465.552091878589,610.3235294117646],[465.3937653814602,610.6470588235294],[465.07711238720265,610.6470588235294],[465.07711238720265,610.8088235294117],[464.9187858900739,610.8088235294117],[464.9187858900739,610.9705882352941],[464.76045939294505,610.9705882352941],[464.76045939294505,611.0]],[[463.36764705882354,612.2647058823529],[463.3355209187859,612.2647058823529],[463.3355209187859,612.3289581624282]],[[463.2867647058824,612.4264705882352],[463.1771944216571,612.4264705882352],[463.1771944216571,612.5882352941176],[463.0188679245283,612.5882352941176],[463.0188679245283,612.75],[462.86054142739954,612.75],[462.7381982250727,613.0]],[[462.0,613.5588235294117],[461.91058244462675,613.5588235294117],[461.91058244462675,613.7205882352941],[461.75225594749793,613.7205882352941],[461.75225594749793,613.8823529411765],[461.59392945036916,613.8823529411765],[461.59392945036916,614.0]],[[461.0,614.5294117647059],[460.96062346185397,614.5294117647059],[460.96062346185397,614.6911764705882],[460.64397046759643,614.8529411764706],[460.64397046759643,615.0]]]}},{"type":"Feature","id":"country-006-mainland-region-border-008-009-001","properties":{"id":"country-006-mainland-region-border-008-009-001","type":"region-border","countryId":"country-006","targetComponentId":"mainland","datasetId":"country-006/mainland","leftRegionId":"country-006-mainland-region-008","rightRegionId":"country-006-mainland-region-009"},"geometry":{"type":"LineString","coordinates":[[402.22149302707135,572.3088235294117],[402.3798195242002,572.3088235294117],[402.3798195242002,572.6323529411765],[402.538146021329,572.6323529411765],[402.538146021329,574.25],[402.69647251845777,574.25],[402.69647251845777,575.5441176470588],[402.85479901558654,575.5441176470588],[402.85479901558654,576.3529411764706],[403.01312551271536,576.3529411764706],[403.01312551271536,576.8382352941176],[404.7547169811321,576.8382352941176],[404.7547169811321,577.0],[405.22969647251847,577.0],[405.22969647251847,577.1617647058823],[405.54634946677606,577.1617647058823],[405.54634946677606,577.3235294117646],[405.86300246103366,577.4852941176471],[405.86300246103366,578.1323529411765],[406.0213289581624,578.1323529411765],[406.0213289581624,578.6176470588235],[406.17965545529125,578.6176470588235],[406.17965545529125,579.4264705882352],[406.33798195242,579.4264705882352],[406.33798195242,579.9117647058823],[406.6546349466776,580.0735294117646],[406.6546349466776,580.5588235294117],[406.8129614438064,580.5588235294117],[406.8129614438064,581.2058823529412],[406.6546349466776,581.2058823529412],[406.6546349466776,581.5294117647059],[406.4963084495488,581.5294117647059],[406.4963084495488,581.8529411764706],[406.17965545529125,582.0147058823529],[406.17965545529125,582.3382352941176],[406.0213289581624,582.3382352941176],[406.0213289581624,582.5],[405.86300246103366,582.5],[405.86300246103366,582.6617647058823],[405.54634946677606,582.8235294117646],[405.54634946677606,583.3088235294117],[405.22969647251847,583.3088235294117],[405.22969647251847,583.6323529411765],[405.07136997538964,583.6323529411765],[405.07136997538964,584.1176470588235],[404.7547169811321,584.2794117647059],[404.7547169811321,584.6029411764706],[404.5963904840033,584.6029411764706],[404.5963904840033,585.0882352941176],[404.4380639868745,585.0882352941176],[404.4380639868745,587.8382352941176],[404.2797374897457,587.8382352941176],[404.2797374897457,588.1617647058823],[404.4380639868745,588.1617647058823],[404.4380639868745,588.9705882352941],[404.5963904840033,588.9705882352941],[404.5963904840033,590.1029411764706],[404.7547169811321,590.1029411764706],[404.7547169811321,592.5294117647059],[404.9130434782609,592.5294117647059],[404.9130434782609,593.8235294117646],[404.7547169811321,593.8235294117646],[404.7547169811321,596.4117647058823],[404.5963904840033,596.4117647058823],[404.5963904840033,596.7352941176471],[404.4380639868745,596.7352941176471],[404.4380639868745,597.0588235294117],[404.1214109926169,597.0588235294117],[404.1214109926169,597.2205882352941],[403.9630844954881,597.2205882352941],[403.9630844954881,597.3823529411765],[403.8047579983593,597.3823529411765],[403.6464315012305,597.7058823529412],[403.32977850697296,597.7058823529412],[403.17145200984413,598.0294117647059],[402.85479901558654,598.0294117647059],[402.85479901558654,598.3529411764706],[402.3798195242002,598.3529411764706],[402.3798195242002,598.5147058823529],[402.0631665299426,598.5147058823529],[402.0631665299426,598.6764705882352],[401.746513535685,598.6764705882352],[401.746513535685,598.8382352941176],[401.2715340442986,598.8382352941176],[401.2715340442986,599.0],[401.11320754716985,599.0],[401.11320754716985,599.4852941176471],[400.954881050041,599.4852941176471],[400.954881050041,601.75],[401.2715340442986,601.75],[401.2715340442986,601.9117647058823],[401.9048400328138,601.9117647058823],[401.9048400328138,602.0735294117646],[403.17145200984413,602.0735294117646],[403.17145200984413,602.2352941176471],[404.1214109926169,602.2352941176471],[404.1214109926169,602.0735294117646],[405.07136997538964,602.0735294117646],[405.07136997538964,601.9117647058823],[405.54634946677606,601.9117647058823],[405.54634946677606,601.75],[406.6546349466776,601.75],[406.6546349466776,602.0735294117646],[406.8129614438064,602.0735294117646],[406.8129614438064,602.5588235294117],[406.9712879409352,602.5588235294117],[406.9712879409352,604.0147058823529],[407.129614438064,604.0147058823529],[407.129614438064,604.8235294117646],[407.2879409351928,604.8235294117646],[407.2879409351928,605.3088235294117],[407.4462674323216,605.3088235294117],[407.4462674323216,606.2794117647059],[407.6045939294504,606.2794117647059],[407.6045939294504,606.9264705882352],[407.92124692370794,606.9264705882352],[407.92124692370794,607.0882352941176],[408.55455291222313,607.0882352941176],[408.55455291222313,606.9264705882352],[410.4544708777687,606.9264705882352],[410.4544708777687,607.0882352941176],[412.8293683347006,607.0882352941176],[412.8293683347006,607.4117647058823],[412.98769483182934,607.4117647058823],[412.98769483182934,608.0588235294117],[413.14602132895817,608.0588235294117],[413.14602132895817,609.0294117647059],[413.304347826087,609.0294117647059],[413.304347826087,609.8382352941176],[413.46267432321577,609.8382352941176],[413.46267432321577,610.0]]}},{"type":"Feature","id":"country-006-mainland-region-border-008-010-001","properties":{"id":"country-006-mainland-region-border-008-010-001","type":"region-border","countryId":"country-006","targetComponentId":"mainland","datasetId":"country-006/mainland","leftRegionId":"country-006-mainland-region-008","rightRegionId":"country-006-mainland-region-010"},"geometry":{"type":"LineString","coordinates":[[411.4044298605414,562.7647058823529],[411.24610336341266,562.7647058823529],[411.24610336341266,562.9264705882352],[410.92945036915506,562.9264705882352],[410.92945036915506,563.0882352941176],[410.61279737489747,563.0882352941176],[410.61279737489747,563.25],[410.2961443806399,563.25],[410.2961443806399,563.4117647058823],[409.9794913863823,563.4117647058823],[409.9794913863823,563.5735294117646],[409.5045118949959,563.5735294117646],[409.5045118949959,563.7352941176471],[409.02953240360955,563.7352941176471],[409.02953240360955,563.8970588235294],[408.8712059064807,563.8970588235294],[408.7128794093519,564.2205882352941],[408.07957342083677,564.2205882352941],[408.07957342083677,564.3823529411765],[407.92124692370794,564.3823529411765],[407.92124692370794,564.7058823529412],[407.76292042657917,564.7058823529412],[407.76292042657917,564.8676470588235],[407.92124692370794,564.8676470588235],[407.92124692370794,565.3529411764706],[408.07957342083677,565.3529411764706],[408.07957342083677,566.3235294117646],[408.23789991796554,566.3235294117646],[408.23789991796554,566.8088235294117],[408.07957342083677,566.8088235294117],[407.92124692370794,567.1323529411765],[407.4462674323216,567.1323529411765],[407.2879409351928,567.4558823529412],[406.9712879409352,567.4558823529412],[406.9712879409352,567.6176470588235],[406.6546349466776,567.6176470588235],[406.4963084495488,567.9411764705882],[406.0213289581624,567.9411764705882],[406.0213289581624,568.1029411764706],[405.70467596390483,568.1029411764706],[405.54634946677606,568.4264705882352],[405.07136997538964,568.4264705882352],[405.07136997538964,568.5882352941176],[404.5963904840033,568.5882352941176],[404.5963904840033,568.75],[404.2797374897457,568.75],[404.1214109926169,569.0735294117646],[403.8047579983593,569.0735294117646],[403.6464315012305,569.3970588235294],[403.32977850697296,569.3970588235294],[403.32977850697296,569.5588235294117],[403.01312551271536,569.5588235294117],[403.01312551271536,569.7205882352941],[402.85479901558654,569.7205882352941],[402.85479901558654,570.0441176470588],[402.69647251845777,570.0441176470588],[402.69647251845777,571.3382352941176],[402.538146021329,571.3382352941176],[402.538146021329,571.9852941176471],[402.3798195242002,571.9852941176471],[402.22149302707135,572.3088235294117]]}},{"type":"Feature","id":"country-006-mainland-region-border-009-010-001","properties":{"id":"country-006-mainland-region-border-009-010-001","type":"region-border","countryId":"country-006","targetComponentId":"mainland","datasetId":"country-006/mainland","leftRegionId":"country-006-mainland-region-009","rightRegionId":"country-006-mainland-region-010"},"geometry":{"type":"LineString","coordinates":[[362.63986874487284,582.3382352941176],[362.95652173913044,582.3382352941176],[362.95652173913044,582.5],[364.064807219032,582.5],[364.064807219032,582.6617647058823],[365.0147662018048,582.6617647058823],[365.0147662018048,582.8235294117646],[365.33141919606237,582.9852941176471],[365.33141919606237,583.3088235294117],[365.48974569319114,583.3088235294117],[365.48974569319114,583.6323529411765],[365.6480721903199,583.6323529411765],[365.6480721903199,583.7941176470588],[365.80639868744873,583.7941176470588],[365.96472518457756,584.1176470588235],[366.2813781788351,584.1176470588235],[366.2813781788351,584.2794117647059],[366.7563576702215,584.2794117647059],[366.7563576702215,584.1176470588235],[367.07301066447906,584.1176470588235],[367.07301066447906,583.9558823529412],[367.3896636587367,583.9558823529412],[367.5479901558655,583.6323529411765],[367.8646431501231,583.6323529411765],[367.8646431501231,583.4705882352941],[368.33962264150944,583.4705882352941],[368.33962264150944,583.3088235294117],[371.6644790812141,583.3088235294117],[371.6644790812141,583.1470588235294],[372.9310910582445,583.1470588235294],[372.9310910582445,582.9852941176471],[374.03937653814603,582.9852941176471],[374.03937653814603,582.6617647058823],[374.1977030352748,582.6617647058823],[374.1977030352748,582.1764705882352],[374.3560295324036,582.1764705882352],[374.3560295324036,580.7205882352941],[374.5143560295324,580.7205882352941],[374.5143560295324,580.3970588235294],[374.6726825266612,580.3970588235294],[374.6726825266612,579.4264705882352],[374.83100902379,579.4264705882352],[374.83100902379,579.2647058823529],[375.62264150943395,579.2647058823529],[375.62264150943395,579.1029411764706],[379.2641509433962,579.1029411764706],[379.2641509433962,578.9411764705882],[380.0557834290402,578.9411764705882],[380.0557834290402,578.6176470588235],[380.214109926169,578.6176470588235],[380.214109926169,577.3235294117646],[380.5307629204266,577.3235294117646],[380.5307629204266,577.1617647058823],[381.95570139458573,577.1617647058823],[381.95570139458573,577.3235294117646],[387.33880229696473,577.3235294117646],[387.33880229696473,577.6470588235294],[387.49712879409356,577.6470588235294],[387.49712879409356,578.1323529411765],[387.6554552912223,578.1323529411765],[387.6554552912223,578.2941176470588],[387.9721082854799,578.2941176470588],[387.9721082854799,578.1323529411765],[388.4470877768663,578.1323529411765],[388.60541427399505,577.8088235294117],[388.9220672682527,577.8088235294117],[388.9220672682527,577.6470588235294],[389.0803937653815,577.6470588235294],[389.0803937653815,577.3235294117646],[389.23872026251024,577.3235294117646],[389.23872026251024,577.1617647058823],[389.39704675963907,577.1617647058823],[389.39704675963907,577.0],[389.55537325676784,577.0],[389.55537325676784,576.8382352941176],[389.71369975389666,576.8382352941176],[389.71369975389666,576.6764705882352],[390.0303527481542,576.5147058823529],[390.0303527481542,576.1911764705882],[390.188679245283,576.1911764705882],[390.188679245283,575.7058823529412],[390.34700574241185,575.7058823529412],[390.34700574241185,575.5441176470588],[390.5053322395406,575.5441176470588],[390.5053322395406,575.3823529411765],[390.6636587366694,575.3823529411765],[390.6636587366694,575.2205882352941],[390.8219852337982,575.2205882352941],[390.8219852337982,575.0588235294117],[390.980311730927,575.0588235294117],[390.980311730927,574.8970588235294],[391.1386382280558,574.8970588235294],[391.1386382280558,574.7352941176471],[391.2969647251846,574.7352941176471],[391.45529122231335,574.4117647058823],[391.771944216571,574.4117647058823],[391.93027071369977,574.0882352941176],[393.6718621821165,574.0882352941176],[393.6718621821165,574.25],[393.9885151763741,574.25],[393.9885151763741,574.4117647058823],[394.1468416735029,574.4117647058823],[394.30516817063165,574.7352941176471],[394.78014766201807,574.7352941176471],[394.93847415914684,575.0588235294117],[395.41345365053326,575.0588235294117],[395.41345365053326,575.2205882352941],[396.2050861361772,575.2205882352941],[396.2050861361772,575.0588235294117],[396.6800656275636,575.0588235294117],[396.8383921246924,574.7352941176471],[397.31337161607877,574.7352941176471],[397.31337161607877,574.5735294117646],[397.9466776045939,574.5735294117646],[397.9466776045939,574.4117647058823],[398.26333059885155,574.4117647058823],[398.26333059885155,574.25],[398.5799835931091,574.0882352941176],[398.5799835931091,573.7647058823529],[398.4216570959803,573.7647058823529],[398.4216570959803,573.4411764705882],[398.26333059885155,573.4411764705882],[398.26333059885155,573.2794117647059],[397.9466776045939,573.2794117647059],[397.9466776045939,573.1176470588235],[397.78835110746513,573.1176470588235],[397.78835110746513,572.9558823529412],[397.47169811320754,572.7941176470588],[397.47169811320754,572.4705882352941],[397.31337161607877,572.4705882352941],[397.31337161607877,572.3088235294117],[397.47169811320754,572.3088235294117],[397.63002461033636,571.9852941176471],[398.5799835931091,571.9852941176471],[398.5799835931091,572.1470588235294],[399.37161607875305,572.1470588235294],[399.37161607875305,572.3088235294117],[400.16324856439707,572.3088235294117],[400.16324856439707,572.1470588235294],[402.0631665299426,572.1470588235294],[402.0631665299426,572.3088235294117],[402.22149302707135,572.3088235294117]]}},{"type":"Feature","id":"country-006-mainland-region-border-010-011-001","properties":{"id":"country-006-mainland-region-border-010-011-001","type":"region-border","countryId":"country-006","targetComponentId":"mainland","datasetId":"country-006/mainland","leftRegionId":"country-006-mainland-region-010","rightRegionId":"country-006-mainland-region-011"},"geometry":{"type":"LineString","coordinates":[[392.40525020508613,544.9705882352941],[392.40525020508613,545.2941176470588],[392.56357670221496,545.2941176470588],[392.56357670221496,546.1029411764706],[392.7219031993437,546.1029411764706],[392.7219031993437,546.4264705882352],[392.8802296964725,546.4264705882352],[392.8802296964725,547.0735294117646],[393.0385561936013,547.0735294117646],[393.0385561936013,547.5588235294117],[393.5135356849877,547.5588235294117],[393.5135356849877,547.7205882352941],[394.62182116488924,547.7205882352941],[394.62182116488924,547.5588235294117],[395.09680065627566,547.5588235294117],[395.09680065627566,547.7205882352941],[396.363412633306,547.7205882352941],[396.363412633306,547.5588235294117],[397.31337161607877,547.5588235294117],[397.31337161607877,547.7205882352941],[397.78835110746513,547.7205882352941],[397.78835110746513,547.5588235294117],[398.26333059885155,547.5588235294117],[398.26333059885155,547.7205882352941],[399.0549630844955,547.7205882352941],[399.0549630844955,547.5588235294117],[399.2132895816243,547.5588235294117]]}},{"type":"Feature","id":"country-006-mainland-region-border-010-011-002","properties":{"id":"country-006-mainland-region-border-010-011-002","type":"region-border","countryId":"country-006","targetComponentId":"mainland","datasetId":"country-006/mainland","leftRegionId":"country-006-mainland-region-010","rightRegionId":"country-006-mainland-region-011"},"geometry":{"type":"LineString","coordinates":[[406.17965545529125,547.0735294117646],[406.17965545529125,546.9117647058823],[406.33798195242,546.9117647058823],[406.33798195242,546.5882352941176],[406.4963084495488,546.5882352941176],[406.6546349466776,546.2647058823529],[407.129614438064,546.2647058823529],[407.129614438064,546.1029411764706],[407.92124692370794,546.1029411764706],[407.92124692370794,546.2647058823529],[408.23789991796554,546.2647058823529],[408.23789991796554,546.4264705882352],[408.39622641509436,546.4264705882352],[408.39622641509436,546.5882352941176],[408.55455291222313,546.5882352941176],[408.55455291222313,546.75],[408.7128794093519,546.75],[408.8712059064807,547.0735294117646],[409.1878589007383,547.0735294117646],[409.3461853978671,547.3970588235294],[409.6628383921247,547.3970588235294],[409.6628383921247,547.5588235294117],[409.8211648892535,547.5588235294117],[409.8211648892535,547.7205882352941],[409.9794913863823,547.7205882352941],[409.9794913863823,547.8823529411765],[410.13781788351105,547.8823529411765],[410.2961443806399,548.2058823529412],[410.61279737489747,548.2058823529412],[410.61279737489747,548.5294117647059],[410.92945036915506,548.5294117647059],[410.92945036915506,548.6911764705882],[411.4044298605414,548.6911764705882],[411.4044298605414,548.8529411764706],[411.5627563576702,548.8529411764706]]}},{"type":"Feature","id":"country-006-mainland-region-border-010-012-001","properties":{"id":"country-006-mainland-region-border-010-012-001","type":"region-border","countryId":"country-006","targetComponentId":"mainland","datasetId":"country-006/mainland","leftRegionId":"country-006-mainland-region-010","rightRegionId":"country-006-mainland-region-012"},"geometry":{"type":"LineString","coordinates":[[356.94011484823625,549.3382352941176],[357.41509433962267,549.3382352941176],[357.41509433962267,549.5],[358.3650533223954,549.5],[358.3650533223954,549.6617647058823],[359.47333880229695,549.6617647058823],[359.47333880229695,549.5],[360.10664479081214,549.5],[360.10664479081214,549.3382352941176],[360.73995077932733,549.3382352941176],[360.73995077932733,549.1764705882352],[361.3732567678425,549.1764705882352],[361.5315832649713,548.8529411764706],[362.1648892534865,548.8529411764706],[362.1648892534865,548.6911764705882],[362.32321575061525,548.6911764705882],[362.32321575061525,548.5294117647059],[362.63986874487284,548.5294117647059],[362.63986874487284,548.3676470588235],[362.7981952420016,548.3676470588235],[362.7981952420016,548.2058823529412],[362.95652173913044,548.2058823529412],[363.11484823625926,547.8823529411765],[363.4315012305168,547.8823529411765],[363.4315012305168,547.3970588235294],[363.5898277276456,547.3970588235294],[363.5898277276456,546.4264705882352],[363.7481542247744,546.4264705882352],[363.7481542247744,546.2647058823529],[364.6981132075472,546.2647058823529],[364.85643970467595,546.5882352941176],[365.33141919606237,546.5882352941176],[365.48974569319114,546.9117647058823],[365.80639868744873,546.9117647058823],[365.96472518457756,547.2352941176471],[366.4397046759639,547.2352941176471],[366.4397046759639,547.3970588235294],[366.5980311730927,547.3970588235294],[366.5980311730927,547.5588235294117],[366.9146841673503,547.5588235294117],[367.07301066447906,547.8823529411765],[367.70631665299425,547.8823529411765],[367.70631665299425,548.0441176470588],[368.02296964725184,548.0441176470588],[368.18129614438067,548.3676470588235],[368.81460213289586,548.3676470588235],[368.9729286300246,548.6911764705882],[369.447908121411,548.6911764705882],[369.447908121411,548.8529411764706],[369.7645611156686,548.8529411764706],[369.7645611156686,549.0147058823529],[370.0812141099262,549.0147058823529],[370.0812141099262,549.1764705882352],[370.3978671041838,549.1764705882352],[370.3978671041838,549.3382352941176],[370.55619360131254,549.3382352941176],[370.71452009844137,549.6617647058823],[371.8228055783429,549.6617647058823],[371.8228055783429,549.8235294117646],[371.9811320754717,549.8235294117646],[371.9811320754717,549.6617647058823],[372.77276456111565,549.6617647058823],[372.77276456111565,549.5],[373.5643970467596,549.5],[373.5643970467596,549.3382352941176],[374.1977030352748,549.3382352941176],[374.1977030352748,549.1764705882352],[374.3560295324036,549.1764705882352],[374.3560295324036,549.0147058823529],[374.6726825266612,548.8529411764706],[374.6726825266612,548.5294117647059],[374.98933552091876,548.3676470588235],[374.98933552091876,548.0441176470588],[375.1476620180476,548.0441176470588],[375.1476620180476,547.8823529411765],[375.3059885151764,547.8823529411765],[375.3059885151764,547.7205882352941],[375.4643150123052,547.7205882352941],[375.4643150123052,547.5588235294117],[375.7809680065628,547.3970588235294],[375.7809680065628,547.0735294117646],[375.93929450369154,547.0735294117646],[375.93929450369154,546.9117647058823],[376.25594749794914,546.9117647058823],[376.25594749794914,547.0735294117646],[377.83921246923705,547.0735294117646],[377.83921246923705,547.2352941176471],[378.94749794913866,547.2352941176471],[378.94749794913866,547.8823529411765],[379.10582444626743,547.8823529411765],[379.10582444626743,548.6911764705882],[379.2641509433962,548.6911764705882],[379.2641509433962,548.8529411764706],[379.58080393765385,548.8529411764706],[379.58080393765385,549.0147058823529],[380.3724364232978,549.0147058823529],[380.3724364232978,549.1764705882352],[380.68908941755535,549.1764705882352],[380.68908941755535,549.3382352941176],[381.00574241181295,549.3382352941176],[381.00574241181295,549.5],[382.1140278917145,549.5],[382.1140278917145,549.0147058823529],[382.2723543888433,549.0147058823529],[382.2723543888433,548.6911764705882],[382.4306808859721,548.6911764705882],[382.4306808859721,548.3676470588235],[382.5890073831009,548.3676470588235],[382.5890073831009,548.0441176470588],[382.7473338802297,548.0441176470588],[382.9056603773585,547.7205882352941],[383.85561936013124,547.7205882352941],[383.85561936013124,547.8823529411765],[384.33059885151766,547.8823529411765],[384.33059885151766,548.0441176470588],[384.64725184577526,548.0441176470588],[384.64725184577526,548.2058823529412],[385.2805578342904,548.2058823529412],[385.2805578342904,548.3676470588235],[385.75553732567676,548.3676470588235],[385.75553732567676,548.5294117647059],[386.0721903199344,548.5294117647059],[386.0721903199344,548.6911764705882],[386.70549630844954,548.6911764705882],[386.70549630844954,548.5294117647059],[387.02214930270713,548.5294117647059],[387.02214930270713,548.3676470588235],[387.1804757998359,548.3676470588235],[387.1804757998359,548.0441176470588],[387.33880229696473,548.0441176470588],[387.33880229696473,547.5588235294117],[387.6554552912223,547.5588235294117],[387.6554552912223,547.0735294117646],[387.9721082854799,546.9117647058823],[387.9721082854799,546.5882352941176],[388.4470877768663,546.5882352941176],[388.4470877768663,546.4264705882352],[389.87202625102543,546.4264705882352],[389.87202625102543,546.2647058823529],[390.0303527481542,546.2647058823529],[390.0303527481542,545.9411764705882],[390.188679245283,545.9411764705882],[390.188679245283,544.9705882352941],[390.5053322395406,544.9705882352941],[390.5053322395406,544.8088235294117],[391.6136177194422,544.8088235294117],[391.6136177194422,544.9705882352941],[392.40525020508613,544.9705882352941]]}},{"type":"Feature","id":"country-006-mainland-region-border-010-013-001","properties":{"id":"country-006-mainland-region-border-010-013-001","type":"region-border","countryId":"country-006","targetComponentId":"mainland","datasetId":"country-006/mainland","leftRegionId":"country-006-mainland-region-010","rightRegionId":"country-006-mainland-region-013"},"geometry":{"type":"LineString","coordinates":[[343.64068908941755,555.3235294117646],[343.64068908941755,555.1617647058823],[343.95734208367514,555.1617647058823],[344.1156685808039,554.8382352941176],[344.4323215750615,554.8382352941176],[344.4323215750615,553.2205882352941],[344.7489745693191,553.0588235294117],[344.7489745693191,552.5735294117646],[344.9073010664479,552.5735294117646],[344.9073010664479,552.25],[345.0656275635767,552.25],[345.0656275635767,551.7647058823529],[345.2239540607055,551.7647058823529],[345.2239540607055,551.6029411764706],[345.3822805578343,551.6029411764706],[345.3822805578343,551.2794117647059],[345.6989335520919,551.1176470588235],[345.6989335520919,550.7941176470588],[345.85726004922066,550.7941176470588],[345.85726004922066,550.4705882352941],[346.0155865463495,550.4705882352941],[346.0155865463495,550.3088235294117],[347.5988515176374,550.3088235294117],[347.5988515176374,550.1470588235294],[347.915504511895,550.1470588235294],[347.915504511895,549.8235294117646],[348.0738310090238,549.8235294117646],[348.0738310090238,549.5],[348.2321575061526,549.5],[348.2321575061526,549.0147058823529],[348.5488105004102,548.8529411764706],[348.5488105004102,548.5294117647059],[348.70713699753895,548.5294117647059],[348.70713699753895,548.2058823529412],[348.8654634946678,548.2058823529412],[349.02378999179655,547.8823529411765],[349.97374897456933,547.8823529411765],[349.97374897456933,548.0441176470588],[350.2904019688269,548.0441176470588],[350.2904019688269,548.2058823529412],[350.6070549630845,548.2058823529412],[350.6070549630845,548.3676470588235],[350.9237079573421,548.3676470588235],[350.9237079573421,548.5294117647059],[351.55701394585725,548.5294117647059],[351.55701394585725,548.6911764705882],[351.87366694011484,548.6911764705882],[351.87366694011484,548.8529411764706],[352.34864643150127,548.8529411764706],[352.34864643150127,549.0147058823529],[352.6652994257588,549.0147058823529],[352.6652994257588,549.1764705882352],[353.1402789171452,549.1764705882352],[353.1402789171452,549.3382352941176],[353.7735849056604,549.3382352941176],[353.9319114027892,549.6617647058823],[354.5652173913044,549.6617647058823],[354.5652173913044,549.8235294117646],[354.8818703855619,549.8235294117646],[354.8818703855619,549.9852941176471],[355.35684987694833,549.9852941176471],[355.35684987694833,550.1470588235294],[355.8318293683347,550.1470588235294],[355.8318293683347,550.3088235294117],[356.7817883511075,550.3088235294117],[356.7817883511075,549.6617647058823],[356.94011484823625,549.6617647058823],[356.94011484823625,549.3382352941176]]}},{"type":"Feature","id":"country-006-mainland-region-border-010-015-001","properties":{"id":"country-006-mainland-region-border-010-015-001","type":"region-border","countryId":"country-006","targetComponentId":"mainland","datasetId":"country-006/mainland","leftRegionId":"country-006-mainland-region-010","rightRegionId":"country-006-mainland-region-015"},"geometry":{"type":"LineString","coordinates":[[343.64068908941755,555.3235294117646],[343.64068908941755,556.1323529411765],[343.7990155865464,556.1323529411765],[343.95734208367514,556.4558823529412],[344.4323215750615,556.4558823529412],[344.4323215750615,556.6176470588235],[344.7489745693191,556.6176470588235],[344.9073010664479,556.9411764705882],[345.2239540607055,556.9411764705882],[345.2239540607055,557.1029411764706],[345.54060705496306,557.1029411764706],[345.54060705496306,557.2647058823529],[345.85726004922066,557.2647058823529],[345.85726004922066,557.4264705882352],[346.17391304347825,557.4264705882352],[346.17391304347825,557.5882352941176],[346.3322395406071,557.5882352941176],[346.3322395406071,557.75],[346.6488925348647,557.75],[346.80721903199344,558.0735294117646],[347.44052502050863,558.0735294117646],[347.44052502050863,558.2352941176471],[347.7571780147662,558.3970588235294],[347.7571780147662,559.0441176470588],[347.915504511895,559.0441176470588],[347.915504511895,559.5294117647059],[348.0738310090238,559.5294117647059],[348.0738310090238,560.1764705882352],[347.915504511895,560.1764705882352],[347.915504511895,560.8235294117646],[348.0738310090238,560.8235294117646],[348.0738310090238,560.9852941176471],[347.915504511895,560.9852941176471],[347.915504511895,561.3088235294117],[347.7571780147662,561.3088235294117],[347.7571780147662,561.6323529411765],[347.5988515176374,561.6323529411765],[347.5988515176374,561.9558823529412],[347.44052502050863,561.9558823529412],[347.44052502050863,562.1176470588235],[347.2821985233798,562.1176470588235],[347.2821985233798,562.4411764705882],[347.12387202625104,562.4411764705882],[347.12387202625104,563.0882352941176],[347.2821985233798,563.0882352941176],[347.2821985233798,563.5735294117646],[347.5988515176374,563.7352941176471],[347.5988515176374,564.0588235294117],[347.915504511895,564.2205882352941],[347.915504511895,564.5441176470588],[348.0738310090238,564.5441176470588],[348.0738310090238,564.7058823529412],[348.2321575061526,564.7058823529412],[348.2321575061526,564.8676470588235],[348.39048400328136,564.8676470588235],[348.39048400328136,565.0294117647059],[348.70713699753895,565.1911764705882],[348.70713699753895,565.5147058823529],[348.8654634946678,565.5147058823529],[349.02378999179655,565.8382352941176],[349.34044298605414,565.8382352941176],[349.34044298605414,566.0],[349.97374897456933,566.0],[349.97374897456933,565.8382352941176],[350.7653814602133,565.8382352941176],[350.7653814602133,565.6764705882352],[351.24036095159965,565.6764705882352],[351.24036095159965,565.5147058823529],[351.55701394585725,565.5147058823529],[351.55701394585725,565.3529411764706],[351.87366694011484,565.3529411764706],[352.03199343724367,565.0294117647059],[352.50697292863003,565.0294117647059],[352.50697292863003,564.8676470588235],[352.6652994257588,564.8676470588235],[352.6652994257588,564.7058823529412],[352.9819524200164,564.5441176470588],[352.9819524200164,564.2205882352941],[353.1402789171452,564.2205882352941],[353.1402789171452,563.8970588235294],[353.45693191140276,563.7352941176471],[353.45693191140276,563.4117647058823],[353.6152584085316,563.4117647058823],[353.7735849056604,563.0882352941176],[354.40689089417555,563.0882352941176],[354.40689089417555,563.25],[354.8818703855619,563.25],[355.04019688269074,563.5735294117646],[355.5151763740771,563.5735294117646],[355.5151763740771,563.7352941176471],[355.6735028712059,563.7352941176471],[355.8318293683347,564.0588235294117],[356.1484823625923,564.0588235294117],[356.1484823625923,564.2205882352941],[356.4651353568499,564.2205882352941],[356.4651353568499,564.3823529411765],[356.7817883511075,564.3823529411765],[356.7817883511075,564.5441176470588],[357.0984413453651,564.5441176470588],[357.25676784249384,564.8676470588235],[357.57342083675144,564.8676470588235],[357.57342083675144,565.0294117647059],[357.89007383100903,565.0294117647059],[357.89007383100903,565.1911764705882],[358.2067268252666,565.1911764705882],[358.2067268252666,565.3529411764706],[358.681706316653,565.3529411764706],[358.681706316653,565.5147058823529],[358.9983593109106,565.5147058823529],[358.9983593109106,565.6764705882352],[359.47333880229695,565.6764705882352],[359.47333880229695,565.8382352941176],[360.10664479081214,565.8382352941176],[360.26497128794097,566.1617647058823],[360.73995077932733,566.1617647058823],[360.73995077932733,566.3235294117646],[361.2149302707137,566.3235294117646],[361.2149302707137,566.4852941176471],[361.5315832649713,566.4852941176471],[361.5315832649713,566.6470588235294],[361.8482362592289,566.6470588235294],[361.8482362592289,566.8088235294117],[362.1648892534865,566.8088235294117],[362.1648892534865,566.9705882352941],[362.4815422477441,566.9705882352941],[362.63986874487284,567.2941176470588],[363.11484823625926,567.2941176470588],[363.11484823625926,567.4558823529412],[363.4315012305168,567.4558823529412],[363.5898277276456,567.7794117647059],[363.9064807219032,567.7794117647059],[363.9064807219032,567.9411764705882],[364.064807219032,567.9411764705882],[364.064807219032,569.0735294117646],[363.7481542247744,569.2352941176471],[363.7481542247744,569.5588235294117],[363.5898277276456,569.5588235294117],[363.5898277276456,570.0441176470588],[363.27317473338803,570.2058823529412],[363.27317473338803,571.6617647058823],[363.4315012305168,571.6617647058823],[363.4315012305168,571.9852941176471],[363.5898277276456,571.9852941176471],[363.5898277276456,572.7941176470588],[363.7481542247744,572.7941176470588],[363.7481542247744,573.1176470588235],[363.9064807219032,573.1176470588235],[363.9064807219032,573.4411764705882],[364.064807219032,573.4411764705882],[364.064807219032,574.4117647058823],[363.9064807219032,574.4117647058823],[363.9064807219032,574.8970588235294],[363.7481542247744,574.8970588235294],[363.7481542247744,575.3823529411765],[363.5898277276456,575.3823529411765],[363.5898277276456,575.7058823529412],[363.4315012305168,575.7058823529412],[363.4315012305168,576.1911764705882],[363.11484823625926,576.3529411764706],[363.11484823625926,576.6764705882352],[362.95652173913044,576.6764705882352],[362.95652173913044,577.0],[362.7981952420016,577.0],[362.7981952420016,577.3235294117646],[362.63986874487284,577.3235294117646],[362.63986874487284,577.8088235294117],[362.4815422477441,577.8088235294117],[362.4815422477441,578.2941176470588],[362.32321575061525,578.2941176470588],[362.32321575061525,578.6176470588235],[362.1648892534865,578.6176470588235],[362.1648892534865,578.9411764705882],[362.00656275635765,578.9411764705882],[362.00656275635765,579.9117647058823],[361.8482362592289,579.9117647058823],[361.8482362592289,580.0]]}},{"type":"Feature","id":"country-006-mainland-region-border-010-017-001","properties":{"id":"country-006-mainland-region-border-010-017-001","type":"region-border","countryId":"country-006","targetComponentId":"mainland","datasetId":"country-006/mainland","leftRegionId":"country-006-mainland-region-010","rightRegionId":"country-006-mainland-region-017"},"geometry":{"type":"LineString","coordinates":[[399.2132895816243,547.5588235294117],[399.2132895816243,547.7205882352941],[399.6882690730107,547.7205882352941],[399.6882690730107,547.8823529411765],[399.84659557013947,547.8823529411765],[399.84659557013947,548.8529411764706],[399.6882690730107,548.8529411764706],[399.6882690730107,549.6617647058823],[399.5299425758819,549.6617647058823],[399.5299425758819,549.8235294117646],[397.78835110746513,549.8235294117646],[397.78835110746513,549.9852941176471],[395.571780147662,549.9852941176471],[395.571780147662,550.1470588235294],[394.78014766201807,550.1470588235294],[394.78014766201807,550.3088235294117],[394.30516817063165,550.3088235294117],[394.30516817063165,552.5735294117646],[394.62182116488924,552.5735294117646],[394.62182116488924,552.7352941176471],[396.363412633306,552.7352941176471],[396.363412633306,552.8970588235294],[396.52173913043475,552.8970588235294],[396.52173913043475,552.7352941176471],[398.5799835931091,552.7352941176471],[398.5799835931091,552.8970588235294],[400.954881050041,552.8970588235294],[400.954881050041,552.7352941176471],[401.4298605414274,552.7352941176471],[401.4298605414274,552.5735294117646],[402.22149302707135,552.5735294117646],[402.22149302707135,552.8970588235294],[402.3798195242002,552.8970588235294],[402.3798195242002,553.3823529411765],[402.22149302707135,553.3823529411765],[402.22149302707135,553.7058823529412],[402.0631665299426,553.7058823529412],[401.9048400328138,554.0294117647059],[401.5881870385562,554.0294117647059],[401.5881870385562,554.5147058823529],[401.4298605414274,554.5147058823529],[401.4298605414274,554.8382352941176],[401.2715340442986,554.8382352941176],[401.2715340442986,555.0],[400.63822805578343,555.0],[400.47990155865466,555.3235294117646],[400.16324856439707,555.3235294117646],[400.16324856439707,555.4852941176471],[399.84659557013947,555.4852941176471],[399.84659557013947,555.6470588235294],[399.5299425758819,555.6470588235294],[399.37161607875305,555.9705882352941],[399.0549630844955,555.9705882352941],[399.0549630844955,557.75],[398.8966365873667,557.75],[398.8966365873667,557.9117647058823],[398.7383100902379,557.9117647058823],[398.7383100902379,558.2352941176471],[398.5799835931091,558.2352941176471],[398.5799835931091,558.3970588235294],[398.4216570959803,558.3970588235294],[398.4216570959803,558.5588235294117],[398.1050041017227,558.7205882352941],[398.1050041017227,559.0441176470588],[398.26333059885155,559.0441176470588],[398.26333059885155,559.3676470588235],[398.4216570959803,559.3676470588235],[398.4216570959803,559.6911764705882],[398.7383100902379,559.6911764705882],[398.7383100902379,560.0147058823529],[398.8966365873667,560.0147058823529],[398.8966365873667,560.1764705882352],[399.0549630844955,560.1764705882352],[399.2132895816243,560.5],[399.37161607875305,560.5],[399.37161607875305,560.3382352941176],[400.00492206726824,560.3382352941176],[400.16324856439707,560.0147058823529],[400.47990155865466,560.0147058823529],[400.47990155865466,559.8529411764706],[400.63822805578343,559.8529411764706],[400.63822805578343,560.0147058823529],[400.954881050041,560.0147058823529],[400.954881050041,560.1764705882352],[401.11320754716985,560.1764705882352],[401.11320754716985,560.5],[401.4298605414274,560.5],[401.4298605414274,560.6617647058823],[401.5881870385562,560.6617647058823],[401.746513535685,560.9852941176471],[402.538146021329,560.9852941176471],[402.538146021329,560.8235294117646],[402.85479901558654,560.8235294117646],[402.85479901558654,560.6617647058823],[403.01312551271536,560.6617647058823],[403.17145200984413,560.3382352941176],[403.4881050041017,560.3382352941176],[403.4881050041017,560.1764705882352],[403.6464315012305,560.1764705882352],[403.6464315012305,560.0147058823529],[403.8047579983593,560.0147058823529],[403.8047579983593,559.8529411764706],[403.9630844954881,559.8529411764706],[403.9630844954881,559.6911764705882],[404.1214109926169,559.6911764705882],[404.2797374897457,559.3676470588235],[404.5963904840033,559.3676470588235],[404.5963904840033,559.2058823529412],[404.9130434782609,559.2058823529412],[404.9130434782609,559.0441176470588],[405.22969647251847,559.0441176470588],[405.22969647251847,558.8823529411765],[405.38802296964724,558.8823529411765],[405.38802296964724,558.7205882352941],[405.54634946677606,558.7205882352941],[405.54634946677606,558.5588235294117],[405.70467596390483,558.5588235294117],[405.70467596390483,558.3970588235294],[406.0213289581624,558.2352941176471],[406.0213289581624,557.75],[405.86300246103366,557.75],[405.86300246103366,557.5882352941176],[405.54634946677606,557.4264705882352],[405.54634946677606,557.1029411764706],[405.38802296964724,557.1029411764706],[405.38802296964724,556.6176470588235],[405.54634946677606,556.6176470588235],[405.54634946677606,556.4558823529412],[405.70467596390483,556.4558823529412],[405.70467596390483,556.2941176470588],[405.86300246103366,556.2941176470588],[405.86300246103366,556.1323529411765],[406.0213289581624,556.1323529411765],[406.0213289581624,555.9705882352941],[406.17965545529125,555.9705882352941],[406.17965545529125,555.8088235294117],[406.33798195242,555.8088235294117],[406.4963084495488,555.4852941176471],[406.8129614438064,555.4852941176471],[406.8129614438064,555.3235294117646],[407.2879409351928,555.3235294117646],[407.2879409351928,555.4852941176471],[407.6045939294504,555.4852941176471],[407.6045939294504,555.6470588235294],[408.39622641509436,555.6470588235294],[408.39622641509436,555.4852941176471],[408.55455291222313,555.4852941176471],[408.55455291222313,555.3235294117646],[408.7128794093519,555.3235294117646],[408.7128794093519,555.1617647058823],[408.8712059064807,555.1617647058823],[408.8712059064807,555.0],[409.02953240360955,555.0],[409.1878589007383,554.6764705882352],[409.5045118949959,554.6764705882352],[409.5045118949959,554.5147058823529],[409.8211648892535,554.3529411764706],[409.8211648892535,554.0294117647059],[410.2961443806399,554.0294117647059],[410.61279737489747,553.3823529411765],[410.92945036915506,553.3823529411765],[410.92945036915506,553.2205882352941],[411.4044298605414,553.2205882352941],[411.4044298605414,553.0588235294117],[411.5627563576702,553.0588235294117],[411.5627563576702,552.7352941176471],[411.721082854799,552.7352941176471],[411.721082854799,552.5735294117646],[412.0377358490566,552.4117647058823],[412.0377358490566,552.0882352941176],[411.87940935192785,552.0882352941176],[411.87940935192785,551.7647058823529],[411.721082854799,551.7647058823529],[411.721082854799,551.6029411764706],[411.4044298605414,551.6029411764706],[411.4044298605414,551.4411764705882],[409.9794913863823,551.4411764705882],[409.9794913863823,551.2794117647059],[409.8211648892535,551.2794117647059],[409.8211648892535,551.1176470588235],[409.6628383921247,551.1176470588235],[409.6628383921247,550.9558823529412],[409.5045118949959,550.9558823529412],[409.5045118949959,550.7941176470588],[409.3461853978671,550.7941176470588],[409.1878589007383,550.4705882352941],[407.6045939294504,550.4705882352941],[407.6045939294504,550.3088235294117],[407.4462674323216,550.3088235294117],[407.4462674323216,549.8235294117646],[407.6045939294504,549.8235294117646],[407.6045939294504,549.5],[407.76292042657917,549.5],[407.76292042657917,549.1764705882352],[407.92124692370794,549.1764705882352],[407.92124692370794,549.0147058823529],[407.76292042657917,549.0147058823529],[407.76292042657917,548.6911764705882],[407.4462674323216,548.5294117647059],[407.4462674323216,548.2058823529412],[407.2879409351928,548.2058823529412],[407.2879409351928,547.7205882352941],[406.9712879409352,547.7205882352941],[406.9712879409352,547.5588235294117],[406.6546349466776,547.5588235294117],[406.6546349466776,547.3970588235294],[406.33798195242,547.3970588235294],[406.17965545529125,547.0735294117646]]}},{"type":"Feature","id":"country-006-mainland-region-border-011-012-001","properties":{"id":"country-006-mainland-region-border-011-012-001","type":"region-border","countryId":"country-006","targetComponentId":"mainland","datasetId":"country-006/mainland","leftRegionId":"country-006-mainland-region-011","rightRegionId":"country-006-mainland-region-012"},"geometry":{"type":"LineString","coordinates":[[396.52173913043475,514.8823529411765],[396.52173913043475,516.9852941176471],[396.363412633306,516.9852941176471],[396.363412633306,517.6323529411765],[396.2050861361772,517.6323529411765],[396.2050861361772,518.4411764705882],[396.0467596390484,518.4411764705882],[396.0467596390484,519.4117647058823],[395.8884331419196,519.4117647058823],[395.8884331419196,520.0588235294117],[395.7301066447908,520.0588235294117],[395.7301066447908,520.5441176470588],[395.571780147662,520.5441176470588],[395.571780147662,521.3529411764706],[395.41345365053326,521.3529411764706],[395.41345365053326,521.8382352941176],[395.25512715340443,521.8382352941176],[395.25512715340443,522.8088235294117],[395.09680065627566,522.8088235294117],[395.09680065627566,523.2941176470588],[394.93847415914684,523.2941176470588],[394.93847415914684,523.7794117647059],[394.78014766201807,523.7794117647059],[394.78014766201807,524.4264705882352],[394.62182116488924,524.4264705882352],[394.62182116488924,525.0735294117646],[394.4634946677605,525.0735294117646],[394.4634946677605,525.8823529411765],[394.30516817063165,525.8823529411765],[394.30516817063165,526.2058823529411],[394.1468416735029,526.2058823529411],[394.1468416735029,527.1764705882352],[393.9885151763741,527.1764705882352],[393.9885151763741,527.8235294117646],[394.1468416735029,527.8235294117646],[394.1468416735029,528.3088235294117],[394.30516817063165,528.3088235294117],[394.30516817063165,528.7941176470588],[394.62182116488924,528.9558823529411],[394.62182116488924,529.4411764705882],[394.78014766201807,529.4411764705882],[394.78014766201807,529.6029411764706],[394.93847415914684,529.6029411764706],[394.93847415914684,529.9264705882352],[395.09680065627566,529.9264705882352],[395.09680065627566,530.4117647058823],[395.25512715340443,530.4117647058823],[395.25512715340443,530.7352941176471],[395.571780147662,530.8970588235294],[395.571780147662,531.2205882352941],[395.7301066447908,531.2205882352941],[395.7301066447908,531.3823529411765],[395.8884331419196,531.3823529411765],[395.8884331419196,531.7058823529411],[396.2050861361772,531.8676470588235],[396.2050861361772,532.1911764705882],[396.363412633306,532.1911764705882],[396.363412633306,532.5147058823529],[396.6800656275636,532.6764705882352],[396.6800656275636,533.0],[396.8383921246924,533.0],[396.8383921246924,533.4852941176471],[396.6800656275636,533.4852941176471],[396.6800656275636,533.8088235294117],[396.52173913043475,533.8088235294117],[396.52173913043475,534.1323529411765],[396.363412633306,534.1323529411765],[396.363412633306,534.2941176470588],[396.2050861361772,534.2941176470588],[396.2050861361772,534.4558823529411],[396.0467596390484,534.4558823529411],[396.0467596390484,534.6176470588235],[395.8884331419196,534.6176470588235],[395.8884331419196,534.7794117647059],[395.571780147662,534.9411764705882],[395.571780147662,535.2647058823529],[395.41345365053326,535.2647058823529],[395.41345365053326,535.9117647058823],[395.25512715340443,535.9117647058823],[395.25512715340443,536.8823529411765],[395.09680065627566,536.8823529411765],[395.09680065627566,538.1764705882352],[394.93847415914684,538.1764705882352],[394.93847415914684,538.6617647058823],[394.78014766201807,538.6617647058823],[394.78014766201807,539.3088235294117],[394.62182116488924,539.3088235294117],[394.62182116488924,539.6323529411765],[394.4634946677605,539.6323529411765],[394.4634946677605,540.1176470588235],[394.30516817063165,540.1176470588235],[394.30516817063165,540.9264705882352],[394.1468416735029,540.9264705882352],[394.1468416735029,543.6764705882352],[394.30516817063165,543.6764705882352],[394.30516817063165,543.8382352941176],[394.1468416735029,543.8382352941176],[394.1468416735029,544.1617647058823],[393.9885151763741,544.1617647058823],[393.9885151763741,544.3235294117646],[393.6718621821165,544.3235294117646],[393.6718621821165,544.4852941176471],[393.0385561936013,544.4852941176471],[393.0385561936013,544.6470588235294],[392.7219031993437,544.6470588235294],[392.7219031993437,544.8088235294117],[392.40525020508613,544.9705882352941]]}},{"type":"Feature","id":"country-006-mainland-region-border-011-017-001","properties":{"id":"country-006-mainland-region-border-011-017-001","type":"region-border","countryId":"country-006","targetComponentId":"mainland","datasetId":"country-006/mainland","leftRegionId":"country-006-mainland-region-011","rightRegionId":"country-006-mainland-region-017"},"geometry":{"type":"LineString","coordinates":[[399.2132895816243,547.5588235294117],[399.2132895816243,546.2647058823529],[402.85479901558654,546.2647058823529],[402.85479901558654,546.4264705882352],[403.01312551271536,546.4264705882352],[403.17145200984413,546.1029411764706],[404.5963904840033,546.1029411764706],[404.5963904840033,546.2647058823529],[404.7547169811321,546.2647058823529],[404.7547169811321,546.4264705882352],[405.07136997538964,546.5882352941176],[405.07136997538964,546.9117647058823],[405.22969647251847,546.9117647058823],[405.22969647251847,547.2352941176471],[406.0213289581624,547.2352941176471],[406.0213289581624,547.0735294117646],[406.17965545529125,547.0735294117646]]}},{"type":"Feature","id":"country-006-mainland-region-border-012-013-001","properties":{"id":"country-006-mainland-region-border-012-013-001","type":"region-border","countryId":"country-006","targetComponentId":"mainland","datasetId":"country-006/mainland","leftRegionId":"country-006-mainland-region-012","rightRegionId":"country-006-mainland-region-013"},"geometry":{"type":"LineString","coordinates":[[344.7489745693191,528.6323529411765],[345.0656275635767,528.6323529411765],[345.0656275635767,528.7941176470588],[345.54060705496306,528.7941176470588],[345.54060705496306,528.9558823529411],[345.85726004922066,528.9558823529411],[345.85726004922066,529.1176470588235],[346.3322395406071,529.1176470588235],[346.3322395406071,529.2794117647059],[346.6488925348647,529.2794117647059],[346.6488925348647,529.4411764705882],[347.12387202625104,529.4411764705882],[347.2821985233798,529.7647058823529],[347.5988515176374,529.7647058823529],[347.5988515176374,529.9264705882352],[347.915504511895,529.9264705882352],[347.915504511895,530.0882352941176],[348.39048400328136,530.0882352941176],[348.5488105004102,530.4117647058823],[349.02378999179655,530.4117647058823],[349.02378999179655,530.5735294117646],[349.34044298605414,530.5735294117646],[349.34044298605414,530.7352941176471],[349.65709598031174,530.7352941176471],[349.65709598031174,530.8970588235294],[349.97374897456933,530.8970588235294],[349.97374897456933,531.0588235294117],[350.2904019688269,531.0588235294117],[350.2904019688269,531.2205882352941],[350.6070549630845,531.2205882352941],[350.7653814602133,531.5441176470588],[351.24036095159965,531.5441176470588],[351.3986874487285,531.8676470588235],[351.87366694011484,531.8676470588235],[351.87366694011484,532.0294117647059],[352.03199343724367,532.0294117647059],[352.03199343724367,532.1911764705882],[352.34864643150127,532.1911764705882],[352.34864643150127,532.3529411764706],[352.50697292863003,532.3529411764706],[352.50697292863003,532.5147058823529],[352.6652994257588,532.5147058823529],[352.82362592288763,532.8382352941176],[353.298605414274,532.8382352941176],[353.45693191140276,533.1617647058823],[353.7735849056604,533.1617647058823],[353.7735849056604,533.3235294117646],[354.09023789991795,533.3235294117646],[354.09023789991795,533.4852941176471],[354.40689089417555,533.4852941176471],[354.40689089417555,533.6470588235294],[354.5652173913044,533.6470588235294],[354.5652173913044,534.2941176470588],[354.40689089417555,534.2941176470588],[354.40689089417555,534.7794117647059],[354.2485643970468,534.7794117647059],[354.2485643970468,534.9411764705882],[353.9319114027892,535.1029411764706],[353.9319114027892,535.5882352941176],[353.7735849056604,535.5882352941176],[353.7735849056604,535.9117647058823],[353.6152584085316,535.9117647058823],[353.6152584085316,536.2352941176471],[353.298605414274,536.3970588235294],[353.298605414274,536.7205882352941],[353.1402789171452,536.7205882352941],[353.1402789171452,537.0441176470588],[353.298605414274,537.0441176470588],[353.298605414274,537.3676470588235],[353.6152584085316,537.3676470588235],[353.6152584085316,537.5294117647059],[353.7735849056604,537.5294117647059],[353.7735849056604,537.6911764705882],[354.09023789991795,537.8529411764706],[354.09023789991795,538.1764705882352],[354.5652173913044,538.1764705882352],[354.5652173913044,538.3382352941176],[354.72354388843314,538.3382352941176],[354.72354388843314,538.5],[354.8818703855619,538.5],[354.8818703855619,538.6617647058823],[355.04019688269074,538.6617647058823],[355.04019688269074,538.8235294117646],[355.19852337981956,538.8235294117646],[355.19852337981956,538.9852941176471],[355.35684987694833,538.9852941176471],[355.35684987694833,539.1470588235294],[355.5151763740771,539.1470588235294],[355.5151763740771,539.3088235294117],[355.6735028712059,539.3088235294117],[355.6735028712059,539.4705882352941],[355.8318293683347,539.4705882352941],[355.8318293683347,539.6323529411765],[355.9901558654635,539.6323529411765],[355.9901558654635,539.7941176470588],[356.1484823625923,539.7941176470588],[356.1484823625923,539.9558823529412],[356.30680885972106,539.9558823529412],[356.30680885972106,540.1176470588235],[356.4651353568499,540.1176470588235],[356.4651353568499,540.2794117647059],[356.6234618539787,540.2794117647059],[356.6234618539787,540.4411764705882],[356.94011484823625,540.6029411764706],[356.94011484823625,540.9264705882352],[357.0984413453651,540.9264705882352],[357.0984413453651,541.7352941176471],[356.94011484823625,541.7352941176471],[356.94011484823625,541.8970588235294],[356.6234618539787,542.0588235294117],[356.6234618539787,542.5441176470588],[356.30680885972106,542.7058823529412],[356.30680885972106,543.3529411764706],[356.4651353568499,543.3529411764706],[356.4651353568499,543.6764705882352],[356.6234618539787,543.6764705882352],[356.6234618539787,543.8382352941176],[356.7817883511075,543.8382352941176],[356.7817883511075,544.0],[356.94011484823625,544.0],[356.94011484823625,544.1617647058823],[357.0984413453651,544.1617647058823],[357.0984413453651,544.3235294117646],[357.41509433962267,544.4852941176471],[357.41509433962267,544.9705882352941],[357.25676784249384,544.9705882352941],[357.25676784249384,545.6176470588235],[357.0984413453651,545.6176470588235],[357.0984413453651,545.9411764705882],[356.7817883511075,546.1029411764706],[356.7817883511075,546.4264705882352],[356.4651353568499,546.5882352941176],[356.4651353568499,546.9117647058823],[356.30680885972106,546.9117647058823],[356.30680885972106,547.0735294117646],[356.1484823625923,547.0735294117646],[356.1484823625923,547.3970588235294],[355.9901558654635,547.3970588235294],[355.9901558654635,548.3676470588235],[356.1484823625923,548.3676470588235],[356.1484823625923,548.5294117647059],[356.30680885972106,548.5294117647059],[356.4651353568499,548.8529411764706],[356.7817883511075,548.8529411764706],[356.7817883511075,549.0147058823529],[356.94011484823625,549.0147058823529],[356.94011484823625,549.3382352941176]]}},{"type":"Feature","id":"country-006-mainland-region-border-012-014-001","properties":{"id":"country-006-mainland-region-border-012-014-001","type":"region-border","countryId":"country-006","targetComponentId":"mainland","datasetId":"country-006/mainland","leftRegionId":"country-006-mainland-region-012","rightRegionId":"country-006-mainland-region-014"},"geometry":{"type":"LineString","coordinates":[[345.6989335520919,515.2058823529411],[345.3822805578343,515.3676470588235],[345.3822805578343,516.6617647058823],[345.2239540607055,516.6617647058823],[345.2239540607055,517.1470588235294],[345.0656275635767,517.1470588235294],[345.0656275635767,517.7941176470588],[344.9073010664479,517.7941176470588],[344.9073010664479,518.9264705882352],[344.7489745693191,518.9264705882352],[344.7489745693191,519.7352941176471],[344.59064807219033,519.7352941176471],[344.59064807219033,520.3823529411765],[344.4323215750615,520.3823529411765],[344.4323215750615,522.3235294117646],[344.27399507793274,522.3235294117646],[344.27399507793274,522.8088235294117],[344.1156685808039,522.8088235294117],[344.1156685808039,523.1323529411765],[343.95734208367514,523.1323529411765],[343.95734208367514,523.9411764705882],[343.7990155865464,523.9411764705882],[343.7990155865464,524.5882352941176],[343.64068908941755,524.5882352941176],[343.64068908941755,525.5588235294117],[343.4823625922888,525.5588235294117],[343.4823625922888,527.0147058823529],[343.32403609515995,527.0147058823529],[343.32403609515995,527.3382352941176],[343.4823625922888,527.3382352941176],[343.4823625922888,527.6617647058823],[343.64068908941755,527.6617647058823],[343.64068908941755,527.8235294117646],[343.95734208367514,527.8235294117646],[344.1156685808039,528.1470588235294],[344.4323215750615,528.1470588235294],[344.4323215750615,528.4705882352941],[344.7489745693191,528.6323529411765]]}},{"type":"Feature","id":"country-006-mainland-region-border-013-014-001","properties":{"id":"country-006-mainland-region-border-013-014-001","type":"region-border","countryId":"country-006","targetComponentId":"mainland","datasetId":"country-006/mainland","leftRegionId":"country-006-mainland-region-013","rightRegionId":"country-006-mainland-region-014"},"geometry":{"type":"LineString","coordinates":[[344.7489745693191,528.6323529411765],[344.7489745693191,528.7941176470588],[344.59064807219033,528.7941176470588],[344.59064807219033,529.6029411764706],[344.4323215750615,529.6029411764706],[344.4323215750615,530.25],[344.27399507793274,530.25],[344.27399507793274,530.7352941176471],[343.95734208367514,530.8970588235294],[343.95734208367514,531.7058823529411],[343.7990155865464,531.7058823529411],[343.7990155865464,532.0294117647059],[343.64068908941755,532.0294117647059],[343.64068908941755,532.5147058823529],[343.4823625922888,532.5147058823529],[343.4823625922888,533.6470588235294],[343.32403609515995,533.6470588235294],[343.32403609515995,534.2941176470588],[343.1657095980312,534.2941176470588],[343.1657095980312,534.9411764705882],[342.8490566037736,535.1029411764706],[342.8490566037736,535.9117647058823],[342.69073010664476,535.9117647058823],[342.69073010664476,536.3970588235294],[342.8490566037736,536.3970588235294],[342.8490566037736,536.8823529411765],[342.69073010664476,536.8823529411765],[342.69073010664476,537.3676470588235],[342.8490566037736,537.3676470588235],[342.8490566037736,537.6911764705882],[342.69073010664476,537.6911764705882],[342.69073010664476,538.0147058823529],[342.532403609516,538.0147058823529],[342.532403609516,538.3382352941176],[342.3740771123872,538.3382352941176],[342.3740771123872,538.6617647058823],[342.05742411812963,538.8235294117646],[342.05742411812963,539.1470588235294],[341.74077112387204,539.3088235294117],[341.74077112387204,539.6323529411765],[341.58244462674327,539.6323529411765],[341.58244462674327,539.7941176470588],[341.42411812961444,539.7941176470588],[341.42411812961444,539.9558823529412],[341.10746513535685,540.1176470588235],[341.10746513535685,540.4411764705882],[340.9491386382281,540.4411764705882],[340.9491386382281,540.6029411764706],[340.79081214109925,540.6029411764706],[340.79081214109925,540.7647058823529],[340.6324856439705,540.7647058823529],[340.6324856439705,540.9264705882352],[340.47415914684166,540.9264705882352],[340.47415914684166,541.0882352941176],[340.3158326497129,541.0882352941176],[340.3158326497129,541.25],[340.1575061525841,541.25],[340.1575061525841,541.4117647058823],[339.9991796554553,541.4117647058823],[339.8408531583265,541.7352941176471],[339.52420016406893,541.7352941176471],[339.52420016406893,541.8970588235294],[339.3658736669401,541.8970588235294],[339.3658736669401,542.0588235294117],[339.20754716981133,542.0588235294117],[339.20754716981133,542.2205882352941],[338.89089417555374,542.3823529411765],[338.89089417555374,542.7058823529412],[338.73256767842497,542.7058823529412],[338.73256767842497,543.1911764705882],[338.57424118129614,543.1911764705882],[338.57424118129614,543.5147058823529],[338.4159146841674,543.5147058823529],[338.4159146841674,543.6764705882352],[338.25758818703855,543.6764705882352],[338.25758818703855,544.0],[338.0992616899098,544.0],[338.0992616899098,544.4852941176471],[337.94093519278096,544.4852941176471],[337.94093519278096,544.8088235294117],[337.7826086956522,544.8088235294117],[337.7826086956522,545.2941176470588],[337.62428219852336,545.2941176470588],[337.62428219852336,545.7794117647059],[337.4659557013946,545.7794117647059],[337.4659557013946,546.1029411764706],[337.3076292042658,546.1029411764706],[337.3076292042658,546.4264705882352],[337.149302707137,546.4264705882352],[337.149302707137,546.75],[336.9909762100082,546.75],[336.9909762100082,546.9117647058823],[336.8326497128794,546.9117647058823],[336.8326497128794,547.0735294117646],[336.67432321575063,547.0735294117646],[336.67432321575063,547.2352941176471],[336.5159967186218,547.2352941176471],[336.5159967186218,547.3970588235294],[336.35767022149304,547.3970588235294],[336.35767022149304,547.5588235294117],[336.1993437243642,547.5588235294117],[336.1993437243642,547.7205882352941],[336.04101722723544,547.7205882352941],[336.04101722723544,547.8823529411765],[335.8826907301067,547.8823529411765],[335.8826907301067,548.0441176470588],[335.72436423297785,548.0441176470588],[335.72436423297785,548.2058823529412],[335.5660377358491,548.2058823529412],[335.5660377358491,548.3676470588235],[335.40771123872025,548.3676470588235],[335.40771123872025,548.5294117647059],[335.09105824446266,548.6911764705882],[335.09105824446266,549.0147058823529],[334.9327317473339,549.0147058823529],[334.9327317473339,549.1764705882352],[334.6160787530763,549.1764705882352],[334.6160787530763,549.5],[334.4577522559475,549.5],[334.4577522559475,549.6617647058823],[334.2994257588187,549.6617647058823],[334.2994257588187,549.8235294117646],[334.14109926168993,549.8235294117646],[334.14109926168993,549.9852941176471],[333.9827727645611,549.9852941176471],[333.9827727645611,550.1470588235294],[333.82444626743234,550.1470588235294],[333.6661197703035,550.4705882352941],[333.3494667760459,550.4705882352941],[333.3494667760459,550.6323529411765],[333.19114027891715,550.6323529411765],[333.19114027891715,550.7941176470588],[333.0328137817884,550.7941176470588],[333.0328137817884,550.9558823529412],[332.87448728465955,550.9558823529412],[332.7161607875308,551.2794117647059],[332.3995077932732,551.2794117647059],[332.3995077932732,551.4411764705882],[332.24118129614436,551.4411764705882],[332.24118129614436,553.3823529411765],[332.0828547990156,553.3823529411765],[332.0828547990156,554.3529411764706]]}},{"type":"Feature","id":"country-006-mainland-region-border-013-015-001","properties":{"id":"country-006-mainland-region-border-013-015-001","type":"region-border","countryId":"country-006","targetComponentId":"mainland","datasetId":"country-006/mainland","leftRegionId":"country-006-mainland-region-013","rightRegionId":"country-006-mainland-region-015"},"geometry":{"type":"LineString","coordinates":[[332.0828547990156,554.3529411764706],[332.0828547990156,554.5147058823529],[339.0492206726825,554.5147058823529],[339.0492206726825,554.6764705882352],[340.3158326497129,554.6764705882352],[340.3158326497129,554.8382352941176],[342.2157506152584,554.8382352941176],[342.2157506152584,555.0],[342.8490566037736,555.0],[342.8490566037736,555.1617647058823],[343.4823625922888,555.1617647058823],[343.4823625922888,555.3235294117646],[343.64068908941755,555.3235294117646]]}},{"type":"Feature","id":"country-006-mainland-region-border-014-015-002","properties":{"id":"country-006-mainland-region-border-014-015-002","type":"region-border","countryId":"country-006","targetComponentId":"mainland","datasetId":"country-006/mainland","leftRegionId":"country-006-mainland-region-014","rightRegionId":"country-006-mainland-region-015"},"geometry":{"type":"LineString","coordinates":[[328.12469237079574,557.5882352941176],[328.12469237079574,556.9411764705882],[328.2830188679245,556.9411764705882],[328.2830188679245,556.6176470588235],[328.44134536505334,556.6176470588235],[328.5996718621821,556.2941176470588],[328.9163248564397,556.2941176470588],[328.9163248564397,556.1323529411765],[329.2329778506973,556.1323529411765],[329.2329778506973,555.9705882352941],[329.3913043478261,555.9705882352941],[329.3913043478261,555.6470588235294],[329.5496308449549,555.6470588235294],[329.70795734208366,555.3235294117646],[330.02461033634125,555.3235294117646],[330.02461033634125,555.1617647058823],[330.4995898277276,555.1617647058823],[330.4995898277276,555.0],[330.81624282198527,555.0],[330.81624282198527,554.8382352941176],[331.29122231337163,554.8382352941176],[331.29122231337163,554.6764705882352],[331.766201804758,554.6764705882352],[331.766201804758,554.5147058823529],[332.0828547990156,554.3529411764706]]}},{"type":"Feature","id":"country-006-mainland-region-border-001-002-manual-001","properties":{"id":"country-006-mainland-region-border-001-002-manual-001","type":"region-border","countryId":"country-006","targetComponentId":"mainland","datasetId":"country-006/mainland","leftRegionId":"country-006-mainland-region-001","rightRegionId":"country-006-mainland-region-002","manualCorrection":true,"correctionMethod":"nearest-boundary-closure"},"geometry":{"type":"LineString","coordinates":[[378.3141919606235,515.2058823529411],[379.42247744052503,515.2058823529411]]}},{"type":"Feature","id":"country-006-mainland-region-border-001-002-coast-001","properties":{"id":"country-006-mainland-region-border-001-002-coast-001","type":"region-border","countryId":"country-006","targetComponentId":"mainland","datasetId":"country-006/mainland","leftRegionId":"country-006-mainland-region-001","rightRegionId":"country-006-mainland-region-002","manualCorrection":true,"correctionMethod":"coast-border-extension"},"geometry":{"type":"LineString","coordinates":[[379.42247744052503,515.2058823529411],[379.42247744052503,512.0]]}},{"type":"Feature","id":"country-006-mainland-region-border-003-004-coast-001","properties":{"id":"country-006-mainland-region-border-003-004-coast-001","type":"region-border","countryId":"country-006","targetComponentId":"mainland","datasetId":"country-006/mainland","leftRegionId":"country-006-mainland-region-003","rightRegionId":"country-006-mainland-region-004","manualCorrection":true,"correctionMethod":"coast-border-extension"},"geometry":{"type":"LineString","coordinates":[[429.45365053322394,506.3088235294117],[429.45365053322394,506.0]]}},{"type":"Feature","id":"country-006-mainland-region-border-007-008-coast-001","properties":{"id":"country-006-mainland-region-border-007-008-coast-001","type":"region-border","countryId":"country-006","targetComponentId":"mainland","datasetId":"country-006/mainland","leftRegionId":"country-006-mainland-region-007","rightRegionId":"country-006-mainland-region-008","manualCorrection":true,"correctionMethod":"coast-border-extension"},"geometry":{"type":"LineString","coordinates":[[433.7284659557014,602.7205882352941],[433.7284659557014,609.0]]}},{"type":"Feature","id":"country-006-mainland-region-border-006-016-coast-001","properties":{"id":"country-006-mainland-region-border-006-016-coast-001","type":"region-border","countryId":"country-006","targetComponentId":"mainland","datasetId":"country-006/mainland","leftRegionId":"country-006-mainland-region-006","rightRegionId":"country-006-mainland-region-016","manualCorrection":true,"correctionMethod":"coast-border-extension"},"geometry":{"type":"LineString","coordinates":[[509.09187858900737,601.2647058823529],[511.0,601.2647058823529]]}},{"type":"Feature","id":"country-006-mainland-region-border-009-010-coast-001","properties":{"id":"country-006-mainland-region-border-009-010-coast-001","type":"region-border","countryId":"country-006","targetComponentId":"mainland","datasetId":"country-006/mainland","leftRegionId":"country-006-mainland-region-009","rightRegionId":"country-006-mainland-region-010","manualCorrection":true,"correctionMethod":"coast-border-extension"},"geometry":{"type":"LineString","coordinates":[[362.63986874487284,582.3382352941176],[362.0,581.0]]}}]}