{"type":"FeatureCollection","features":[{"type":"Feature","id":"unassigned-land-001","properties":{"id":"unassigned-land-001","name":"Unassigned land","type":"unassigned-land","source":"land-minus-authoritative-countries"},"geometry":{"type":"MultiPolygon","coordinates":[[[[134.5,205.0],[133.0,204.57142857142858],[133.0,205.0],[134.5,205.0]]],[[[129.5,202.0],[129.0,201.0],[129.0,202.0],[129.5,202.0]]],[[[131.0,200.0],[131.5,199.0],[131.0,199.0],[131.0,200.0]]],[[[142.0,198.0],[142.5,197.0],[142.0,197.0],[142.0,198.0]]],[[[146.0,195.0],[146.5,194.0],[146.0,194.0],[146.0,195.0]]],[[[163.0,188.5],[164.0,188.0],[163.0,188.0],[163.0,188.5]]],[[[158.0,173.5],[157.0,174.0],[158.0,174.0],[158.0,173.5]]],[[[157.0,173.0],[156.0,172.5],[156.0,173.0],[157.0,173.0]]],[[[156.0,167.0],[156.5,166.0],[156.0,166.0],[156.0,167.0]]],[[[161.0,163.0],[161.5,162.0],[161.0,162.0],[161.0,163.0]]],[[[177.5,164.0],[178.0,165.0],[178.0,164.0],[177.5,164.0]]],[[[186.0,163.0],[186.5,162.0],[186.0,162.0],[186.0,163.0]]],[[[196.5,163.0],[197.0,164.0],[197.0,163.0],[196.5,163.0]]],[[[196.0,164.5],[195.0,165.0],[196.0,165.0],[196.0,164.5]]],[[[192.0,172.5],[191.0,173.0],[192.0,173.0],[192.0,172.5]]],[[[197.5,194.0],[198.0,195.0],[198.0,194.0],[197.5,194.0]]],[[[202.0,193.0],[202.5,192.0],[202.0,192.0],[202.0,193.0]]],[[[209.0,185.0],[209.5,184.0],[209.0,184.0],[209.0,185.0]]],[[[215.0,185.0],[216.0,185.5],[216.0,185.0],[215.0,185.0]]],[[[217.0,193.0],[216.5,195.0],[217.0,195.0],[217.0,193.0]]],[[[213.0,198.0],[212.5,199.0],[213.0,199.0],[213.0,198.0]]],[[[208.0,201.5],[206.0,202.0],[208.0,202.0],[208.0,201.5]]],[[[198.0,212.0],[197.5,214.0],[198.0,214.0],[198.0,212.0]]],[[[196.0,216.0],[195.5,217.0],[196.0,217.0],[196.0,216.0]]],[[[193.0,218.0],[192.5,219.0],[193.0,219.0],[193.0,218.0]]],[[[190.0,220.0],[189.5,221.0],[190.0,221.0],[190.0,220.0]]],[[[185.0,223.5],[183.0,224.0],[185.0,224.0],[185.0,223.5]]],[[[183.0,224.0],[182.5,225.0],[183.0,225.0],[183.0,224.0]]],[[[176.5,221.0],[176.0,220.0],[176.0,221.0],[176.5,221.0]]],[[[171.0,222.5],[170.0,223.0],[171.0,223.0],[171.0,222.5]]],[[[170.0,222.0],[169.0,221.5],[169.0,222.0],[170.0,222.0]]],[[[158.0,216.0],[157.0,215.5],[157.0,216.0],[158.0,216.0]]],[[[155.0,213.5],[154.0,214.0],[155.0,214.0],[155.0,213.5]]],[[[144.0,212.5],[145.0,212.0],[144.0,212.0],[144.0,212.5]]],[[[138.5,207.0],[138.0,206.0],[138.0,207.0],[138.5,207.0]]],[[[138.0,206.0],[136.0,205.42857142857142],[136.0,206.0],[138.0,206.0]]],[[[235.0,231.5],[234.0,232.0],[235.0,232.0],[235.0,231.5]]],[[[233.0,234.5],[232.0,235.0],[233.0,235.0],[233.0,234.5]]],[[[233.0,227.5],[234.0,227.0],[233.0,227.0],[233.0,227.5]]],[[[235.0,219.5],[236.0,219.0],[235.0,219.0],[235.0,219.5]]],[[[239.0,212.0],[239.5,211.0],[239.0,211.0],[239.0,212.0]]],[[[240.0,210.0],[242.0,210.5],[242.0,210.0],[240.0,210.0]]],[[[246.0,207.5],[247.0,207.0],[246.0,207.0],[246.0,207.5]]],[[[249.5,211.0],[250.0,212.0],[250.0,211.0],[249.5,211.0]]],[[[259.0,204.5],[260.0,204.0],[259.0,204.0],[259.0,204.5]]],[[[262.0,199.0],[262.5,198.0],[262.0,198.0],[262.0,199.0]]],[[[271.5,198.0],[272.0,199.0],[272.0,198.0],[271.5,198.0]]],[[[275.0,199.0],[275.5,198.0],[275.0,198.0],[275.0,199.0]]],[[[288.0,192.0],[288.5,191.0],[288.0,191.0],[288.0,192.0]]],[[[296.0,190.0],[296.5,189.0],[296.0,189.0],[296.0,190.0]]],[[[302.0,185.0],[302.5,184.0],[302.0,184.0],[302.0,185.0]]],[[[307.0,184.0],[306.5,187.0],[307.0,187.0],[307.0,184.0]]],[[[305.0,190.5],[304.0,191.0],[305.0,191.0],[305.0,190.5]]],[[[297.0,208.0],[296.5,209.0],[297.0,209.0],[297.0,208.0]]],[[[292.0,211.0],[291.5,212.0],[292.0,212.0],[292.0,211.0]]],[[[273.0,216.0],[271.0,215.5],[271.0,216.0],[273.0,216.0]]],[[[269.0,215.0],[268.5,217.0],[269.0,217.0],[269.0,215.0]]],[[[266.0,220.0],[265.5,221.0],[266.0,221.0],[266.0,220.0]]],[[[262.0,222.0],[261.5,223.0],[262.0,223.0],[262.0,222.0]]],[[[259.0,224.5],[257.0,225.0],[259.0,225.0],[259.0,224.5]]],[[[256.0,226.5],[255.0,227.0],[256.0,227.0],[256.0,226.5]]],[[[254.0,229.0],[253.5,230.0],[254.0,230.0],[254.0,229.0]]],[[[246.5,231.0],[246.0,230.0],[246.0,231.0],[246.5,231.0]]],[[[247.0,229.5],[248.0,229.0],[247.0,229.0],[247.0,229.5]]],[[[237.0,228.5],[236.0,229.0],[237.0,229.0],[237.0,228.5]]],[[[174.5,257.0],[174.0,256.0],[174.0,257.0],[174.5,257.0]]],[[[177.0,253.0],[177.5,252.0],[177.0,252.0],[177.0,253.0]]],[[[190.0,246.5],[191.0,246.0],[190.0,246.0],[190.0,246.5]]],[[[192.0,243.0],[192.5,242.0],[192.0,242.0],[192.0,243.0]]],[[[197.0,239.0],[197.5,238.0],[197.0,238.0],[197.0,239.0]]],[[[202.5,238.0],[203.0,239.0],[203.0,238.0],[202.5,238.0]]],[[[206.0,239.0],[206.5,238.0],[206.0,238.0],[206.0,239.0]]],[[[203.0,246.5],[202.0,247.0],[203.0,247.0],[203.0,246.5]]],[[[211.0,258.0],[210.5,259.0],[211.0,259.0],[211.0,258.0]]],[[[133.0,260.0],[132.0,259.5],[132.0,260.0],[133.0,260.0]]],[[[134.0,252.5],[135.0,252.0],[134.0,252.0],[134.0,252.5]]],[[[136.0,250.0],[136.5,249.0],[136.0,249.0],[136.0,250.0]]],[[[152.0,261.0],[153.0,261.5],[153.0,261.0],[152.0,261.0]]],[[[154.5,264.0],[155.0,266.0],[155.0,264.0],[154.5,264.0]]],[[[154.0,266.0],[153.5,267.0],[154.0,267.0],[154.0,266.0]]],[[[144.0,268.5],[143.0,269.0],[144.0,269.0],[144.0,268.5]]],[[[141.5,267.0],[141.0,266.0],[141.0,267.0],[141.5,267.0]]],[[[226.0,261.0],[225.0,260.5],[225.0,261.0],[226.0,261.0]]],[[[224.0,255.0],[224.5,254.0],[224.0,254.0],[224.0,255.0]]],[[[232.0,248.5],[234.0,248.0],[232.0,248.0],[232.0,248.5]]],[[[237.5,255.0],[238.0,256.0],[238.0,255.0],[237.5,255.0]]],[[[246.0,260.0],[246.5,259.0],[246.0,259.0],[246.0,260.0]]],[[[247.0,258.0],[247.5,257.0],[247.0,257.0],[247.0,258.0]]],[[[251.0,258.0],[252.0,258.5],[252.0,258.0],[251.0,258.0]]],[[[249.0,290.5],[248.0,291.0],[249.0,291.0],[249.0,290.5]]],[[[241.0,299.0],[240.5,300.0],[241.0,300.0],[241.0,299.0]]],[[[233.0,297.0],[232.0,296.5],[232.0,297.0],[233.0,297.0]]],[[[233.0,293.5],[234.0,293.0],[233.0,293.0],[233.0,293.5]]],[[[236.0,289.5],[237.0,289.0],[236.0,289.0],[236.0,289.5]]],[[[233.0,279.5],[234.0,279.0],[233.0,279.0],[233.0,279.5]]],[[[233.5,277.0],[233.0,275.0],[233.0,277.0],[233.5,277.0]]],[[[229.0,276.0],[228.5,277.0],[229.0,277.0],[229.0,276.0]]],[[[225.0,274.0],[224.0,273.5],[224.0,274.0],[225.0,274.0]]],[[[226.0,270.0],[226.5,269.0],[226.0,269.0],[226.0,270.0]]],[[[229.5,263.0],[229.0,262.0],[229.0,263.0],[229.5,263.0]]],[[[35.0,262.0],[34.0,261.5],[34.0,262.0],[35.0,262.0]]],[[[37.0,247.0],[41.0,247.5],[41.0,247.0],[37.0,247.0]]],[[[45.0,248.0],[45.5,247.0],[45.0,247.0],[45.0,248.0]]],[[[72.5,243.0],[73.0,244.0],[73.0,243.0],[72.5,243.0]]],[[[77.0,248.0],[78.0,248.5],[78.0,248.0],[77.0,248.0]]],[[[80.5,253.0],[81.0,254.0],[81.0,253.0],[80.5,253.0]]],[[[88.0,254.0],[88.5,253.0],[88.0,253.0],[88.0,254.0]]],[[[96.0,245.0],[97.0,245.5],[97.0,245.0],[96.0,245.0]]],[[[112.0,246.0],[112.5,245.0],[112.0,245.0],[112.0,246.0]]],[[[119.0,246.0],[120.0,246.5],[120.0,246.0],[119.0,246.0]]],[[[121.0,247.0],[120.5,250.0],[121.0,250.0],[121.0,247.0]]],[[[124.57142857142857,259.0],[125.0,260.5],[125.0,259.0],[124.57142857142857,259.0]]],[[[125.42857142857143,262.0],[126.0,264.0],[126.0,262.0],[125.42857142857143,262.0]]],[[[127.0,265.0],[128.0,265.5],[128.0,265.0],[127.0,265.0]]],[[[130.0,269.0],[131.0,269.5],[131.0,269.0],[130.0,269.0]]],[[[135.0,275.0],[136.0,275.5],[136.0,275.0],[135.0,275.0]]],[[[131.0,283.0],[130.5,284.0],[131.0,284.0],[131.0,283.0]]],[[[124.0,287.0],[125.0,287.5],[125.0,287.0],[124.0,287.0]]],[[[124.0,293.5],[123.0,294.0],[124.0,294.0],[124.0,293.5]]],[[[121.0,298.5],[120.0,299.0],[121.0,299.0],[121.0,298.5]]],[[[116.0,303.0],[115.5,304.0],[116.0,304.0],[116.0,303.0]]],[[[112.5,304.0],[112.0,303.0],[112.0,304.0],[112.5,304.0]]],[[[105.0,308.0],[106.0,308.5],[106.0,308.0],[105.0,308.0]]],[[[105.0,313.0],[104.5,314.0],[105.0,314.0],[105.0,313.0]]],[[[102.0,315.0],[101.5,316.0],[102.0,316.0],[102.0,315.0]]],[[[90.0,314.0],[89.0,313.5],[89.0,314.0],[90.0,314.0]]],[[[88.0,313.0],[87.5,314.0],[88.0,314.0],[88.0,313.0]]],[[[79.0,317.0],[78.5,318.0],[79.0,318.0],[79.0,317.0]]],[[[76.0,318.0],[75.0,317.5],[75.0,318.0],[76.0,318.0]]],[[[72.5,303.0],[72.0,302.0],[72.0,303.0],[72.5,303.0]]],[[[64.0,306.5],[63.0,307.0],[64.0,307.0],[64.0,306.5]]],[[[61.0,311.0],[60.5,312.0],[61.0,312.0],[61.0,311.0]]],[[[54.0,308.0],[54.5,306.0],[54.0,306.0],[54.0,308.0]]],[[[57.0,302.5],[58.0,302.0],[57.0,302.0],[57.0,302.5]]],[[[56.0,295.0],[55.5,296.0],[56.0,296.0],[56.0,295.0]]],[[[55.0,297.0],[54.5,298.0],[55.0,298.0],[55.0,297.0]]],[[[51.0,299.5],[48.0,300.0],[51.0,300.0],[51.0,299.5]]],[[[44.0,295.0],[43.0,294.5],[43.0,295.0],[44.0,295.0]]],[[[48.0,283.5],[49.0,283.0],[48.0,283.0],[48.0,283.5]]],[[[48.0,278.0],[47.0,277.5],[47.0,278.0],[48.0,278.0]]],[[[46.0,274.0],[45.0,273.5],[45.0,274.0],[46.0,274.0]]],[[[152.0,300.0],[151.0,299.5],[151.0,300.0],[152.0,300.0]]],[[[152.5,286.0],[153.0,287.0],[153.0,286.0],[152.5,286.0]]],[[[161.0,282.5],[162.0,282.0],[161.0,282.0],[161.0,282.5]]],[[[179.0,271.0],[179.5,268.0],[179.0,268.0],[179.0,271.0]]],[[[188.0,274.0],[189.0,274.5],[189.0,274.0],[188.0,274.0]]],[[[190.0,275.0],[191.0,275.5],[191.0,275.0],[190.0,275.0]]],[[[192.0,276.0],[193.0,276.5],[193.0,276.0],[192.0,276.0]]],[[[190.0,285.0],[189.5,286.0],[190.0,286.0],[190.0,285.0]]],[[[197.5,290.0],[198.0,291.0],[198.0,290.0],[197.5,290.0]]],[[[197.0,291.5],[196.0,292.0],[197.0,292.0],[197.0,291.5]]],[[[194.0,296.5],[193.0,297.0],[194.0,297.0],[194.0,296.5]]],[[[185.5,298.0],[185.0,297.0],[185.0,298.0],[185.5,298.0]]],[[[180.0,302.0],[179.5,303.0],[180.0,303.0],[180.0,302.0]]],[[[175.0,308.5],[174.0,309.0],[175.0,309.0],[175.0,308.5]]],[[[172.0,312.0],[171.5,313.0],[172.0,313.0],[172.0,312.0]]],[[[167.0,313.0],[166.0,312.5],[166.0,313.0],[167.0,313.0]]],[[[160.0,307.0],[159.5,308.0],[160.0,308.0],[160.0,307.0]]],[[[155.0,308.0],[154.0,307.5],[154.0,308.0],[155.0,308.0]]],[[[204.0,294.0],[204.5,293.0],[204.0,293.0],[204.0,294.0]]],[[[205.0,287.0],[204.0,286.5],[204.0,287.0],[205.0,287.0]]],[[[205.0,282.0],[205.5,281.0],[205.0,281.0],[205.0,282.0]]],[[[216.5,286.0],[217.0,287.0],[217.0,286.0],[216.5,286.0]]],[[[221.0,290.0],[222.0,290.5],[222.0,290.0],[221.0,290.0]]],[[[224.0,298.0],[223.5,299.0],[224.0,299.0],[224.0,298.0]]],[[[215.0,305.0],[214.0,304.5],[214.0,305.0],[215.0,305.0]]],[[[130.0,317.0],[129.0,316.5],[129.0,317.0],[130.0,317.0]]],[[[129.0,314.0],[129.5,313.0],[129.0,313.0],[129.0,314.0]]],[[[149.0,318.0],[148.5,319.0],[149.0,319.0],[149.0,318.0]]],[[[153.0,326.0],[154.0,326.5],[154.0,326.0],[153.0,326.0]]],[[[156.5,335.0],[157.0,338.0],[157.0,335.0],[156.5,335.0]]],[[[155.0,339.0],[154.5,340.0],[155.0,340.0],[155.0,339.0]]],[[[95.0,327.5],[96.0,327.0],[95.0,327.0],[95.0,327.5]]],[[[97.0,325.0],[97.5,324.0],[97.0,324.0],[97.0,325.0]]],[[[102.5,331.0],[103.0,332.0],[103.0,331.0],[102.5,331.0]]],[[[110.0,321.0],[110.5,320.0],[110.0,320.0],[110.0,321.0]]],[[[116.5,321.0],[117.0,322.0],[117.0,321.0],[116.5,321.0]]],[[[122.5,326.0],[123.0,327.0],[123.0,326.0],[122.5,326.0]]],[[[141.0,339.0],[140.5,340.0],[141.0,340.0],[141.0,339.0]]],[[[130.5,342.0],[130.0,341.0],[130.0,342.0],[130.5,342.0]]],[[[125.0,341.0],[124.5,342.0],[125.0,342.0],[125.0,341.0]]],[[[122.0,342.0],[121.0,341.5],[121.0,342.0],[122.0,342.0]]],[[[118.0,340.0],[117.0,339.5],[117.0,340.0],[118.0,340.0]]],[[[115.0,341.0],[114.5,342.0],[115.0,342.0],[115.0,341.0]]],[[[112.0,342.0],[111.0,341.5],[111.0,342.0],[112.0,342.0]]],[[[107.0,343.5],[106.0,344.0],[107.0,344.0],[107.0,343.5]]],[[[106.0,349.0],[105.5,350.0],[106.0,350.0],[106.0,349.0]]],[[[99.0,351.5],[93.0,352.0],[99.0,352.0],[99.0,351.5]]],[[[215.0,343.0],[214.0,342.5],[214.0,343.0],[215.0,343.0]]],[[[223.5,343.0],[224.0,344.0],[224.0,343.0],[223.5,343.0]]],[[[15.0,357.0],[14.0,356.5],[14.0,357.0],[15.0,357.0]]],[[[18.0,342.0],[18.5,341.0],[18.0,341.0],[18.0,342.0]]],[[[22.0,339.5],[25.0,339.0],[22.0,339.0],[22.0,339.5]]],[[[27.0,336.5],[28.0,336.0],[27.0,336.0],[27.0,336.5]]],[[[29.0,333.5],[30.0,333.0],[29.0,333.0],[29.0,333.5]]],[[[31.0,330.0],[36.0,330.45454545454544],[36.0,330.0],[31.0,330.0]]],[[[50.0,327.5],[51.0,327.0],[50.0,327.0],[50.0,327.5]]],[[[54.0,330.0],[55.0,330.5],[55.0,330.0],[54.0,330.0]]],[[[65.0,336.0],[66.0,336.5],[66.0,336.0],[65.0,336.0]]],[[[79.5,347.0],[80.0,348.0],[80.0,347.0],[79.5,347.0]]],[[[80.0,348.0],[82.0,348.57142857142856],[82.0,348.0],[80.0,348.0]]],[[[83.5,349.0],[85.0,349.42857142857144],[85.0,349.0],[83.5,349.0]]],[[[89.0,353.0],[90.0,353.5],[90.0,353.0],[89.0,353.0]]],[[[92.0,376.0],[91.0,375.5],[91.0,376.0],[92.0,376.0]]],[[[87.5,368.0],[87.0,366.0],[87.0,368.0],[87.5,368.0]]],[[[75.5,360.0],[75.0,359.0],[75.0,360.0],[75.5,360.0]]],[[[70.0,358.0],[68.0,357.5],[68.0,358.0],[70.0,358.0]]],[[[63.5,354.0],[63.0,353.0],[63.0,354.0],[63.5,354.0]]],[[[40.5,353.0],[40.0,352.0],[40.0,353.0],[40.5,353.0]]],[[[31.5,351.0],[31.0,350.0],[31.0,351.0],[31.5,351.0]]],[[[28.0,350.0],[27.5,351.0],[28.0,351.0],[28.0,350.0]]],[[[23.0,354.5],[22.0,355.0],[23.0,355.0],[23.0,354.5]]],[[[21.0,358.0],[20.5,359.0],[21.0,359.0],[21.0,358.0]]],[[[227.0,350.0],[226.0,349.5],[226.0,350.0],[227.0,350.0]]],[[[226.0,347.0],[226.5,346.0],[226.0,346.0],[226.0,347.0]]],[[[229.0,344.5],[231.0,344.0],[229.0,344.0],[229.0,344.5]]],[[[232.0,343.0],[232.5,342.0],[232.0,342.0],[232.0,343.0]]],[[[238.0,342.0],[239.0,342.5],[239.0,342.0],[238.0,342.0]]],[[[239.5,348.0],[240.0,351.0],[240.0,348.0],[239.5,348.0]]],[[[244.5,355.0],[245.0,356.0],[245.0,355.0],[244.5,355.0]]],[[[248.0,358.0],[249.0,358.5],[249.0,358.0],[248.0,358.0]]],[[[250.5,361.0],[251.0,363.0],[251.0,361.0],[250.5,361.0]]],[[[252.0,364.0],[253.0,364.5],[253.0,364.0],[252.0,364.0]]],[[[254.5,368.0],[255.0,371.0],[255.0,368.0],[254.5,368.0]]],[[[258.0,373.0],[259.0,373.5],[259.0,373.0],[258.0,373.0]]],[[[243.5,369.0],[243.0,368.0],[243.0,369.0],[243.5,369.0]]],[[[240.0,373.0],[241.0,373.5],[241.0,373.0],[240.0,373.0]]],[[[241.0,376.0],[240.5,377.0],[241.0,377.0],[241.0,376.0]]],[[[229.5,372.0],[229.0,371.0],[229.0,372.0],[229.5,372.0]]],[[[227.0,365.5],[228.0,365.0],[227.0,365.0],[227.0,365.5]]],[[[228.0,359.0],[227.0,358.5],[227.0,359.0],[228.0,359.0]]],[[[184.0,315.0],[183.0,314.5],[183.0,315.0],[184.0,315.0]]],[[[181.5,312.0],[181.0,310.0],[181.0,312.0],[181.5,312.0]]],[[[185.0,309.0],[185.5,308.0],[185.0,308.0],[185.0,309.0]]],[[[203.5,312.0],[204.0,313.0],[204.0,312.0],[203.5,312.0]]],[[[206.0,309.0],[205.0,308.5],[205.0,309.0],[206.0,309.0]]],[[[204.0,308.0],[204.5,306.0],[204.0,306.0],[204.0,308.0]]],[[[206.0,304.0],[206.5,303.0],[206.0,303.0],[206.0,304.0]]],[[[210.0,304.0],[211.0,304.5],[211.0,304.0],[210.0,304.0]]],[[[233.0,321.5],[234.0,321.0],[233.0,321.0],[233.0,321.5]]],[[[230.0,314.0],[229.0,313.5],[229.0,314.0],[230.0,314.0]]],[[[225.0,306.0],[225.5,305.0],[225.0,305.0],[225.0,306.0]]],[[[228.0,305.0],[229.0,305.5],[229.0,305.0],[228.0,305.0]]],[[[233.5,310.0],[234.0,311.0],[234.0,310.0],[233.5,310.0]]],[[[251.0,318.5],[250.0,319.0],[251.0,319.0],[251.0,318.5]]],[[[268.5,329.0],[269.0,330.0],[269.0,329.0],[268.5,329.0]]],[[[283.0,330.0],[284.0,330.5],[284.0,330.0],[283.0,330.0]]],[[[292.0,337.0],[293.0,337.5],[293.0,337.0],[292.0,337.0]]],[[[296.5,342.0],[297.0,343.0],[297.0,342.0],[296.5,342.0]]],[[[308.0,337.5],[309.0,337.0],[308.0,337.0],[308.0,337.5]]],[[[307.0,345.5],[306.0,346.0],[307.0,346.0],[307.0,345.5]]],[[[309.0,359.0],[310.0,359.5],[310.0,359.0],[309.0,359.0]]],[[[311.5,362.0],[312.0,364.0],[312.0,362.0],[311.5,362.0]]],[[[316.5,366.0],[317.0,367.0],[317.0,366.0],[316.5,366.0]]],[[[317.5,360.0],[317.0,359.0],[317.0,360.0],[317.5,360.0]]],[[[313.0,356.0],[312.0,355.5],[312.0,356.0],[313.0,356.0]]],[[[313.0,347.0],[313.5,346.0],[313.0,346.0],[313.0,347.0]]],[[[319.5,347.0],[320.0,348.0],[320.0,347.0],[319.5,347.0]]],[[[326.0,347.0],[327.0,347.5],[327.0,347.0],[326.0,347.0]]],[[[330.5,353.0],[331.0,354.0],[331.0,353.0],[330.5,353.0]]],[[[335.0,355.0],[335.5,354.0],[335.0,354.0],[335.0,355.0]]],[[[339.0,351.5],[340.0,351.0],[339.0,351.0],[339.0,351.5]]],[[[342.0,345.0],[342.5,344.0],[342.0,344.0],[342.0,345.0]]],[[[345.0,342.0],[346.0,342.5],[346.0,342.0],[345.0,342.0]]],[[[349.0,349.0],[349.5,348.0],[349.0,348.0],[349.0,349.0]]],[[[365.0,337.0],[365.5,336.0],[365.0,336.0],[365.0,337.0]]],[[[378.0,323.5],[379.0,323.0],[378.0,323.0],[378.0,323.5]]],[[[372.0,307.0],[371.5,308.0],[372.0,308.0],[372.0,307.0]]],[[[370.0,302.5],[371.0,302.0],[370.0,302.0],[370.0,302.5]]],[[[373.0,299.0],[373.5,298.0],[373.0,298.0],[373.0,299.0]]],[[[383.0,294.0],[383.5,293.0],[383.0,293.0],[383.0,294.0]]],[[[396.0,294.0],[397.0,294.5],[397.0,294.0],[396.0,294.0]]],[[[392.0,307.0],[391.5,309.0],[392.0,309.0],[392.0,307.0]]],[[[397.0,305.0],[397.5,304.0],[397.0,304.0],[397.0,305.0]]],[[[401.5,305.0],[402.0,306.0],[402.0,305.0],[401.5,305.0]]],[[[409.0,305.5],[411.0,305.0],[409.0,305.0],[409.0,305.5]]],[[[422.0,317.0],[423.0,317.5],[423.0,317.0],[422.0,317.0]]],[[[418.0,322.0],[417.5,324.0],[418.0,324.0],[418.0,322.0]]],[[[409.0,330.0],[408.5,331.0],[409.0,331.0],[409.0,330.0]]],[[[416.0,336.0],[417.0,336.5],[417.0,336.0],[416.0,336.0]]],[[[419.0,336.0],[419.5,335.0],[419.0,335.0],[419.0,336.0]]],[[[422.5,335.0],[423.0,336.0],[423.0,335.0],[422.5,335.0]]],[[[430.0,332.5],[431.0,332.0],[430.0,332.0],[430.0,332.5]]],[[[431.0,333.0],[432.0,333.5],[432.0,333.0],[431.0,333.0]]],[[[436.0,348.0],[435.5,349.0],[436.0,349.0],[436.0,348.0]]],[[[435.0,359.0],[436.0,359.5],[436.0,359.0],[435.0,359.0]]],[[[421.5,358.0],[421.0,357.0],[421.0,358.0],[421.5,358.0]]],[[[415.0,356.0],[414.0,355.5],[414.0,356.0],[415.0,356.0]]],[[[408.0,348.0],[407.5,349.0],[408.0,349.0],[408.0,348.0]]],[[[407.0,350.0],[406.5,351.0],[407.0,351.0],[407.0,350.0]]],[[[404.0,352.5],[402.0,353.0],[404.0,353.0],[404.0,352.5]]],[[[401.0,355.0],[400.5,356.0],[401.0,356.0],[401.0,355.0]]],[[[397.0,360.0],[396.5,361.0],[397.0,361.0],[397.0,360.0]]],[[[380.0,359.0],[379.0,358.5],[379.0,359.0],[380.0,359.0]]],[[[375.0,367.5],[374.0,368.0],[375.0,368.0],[375.0,367.5]]],[[[372.0,375.0],[373.0,375.5],[373.0,375.0],[372.0,375.0]]],[[[374.0,379.0],[375.0,379.5],[375.0,379.0],[374.0,379.0]]],[[[376.5,382.0],[377.0,384.0],[377.0,382.0],[376.5,382.0]]],[[[380.5,385.0],[381.0,386.0],[381.0,385.0],[380.5,385.0]]],[[[375.0,390.0],[374.5,391.0],[375.0,391.0],[375.0,390.0]]],[[[376.0,399.0],[377.0,399.5],[377.0,399.0],[376.0,399.0]]],[[[373.0,410.0],[372.0,409.5],[372.0,410.0],[373.0,410.0]]],[[[367.0,412.0],[366.5,413.0],[367.0,413.0],[367.0,412.0]]],[[[353.0,423.0],[352.5,424.0],[353.0,424.0],[353.0,423.0]]],[[[349.0,425.0],[348.5,426.0],[349.0,426.0],[349.0,425.0]]],[[[345.0,422.5],[346.0,422.0],[345.0,422.0],[345.0,422.5]]],[[[338.0,398.0],[337.5,399.0],[338.0,399.0],[338.0,398.0]]],[[[332.0,400.0],[331.5,401.0],[332.0,401.0],[332.0,400.0]]],[[[323.0,411.5],[322.0,412.0],[323.0,412.0],[323.0,411.5]]],[[[327.5,417.0],[328.0,418.0],[328.0,417.0],[327.5,417.0]]],[[[327.0,418.0],[326.5,419.0],[327.0,419.0],[327.0,418.0]]],[[[313.5,420.0],[313.0,419.0],[313.0,420.0],[313.5,420.0]]],[[[300.0,410.0],[299.0,409.5],[299.0,410.0],[300.0,410.0]]],[[[301.0,399.5],[302.0,399.0],[301.0,399.0],[301.0,399.5]]],[[[309.0,388.5],[310.0,388.0],[309.0,388.0],[309.0,388.5]]],[[[306.0,384.0],[305.5,385.0],[306.0,385.0],[306.0,384.0]]],[[[300.0,384.0],[299.0,383.5],[299.0,384.0],[300.0,384.0]]],[[[295.5,379.0],[295.0,378.0],[295.0,379.0],[295.5,379.0]]],[[[291.0,377.0],[289.0,376.5],[289.0,377.0],[291.0,377.0]]],[[[281.5,368.0],[281.0,367.0],[281.0,368.0],[281.5,368.0]]],[[[278.5,366.0],[278.0,365.0],[278.0,366.0],[278.5,366.0]]],[[[271.5,379.0],[271.0,378.0],[271.0,379.0],[271.5,379.0]]],[[[266.5,374.0],[266.0,373.0],[266.0,374.0],[266.5,374.0]]],[[[259.0,363.0],[258.0,362.5],[258.0,363.0],[259.0,363.0]]],[[[257.0,360.0],[256.0,359.5],[256.0,360.0],[257.0,360.0]]],[[[249.0,352.0],[248.0,351.5],[248.0,352.0],[249.0,352.0]]],[[[247.0,349.0],[246.0,348.5],[246.0,349.0],[247.0,349.0]]],[[[242.5,337.0],[242.0,336.0],[242.0,337.0],[242.5,337.0]]],[[[219.5,334.0],[219.0,333.0],[219.0,334.0],[219.5,334.0]]],[[[211.5,334.0],[211.0,333.0],[211.0,334.0],[211.5,334.0]]],[[[211.0,333.0],[209.0,332.5],[209.0,333.0],[211.0,333.0]]],[[[206.5,331.0],[206.0,330.0],[206.0,331.0],[206.5,331.0]]],[[[205.5,329.0],[205.0,328.0],[205.0,329.0],[205.5,329.0]]],[[[191.5,327.0],[191.0,326.0],[191.0,327.0],[191.5,327.0]]],[[[193.0,325.0],[193.5,324.0],[193.0,324.0],[193.0,325.0]]],[[[197.0,320.0],[195.0,319.5],[195.0,320.0],[197.0,320.0]]],[[[191.5,317.0],[191.0,316.0],[191.0,317.0],[191.5,317.0]]],[[[188.0,317.0],[186.0,316.5],[186.0,317.0],[188.0,317.0]]],[[[264.5,404.0],[264.0,403.0],[264.0,404.0],[264.5,404.0]]],[[[270.0,401.0],[270.5,400.0],[270.0,400.0],[270.0,401.0]]],[[[274.5,400.0],[275.0,401.0],[275.0,400.0],[274.5,400.0]]],[[[279.0,403.0],[280.0,403.5],[280.0,403.0],[279.0,403.0]]],[[[288.5,413.0],[289.0,414.0],[289.0,413.0],[288.5,413.0]]],[[[289.0,414.0],[292.0,414.5],[292.0,414.0],[289.0,414.0]]],[[[295.0,416.0],[296.0,416.5],[296.0,416.0],[295.0,416.0]]],[[[297.5,419.0],[298.0,421.0],[298.0,419.0],[297.5,419.0]]],[[[279.0,417.0],[278.0,416.5],[278.0,417.0],[279.0,417.0]]],[[[113.0,391.0],[112.0,390.5],[112.0,391.0],[113.0,391.0]]],[[[111.0,388.0],[110.0,387.5],[110.0,388.0],[111.0,388.0]]],[[[118.0,379.0],[117.0,378.5],[117.0,379.0],[118.0,379.0]]],[[[116.0,378.0],[115.0,377.5],[115.0,378.0],[116.0,378.0]]],[[[113.0,370.0],[112.0,369.5],[112.0,370.0],[113.0,370.0]]],[[[115.0,362.5],[116.0,362.0],[115.0,362.0],[115.0,362.5]]],[[[115.0,356.0],[114.0,355.5],[114.0,356.0],[115.0,356.0]]],[[[114.0,349.0],[114.5,348.0],[114.0,348.0],[114.0,349.0]]],[[[118.0,346.0],[118.5,345.0],[118.0,345.0],[118.0,346.0]]],[[[142.0,355.5],[141.0,356.0],[142.0,356.0],[142.0,355.5]]],[[[142.0,357.5],[143.0,357.0],[142.0,357.0],[142.0,357.5]]],[[[143.5,358.0],[144.0,359.0],[144.0,358.0],[143.5,358.0]]],[[[151.0,355.0],[150.0,354.5],[150.0,355.0],[151.0,355.0]]],[[[153.5,347.0],[154.0,348.0],[154.0,347.0],[153.5,347.0]]],[[[164.0,332.5],[165.0,332.0],[164.0,332.0],[164.0,332.5]]],[[[161.5,327.0],[161.0,326.0],[161.0,327.0],[161.5,327.0]]],[[[162.0,326.0],[162.5,325.0],[162.0,325.0],[162.0,326.0]]],[[[183.0,326.0],[184.0,326.5],[184.0,326.0],[183.0,326.0]]],[[[190.5,333.0],[191.0,335.0],[191.0,333.0],[190.5,333.0]]],[[[191.0,335.0],[192.0,335.5],[192.0,335.0],[191.0,335.0]]],[[[206.5,344.0],[207.0,345.0],[207.0,344.0],[206.5,344.0]]],[[[213.5,346.0],[214.0,347.0],[214.0,346.0],[213.5,346.0]]],[[[216.0,348.0],[217.0,348.5],[217.0,348.0],[216.0,348.0]]],[[[219.0,355.0],[220.0,355.5],[220.0,355.0],[219.0,355.0]]],[[[213.5,357.0],[213.0,356.0],[213.0,357.0],[213.5,357.0]]],[[[218.0,366.0],[219.0,366.5],[219.0,366.0],[218.0,366.0]]],[[[220.0,369.0],[221.0,369.5],[221.0,369.0],[220.0,369.0]]],[[[231.5,382.0],[232.0,383.0],[232.0,382.0],[231.5,382.0]]],[[[234.5,384.0],[235.0,385.0],[235.0,384.0],[234.5,384.0]]],[[[250.5,383.0],[251.0,384.0],[251.0,383.0],[250.5,383.0]]],[[[255.0,384.0],[255.5,383.0],[255.0,383.0],[255.0,384.0]]],[[[258.0,383.0],[259.0,383.5],[259.0,383.0],[258.0,383.0]]],[[[259.0,388.0],[258.5,389.0],[259.0,389.0],[259.0,388.0]]],[[[255.0,390.5],[252.0,391.0],[255.0,391.0],[255.0,390.5]]],[[[256.5,396.0],[257.0,397.0],[257.0,396.0],[256.5,396.0]]],[[[254.0,399.0],[253.5,400.0],[254.0,400.0],[254.0,399.0]]],[[[247.0,403.5],[245.0,404.0],[247.0,404.0],[247.0,403.5]]],[[[245.0,404.0],[244.5,405.0],[245.0,405.0],[245.0,404.0]]],[[[241.0,407.5],[240.0,408.0],[241.0,408.0],[241.0,407.5]]],[[[248.0,414.0],[249.0,414.5],[249.0,414.0],[248.0,414.0]]],[[[251.0,433.5],[250.0,434.0],[251.0,434.0],[251.0,433.5]]],[[[249.0,437.0],[248.0,436.5],[248.0,437.0],[249.0,437.0]]],[[[240.0,443.0],[239.5,444.0],[240.0,444.0],[240.0,443.0]]],[[[234.0,446.0],[233.0,445.5],[233.0,446.0],[234.0,446.0]]],[[[227.0,441.0],[226.5,442.0],[227.0,442.0],[227.0,441.0]]],[[[222.0,442.0],[221.0,441.5],[221.0,442.0],[222.0,442.0]]],[[[220.5,435.0],[220.0,430.0],[220.0,435.0],[220.5,435.0]]],[[[220.0,430.0],[219.0,429.5],[219.0,430.0],[220.0,430.0]]],[[[215.0,419.5],[214.0,420.0],[215.0,420.0],[215.0,419.5]]],[[[212.0,433.0],[211.5,434.0],[212.0,434.0],[212.0,433.0]]],[[[205.0,439.0],[204.5,440.0],[205.0,440.0],[205.0,439.0]]],[[[201.0,446.5],[200.0,447.0],[201.0,447.0],[201.0,446.5]]],[[[201.0,453.0],[202.0,453.5],[202.0,453.0],[201.0,453.0]]],[[[202.0,456.0],[201.5,457.0],[202.0,457.0],[202.0,456.0]]],[[[189.0,463.5],[188.0,464.0],[189.0,464.0],[189.0,463.5]]],[[[190.5,472.0],[191.0,473.0],[191.0,472.0],[190.5,472.0]]],[[[193.0,474.0],[194.0,474.5],[194.0,474.0],[193.0,474.0]]],[[[194.0,481.0],[196.0,481.5],[196.0,481.0],[194.0,481.0]]],[[[198.0,482.0],[198.5,481.0],[198.0,481.0],[198.0,482.0]]],[[[201.0,499.5],[200.0,500.0],[201.0,500.0],[201.0,499.5]]],[[[203.0,508.0],[204.0,508.5],[204.0,508.0],[203.0,508.0]]],[[[195.0,514.0],[192.0,513.5],[192.0,514.0],[195.0,514.0]]],[[[187.0,514.0],[186.5,515.0],[187.0,515.0],[187.0,514.0]]],[[[181.0,516.0],[180.5,517.0],[181.0,517.0],[181.0,516.0]]],[[[173.0,519.5],[171.0,520.0],[173.0,520.0],[173.0,519.5]]],[[[171.0,520.0],[170.5,521.0],[171.0,521.0],[171.0,520.0]]],[[[168.0,522.0],[167.5,523.0],[168.0,523.0],[168.0,522.0]]],[[[162.0,526.0],[161.5,527.0],[162.0,527.0],[162.0,526.0]]],[[[154.5,517.0],[154.0,516.0],[154.0,517.0],[154.5,517.0]]],[[[151.0,516.5],[148.0,517.0],[151.0,517.0],[151.0,516.5]]],[[[147.0,515.0],[146.0,514.5],[146.0,515.0],[147.0,515.0]]],[[[144.0,511.0],[143.0,510.5],[143.0,511.0],[144.0,511.0]]],[[[138.5,499.0],[138.0,498.0],[138.0,499.0],[138.5,499.0]]],[[[128.5,494.0],[128.0,493.0],[128.0,494.0],[128.5,494.0]]],[[[120.0,492.0],[119.0,491.5],[119.0,492.0],[120.0,492.0]]],[[[119.0,488.0],[119.5,487.0],[119.0,487.0],[119.0,488.0]]],[[[124.0,484.5],[125.0,484.0],[124.0,484.0],[124.0,484.5]]],[[[127.0,479.5],[128.0,479.0],[127.0,479.0],[127.0,479.5]]],[[[132.0,472.5],[133.0,472.0],[132.0,472.0],[132.0,472.5]]],[[[135.0,469.0],[135.5,468.0],[135.0,468.0],[135.0,469.0]]],[[[141.0,469.0],[142.0,469.5],[142.0,469.0],[141.0,469.0]]],[[[144.5,476.0],[145.0,479.0],[145.0,476.0],[144.5,476.0]]],[[[150.0,475.0],[149.0,474.5],[149.0,475.0],[150.0,475.0]]],[[[143.0,456.0],[142.0,455.5],[142.0,456.0],[143.0,456.0]]],[[[139.5,452.0],[139.0,451.0],[139.0,452.0],[139.5,452.0]]],[[[136.5,450.0],[136.0,449.0],[136.0,450.0],[136.5,450.0]]],[[[134.0,448.0],[133.0,447.5],[133.0,448.0],[134.0,448.0]]],[[[140.0,430.5],[141.0,430.0],[140.0,430.0],[140.0,430.5]]],[[[147.0,419.0],[147.5,418.0],[147.0,418.0],[147.0,419.0]]],[[[150.0,416.5],[152.0,416.0],[150.0,416.0],[150.0,416.5]]],[[[148.5,413.0],[148.0,412.0],[148.0,413.0],[148.5,413.0]]],[[[139.5,409.0],[139.0,408.0],[139.0,409.0],[139.5,409.0]]],[[[127.5,406.0],[127.0,405.0],[127.0,406.0],[127.5,406.0]]],[[[124.5,404.0],[124.0,403.0],[124.0,404.0],[124.5,404.0]]],[[[122.0,402.0],[121.0,401.5],[121.0,402.0],[122.0,402.0]]],[[[119.5,399.0],[119.0,397.0],[119.0,399.0],[119.5,399.0]]],[[[116.5,395.0],[116.0,394.0],[116.0,395.0],[116.5,395.0]]],[[[206.5,451.0],[206.0,450.0],[206.0,451.0],[206.5,451.0]]],[[[207.0,450.0],[207.5,448.0],[207.0,448.0],[207.0,450.0]]],[[[210.0,445.0],[210.5,444.0],[210.0,444.0],[210.0,445.0]]],[[[216.5,448.0],[217.0,449.0],[217.0,448.0],[216.5,448.0]]],[[[226.0,451.0],[227.0,451.5],[227.0,451.0],[226.0,451.0]]],[[[227.0,454.0],[226.5,455.0],[227.0,455.0],[227.0,454.0]]],[[[222.0,462.0],[223.0,462.5],[223.0,462.0],[222.0,462.0]]],[[[217.0,464.0],[216.0,463.5],[216.0,464.0],[217.0,464.0]]],[[[215.0,461.0],[214.0,460.5],[214.0,461.0],[215.0,461.0]]],[[[213.0,460.0],[213.5,457.0],[213.0,457.0],[213.0,460.0]]],[[[282.0,461.0],[281.0,460.5],[281.0,461.0],[282.0,461.0]]],[[[288.0,455.0],[288.5,454.0],[288.0,454.0],[288.0,455.0]]],[[[293.5,455.0],[294.0,456.0],[294.0,455.0],[293.5,455.0]]],[[[281.0,466.0],[280.5,467.0],[281.0,467.0],[281.0,466.0]]],[[[277.0,467.0],[276.0,466.5],[276.0,467.0],[277.0,467.0]]],[[[276.0,461.0],[278.0,461.5],[278.0,461.0],[276.0,461.0]]],[[[280.5,463.0],[281.0,464.0],[281.0,463.0],[280.5,463.0]]],[[[281.5,465.0],[282.0,466.0],[282.0,465.0],[281.5,465.0]]],[[[238.5,473.0],[238.0,472.0],[238.0,473.0],[238.5,473.0]]],[[[241.0,469.0],[241.5,468.0],[241.0,468.0],[241.0,469.0]]],[[[253.0,470.0],[252.5,471.0],[253.0,471.0],[253.0,470.0]]],[[[248.0,473.0],[247.0,472.5],[247.0,473.0],[248.0,473.0]]],[[[293.0,469.0],[294.0,469.5],[294.0,469.0],[293.0,469.0]]],[[[294.0,472.0],[293.5,473.0],[294.0,473.0],[294.0,472.0]]],[[[259.0,521.0],[258.0,520.5],[258.0,521.0],[259.0,521.0]]],[[[258.0,518.0],[258.5,517.0],[258.0,517.0],[258.0,518.0]]],[[[268.0,520.0],[267.5,521.0],[268.0,521.0],[268.0,520.0]]],[[[137.0,534.0],[136.0,533.5],[136.0,534.0],[137.0,534.0]]],[[[137.0,526.0],[137.5,525.0],[137.0,525.0],[137.0,526.0]]],[[[140.0,525.0],[141.0,525.5],[141.0,525.0],[140.0,525.0]]],[[[142.5,528.0],[143.0,530.0],[143.0,528.0],[142.5,528.0]]],[[[144.0,531.0],[145.0,531.5],[145.0,531.0],[144.0,531.0]]],[[[145.0,537.0],[144.5,538.0],[145.0,538.0],[145.0,537.0]]],[[[140.5,537.0],[140.0,536.0],[140.0,537.0],[140.5,537.0]]],[[[240.0,535.0],[239.0,534.5],[239.0,535.0],[240.0,535.0]]],[[[238.0,534.0],[237.0,533.5],[237.0,534.0],[238.0,534.0]]],[[[236.0,533.0],[235.0,532.5],[235.0,533.0],[236.0,533.0]]],[[[252.5,537.0],[253.0,538.0],[253.0,537.0],[252.5,537.0]]],[[[260.0,541.0],[261.0,541.5],[261.0,541.0],[260.0,541.0]]],[[[254.5,543.0],[254.0,542.0],[254.0,543.0],[254.5,543.0]]],[[[240.5,543.0],[240.0,542.0],[240.0,543.0],[240.5,543.0]]],[[[239.0,538.5],[240.0,538.0],[239.0,538.0],[239.0,538.5]]],[[[142.0,564.0],[141.0,563.5],[141.0,564.0],[142.0,564.0]]],[[[138.5,559.0],[138.0,557.0],[138.0,559.0],[138.5,559.0]]],[[[141.0,554.5],[142.0,554.0],[141.0,554.0],[141.0,554.5]]],[[[143.0,551.0],[143.5,550.0],[143.0,550.0],[143.0,551.0]]],[[[153.0,541.5],[154.0,541.0],[153.0,541.0],[153.0,541.5]]],[[[156.0,537.0],[156.5,536.0],[156.0,536.0],[156.0,537.0]]],[[[161.0,534.0],[161.5,533.0],[161.0,533.0],[161.0,534.0]]],[[[163.5,533.0],[164.0,534.0],[164.0,533.0],[163.5,533.0]]],[[[172.0,530.5],[173.0,530.0],[172.0,530.0],[172.0,530.5]]],[[[189.0,524.0],[189.5,523.0],[189.0,523.0],[189.0,524.0]]],[[[194.0,525.0],[195.0,525.5],[195.0,525.0],[194.0,525.0]]],[[[195.0,535.0],[194.0,534.5],[194.0,535.0],[195.0,535.0]]],[[[188.0,540.0],[187.5,541.0],[188.0,541.0],[188.0,540.0]]],[[[173.0,546.5],[172.0,547.0],[173.0,547.0],[173.0,546.5]]],[[[170.0,557.5],[169.0,558.0],[170.0,558.0],[170.0,557.5]]],[[[169.0,558.0],[168.5,560.0],[169.0,560.0],[169.0,558.0]]],[[[167.0,562.5],[166.0,563.0],[167.0,563.0],[167.0,562.5]]],[[[164.0,567.0],[163.5,568.0],[164.0,568.0],[164.0,567.0]]],[[[151.0,565.5],[150.0,566.0],[151.0,566.0],[151.0,565.5]]],[[[144.0,567.0],[143.0,566.5],[143.0,567.0],[144.0,567.0]]],[[[280.0,548.0],[279.0,547.5],[279.0,548.0],[280.0,548.0]]],[[[277.5,545.0],[277.0,543.0],[277.0,545.0],[277.5,545.0]]],[[[282.5,543.0],[283.0,544.0],[283.0,543.0],[282.5,543.0]]],[[[286.0,546.0],[287.0,546.5],[287.0,546.0],[286.0,546.0]]],[[[299.5,564.0],[299.0,563.0],[299.0,564.0],[299.5,564.0]]],[[[306.5,565.0],[307.0,566.0],[307.0,565.0],[306.5,565.0]]],[[[309.0,567.0],[310.0,567.5],[310.0,567.0],[309.0,567.0]]],[[[188.0,596.0],[188.5,595.0],[188.0,595.0],[188.0,596.0]]],[[[203.0,591.0],[203.5,590.0],[203.0,590.0],[203.0,591.0]]],[[[204.0,589.0],[204.5,588.0],[204.0,588.0],[204.0,589.0]]],[[[207.5,589.0],[208.0,590.0],[208.0,589.0],[207.5,589.0]]],[[[210.0,591.0],[211.0,591.5],[211.0,591.0],[210.0,591.0]]],[[[205.5,598.0],[206.0,599.0],[206.0,598.0],[205.5,598.0]]],[[[205.0,599.5],[204.0,600.0],[205.0,600.0],[205.0,599.5]]],[[[208.0,605.0],[207.5,606.0],[208.0,606.0],[208.0,605.0]]],[[[204.0,608.0],[203.5,609.0],[204.0,609.0],[204.0,608.0]]],[[[199.5,609.0],[199.0,608.0],[199.0,609.0],[199.5,609.0]]],[[[196.0,600.0],[195.5,601.0],[196.0,601.0],[196.0,600.0]]],[[[191.0,605.0],[190.5,606.0],[191.0,606.0],[191.0,605.0]]],[[[251.0,611.0],[251.5,610.0],[251.0,610.0],[251.0,611.0]]],[[[111.5,736.0],[111.0,735.0],[111.0,736.0],[111.5,736.0]]],[[[116.0,731.5],[118.0,731.0],[116.0,731.0],[116.0,731.5]]],[[[118.0,731.0],[118.5,730.0],[118.0,730.0],[118.0,731.0]]],[[[56.0,745.0],[55.0,744.5],[55.0,745.0],[56.0,745.0]]],[[[65.0,743.0],[66.0,743.5],[66.0,743.0],[65.0,743.0]]],[[[66.0,748.0],[65.5,749.0],[66.0,749.0],[66.0,748.0]]],[[[73.5,737.0],[73.0,736.0],[73.0,737.0],[73.5,737.0]]],[[[60.0,733.0],[60.5,732.0],[60.0,732.0],[60.0,733.0]]],[[[76.0,728.0],[75.0,727.5],[75.0,728.0],[76.0,728.0]]],[[[77.0,721.0],[76.0,720.5],[76.0,721.0],[77.0,721.0]]],[[[76.0,719.0],[76.5,718.0],[76.0,718.0],[76.0,719.0]]],[[[79.5,718.0],[80.0,719.0],[80.0,718.0],[79.5,718.0]]],[[[95.0,720.0],[95.5,719.0],[95.0,719.0],[95.0,720.0]]],[[[103.5,721.0],[104.0,722.0],[104.0,721.0],[103.5,721.0]]],[[[105.0,722.0],[105.5,721.0],[105.0,721.0],[105.0,722.0]]],[[[97.5,733.0],[98.0,734.0],[98.0,733.0],[97.5,733.0]]],[[[103.0,738.0],[104.0,738.5],[104.0,738.0],[103.0,738.0]]],[[[105.5,743.0],[106.0,744.0],[106.0,743.0],[105.5,743.0]]],[[[124.5,745.0],[124.0,743.0],[124.0,745.0],[124.5,745.0]]],[[[130.0,740.5],[131.0,740.0],[130.0,740.0],[130.0,740.5]]],[[[131.0,739.0],[130.0,738.5],[130.0,739.0],[131.0,739.0]]],[[[134.5,735.0],[135.0,736.0],[135.0,735.0],[134.5,735.0]]],[[[126.0,755.5],[125.0,756.0],[126.0,756.0],[126.0,755.5]]],[[[114.0,760.5],[113.0,761.0],[114.0,761.0],[114.0,760.5]]],[[[98.5,764.0],[98.0,763.0],[98.0,764.0],[98.5,764.0]]],[[[89.5,768.0],[90.0,769.0],[90.0,768.0],[89.5,768.0]]],[[[93.0,770.0],[94.0,770.5],[94.0,770.0],[93.0,770.0]]],[[[95.0,775.5],[94.0,776.0],[95.0,776.0],[95.0,775.5]]],[[[93.0,776.5],[92.0,777.0],[93.0,777.0],[93.0,776.5]]],[[[92.0,776.0],[90.0,775.5],[90.0,776.0],[92.0,776.0]]],[[[87.5,774.0],[87.0,773.0],[87.0,774.0],[87.5,774.0]]],[[[87.0,773.0],[85.0,772.5],[85.0,773.0],[87.0,773.0]]],[[[81.0,769.0],[80.0,768.5],[80.0,769.0],[81.0,769.0]]],[[[78.0,763.0],[77.0,762.5],[77.0,763.0],[78.0,763.0]]],[[[76.0,760.0],[75.0,759.5],[75.0,760.0],[76.0,760.0]]],[[[73.0,754.0],[72.0,753.5],[72.0,754.0],[73.0,754.0]]],[[[75.0,748.5],[76.0,748.0],[75.0,748.0],[75.0,748.5]]],[[[75.5,747.0],[75.0,746.0],[75.0,747.0],[75.5,747.0]]],[[[79.0,743.5],[80.0,743.0],[79.0,743.0],[79.0,743.5]]],[[[80.0,743.0],[80.5,741.0],[80.0,741.0],[80.0,743.0]]],[[[79.5,738.0],[79.0,737.0],[79.0,738.0],[79.5,738.0]]],[[[286.0,858.5],[285.0,859.0],[286.0,859.0],[286.0,858.5]]],[[[284.5,858.0],[284.0,857.0],[284.0,858.0],[284.5,858.0]]],[[[283.5,856.0],[283.0,855.0],[283.0,856.0],[283.5,856.0]]],[[[286.0,848.0],[286.5,847.0],[286.0,847.0],[286.0,848.0]]],[[[294.0,847.0],[295.0,847.5],[295.0,847.0],[294.0,847.0]]],[[[293.0,853.5],[292.0,854.0],[293.0,854.0],[293.0,853.5]]],[[[293.0,857.0],[294.0,857.5],[294.0,857.0],[293.0,857.0]]],[[[295.0,862.0],[294.5,863.0],[295.0,863.0],[295.0,862.0]]],[[[264.5,900.0],[264.0,899.0],[264.0,900.0],[264.5,900.0]]],[[[260.0,895.0],[260.5,894.0],[260.0,894.0],[260.0,895.0]]],[[[266.0,894.0],[266.5,893.0],[266.0,893.0],[266.0,894.0]]],[[[272.0,900.0],[273.0,900.5],[273.0,900.0],[272.0,900.0]]],[[[268.0,905.0],[267.0,904.5],[267.0,905.0],[268.0,905.0]]],[[[275.0,942.0],[276.0,942.5],[276.0,942.0],[275.0,942.0]]],[[[266.0,988.0],[265.0,987.5],[265.0,988.0],[266.0,988.0]]],[[[264.0,975.5],[265.0,975.0],[264.0,975.0],[264.0,975.5]]],[[[266.0,977.0],[267.0,977.5],[267.0,977.0],[266.0,977.0]]],[[[271.0,979.0],[272.0,979.5],[272.0,979.0],[271.0,979.0]]],[[[273.0,985.5],[272.0,986.0],[273.0,986.0],[273.0,985.5]]],[[[271.0,988.0],[270.5,989.0],[271.0,989.0],[271.0,988.0]]],[[[253.5,1023.0],[253.0,1022.0],[253.0,1023.0],[253.5,1023.0]]],[[[250.5,1021.0],[250.0,1020.0],[250.0,1021.0],[250.5,1021.0]]],[[[249.5,1019.0],[249.0,1018.0],[249.0,1019.0],[249.5,1019.0]]],[[[254.5,1017.0],[255.0,1018.0],[255.0,1017.0],[254.5,1017.0]]],[[[264.0,1024.0],[265.0,1024.5],[265.0,1024.0],[264.0,1024.0]]],[[[264.0,1031.0],[263.5,1032.0],[264.0,1032.0],[264.0,1031.0]]],[[[290.0,1042.0],[289.0,1041.5],[289.0,1042.0],[290.0,1042.0]]],[[[295.0,1038.0],[296.0,1038.5],[296.0,1038.0],[295.0,1038.0]]],[[[311.0,213.0],[311.5,212.0],[311.0,212.0],[311.0,213.0]]],[[[320.0,220.5],[319.0,221.0],[320.0,221.0],[320.0,220.5]]],[[[316.0,227.0],[315.5,228.0],[316.0,228.0],[316.0,227.0]]],[[[257.0,307.5],[254.0,308.0],[257.0,308.0],[257.0,307.5]]],[[[252.0,306.0],[251.0,305.5],[251.0,306.0],[252.0,306.0]]],[[[251.0,302.0],[251.5,301.0],[251.0,301.0],[251.0,302.0]]],[[[252.0,300.0],[253.0,300.5],[253.0,300.0],[252.0,300.0]]],[[[255.0,300.0],[255.5,299.0],[255.0,299.0],[255.0,300.0]]],[[[259.0,301.0],[261.0,301.5],[261.0,301.0],[259.0,301.0]]],[[[269.0,293.5],[270.0,293.0],[269.0,293.0],[269.0,293.5]]],[[[261.5,276.0],[261.0,275.0],[261.0,276.0],[261.5,276.0]]],[[[259.0,274.0],[258.0,273.5],[258.0,274.0],[259.0,274.0]]],[[[263.5,265.0],[264.0,266.0],[264.0,265.0],[263.5,265.0]]],[[[269.0,268.0],[270.0,268.5],[270.0,268.0],[269.0,268.0]]],[[[272.5,273.0],[273.0,275.0],[273.0,273.0],[272.5,273.0]]],[[[275.0,275.5],[276.0,275.0],[275.0,275.0],[275.0,275.5]]],[[[271.5,263.0],[271.0,262.0],[271.0,263.0],[271.5,263.0]]],[[[265.5,260.0],[265.0,259.0],[265.0,260.0],[265.5,260.0]]],[[[265.0,259.0],[263.0,258.5],[263.0,259.0],[265.0,259.0]]],[[[260.5,257.0],[260.0,256.0],[260.0,257.0],[260.5,257.0]]],[[[258.0,255.0],[257.0,254.5],[257.0,255.0],[258.0,255.0]]],[[[256.0,254.0],[256.5,249.0],[256.0,249.0],[256.0,254.0]]],[[[258.0,243.5],[259.0,243.0],[258.0,243.0],[258.0,243.5]]],[[[278.0,231.0],[278.5,230.0],[278.0,230.0],[278.0,231.0]]],[[[283.0,222.0],[283.5,221.0],[283.0,221.0],[283.0,222.0]]],[[[288.0,224.0],[289.0,224.5],[289.0,224.0],[288.0,224.0]]],[[[297.0,233.0],[298.0,233.5],[298.0,233.0],[297.0,233.0]]],[[[301.5,239.0],[302.0,240.0],[302.0,239.0],[301.5,239.0]]],[[[306.0,238.0],[306.5,237.0],[306.0,237.0],[306.0,238.0]]],[[[311.0,241.0],[312.0,241.5],[312.0,241.0],[311.0,241.0]]],[[[315.0,249.5],[316.0,249.0],[315.0,249.0],[315.0,249.5]]],[[[318.0,242.0],[318.5,241.0],[318.0,241.0],[318.0,242.0]]],[[[322.0,236.5],[323.0,236.0],[322.0,236.0],[322.0,236.5]]],[[[323.0,236.0],[323.5,234.0],[323.0,234.0],[323.0,236.0]]],[[[325.0,231.5],[326.0,231.0],[325.0,231.0],[325.0,231.5]]],[[[327.0,229.0],[327.5,227.0],[327.0,227.0],[327.0,229.0]]],[[[329.0,225.0],[329.5,224.0],[329.0,224.0],[329.0,225.0]]],[[[333.0,221.0],[333.5,220.0],[333.0,220.0],[333.0,221.0]]],[[[337.5,220.0],[338.0,221.0],[338.0,220.0],[337.5,220.0]]],[[[337.0,221.5],[336.0,222.0],[337.0,222.0],[337.0,221.5]]],[[[334.0,230.0],[335.0,230.5],[335.0,230.0],[334.0,230.0]]],[[[344.0,237.0],[345.0,237.5],[345.0,237.0],[344.0,237.0]]],[[[351.0,245.0],[352.0,245.5],[352.0,245.0],[351.0,245.0]]],[[[354.5,251.0],[355.0,252.0],[355.0,251.0],[354.5,251.0]]],[[[360.0,254.0],[361.0,254.5],[361.0,254.0],[360.0,254.0]]],[[[375.0,261.0],[376.0,261.5],[376.0,261.0],[375.0,261.0]]],[[[372.0,267.0],[371.5,268.0],[372.0,268.0],[372.0,267.0]]],[[[365.0,269.0],[364.5,272.0],[365.0,272.0],[365.0,269.0]]],[[[363.0,275.0],[362.5,276.0],[363.0,276.0],[363.0,275.0]]],[[[361.0,283.0],[362.0,283.5],[362.0,283.0],[361.0,283.0]]],[[[361.0,287.0],[360.5,288.0],[361.0,288.0],[361.0,287.0]]],[[[334.0,292.0],[333.5,293.0],[334.0,293.0],[334.0,292.0]]],[[[329.5,293.0],[329.0,292.0],[329.0,293.0],[329.5,293.0]]],[[[316.0,290.0],[317.0,290.5],[317.0,290.0],[316.0,290.0]]],[[[319.0,294.0],[320.0,294.5],[320.0,294.0],[319.0,294.0]]],[[[319.0,305.0],[318.5,306.0],[319.0,306.0],[319.0,305.0]]],[[[315.5,311.0],[316.0,314.0],[316.0,311.0],[315.5,311.0]]],[[[314.0,315.0],[313.5,316.0],[314.0,316.0],[314.0,315.0]]],[[[309.0,319.5],[308.0,320.0],[309.0,320.0],[309.0,319.5]]],[[[307.0,331.0],[306.5,332.0],[307.0,332.0],[307.0,331.0]]],[[[304.0,333.0],[303.5,334.0],[304.0,334.0],[304.0,333.0]]],[[[300.5,334.0],[300.0,333.0],[300.0,334.0],[300.5,334.0]]],[[[295.0,332.0],[293.0,331.5],[293.0,332.0],[295.0,332.0]]],[[[279.5,321.0],[279.0,320.0],[279.0,321.0],[279.5,321.0]]],[[[278.5,319.0],[278.0,318.0],[278.0,319.0],[278.5,319.0]]],[[[274.0,319.0],[273.5,320.0],[274.0,320.0],[274.0,319.0]]],[[[267.5,317.0],[267.0,316.0],[267.0,317.0],[267.5,317.0]]],[[[264.0,316.0],[263.0,315.5],[263.0,316.0],[264.0,316.0]]],[[[261.5,313.0],[261.0,311.0],[261.0,313.0],[261.5,313.0]]],[[[319.5,337.0],[320.0,338.0],[320.0,337.0],[319.5,337.0]]],[[[320.0,338.0],[322.0,338.5],[322.0,338.0],[320.0,338.0]]],[[[326.0,336.5],[327.0,336.0],[326.0,336.0],[326.0,336.5]]],[[[334.5,318.0],[335.0,319.0],[335.0,318.0],[334.5,318.0]]],[[[341.0,316.5],[342.0,316.0],[341.0,316.0],[341.0,316.5]]],[[[345.0,305.0],[345.5,304.0],[345.0,304.0],[345.0,305.0]]],[[[357.0,306.0],[358.0,306.5],[358.0,306.0],[357.0,306.0]]],[[[374.0,317.0],[373.5,318.0],[374.0,318.0],[374.0,317.0]]],[[[371.0,319.0],[370.5,320.0],[371.0,320.0],[371.0,319.0]]],[[[357.0,323.5],[356.0,324.0],[357.0,324.0],[357.0,323.5]]],[[[356.0,324.0],[355.5,327.0],[356.0,327.0],[356.0,324.0]]],[[[354.0,330.5],[353.0,331.0],[354.0,331.0],[354.0,330.5]]],[[[354.0,332.0],[353.5,333.0],[354.0,333.0],[354.0,332.0]]],[[[350.0,334.0],[349.5,335.0],[350.0,335.0],[350.0,334.0]]],[[[340.5,335.0],[340.0,334.0],[340.0,335.0],[340.5,335.0]]],[[[337.0,335.5],[336.0,336.0],[337.0,336.0],[337.0,335.5]]],[[[333.0,342.0],[332.5,343.0],[333.0,343.0],[333.0,342.0]]],[[[550.0,349.0],[550.5,348.0],[550.0,348.0],[550.0,349.0]]],[[[554.0,347.0],[554.5,346.0],[554.0,346.0],[554.0,347.0]]],[[[570.0,345.0],[570.5,344.0],[570.0,344.0],[570.0,345.0]]],[[[580.0,342.0],[581.0,342.5],[581.0,342.0],[580.0,342.0]]],[[[578.0,347.0],[577.0,346.5],[577.0,347.0],[578.0,347.0]]],[[[575.0,347.0],[574.5,348.0],[575.0,348.0],[575.0,347.0]]],[[[567.0,360.0],[566.5,361.0],[567.0,361.0],[567.0,360.0]]],[[[563.5,353.0],[563.0,351.0],[563.0,353.0],[563.5,353.0]]],[[[553.0,440.5],[554.0,440.0],[553.0,440.0],[553.0,440.5]]],[[[567.0,437.5],[566.0,438.0],[567.0,438.0],[567.0,437.5]]],[[[566.0,440.0],[569.0,440.5],[569.0,440.0],[566.0,440.0]]],[[[572.0,441.0],[572.5,440.0],[572.0,440.0],[572.0,441.0]]],[[[583.5,448.0],[584.0,449.0],[584.0,448.0],[583.5,448.0]]],[[[578.5,449.0],[578.0,448.0],[578.0,449.0],[578.5,449.0]]],[[[578.0,448.0],[576.0,447.5],[576.0,448.0],[578.0,448.0]]],[[[563.0,453.5],[562.0,454.0],[563.0,454.0],[563.0,453.5]]],[[[559.5,452.0],[559.0,451.0],[559.0,452.0],[559.5,452.0]]],[[[545.0,463.0],[544.5,464.0],[545.0,464.0],[545.0,463.0]]],[[[542.0,464.0],[541.0,463.5],[541.0,464.0],[542.0,464.0]]],[[[543.0,455.0],[543.5,454.0],[543.0,454.0],[543.0,455.0]]],[[[547.0,452.0],[548.0,452.5],[548.0,452.0],[547.0,452.0]]],[[[548.0,455.5],[547.0,456.0],[548.0,456.0],[548.0,455.5]]],[[[547.0,459.5],[546.0,460.0],[547.0,460.0],[547.0,459.5]]],[[[546.5,461.0],[547.0,462.0],[547.0,461.0],[546.5,461.0]]],[[[428.0,466.0],[428.5,465.0],[428.0,465.0],[428.0,466.0]]],[[[438.0,466.0],[437.5,467.0],[438.0,467.0],[438.0,466.0]]],[[[586.0,482.0],[587.0,482.5],[587.0,482.0],[586.0,482.0]]],[[[367.5,488.0],[367.0,487.0],[367.0,488.0],[367.5,488.0]]],[[[369.0,486.0],[369.5,485.0],[369.0,485.0],[369.0,486.0]]],[[[373.0,485.0],[375.0,485.5],[375.0,485.0],[373.0,485.0]]],[[[377.5,487.0],[378.0,488.0],[378.0,487.0],[377.5,487.0]]],[[[471.0,491.5],[472.0,491.0],[471.0,491.0],[471.0,491.5]]],[[[473.0,490.5],[474.0,490.0],[473.0,490.0],[473.0,490.5]]],[[[476.0,486.0],[476.5,485.0],[476.0,485.0],[476.0,486.0]]],[[[483.0,487.0],[482.5,488.0],[483.0,488.0],[483.0,487.0]]],[[[479.5,492.0],[480.0,493.0],[480.0,492.0],[479.5,492.0]]],[[[478.0,495.0],[477.5,496.0],[478.0,496.0],[478.0,495.0]]],[[[413.0,496.0],[413.5,495.0],[413.0,495.0],[413.0,496.0]]],[[[417.0,494.0],[417.5,493.0],[417.0,493.0],[417.0,494.0]]],[[[423.0,494.0],[424.0,494.5],[424.0,494.0],[423.0,494.0]]],[[[424.0,497.0],[423.5,498.0],[424.0,498.0],[424.0,497.0]]],[[[322.0,587.0],[321.0,586.5],[321.0,587.0],[322.0,587.0]]],[[[320.0,582.0],[320.5,581.0],[320.0,581.0],[320.0,582.0]]],[[[324.0,582.0],[325.0,582.5],[325.0,582.0],[324.0,582.0]]],[[[333.0,590.0],[333.5,589.0],[333.0,589.0],[333.0,590.0]]],[[[338.5,594.0],[339.0,595.0],[339.0,594.0],[338.5,594.0]]],[[[374.0,623.0],[373.0,622.5],[373.0,623.0],[374.0,623.0]]],[[[373.0,620.0],[373.5,619.0],[373.0,619.0],[373.0,620.0]]],[[[381.0,623.0],[380.5,624.0],[381.0,624.0],[381.0,623.0]]],[[[329.5,630.0],[329.0,629.0],[329.0,630.0],[329.5,630.0]]],[[[337.0,626.0],[337.5,625.0],[337.0,625.0],[337.0,626.0]]],[[[340.5,620.0],[340.0,619.0],[340.0,620.0],[340.5,620.0]]],[[[345.0,617.0],[345.5,616.0],[345.0,616.0],[345.0,617.0]]],[[[350.5,618.0],[351.0,619.0],[351.0,618.0],[350.5,618.0]]],[[[359.0,621.0],[360.0,621.5],[360.0,621.0],[359.0,621.0]]],[[[361.0,624.0],[362.0,624.5],[362.0,624.0],[361.0,624.0]]],[[[348.0,629.5],[346.0,630.0],[348.0,630.0],[348.0,629.5]]],[[[346.0,630.0],[345.5,631.0],[346.0,631.0],[346.0,630.0]]],[[[568.0,713.0],[567.0,712.5],[567.0,713.0],[568.0,713.0]]],[[[578.5,715.0],[579.0,716.0],[579.0,715.0],[578.5,715.0]]],[[[578.0,716.0],[577.5,717.0],[578.0,717.0],[578.0,716.0]]],[[[569.0,717.0],[568.0,716.5],[568.0,717.0],[569.0,717.0]]],[[[518.0,730.0],[518.0,728.0],[517.0,728.0],[517.0,727.0],[516.0,727.0],[516.0,726.0],[515.0,726.0],[515.0,725.0],[512.0,725.0],[512.0,726.0],[511.0,726.0],[511.0,728.0],[510.0,728.0],[510.0,730.0],[511.0,730.0],[511.0,731.0],[512.0,731.0],[512.0,732.0],[515.0,732.0],[515.0,731.0],[517.0,731.0],[517.0,730.0],[518.0,730.0]]],[[[369.0,759.0],[366.0,758.5],[366.0,759.0],[369.0,759.0]]],[[[378.0,755.0],[377.5,756.0],[378.0,756.0],[378.0,755.0]]],[[[377.0,757.0],[374.0,756.5],[374.0,757.0],[377.0,757.0]]],[[[370.0,757.0],[369.5,758.0],[370.0,758.0],[370.0,757.0]]],[[[311.0,772.0],[311.5,771.0],[311.0,771.0],[311.0,772.0]]],[[[315.5,771.0],[316.0,772.0],[316.0,771.0],[315.5,771.0]]],[[[320.5,774.0],[321.0,775.0],[321.0,774.0],[320.5,774.0]]],[[[319.0,776.0],[318.5,777.0],[319.0,777.0],[319.0,776.0]]],[[[407.0,784.0],[406.5,785.0],[407.0,785.0],[407.0,784.0]]],[[[406.0,786.0],[403.0,785.5],[403.0,786.0],[406.0,786.0]]],[[[401.0,779.0],[401.5,778.0],[401.0,778.0],[401.0,779.0]]],[[[406.5,778.0],[407.0,779.0],[407.0,778.0],[406.5,778.0]]],[[[410.0,782.0],[409.5,783.0],[410.0,783.0],[410.0,782.0]]],[[[430.0,796.0],[429.0,795.5],[429.0,796.0],[430.0,796.0]]],[[[437.0,793.0],[438.0,793.5],[438.0,793.0],[437.0,793.0]]],[[[444.0,811.0],[443.0,810.5],[443.0,811.0],[444.0,811.0]]],[[[443.0,807.0],[443.5,806.0],[443.0,806.0],[443.0,807.0]]],[[[448.0,797.0],[447.0,796.5],[447.0,797.0],[448.0,797.0]]],[[[445.0,793.0],[445.5,792.0],[445.0,792.0],[445.0,793.0]]],[[[460.0,788.0],[459.0,787.5],[459.0,788.0],[460.0,788.0]]],[[[458.0,787.0],[457.0,786.5],[457.0,787.0],[458.0,787.0]]],[[[456.5,782.0],[456.0,781.0],[456.0,782.0],[456.5,782.0]]],[[[457.0,780.5],[458.0,780.0],[457.0,780.0],[457.0,780.5]]],[[[459.0,776.0],[461.0,776.5],[461.0,776.0],[459.0,776.0]]],[[[466.5,781.0],[467.0,782.0],[467.0,781.0],[466.5,781.0]]],[[[474.0,779.5],[475.0,779.0],[474.0,779.0],[474.0,779.5]]],[[[476.0,777.0],[476.5,776.0],[476.0,776.0],[476.0,777.0]]],[[[483.5,775.0],[484.0,776.0],[484.0,775.0],[483.5,775.0]]],[[[494.0,778.0],[493.5,779.0],[494.0,779.0],[494.0,778.0]]],[[[491.0,806.0],[490.5,807.0],[491.0,807.0],[491.0,806.0]]],[[[475.5,804.0],[475.0,803.0],[475.0,804.0],[475.5,804.0]]],[[[469.5,801.0],[469.0,800.0],[469.0,801.0],[469.5,801.0]]],[[[462.0,803.0],[463.0,803.5],[463.0,803.0],[462.0,803.0]]],[[[463.0,808.5],[462.0,809.0],[463.0,809.0],[463.0,808.5]]],[[[460.0,815.5],[459.0,816.0],[460.0,816.0],[460.0,815.5]]],[[[456.0,808.5],[457.0,808.0],[456.0,808.0],[456.0,808.5]]],[[[454.5,805.0],[454.0,804.0],[454.0,805.0],[454.5,805.0]]],[[[452.5,807.0],[453.0,808.0],[453.0,807.0],[452.5,807.0]]],[[[537.0,800.0],[536.0,799.5],[536.0,800.0],[537.0,800.0]]],[[[536.0,797.0],[536.5,796.0],[536.0,796.0],[536.0,797.0]]],[[[545.0,794.0],[545.5,793.0],[545.0,793.0],[545.0,794.0]]],[[[548.0,802.0],[547.5,803.0],[548.0,803.0],[548.0,802.0]]],[[[436.0,817.0],[435.0,816.5],[435.0,817.0],[436.0,817.0]]],[[[440.0,814.0],[441.0,814.5],[441.0,814.0],[440.0,814.0]]],[[[504.0,821.0],[503.0,820.5],[503.0,821.0],[504.0,821.0]]],[[[503.0,816.0],[507.0,816.5],[507.0,816.0],[503.0,816.0]]],[[[590.0,825.5],[588.0,826.0],[590.0,826.0],[590.0,825.5]]],[[[587.5,825.0],[587.0,824.0],[587.0,825.0],[587.5,825.0]]],[[[586.5,823.0],[586.0,822.0],[586.0,823.0],[586.5,823.0]]],[[[589.0,819.0],[589.5,818.0],[589.0,818.0],[589.0,819.0]]],[[[597.5,817.0],[598.0,818.0],[598.0,817.0],[597.5,817.0]]],[[[601.0,823.0],[600.5,824.0],[601.0,824.0],[601.0,823.0]]],[[[595.0,824.0],[594.0,823.5],[594.0,824.0],[595.0,824.0]]],[[[593.0,823.0],[592.5,824.0],[593.0,824.0],[593.0,823.0]]],[[[464.5,823.0],[465.0,824.0],[465.0,823.0],[464.5,823.0]]],[[[464.0,824.0],[463.5,825.0],[464.0,825.0],[464.0,824.0]]],[[[450.0,845.0],[449.0,844.5],[449.0,845.0],[450.0,845.0]]],[[[449.0,839.0],[449.5,838.0],[449.0,838.0],[449.0,839.0]]],[[[453.0,838.0],[454.0,838.5],[454.0,838.0],[453.0,838.0]]],[[[454.0,845.0],[453.5,846.0],[454.0,846.0],[454.0,845.0]]],[[[475.0,834.0],[474.0,833.5],[474.0,834.0],[475.0,834.0]]],[[[486.0,823.0],[486.5,822.0],[486.0,822.0],[486.0,823.0]]],[[[487.0,821.0],[488.0,821.5],[488.0,821.0],[487.0,821.0]]],[[[494.0,817.0],[495.0,817.5],[495.0,817.0],[494.0,817.0]]],[[[499.5,822.0],[500.0,823.0],[500.0,822.0],[499.5,822.0]]],[[[506.0,825.0],[507.0,825.5],[507.0,825.0],[506.0,825.0]]],[[[508.0,826.0],[508.5,825.0],[508.0,825.0],[508.0,826.0]]],[[[518.0,823.0],[518.5,822.0],[518.0,822.0],[518.0,823.0]]],[[[519.0,821.0],[519.5,820.0],[519.0,820.0],[519.0,821.0]]],[[[520.0,819.0],[520.5,818.0],[520.0,818.0],[520.0,819.0]]],[[[533.5,818.0],[534.0,819.0],[534.0,818.0],[533.5,818.0]]],[[[536.0,819.0],[536.5,818.0],[536.0,818.0],[536.0,819.0]]],[[[544.0,814.0],[544.5,813.0],[544.0,813.0],[544.0,814.0]]],[[[549.5,813.0],[550.0,814.0],[550.0,813.0],[549.5,813.0]]],[[[550.5,815.0],[551.0,816.0],[551.0,815.0],[550.5,815.0]]],[[[563.0,817.0],[563.5,816.0],[563.0,816.0],[563.0,817.0]]],[[[569.0,814.0],[569.5,813.0],[569.0,813.0],[569.0,814.0]]],[[[572.0,821.0],[573.0,821.5],[573.0,821.0],[572.0,821.0]]],[[[574.0,822.0],[575.0,822.5],[575.0,822.0],[574.0,822.0]]],[[[564.0,831.0],[563.5,832.0],[564.0,832.0],[564.0,831.0]]],[[[561.0,833.0],[560.5,835.0],[561.0,835.0],[561.0,833.0]]],[[[560.0,837.0],[561.0,837.5],[561.0,837.0],[560.0,837.0]]],[[[563.0,840.0],[562.5,841.0],[563.0,841.0],[563.0,840.0]]],[[[572.0,840.0],[573.0,840.5],[573.0,840.0],[572.0,840.0]]],[[[576.0,838.0],[576.5,837.0],[576.0,837.0],[576.0,838.0]]],[[[579.0,835.5],[581.0,835.0],[579.0,835.0],[579.0,835.5]]],[[[584.5,841.0],[585.0,842.0],[585.0,841.0],[584.5,841.0]]],[[[589.0,847.0],[588.5,848.0],[589.0,848.0],[589.0,847.0]]],[[[586.0,849.5],[584.0,850.0],[586.0,850.0],[586.0,849.5]]],[[[582.0,849.0],[581.0,848.5],[581.0,849.0],[582.0,849.0]]],[[[580.0,846.0],[579.0,845.5],[579.0,846.0],[580.0,846.0]]],[[[578.5,859.0],[579.0,860.0],[579.0,859.0],[578.5,859.0]]],[[[582.5,860.0],[583.0,861.0],[583.0,860.0],[582.5,860.0]]],[[[586.0,860.0],[588.0,860.5],[588.0,860.0],[586.0,860.0]]],[[[592.0,859.5],[594.0,859.0],[592.0,859.0],[592.0,859.5]]],[[[594.0,860.0],[595.0,860.5],[595.0,860.0],[594.0,860.0]]],[[[596.0,861.0],[595.5,863.0],[596.0,863.0],[596.0,861.0]]],[[[603.0,863.0],[603.5,862.0],[603.0,862.0],[603.0,863.0]]],[[[611.0,862.0],[611.5,861.0],[611.0,861.0],[611.0,862.0]]],[[[615.0,861.0],[615.5,860.0],[615.0,860.0],[615.0,861.0]]],[[[621.0,859.0],[622.0,859.5],[622.0,859.0],[621.0,859.0]]],[[[629.0,866.5],[630.0,866.0],[629.0,866.0],[629.0,866.5]]],[[[618.0,875.5],[617.0,876.0],[618.0,876.0],[618.0,875.5]]],[[[616.0,876.5],[615.0,877.0],[616.0,877.0],[616.0,876.5]]],[[[616.0,882.0],[617.0,882.5],[617.0,882.0],[616.0,882.0]]],[[[617.0,884.0],[616.5,885.0],[617.0,885.0],[617.0,884.0]]],[[[608.0,885.0],[607.0,884.5],[607.0,885.0],[608.0,885.0]]],[[[604.0,890.0],[603.5,891.0],[604.0,891.0],[604.0,890.0]]],[[[603.0,892.0],[602.0,891.5],[602.0,892.0],[603.0,892.0]]],[[[599.0,893.0],[598.5,894.0],[599.0,894.0],[599.0,893.0]]],[[[595.0,896.0],[594.0,895.5],[594.0,896.0],[595.0,896.0]]],[[[592.0,895.0],[591.0,894.5],[591.0,895.0],[592.0,895.0]]],[[[591.0,892.0],[591.5,890.0],[591.0,890.0],[591.0,892.0]]],[[[592.0,888.0],[591.0,887.5],[591.0,888.0],[592.0,888.0]]],[[[590.0,887.0],[589.0,886.5],[589.0,887.0],[590.0,887.0]]],[[[581.5,877.0],[581.0,876.0],[581.0,877.0],[581.5,877.0]]],[[[581.0,876.0],[579.0,875.5],[579.0,876.0],[581.0,876.0]]],[[[574.5,872.0],[574.0,871.0],[574.0,872.0],[574.5,872.0]]],[[[572.0,871.5],[570.0,872.0],[572.0,872.0],[572.0,871.5]]],[[[567.0,869.0],[566.5,870.0],[567.0,870.0],[567.0,869.0]]],[[[559.0,872.0],[558.0,871.5],[558.0,872.0],[559.0,872.0]]],[[[549.0,878.0],[548.5,879.0],[549.0,879.0],[549.0,878.0]]],[[[540.0,873.0],[539.5,874.0],[540.0,874.0],[540.0,873.0]]],[[[526.5,864.0],[526.0,863.0],[526.0,864.0],[526.5,864.0]]],[[[513.0,859.0],[512.5,860.0],[513.0,860.0],[513.0,859.0]]],[[[510.0,861.5],[508.0,862.0],[510.0,862.0],[510.0,861.5]]],[[[497.5,868.0],[497.0,867.0],[497.0,868.0],[497.5,868.0]]],[[[494.0,866.0],[492.0,865.5],[492.0,866.0],[494.0,866.0]]],[[[491.0,856.0],[490.0,855.5],[490.0,856.0],[491.0,856.0]]],[[[489.0,852.0],[488.0,851.5],[488.0,852.0],[489.0,852.0]]],[[[485.5,844.0],[485.0,842.0],[485.0,844.0],[485.5,844.0]]],[[[480.0,839.0],[479.0,838.5],[479.0,839.0],[480.0,839.0]]],[[[457.0,862.0],[457.5,861.0],[457.0,861.0],[457.0,862.0]]],[[[461.0,850.0],[460.0,849.5],[460.0,850.0],[461.0,850.0]]],[[[462.0,833.0],[462.5,832.0],[462.0,832.0],[462.0,833.0]]],[[[466.0,832.0],[467.0,832.5],[467.0,832.0],[466.0,832.0]]],[[[476.0,846.0],[477.0,846.5],[477.0,846.0],[476.0,846.0]]],[[[481.5,855.0],[482.0,856.0],[482.0,855.0],[481.5,855.0]]],[[[480.0,858.5],[479.0,859.0],[480.0,859.0],[480.0,858.5]]],[[[476.0,863.5],[475.0,864.0],[476.0,864.0],[476.0,863.5]]],[[[460.0,876.0],[459.0,875.5],[459.0,876.0],[460.0,876.0]]],[[[468.0,880.0],[467.0,879.5],[467.0,880.0],[468.0,880.0]]],[[[484.0,868.0],[485.0,868.5],[485.0,868.0],[484.0,868.0]]],[[[487.5,876.0],[488.0,877.0],[488.0,876.0],[487.5,876.0]]],[[[491.0,877.0],[491.5,876.0],[491.0,876.0],[491.0,877.0]]],[[[512.5,875.0],[513.0,876.0],[513.0,875.0],[512.5,875.0]]],[[[517.5,873.0],[517.0,872.0],[517.0,873.0],[517.5,873.0]]],[[[518.0,871.5],[519.0,871.0],[518.0,871.0],[518.0,871.5]]],[[[520.0,870.5],[521.0,870.0],[520.0,870.0],[520.0,870.5]]],[[[521.0,871.0],[522.0,871.5],[522.0,871.0],[521.0,871.0]]],[[[523.5,874.0],[524.0,876.0],[524.0,874.0],[523.5,874.0]]],[[[525.0,876.0],[525.5,875.0],[525.0,875.0],[525.0,876.0]]],[[[528.0,881.0],[527.5,882.0],[528.0,882.0],[528.0,881.0]]],[[[525.0,883.0],[524.5,884.0],[525.0,884.0],[525.0,883.0]]],[[[519.0,888.5],[518.0,889.0],[519.0,889.0],[519.0,888.5]]],[[[517.0,893.0],[516.5,894.0],[517.0,894.0],[517.0,893.0]]],[[[510.0,897.5],[509.0,898.0],[510.0,898.0],[510.0,897.5]]],[[[509.0,910.0],[510.0,910.5],[510.0,910.0],[509.0,910.0]]],[[[511.0,911.0],[512.0,911.5],[512.0,911.0],[511.0,911.0]]],[[[513.0,912.0],[512.5,913.0],[513.0,913.0],[513.0,912.0]]],[[[498.5,916.0],[498.0,915.0],[498.0,916.0],[498.5,916.0]]],[[[484.0,916.5],[483.0,917.0],[484.0,917.0],[484.0,916.5]]],[[[482.0,920.0],[481.5,921.0],[482.0,921.0],[482.0,920.0]]],[[[475.5,912.0],[475.0,911.0],[475.0,912.0],[475.5,912.0]]],[[[476.0,911.0],[476.5,909.0],[476.0,909.0],[476.0,911.0]]],[[[481.0,898.0],[481.5,897.0],[481.0,897.0],[481.0,898.0]]],[[[480.0,892.5],[477.0,893.0],[480.0,893.0],[480.0,892.5]]],[[[476.0,891.0],[475.0,890.5],[475.0,891.0],[476.0,891.0]]],[[[474.0,885.5],[475.0,885.0],[474.0,885.0],[474.0,885.5]]],[[[366.5,992.0],[366.0,991.0],[366.0,992.0],[366.5,992.0]]],[[[370.0,990.0],[370.5,989.0],[370.0,989.0],[370.0,990.0]]],[[[376.5,987.0],[376.0,986.0],[376.0,987.0],[376.5,987.0]]],[[[366.0,986.5],[365.0,987.0],[366.0,987.0],[366.0,986.5]]],[[[343.5,980.0],[343.0,979.0],[343.0,980.0],[343.5,980.0]]],[[[340.0,981.0],[341.0,981.5],[341.0,981.0],[340.0,981.0]]],[[[344.5,986.0],[345.0,987.0],[345.0,986.0],[344.5,986.0]]],[[[345.5,988.0],[346.0,989.0],[346.0,988.0],[345.5,988.0]]],[[[349.5,990.0],[350.0,991.0],[350.0,990.0],[349.5,990.0]]],[[[357.5,994.0],[358.0,995.0],[358.0,994.0],[357.5,994.0]]],[[[359.0,995.0],[358.5,996.0],[359.0,996.0],[359.0,995.0]]],[[[346.5,1007.0],[346.0,1006.0],[346.0,1007.0],[346.5,1007.0]]],[[[341.5,1002.0],[341.0,1001.0],[341.0,1002.0],[341.5,1002.0]]],[[[344.5,1009.0],[345.0,1010.0],[345.0,1009.0],[344.5,1009.0]]],[[[346.0,1018.0],[347.0,1018.5],[347.0,1018.0],[346.0,1018.0]]],[[[340.0,1036.0],[339.5,1037.0],[340.0,1037.0],[340.0,1036.0]]],[[[337.0,1038.5],[335.0,1039.0],[337.0,1039.0],[337.0,1038.5]]],[[[334.5,1038.0],[334.0,1037.0],[334.0,1038.0],[334.5,1038.0]]],[[[326.0,1030.5],[323.0,1031.0],[326.0,1031.0],[326.0,1030.5]]],[[[318.0,1034.5],[317.0,1035.0],[318.0,1035.0],[318.0,1034.5]]],[[[300.0,1041.5],[301.0,1041.0],[300.0,1041.0],[300.0,1041.5]]],[[[300.0,1030.5],[298.0,1031.0],[300.0,1031.0],[300.0,1030.5]]],[[[296.0,1031.5],[294.0,1032.0],[296.0,1032.0],[296.0,1031.5]]],[[[288.0,1030.0],[287.5,1031.0],[288.0,1031.0],[288.0,1030.0]]],[[[287.0,1032.0],[286.5,1033.0],[287.0,1033.0],[287.0,1032.0]]],[[[286.0,1034.0],[285.5,1035.0],[286.0,1035.0],[286.0,1034.0]]],[[[278.5,1036.0],[278.0,1035.0],[278.0,1036.0],[278.5,1036.0]]],[[[273.5,1028.0],[273.0,1027.0],[273.0,1028.0],[273.5,1028.0]]],[[[271.5,1025.0],[271.0,1023.0],[271.0,1025.0],[271.5,1025.0]]],[[[269.0,1014.0],[268.0,1013.5],[268.0,1014.0],[269.0,1014.0]]],[[[267.0,1013.0],[266.0,1012.5],[266.0,1013.0],[267.0,1013.0]]],[[[254.0,1001.0],[252.0,1000.5],[252.0,1001.0],[254.0,1001.0]]],[[[250.0,1000.0],[248.0,999.5],[248.0,1000.0],[250.0,1000.0]]],[[[245.5,998.0],[245.0,997.0],[245.0,998.0],[245.5,998.0]]],[[[241.5,989.0],[241.0,988.0],[241.0,989.0],[241.5,989.0]]],[[[260.5,990.0],[261.0,991.0],[261.0,990.0],[260.5,990.0]]],[[[265.0,999.0],[267.0,999.5],[267.0,999.0],[265.0,999.0]]],[[[269.0,1000.0],[269.5,997.0],[269.0,997.0],[269.0,1000.0]]],[[[271.0,993.5],[272.0,993.0],[271.0,993.0],[271.0,993.5]]],[[[278.0,988.0],[278.5,987.0],[278.0,987.0],[278.0,988.0]]],[[[281.0,983.5],[282.0,983.0],[281.0,983.0],[281.0,983.5]]],[[[284.0,981.0],[284.5,979.0],[284.0,979.0],[284.0,981.0]]],[[[284.0,964.5],[282.0,965.0],[284.0,965.0],[284.0,964.5]]],[[[282.0,965.0],[281.5,966.0],[282.0,966.0],[282.0,965.0]]],[[[276.0,961.0],[275.0,960.5],[275.0,961.0],[276.0,961.0]]],[[[275.0,957.5],[276.0,957.0],[275.0,957.0],[275.0,957.5]]],[[[288.0,948.0],[287.0,947.5],[287.0,948.0],[288.0,948.0]]],[[[288.5,931.0],[288.0,929.0],[288.0,931.0],[288.5,931.0]]],[[[288.0,925.5],[287.0,926.0],[288.0,926.0],[288.0,925.5]]],[[[284.0,929.0],[283.0,928.5],[283.0,929.0],[284.0,929.0]]],[[[271.0,930.5],[270.0,931.0],[271.0,931.0],[271.0,930.5]]],[[[264.0,929.5],[265.0,929.0],[264.0,929.0],[264.0,929.5]]],[[[268.0,915.5],[269.0,915.0],[268.0,915.0],[268.0,915.5]]],[[[271.0,911.5],[272.0,911.0],[271.0,911.0],[271.0,911.5]]],[[[282.0,905.0],[281.0,904.5],[281.0,905.0],[282.0,905.0]]],[[[281.0,901.5],[282.0,901.0],[281.0,901.0],[281.0,901.5]]],[[[279.0,880.5],[280.0,880.0],[279.0,880.0],[279.0,880.5]]],[[[301.0,856.5],[302.0,856.0],[301.0,856.0],[301.0,856.5]]],[[[305.0,854.0],[305.5,853.0],[305.0,853.0],[305.0,854.0]]],[[[319.0,840.5],[318.0,841.0],[319.0,841.0],[319.0,840.5]]],[[[314.5,844.0],[314.0,843.0],[314.0,844.0],[314.5,844.0]]],[[[310.0,836.5],[309.0,837.0],[310.0,837.0],[310.0,836.5]]],[[[303.0,839.0],[302.5,840.0],[303.0,840.0],[303.0,839.0]]],[[[299.5,841.0],[299.0,840.0],[299.0,841.0],[299.5,841.0]]],[[[292.5,836.0],[292.0,835.0],[292.0,836.0],[292.5,836.0]]],[[[283.0,833.0],[283.5,831.0],[283.0,831.0],[283.0,833.0]]],[[[285.0,828.5],[286.0,828.0],[285.0,828.0],[285.0,828.5]]],[[[288.0,827.0],[288.5,826.0],[288.0,826.0],[288.0,827.0]]],[[[296.0,819.5],[297.0,819.0],[296.0,819.0],[296.0,819.5]]],[[[297.0,818.0],[298.0,818.5],[298.0,818.0],[297.0,818.0]]],[[[303.0,806.5],[304.0,806.0],[303.0,806.0],[303.0,806.5]]],[[[306.0,801.5],[307.0,801.0],[306.0,801.0],[306.0,801.5]]],[[[318.5,793.0],[319.0,795.0],[319.0,793.0],[318.5,793.0]]],[[[326.5,800.0],[327.0,801.0],[327.0,800.0],[326.5,800.0]]],[[[328.0,802.0],[330.0,802.5],[330.0,802.0],[328.0,802.0]]],[[[338.5,807.0],[339.0,808.0],[339.0,807.0],[338.5,807.0]]],[[[354.0,813.0],[354.5,812.0],[354.0,812.0],[354.0,813.0]]],[[[348.0,795.5],[349.0,795.0],[348.0,795.0],[348.0,795.5]]],[[[358.0,791.5],[359.0,791.0],[358.0,791.0],[358.0,791.5]]],[[[363.5,787.0],[364.0,788.0],[364.0,787.0],[363.5,787.0]]],[[[368.0,793.0],[369.0,793.5],[369.0,793.0],[368.0,793.0]]],[[[381.0,805.0],[382.0,805.5],[382.0,805.0],[381.0,805.0]]],[[[385.0,810.5],[386.0,810.0],[385.0,810.0],[385.0,810.5]]],[[[391.5,807.0],[392.0,808.0],[392.0,807.0],[391.5,807.0]]],[[[396.0,821.0],[397.0,821.5],[397.0,821.0],[396.0,821.0]]],[[[400.0,819.0],[399.0,818.5],[399.0,819.0],[400.0,819.0]]],[[[400.0,801.5],[401.0,801.0],[400.0,801.0],[400.0,801.5]]],[[[404.0,793.5],[405.0,793.0],[404.0,793.0],[404.0,793.5]]],[[[417.0,787.5],[418.0,787.0],[417.0,787.0],[417.0,787.5]]],[[[419.0,782.5],[420.0,782.0],[419.0,782.0],[419.0,782.5]]],[[[420.5,783.0],[421.0,784.0],[421.0,783.0],[420.5,783.0]]],[[[421.0,803.0],[422.0,803.5],[422.0,803.0],[421.0,803.0]]],[[[424.0,807.0],[425.0,807.5],[425.0,807.0],[424.0,807.0]]],[[[430.5,814.0],[431.0,816.0],[431.0,814.0],[430.5,814.0]]],[[[434.0,820.0],[433.5,822.0],[434.0,822.0],[434.0,820.0]]],[[[433.0,824.0],[435.0,824.5],[435.0,824.0],[433.0,824.0]]],[[[439.0,826.0],[439.5,825.0],[439.0,825.0],[439.0,826.0]]],[[[443.0,848.0],[444.0,848.5],[444.0,848.0],[443.0,848.0]]],[[[446.0,856.5],[445.0,857.0],[446.0,857.0],[446.0,856.5]]],[[[443.5,862.0],[444.0,865.0],[444.0,862.0],[443.5,862.0]]],[[[445.0,872.0],[446.0,872.5],[446.0,872.0],[445.0,872.0]]],[[[451.5,875.0],[452.0,876.0],[452.0,875.0],[451.5,875.0]]],[[[461.0,890.5],[460.0,891.0],[461.0,891.0],[461.0,890.5]]],[[[461.5,896.0],[462.0,897.0],[462.0,896.0],[461.5,896.0]]],[[[465.0,911.0],[466.0,911.5],[466.0,911.0],[465.0,911.0]]],[[[465.5,921.0],[466.0,922.0],[466.0,921.0],[465.5,921.0]]],[[[472.5,924.0],[473.0,925.0],[473.0,924.0],[472.5,924.0]]],[[[478.5,926.0],[479.0,927.0],[479.0,926.0],[478.5,926.0]]],[[[495.5,923.0],[496.0,924.0],[496.0,923.0],[495.5,923.0]]],[[[501.5,928.0],[502.0,929.0],[502.0,928.0],[501.5,928.0]]],[[[507.0,930.0],[507.5,929.0],[507.0,929.0],[507.0,930.0]]],[[[515.0,939.0],[516.0,939.5],[516.0,939.0],[515.0,939.0]]],[[[528.0,941.0],[528.5,940.0],[528.0,940.0],[528.0,941.0]]],[[[539.0,924.5],[538.0,925.0],[539.0,925.0],[539.0,924.5]]],[[[527.5,925.0],[527.0,924.0],[527.0,925.0],[527.5,925.0]]],[[[525.5,922.0],[525.0,920.0],[525.0,922.0],[525.5,922.0]]],[[[523.0,916.0],[522.0,915.5],[522.0,916.0],[523.0,916.0]]],[[[519.0,905.0],[519.5,904.0],[519.0,904.0],[519.0,905.0]]],[[[527.0,896.0],[526.0,895.5],[526.0,896.0],[527.0,896.0]]],[[[528.0,889.0],[528.5,888.0],[528.0,888.0],[528.0,889.0]]],[[[540.5,891.0],[541.0,892.0],[541.0,891.0],[540.5,891.0]]],[[[549.0,886.0],[549.5,885.0],[549.0,885.0],[549.0,886.0]]],[[[558.0,877.5],[559.0,877.0],[558.0,877.0],[558.0,877.5]]],[[[562.5,877.0],[563.0,878.0],[563.0,877.0],[562.5,877.0]]],[[[568.0,883.5],[570.0,883.0],[568.0,883.0],[568.0,883.5]]],[[[573.5,883.0],[574.0,884.0],[574.0,883.0],[573.5,883.0]]],[[[579.5,887.0],[580.0,888.0],[580.0,887.0],[579.5,887.0]]],[[[584.5,898.0],[585.0,899.0],[585.0,898.0],[584.5,898.0]]],[[[587.0,900.0],[586.5,901.0],[587.0,901.0],[587.0,900.0]]],[[[589.0,906.0],[589.5,905.0],[589.0,905.0],[589.0,906.0]]],[[[595.0,905.0],[595.5,904.0],[595.0,904.0],[595.0,905.0]]],[[[602.5,900.0],[603.0,901.0],[603.0,900.0],[602.5,900.0]]],[[[619.0,891.5],[620.0,891.0],[619.0,891.0],[619.0,891.5]]],[[[625.5,892.0],[626.0,894.0],[626.0,892.0],[625.5,892.0]]],[[[630.0,891.5],[631.0,891.0],[630.0,891.0],[630.0,891.5]]],[[[634.0,895.5],[633.0,896.0],[634.0,896.0],[634.0,895.5]]],[[[632.0,908.5],[631.0,909.0],[632.0,909.0],[632.0,908.5]]],[[[629.0,914.0],[630.0,914.5],[630.0,914.0],[629.0,914.0]]],[[[633.5,923.0],[634.0,924.0],[634.0,923.0],[633.5,923.0]]],[[[635.0,929.0],[636.0,929.5],[636.0,929.0],[635.0,929.0]]],[[[641.0,931.0],[641.5,930.0],[641.0,930.0],[641.0,931.0]]],[[[645.0,929.0],[645.5,928.0],[645.0,928.0],[645.0,929.0]]],[[[646.0,921.5],[647.0,921.0],[646.0,921.0],[646.0,921.5]]],[[[653.5,927.0],[654.0,928.0],[654.0,927.0],[653.5,927.0]]],[[[656.5,936.0],[657.0,937.0],[657.0,936.0],[656.5,936.0]]],[[[659.0,939.0],[658.5,941.0],[659.0,941.0],[659.0,939.0]]],[[[661.0,958.5],[664.0,958.0],[661.0,958.0],[661.0,958.5]]],[[[664.5,959.0],[665.0,960.0],[665.0,959.0],[664.5,959.0]]],[[[664.0,965.0],[661.0,964.5],[661.0,965.0],[664.0,965.0]]],[[[658.0,964.0],[657.5,965.0],[658.0,965.0],[658.0,964.0]]],[[[650.0,962.0],[649.0,961.5],[649.0,962.0],[650.0,962.0]]],[[[648.0,959.0],[647.0,958.5],[647.0,959.0],[648.0,959.0]]],[[[636.0,957.0],[635.5,958.0],[636.0,958.0],[636.0,957.0]]],[[[641.5,975.0],[642.0,976.0],[642.0,975.0],[641.5,975.0]]],[[[642.0,978.5],[641.0,979.0],[642.0,979.0],[642.0,978.5]]],[[[638.5,979.0],[638.0,978.0],[638.0,979.0],[638.5,979.0]]],[[[635.5,977.0],[635.0,976.0],[635.0,977.0],[635.5,977.0]]],[[[632.0,986.5],[631.0,987.0],[632.0,987.0],[632.0,986.5]]],[[[627.0,982.0],[626.0,981.5],[626.0,982.0],[627.0,982.0]]],[[[624.0,977.0],[623.0,976.5],[623.0,977.0],[624.0,977.0]]],[[[620.0,970.5],[618.0,971.0],[620.0,971.0],[620.0,970.5]]],[[[616.0,970.0],[615.5,971.0],[616.0,971.0],[616.0,970.0]]],[[[608.0,979.5],[607.0,980.0],[608.0,980.0],[608.0,979.5]]],[[[606.0,982.5],[605.0,983.0],[606.0,983.0],[606.0,982.5]]],[[[602.0,978.0],[601.0,977.5],[601.0,978.0],[602.0,978.0]]],[[[599.5,975.0],[599.0,973.0],[599.0,975.0],[599.5,975.0]]],[[[598.0,970.0],[597.0,969.5],[597.0,970.0],[598.0,970.0]]],[[[596.0,969.0],[595.0,968.5],[595.0,969.0],[596.0,969.0]]],[[[589.0,965.0],[588.5,966.0],[589.0,966.0],[589.0,965.0]]],[[[573.0,980.5],[572.0,981.0],[573.0,981.0],[573.0,980.5]]],[[[566.0,983.0],[565.0,982.5],[565.0,983.0],[566.0,983.0]]],[[[563.0,981.0],[562.5,983.0],[563.0,983.0],[563.0,981.0]]],[[[562.0,985.0],[563.0,985.5],[563.0,985.0],[562.0,985.0]]],[[[577.0,994.0],[578.0,994.5],[578.0,994.0],[577.0,994.0]]],[[[581.5,997.0],[582.0,998.0],[582.0,997.0],[581.5,997.0]]],[[[585.0,1001.0],[586.0,1001.5],[586.0,1001.0],[585.0,1001.0]]],[[[586.0,1003.5],[585.0,1004.0],[586.0,1004.0],[586.0,1003.5]]],[[[589.5,1012.0],[590.0,1013.0],[590.0,1012.0],[589.5,1012.0]]],[[[590.0,1026.5],[589.0,1027.0],[590.0,1027.0],[590.0,1026.5]]],[[[588.5,1026.0],[588.0,1025.0],[588.0,1026.0],[588.5,1026.0]]],[[[570.0,1029.0],[569.5,1030.0],[570.0,1030.0],[570.0,1029.0]]],[[[568.0,1032.0],[567.0,1031.5],[567.0,1032.0],[568.0,1032.0]]],[[[556.0,1039.5],[555.0,1040.0],[556.0,1040.0],[556.0,1039.5]]],[[[552.0,1043.0],[551.5,1045.0],[552.0,1045.0],[552.0,1043.0]]],[[[550.0,1047.5],[549.0,1048.0],[550.0,1048.0],[550.0,1047.5]]],[[[547.0,1052.5],[546.0,1053.0],[547.0,1053.0],[547.0,1052.5]]],[[[540.0,1060.5],[539.0,1061.0],[540.0,1061.0],[540.0,1060.5]]],[[[537.0,1062.0],[536.5,1063.0],[537.0,1063.0],[537.0,1062.0]]],[[[534.0,1066.5],[533.0,1067.0],[534.0,1067.0],[534.0,1066.5]]],[[[528.0,1066.5],[529.0,1066.0],[528.0,1066.0],[528.0,1066.5]]],[[[529.0,1063.0],[528.0,1062.5],[528.0,1063.0],[529.0,1063.0]]],[[[526.0,1060.0],[526.5,1057.0],[526.0,1057.0],[526.0,1060.0]]],[[[528.0,1053.5],[529.0,1053.0],[528.0,1053.0],[528.0,1053.5]]],[[[530.0,1047.0],[529.0,1046.5],[529.0,1047.0],[530.0,1047.0]]],[[[527.0,1043.0],[527.5,1042.0],[527.0,1042.0],[527.0,1043.0]]],[[[529.0,1038.0],[528.0,1037.5],[528.0,1038.0],[529.0,1038.0]]],[[[524.0,1031.5],[523.0,1032.0],[524.0,1032.0],[524.0,1031.5]]],[[[519.0,1034.5],[516.0,1035.0],[519.0,1035.0],[519.0,1034.5]]],[[[513.0,1037.0],[511.0,1036.5],[511.0,1037.0],[513.0,1037.0]]],[[[509.0,1036.0],[508.5,1037.0],[509.0,1037.0],[509.0,1036.0]]],[[[504.0,1040.5],[502.0,1041.0],[504.0,1041.0],[504.0,1040.5]]],[[[505.5,1048.0],[506.0,1049.0],[506.0,1048.0],[505.5,1048.0]]],[[[509.0,1053.0],[510.0,1053.5],[510.0,1053.0],[509.0,1053.0]]],[[[511.0,1054.0],[510.5,1055.0],[511.0,1055.0],[511.0,1054.0]]],[[[502.5,1054.0],[502.0,1053.0],[502.0,1054.0],[502.5,1054.0]]],[[[484.0,1049.0],[483.5,1050.0],[484.0,1050.0],[484.0,1049.0]]],[[[476.0,1053.0],[475.5,1054.0],[476.0,1054.0],[476.0,1053.0]]],[[[445.0,1057.0],[444.5,1058.0],[445.0,1058.0],[445.0,1057.0]]],[[[438.0,1067.0],[436.0,1066.5],[436.0,1067.0],[438.0,1067.0]]],[[[426.5,1065.0],[426.0,1064.0],[426.0,1065.0],[426.5,1065.0]]],[[[419.5,1063.0],[419.0,1062.0],[419.0,1063.0],[419.5,1063.0]]],[[[415.0,1056.5],[416.0,1056.0],[415.0,1056.0],[415.0,1056.5]]],[[[416.0,1051.0],[415.0,1050.5],[415.0,1051.0],[416.0,1051.0]]],[[[413.0,1049.0],[412.5,1050.0],[413.0,1050.0],[413.0,1049.0]]],[[[405.5,1049.0],[405.0,1048.0],[405.0,1049.0],[405.5,1049.0]]],[[[399.5,1046.0],[399.0,1045.0],[399.0,1046.0],[399.5,1046.0]]],[[[398.0,1042.0],[397.0,1041.5],[397.0,1042.0],[398.0,1042.0]]],[[[391.0,1040.0],[390.5,1041.0],[391.0,1041.0],[391.0,1040.0]]],[[[382.5,1038.0],[382.0,1037.0],[382.0,1038.0],[382.5,1038.0]]],[[[380.0,1037.0],[379.5,1038.0],[380.0,1038.0],[380.0,1037.0]]],[[[375.0,1040.5],[372.0,1041.0],[375.0,1041.0],[375.0,1040.5]]],[[[372.0,1032.5],[371.0,1033.0],[372.0,1033.0],[372.0,1032.5]]],[[[370.0,1035.5],[369.0,1036.0],[370.0,1036.0],[370.0,1035.5]]],[[[363.0,1030.5],[364.0,1030.0],[363.0,1030.0],[363.0,1030.5]]],[[[368.0,1018.5],[369.0,1018.0],[368.0,1018.0],[368.0,1018.5]]],[[[372.0,1013.5],[373.0,1013.0],[372.0,1013.0],[372.0,1013.5]]],[[[378.0,1009.0],[378.5,1008.0],[378.0,1008.0],[378.0,1009.0]]],[[[366.5,1001.0],[366.0,1000.0],[366.0,1001.0],[366.5,1001.0]]],[[[582.0,992.0],[581.0,991.5],[581.0,992.0],[582.0,992.0]]],[[[589.0,984.5],[588.0,985.0],[589.0,985.0],[589.0,984.5]]],[[[603.0,990.0],[604.0,990.5],[604.0,990.0],[603.0,990.0]]],[[[604.0,993.0],[603.5,994.0],[604.0,994.0],[604.0,993.0]]],[[[593.0,996.0],[592.5,997.0],[593.0,997.0],[593.0,996.0]]],[[[589.0,997.0],[587.0,996.5],[587.0,997.0],[589.0,997.0]]],[[[363.0,1014.0],[362.0,1013.5],[362.0,1014.0],[363.0,1014.0]]],[[[366.0,1007.0],[366.5,1006.0],[366.0,1006.0],[366.0,1007.0]]],[[[371.0,1007.0],[372.0,1007.5],[372.0,1007.0],[371.0,1007.0]]],[[[326.0,1039.0],[325.0,1038.5],[325.0,1039.0],[326.0,1039.0]]],[[[325.0,1036.0],[325.5,1035.0],[325.0,1035.0],[325.0,1036.0]]],[[[328.0,1035.0],[329.0,1035.5],[329.0,1035.0],[328.0,1035.0]]],[[[331.0,1039.0],[332.0,1039.5],[332.0,1039.0],[331.0,1039.0]]],[[[333.0,1042.0],[334.0,1042.5],[334.0,1042.0],[333.0,1042.0]]],[[[329.0,1043.0],[328.0,1042.5],[328.0,1043.0],[329.0,1043.0]]],[[[348.5,1044.0],[348.0,1043.0],[348.0,1044.0],[348.5,1044.0]]],[[[358.0,1038.0],[359.0,1038.5],[359.0,1038.0],[358.0,1038.0]]],[[[357.0,1046.0],[356.5,1047.0],[357.0,1047.0],[357.0,1046.0]]],[[[510.5,1047.0],[510.0,1046.0],[510.0,1047.0],[510.5,1047.0]]],[[[512.0,1045.0],[512.5,1044.0],[512.0,1044.0],[512.0,1045.0]]],[[[521.0,1046.0],[522.0,1046.5],[522.0,1046.0],[521.0,1046.0]]],[[[459.0,1064.0],[458.5,1065.0],[459.0,1065.0],[459.0,1064.0]]],[[[456.0,1061.0],[456.5,1060.0],[456.0,1060.0],[456.0,1061.0]]],[[[466.0,1061.0],[465.5,1062.0],[466.0,1062.0],[466.0,1061.0]]],[[[852.5,200.0],[852.0,199.0],[852.0,200.0],[852.5,200.0]]],[[[853.0,199.0],[853.5,198.0],[853.0,198.0],[853.0,199.0]]],[[[856.0,196.5],[858.0,196.0],[856.0,196.0],[856.0,196.5]]],[[[871.0,204.0],[869.0,203.5],[869.0,204.0],[871.0,204.0]]],[[[863.5,200.0],[863.0,199.0],[863.0,200.0],[863.5,200.0]]],[[[858.0,200.0],[857.5,201.0],[858.0,201.0],[858.0,200.0]]],[[[851.0,254.0],[850.5,255.0],[851.0,255.0],[851.0,254.0]]],[[[850.0,256.0],[849.0,255.5],[849.0,256.0],[850.0,256.0]]],[[[851.0,248.0],[851.5,247.0],[851.0,247.0],[851.0,248.0]]],[[[862.0,246.0],[861.5,247.0],[862.0,247.0],[862.0,246.0]]],[[[854.0,250.5],[853.0,251.0],[854.0,251.0],[854.0,250.5]]],[[[825.0,331.0],[825.5,330.0],[825.0,330.0],[825.0,331.0]]],[[[731.5,342.0],[731.0,341.0],[731.0,342.0],[731.5,342.0]]],[[[741.0,340.0],[740.5,341.0],[741.0,341.0],[741.0,340.0]]],[[[735.0,344.5],[734.0,345.0],[735.0,345.0],[735.0,344.5]]],[[[780.5,342.0],[780.0,341.0],[780.0,342.0],[780.5,342.0]]],[[[784.5,341.0],[785.0,342.0],[785.0,341.0],[784.5,341.0]]],[[[787.5,343.0],[788.0,344.0],[788.0,343.0],[787.5,343.0]]],[[[790.5,347.0],[791.0,348.0],[791.0,347.0],[790.5,347.0]]],[[[790.0,348.5],[789.0,349.0],[790.0,349.0],[790.0,348.5]]],[[[788.0,349.5],[787.0,350.0],[788.0,350.0],[788.0,349.5]]],[[[809.0,348.0],[810.0,348.5],[810.0,348.0],[809.0,348.0]]],[[[811.0,353.0],[812.0,353.5],[812.0,353.0],[811.0,353.0]]],[[[812.0,356.0],[811.5,357.0],[812.0,357.0],[812.0,356.0]]],[[[809.5,357.0],[809.0,356.0],[809.0,357.0],[809.5,357.0]]],[[[820.0,357.0],[819.0,356.5],[819.0,357.0],[820.0,357.0]]],[[[690.0,360.5],[688.0,361.0],[690.0,361.0],[690.0,360.5]]],[[[688.0,360.0],[687.0,359.5],[687.0,360.0],[688.0,360.0]]],[[[693.5,356.0],[694.0,358.0],[694.0,356.0],[693.5,356.0]]],[[[693.0,358.0],[692.5,359.0],[693.0,359.0],[693.0,358.0]]],[[[760.0,379.0],[759.5,380.0],[760.0,380.0],[760.0,379.0]]],[[[759.0,381.0],[758.5,382.0],[759.0,382.0],[759.0,381.0]]],[[[754.0,379.5],[755.0,379.0],[754.0,379.0],[754.0,379.5]]],[[[761.0,370.5],[762.0,370.0],[761.0,370.0],[761.0,370.5]]],[[[766.0,369.5],[765.0,370.0],[766.0,370.0],[766.0,369.5]]],[[[770.0,377.0],[771.0,377.5],[771.0,377.0],[770.0,377.0]]],[[[762.5,380.0],[762.0,379.0],[762.0,380.0],[762.5,380.0]]],[[[675.0,384.0],[674.0,383.5],[674.0,384.0],[675.0,384.0]]],[[[677.0,367.5],[678.0,367.0],[677.0,367.0],[677.0,367.5]]],[[[681.0,377.0],[682.0,377.5],[682.0,377.0],[681.0,377.0]]],[[[683.0,378.0],[684.0,378.5],[684.0,378.0],[683.0,378.0]]],[[[684.0,386.5],[683.0,387.0],[684.0,387.0],[684.0,386.5]]],[[[681.5,385.0],[681.0,384.0],[681.0,385.0],[681.5,385.0]]],[[[678.0,386.5],[677.0,387.0],[678.0,387.0],[678.0,386.5]]],[[[661.0,396.0],[660.0,395.5],[660.0,396.0],[661.0,396.0]]],[[[638.0,413.0],[637.0,412.5],[637.0,413.0],[638.0,413.0]]],[[[638.0,406.5],[639.0,406.0],[638.0,406.0],[638.0,406.5]]],[[[640.0,400.5],[641.0,400.0],[640.0,400.0],[640.0,400.5]]],[[[642.0,402.0],[643.0,402.5],[643.0,402.0],[642.0,402.0]]],[[[643.0,413.0],[644.0,413.5],[644.0,413.0],[643.0,413.0]]],[[[643.0,418.0],[642.5,419.0],[643.0,419.0],[643.0,418.0]]],[[[627.0,454.0],[626.0,453.5],[626.0,454.0],[627.0,454.0]]],[[[629.0,446.0],[629.5,445.0],[629.0,445.0],[629.0,446.0]]],[[[634.0,446.0],[635.0,446.5],[635.0,446.0],[634.0,446.0]]],[[[635.0,448.0],[634.5,449.0],[635.0,449.0],[635.0,448.0]]],[[[629.0,453.0],[628.5,454.0],[629.0,454.0],[629.0,453.0]]],[[[600.0,465.5],[597.0,466.0],[600.0,466.0],[600.0,465.5]]],[[[597.0,465.0],[595.0,464.5],[595.0,465.0],[597.0,465.0]]],[[[598.0,458.0],[598.5,455.0],[598.0,455.0],[598.0,458.0]]],[[[600.0,452.0],[600.5,451.0],[600.0,451.0],[600.0,452.0]]],[[[611.0,449.0],[611.5,448.0],[611.0,448.0],[611.0,449.0]]],[[[616.0,448.0],[617.0,448.5],[617.0,448.0],[616.0,448.0]]],[[[614.0,455.0],[613.5,456.0],[614.0,456.0],[614.0,455.0]]],[[[611.0,457.0],[610.5,458.0],[611.0,458.0],[611.0,457.0]]],[[[607.0,460.5],[606.0,461.0],[607.0,461.0],[607.0,460.5]]],[[[876.5,590.0],[876.0,589.0],[876.0,590.0],[876.5,590.0]]],[[[855.5,595.0],[855.0,594.0],[855.0,595.0],[855.5,595.0]]],[[[855.0,591.0],[854.0,590.5],[854.0,591.0],[855.0,591.0]]],[[[845.0,591.0],[847.0,591.5],[847.0,591.0],[845.0,591.0]]],[[[849.5,593.0],[850.0,594.0],[850.0,593.0],[849.5,593.0]]],[[[850.0,594.0],[852.0,594.5],[852.0,594.0],[850.0,594.0]]],[[[854.5,596.0],[855.0,597.0],[855.0,596.0],[854.5,596.0]]],[[[854.5,603.0],[855.0,604.0],[855.0,603.0],[854.5,603.0]]],[[[873.0,612.0],[872.5,613.0],[873.0,613.0],[873.0,612.0]]],[[[874.5,617.0],[875.0,618.0],[875.0,617.0],[874.5,617.0]]],[[[881.0,617.0],[881.5,616.0],[881.0,616.0],[881.0,617.0]]],[[[903.5,618.0],[904.0,619.0],[904.0,618.0],[903.5,618.0]]],[[[899.0,624.5],[898.0,625.0],[899.0,625.0],[899.0,624.5]]],[[[890.0,632.0],[889.5,633.0],[890.0,633.0],[890.0,632.0]]],[[[885.0,639.5],[884.0,640.0],[885.0,640.0],[885.0,639.5]]],[[[863.0,641.0],[862.5,642.0],[863.0,642.0],[863.0,641.0]]],[[[851.5,646.0],[851.0,645.0],[851.0,646.0],[851.5,646.0]]],[[[848.5,644.0],[848.0,643.0],[848.0,644.0],[848.5,644.0]]],[[[846.0,632.0],[845.0,631.5],[845.0,632.0],[846.0,632.0]]],[[[840.0,625.0],[839.0,624.5],[839.0,625.0],[840.0,625.0]]],[[[832.0,615.0],[831.5,616.0],[832.0,616.0],[832.0,615.0]]],[[[831.0,617.0],[830.5,618.0],[831.0,618.0],[831.0,617.0]]],[[[828.0,619.0],[827.5,620.0],[828.0,620.0],[828.0,619.0]]],[[[819.5,631.0],[820.0,632.0],[820.0,631.0],[819.5,631.0]]],[[[820.5,633.0],[821.0,634.0],[821.0,633.0],[820.5,633.0]]],[[[826.5,636.0],[827.0,637.0],[827.0,636.0],[826.5,636.0]]],[[[830.5,638.0],[831.0,639.0],[831.0,638.0],[830.5,638.0]]],[[[830.0,640.0],[831.0,640.5],[831.0,640.0],[830.0,640.0]]],[[[835.5,645.0],[836.0,647.0],[836.0,645.0],[835.5,645.0]]],[[[828.5,653.0],[829.0,654.0],[829.0,653.0],[828.5,653.0]]],[[[819.5,655.0],[819.0,654.0],[819.0,655.0],[819.5,655.0]]],[[[818.0,654.0],[817.5,655.0],[818.0,655.0],[818.0,654.0]]],[[[809.5,655.0],[809.0,654.0],[809.0,655.0],[809.5,655.0]]],[[[806.0,653.5],[804.0,654.0],[806.0,654.0],[806.0,653.5]]],[[[804.0,648.0],[803.0,647.5],[803.0,648.0],[804.0,648.0]]],[[[797.0,650.5],[796.0,651.0],[797.0,651.0],[797.0,650.5]]],[[[796.0,652.0],[797.0,652.5],[797.0,652.0],[796.0,652.0]]],[[[795.0,655.0],[794.5,656.0],[795.0,656.0],[795.0,655.0]]],[[[784.5,663.0],[784.0,662.0],[784.0,663.0],[784.5,663.0]]],[[[783.0,660.0],[782.0,659.5],[782.0,660.0],[783.0,660.0]]],[[[777.5,657.0],[777.0,656.0],[777.0,657.0],[777.5,657.0]]],[[[773.0,666.5],[772.0,667.0],[773.0,667.0],[773.0,666.5]]],[[[771.0,667.5],[770.0,668.0],[771.0,668.0],[771.0,667.5]]],[[[770.0,668.0],[769.5,670.0],[770.0,670.0],[770.0,668.0]]],[[[768.0,672.5],[767.0,673.0],[768.0,673.0],[768.0,672.5]]],[[[750.0,681.0],[749.5,682.0],[750.0,682.0],[750.0,681.0]]],[[[748.0,684.0],[747.0,683.5],[747.0,684.0],[748.0,684.0]]],[[[745.0,686.5],[746.0,686.0],[745.0,686.0],[745.0,686.5]]],[[[748.5,689.0],[749.0,690.0],[749.0,689.0],[748.5,689.0]]],[[[749.0,690.0],[751.0,690.5],[751.0,690.0],[749.0,690.0]]],[[[756.0,698.0],[757.0,698.5],[757.0,698.0],[756.0,698.0]]],[[[758.0,705.0],[759.0,705.5],[759.0,705.0],[758.0,705.0]]],[[[759.0,708.5],[758.0,709.0],[759.0,709.0],[759.0,708.5]]],[[[759.0,713.0],[759.5,712.0],[759.0,712.0],[759.0,713.0]]],[[[763.0,712.0],[764.0,712.5],[764.0,712.0],[763.0,712.0]]],[[[766.0,714.5],[767.0,714.0],[766.0,714.0],[766.0,714.5]]],[[[771.0,716.0],[771.5,715.0],[771.0,715.0],[771.0,716.0]]],[[[772.0,714.0],[772.5,713.0],[772.0,713.0],[772.0,714.0]]],[[[776.0,713.0],[777.0,713.5],[777.0,713.0],[776.0,713.0]]],[[[783.5,715.0],[783.0,711.0],[783.0,715.0],[783.5,715.0]]],[[[785.0,710.0],[785.5,709.0],[785.0,709.0],[785.0,710.0]]],[[[779.0,702.0],[778.0,701.5],[778.0,702.0],[779.0,702.0]]],[[[788.0,699.0],[789.0,699.5],[789.0,699.0],[788.0,699.0]]],[[[794.0,693.0],[794.5,692.0],[794.0,692.0],[794.0,693.0]]],[[[802.0,697.0],[803.0,697.5],[803.0,697.0],[802.0,697.0]]],[[[805.0,700.5],[806.0,700.0],[805.0,700.0],[805.0,700.5]]],[[[808.0,697.0],[808.5,696.0],[808.0,696.0],[808.0,697.0]]],[[[811.0,696.0],[813.0,696.5],[813.0,696.0],[811.0,696.0]]],[[[818.0,701.0],[819.0,701.5],[819.0,701.0],[818.0,701.0]]],[[[823.5,706.0],[824.0,707.0],[824.0,706.0],[823.5,706.0]]],[[[834.0,710.5],[833.0,711.0],[834.0,711.0],[834.0,710.5]]],[[[834.0,714.0],[835.0,714.5],[835.0,714.0],[834.0,714.0]]],[[[832.0,721.0],[831.5,722.0],[832.0,722.0],[832.0,721.0]]],[[[827.0,734.0],[828.0,734.5],[828.0,734.0],[827.0,734.0]]],[[[830.0,739.5],[831.0,739.0],[830.0,739.0],[830.0,739.5]]],[[[834.0,734.5],[835.0,734.0],[834.0,734.0],[834.0,734.5]]],[[[835.0,731.0],[835.5,730.0],[835.0,730.0],[835.0,731.0]]],[[[841.0,730.0],[841.5,729.0],[841.0,729.0],[841.0,730.0]]],[[[849.0,721.0],[849.5,720.0],[849.0,720.0],[849.0,721.0]]],[[[858.5,725.0],[859.0,726.0],[859.0,725.0],[858.5,725.0]]],[[[864.0,739.5],[866.0,739.0],[864.0,739.0],[864.0,739.5]]],[[[866.0,745.5],[865.0,746.0],[866.0,746.0],[866.0,745.5]]],[[[864.0,746.5],[863.0,747.0],[864.0,747.0],[864.0,746.5]]],[[[898.5,762.0],[899.0,763.0],[899.0,762.0],[898.5,762.0]]],[[[903.0,762.0],[902.0,761.5],[902.0,762.0],[903.0,762.0]]],[[[904.0,755.5],[906.0,755.0],[904.0,755.0],[904.0,755.5]]],[[[906.0,755.0],[906.5,754.0],[906.0,754.0],[906.0,755.0]]],[[[909.0,752.5],[911.0,752.0],[909.0,752.0],[909.0,752.5]]],[[[914.0,750.5],[917.0,750.0],[914.0,750.0],[914.0,750.5]]],[[[934.5,756.0],[935.0,757.0],[935.0,756.0],[934.5,756.0]]],[[[938.0,762.5],[937.0,763.0],[938.0,763.0],[938.0,762.5]]],[[[924.0,767.0],[925.0,767.5],[925.0,767.0],[924.0,767.0]]],[[[925.0,769.5],[924.0,770.0],[925.0,770.0],[925.0,769.5]]],[[[924.0,771.0],[925.0,771.5],[925.0,771.0],[924.0,771.0]]],[[[926.0,772.0],[927.0,772.5],[927.0,772.0],[926.0,772.0]]],[[[928.5,775.0],[929.0,777.0],[929.0,775.0],[928.5,775.0]]],[[[931.0,781.0],[930.5,782.0],[931.0,782.0],[931.0,781.0]]],[[[920.0,790.5],[919.0,791.0],[920.0,791.0],[920.0,790.5]]],[[[918.0,794.0],[916.0,793.5],[916.0,794.0],[918.0,794.0]]],[[[906.0,797.0],[907.0,797.5],[907.0,797.0],[906.0,797.0]]],[[[912.0,808.5],[911.0,809.0],[912.0,809.0],[912.0,808.5]]],[[[884.0,806.0],[884.5,805.0],[884.0,805.0],[884.0,806.0]]],[[[875.0,795.0],[874.0,794.5],[874.0,795.0],[875.0,795.0]]],[[[870.5,795.0],[871.0,797.0],[871.0,795.0],[870.5,795.0]]],[[[870.0,797.5],[869.0,798.0],[870.0,798.0],[870.0,797.5]]],[[[856.0,798.0],[855.5,799.0],[856.0,799.0],[856.0,798.0]]],[[[850.0,804.0],[847.0,803.5],[847.0,804.0],[850.0,804.0]]],[[[843.5,802.0],[843.0,801.0],[843.0,802.0],[843.5,802.0]]],[[[840.5,807.0],[841.0,808.0],[841.0,807.0],[840.5,807.0]]],[[[842.0,808.0],[841.5,809.0],[842.0,809.0],[842.0,808.0]]],[[[826.5,815.0],[826.0,814.0],[826.0,815.0],[826.5,815.0]]],[[[820.0,812.0],[819.5,813.0],[820.0,813.0],[820.0,812.0]]],[[[816.0,817.5],[815.0,818.0],[816.0,818.0],[816.0,817.5]]],[[[802.5,815.0],[802.0,814.0],[802.0,815.0],[802.5,815.0]]],[[[800.0,810.0],[799.0,809.5],[799.0,810.0],[800.0,810.0]]],[[[795.5,807.0],[795.0,806.0],[795.0,807.0],[795.5,807.0]]],[[[791.0,792.5],[790.0,793.0],[791.0,793.0],[791.0,792.5]]],[[[789.0,798.0],[784.0,797.5454545454545],[784.0,798.0],[789.0,798.0]]],[[[777.5,796.0],[777.0,795.0],[777.0,796.0],[777.5,796.0]]],[[[760.0,794.0],[759.5,795.0],[760.0,795.0],[760.0,794.0]]],[[[745.5,796.0],[745.0,795.0],[745.0,796.0],[745.5,796.0]]],[[[740.0,791.0],[739.5,792.0],[740.0,792.0],[740.0,791.0]]],[[[729.0,789.5],[731.0,789.0],[729.0,789.0],[729.0,789.5]]],[[[731.0,789.0],[731.5,787.0],[731.0,787.0],[731.0,789.0]]],[[[733.0,784.5],[734.0,784.0],[733.0,784.0],[733.0,784.5]]],[[[740.0,781.0],[740.5,780.0],[740.0,780.0],[740.0,781.0]]],[[[755.5,781.0],[756.0,782.0],[756.0,781.0],[755.5,781.0]]],[[[753.5,778.0],[753.0,777.0],[753.0,778.0],[753.5,778.0]]],[[[748.5,774.0],[748.0,773.0],[748.0,774.0],[748.5,774.0]]],[[[743.5,771.0],[743.0,770.0],[743.0,771.0],[743.5,771.0]]],[[[739.0,771.0],[740.0,771.5],[740.0,771.0],[739.0,771.0]]],[[[740.0,774.5],[739.0,775.0],[740.0,775.0],[740.0,774.5]]],[[[734.5,774.0],[734.0,773.0],[734.0,774.0],[734.5,774.0]]],[[[730.5,771.0],[730.0,770.0],[730.0,771.0],[730.5,771.0]]],[[[727.5,769.0],[727.0,768.0],[727.0,769.0],[727.5,769.0]]],[[[723.5,767.0],[723.0,766.0],[723.0,767.0],[723.5,767.0]]],[[[720.5,762.0],[720.0,759.0],[720.0,762.0],[720.5,762.0]]],[[[718.0,757.0],[718.5,756.0],[718.0,756.0],[718.0,757.0]]],[[[721.0,738.5],[722.0,738.0],[721.0,738.0],[721.0,738.5]]],[[[717.5,736.0],[717.0,735.0],[717.0,736.0],[717.5,736.0]]],[[[710.5,733.0],[710.0,732.0],[710.0,733.0],[710.5,733.0]]],[[[699.0,729.0],[698.5,730.0],[699.0,730.0],[699.0,729.0]]],[[[689.0,729.0],[688.0,728.5],[688.0,729.0],[689.0,729.0]]],[[[687.0,710.5],[688.0,710.0],[687.0,710.0],[687.0,710.5]]],[[[692.5,707.0],[692.0,706.0],[692.0,707.0],[692.5,707.0]]],[[[689.0,685.5],[690.0,685.0],[689.0,685.0],[689.0,685.5]]],[[[691.0,680.5],[692.0,680.0],[691.0,680.0],[691.0,680.5]]],[[[701.5,678.0],[701.0,677.0],[701.0,678.0],[701.5,678.0]]],[[[701.0,677.0],[699.0,676.5],[699.0,677.0],[701.0,677.0]]],[[[682.0,682.0],[681.5,683.0],[682.0,683.0],[682.0,682.0]]],[[[667.5,685.0],[667.0,684.0],[667.0,685.0],[667.5,685.0]]],[[[667.0,684.0],[664.0,683.5],[664.0,684.0],[667.0,684.0]]],[[[654.0,678.0],[653.0,677.5],[653.0,678.0],[654.0,678.0]]],[[[652.0,677.0],[651.5,678.0],[652.0,678.0],[652.0,677.0]]],[[[640.0,674.5],[641.0,674.0],[640.0,674.0],[640.0,674.5]]],[[[635.0,673.0],[634.5,674.0],[635.0,674.0],[635.0,673.0]]],[[[634.0,675.0],[633.0,674.5],[633.0,675.0],[634.0,675.0]]],[[[628.5,674.0],[628.0,673.0],[628.0,674.0],[628.5,674.0]]],[[[626.0,672.0],[625.5,673.0],[626.0,673.0],[626.0,672.0]]],[[[625.0,674.0],[624.5,675.0],[625.0,675.0],[625.0,674.0]]],[[[621.0,679.0],[622.0,679.5],[622.0,679.0],[621.0,679.0]]],[[[623.0,685.5],[622.0,686.0],[623.0,686.0],[623.0,685.5]]],[[[615.0,688.0],[614.5,689.0],[615.0,689.0],[615.0,688.0]]],[[[615.0,697.0],[614.5,698.0],[615.0,698.0],[615.0,697.0]]],[[[612.0,699.5],[610.0,700.0],[612.0,700.0],[612.0,699.5]]],[[[596.0,704.0],[595.5,705.0],[596.0,705.0],[596.0,704.0]]],[[[595.0,706.0],[594.5,707.0],[595.0,707.0],[595.0,706.0]]],[[[594.0,708.0],[593.5,709.0],[594.0,709.0],[594.0,708.0]]],[[[588.0,709.0],[587.5,710.0],[588.0,710.0],[588.0,709.0]]],[[[586.0,712.0],[585.0,711.5],[585.0,712.0],[586.0,712.0]]],[[[583.0,707.0],[580.0,706.5],[580.0,707.0],[583.0,707.0]]],[[[576.5,705.0],[576.0,704.0],[576.0,705.0],[576.5,705.0]]],[[[573.0,690.5],[572.0,691.0],[573.0,691.0],[573.0,690.5]]],[[[570.0,697.5],[569.0,698.0],[570.0,698.0],[570.0,697.5]]],[[[569.0,699.0],[567.0,698.5],[567.0,699.0],[569.0,699.0]]],[[[565.0,698.0],[564.5,699.0],[565.0,699.0],[565.0,698.0]]],[[[552.5,705.0],[553.0,706.0],[553.0,705.0],[552.5,705.0]]],[[[552.0,716.0],[551.0,715.5],[551.0,716.0],[552.0,716.0]]],[[[547.5,713.0],[547.0,712.0],[547.0,713.0],[547.5,713.0]]],[[[546.0,712.5],[545.0,713.0],[546.0,713.0],[546.0,712.5]]],[[[542.5,712.0],[542.0,711.0],[542.0,712.0],[542.5,712.0]]],[[[536.0,711.0],[535.5,712.0],[536.0,712.0],[536.0,711.0]]],[[[531.0,715.5],[530.0,716.0],[531.0,716.0],[531.0,715.5]]],[[[529.0,718.0],[528.0,717.5],[528.0,718.0],[529.0,718.0]]],[[[526.0,719.5],[525.0,720.0],[526.0,720.0],[526.0,719.5]]],[[[522.0,721.5],[519.0,722.0],[522.0,722.0],[522.0,721.5]]],[[[514.0,717.0],[513.0,716.5],[513.0,717.0],[514.0,717.0]]],[[[506.0,716.5],[504.0,717.0],[506.0,717.0],[506.0,716.5]]],[[[504.5,718.0],[505.0,719.0],[505.0,718.0],[504.5,718.0]]],[[[503.0,721.5],[502.0,722.0],[503.0,722.0],[503.0,721.5]]],[[[501.0,727.5],[500.0,728.0],[501.0,728.0],[501.0,727.5]]],[[[497.5,728.0],[497.0,727.0],[497.0,728.0],[497.5,728.0]]],[[[496.0,727.5],[495.0,728.0],[496.0,728.0],[496.0,727.5]]],[[[494.5,727.0],[494.0,726.0],[494.0,727.0],[494.5,727.0]]],[[[489.5,724.0],[489.0,723.0],[489.0,724.0],[489.5,724.0]]],[[[490.5,735.0],[491.0,736.0],[491.0,735.0],[490.5,735.0]]],[[[488.0,742.5],[486.0,743.0],[488.0,743.0],[488.0,742.5]]],[[[486.0,743.0],[485.5,744.0],[486.0,744.0],[486.0,743.0]]],[[[482.5,744.0],[482.0,743.0],[482.0,744.0],[482.5,744.0]]],[[[462.5,742.0],[462.0,741.0],[462.0,742.0],[462.5,742.0]]],[[[457.5,740.0],[457.0,739.0],[457.0,740.0],[457.5,740.0]]],[[[457.0,737.5],[458.0,737.0],[457.0,737.0],[457.0,737.5]]],[[[458.0,733.0],[457.0,732.5],[457.0,733.0],[458.0,733.0]]],[[[456.0,732.0],[455.0,731.5],[455.0,732.0],[456.0,732.0]]],[[[455.0,726.0],[454.0,725.5],[454.0,726.0],[455.0,726.0]]],[[[453.0,725.0],[452.5,726.0],[453.0,726.0],[453.0,725.0]]],[[[449.0,727.0],[448.5,728.0],[449.0,728.0],[449.0,727.0]]],[[[442.5,736.0],[443.0,737.0],[443.0,736.0],[442.5,736.0]]],[[[443.0,741.0],[444.0,741.5],[444.0,741.0],[443.0,741.0]]],[[[422.0,752.5],[421.0,753.0],[422.0,753.0],[422.0,752.5]]],[[[415.5,753.0],[415.0,752.0],[415.0,753.0],[415.5,753.0]]],[[[413.0,748.0],[412.0,747.5],[412.0,748.0],[413.0,748.0]]],[[[410.0,746.0],[409.5,747.0],[410.0,747.0],[410.0,746.0]]],[[[406.0,753.5],[405.0,754.0],[406.0,754.0],[406.0,753.5]]],[[[393.5,752.0],[393.0,751.0],[393.0,752.0],[393.5,752.0]]],[[[392.0,749.0],[391.0,748.5],[391.0,749.0],[392.0,749.0]]],[[[385.5,747.0],[385.0,746.0],[385.0,747.0],[385.5,747.0]]],[[[374.0,727.5],[375.0,727.0],[374.0,727.0],[374.0,727.5]]],[[[378.0,726.0],[378.5,725.0],[378.0,725.0],[378.0,726.0]]],[[[379.5,723.0],[379.0,722.0],[379.0,723.0],[379.5,723.0]]],[[[377.0,722.0],[376.5,723.0],[377.0,723.0],[377.0,722.0]]],[[[372.0,724.0],[371.5,725.0],[372.0,725.0],[372.0,724.0]]],[[[369.0,733.5],[368.0,734.0],[369.0,734.0],[369.0,733.5]]],[[[368.0,745.5],[367.0,746.0],[368.0,746.0],[368.0,745.5]]],[[[365.0,747.5],[363.0,748.0],[365.0,748.0],[365.0,747.5]]],[[[339.5,748.0],[340.0,749.0],[340.0,748.0],[339.5,748.0]]],[[[348.0,751.0],[348.5,750.0],[348.0,750.0],[348.0,751.0]]],[[[353.0,750.0],[352.5,753.0],[353.0,753.0],[353.0,750.0]]],[[[347.0,762.0],[346.5,763.0],[347.0,763.0],[347.0,762.0]]],[[[338.0,767.5],[332.0,768.0],[338.0,768.0],[338.0,767.5]]],[[[328.0,768.0],[327.5,769.0],[328.0,769.0],[328.0,768.0]]],[[[321.5,768.0],[321.0,767.0],[321.0,768.0],[321.5,768.0]]],[[[314.0,765.0],[313.5,766.0],[314.0,766.0],[314.0,765.0]]],[[[304.5,767.0],[304.0,766.0],[304.0,767.0],[304.5,767.0]]],[[[297.0,758.5],[298.0,758.0],[297.0,758.0],[297.0,758.5]]],[[[299.0,757.5],[300.0,757.0],[299.0,757.0],[299.0,757.5]]],[[[300.0,753.5],[301.0,753.0],[300.0,753.0],[300.0,753.5]]],[[[307.0,748.5],[308.0,748.0],[307.0,748.0],[307.0,748.5]]],[[[294.5,744.0],[294.0,743.0],[294.0,744.0],[294.5,744.0]]],[[[291.0,743.0],[290.5,744.0],[291.0,744.0],[291.0,743.0]]],[[[277.0,733.5],[278.0,733.0],[277.0,733.0],[277.0,733.5]]],[[[284.0,724.5],[285.0,724.0],[284.0,724.0],[284.0,724.5]]],[[[287.0,717.0],[287.5,716.0],[287.0,716.0],[287.0,717.0]]],[[[309.0,711.5],[310.0,711.0],[309.0,711.0],[309.0,711.5]]],[[[309.0,700.5],[310.0,700.0],[309.0,700.0],[309.0,700.5]]],[[[312.5,700.0],[313.0,701.0],[313.0,700.0],[312.5,700.0]]],[[[317.0,696.5],[318.0,696.0],[317.0,696.0],[317.0,696.5]]],[[[327.0,679.5],[329.0,679.0],[327.0,679.0],[327.0,679.5]]],[[[335.0,659.0],[335.5,658.0],[335.0,658.0],[335.0,659.0]]],[[[340.5,656.0],[341.0,657.0],[341.0,656.0],[340.5,656.0]]],[[[343.0,653.5],[344.0,653.0],[343.0,653.0],[343.0,653.5]]],[[[355.0,648.5],[356.0,648.0],[355.0,648.0],[355.0,648.5]]],[[[357.0,644.5],[358.0,644.0],[357.0,644.0],[357.0,644.5]]],[[[362.0,638.5],[363.0,638.0],[362.0,638.0],[362.0,638.5]]],[[[374.0,635.5],[375.0,635.0],[374.0,635.0],[374.0,635.5]]],[[[388.0,630.0],[388.5,629.0],[388.0,629.0],[388.0,630.0]]],[[[388.5,624.0],[388.0,623.0],[388.0,624.0],[388.5,624.0]]],[[[387.0,622.0],[386.0,621.5],[386.0,622.0],[387.0,622.0]]],[[[380.5,618.0],[380.0,617.0],[380.0,618.0],[380.5,618.0]]],[[[367.5,616.0],[367.0,615.0],[367.0,616.0],[367.5,616.0]]],[[[365.0,614.0],[365.5,613.0],[365.0,613.0],[365.0,614.0]]],[[[355.5,612.0],[355.0,611.0],[355.0,612.0],[355.5,612.0]]],[[[351.5,609.0],[351.0,608.0],[351.0,609.0],[351.5,609.0]]],[[[350.0,606.0],[349.0,605.5],[349.0,606.0],[350.0,606.0]]],[[[346.0,593.5],[347.0,593.0],[346.0,593.0],[346.0,593.5]]],[[[341.0,589.0],[341.5,588.0],[341.0,588.0],[341.0,589.0]]],[[[339.5,584.0],[339.0,583.0],[339.0,584.0],[339.5,584.0]]],[[[331.5,583.0],[331.0,582.0],[331.0,583.0],[331.5,583.0]]],[[[328.5,581.0],[328.0,580.0],[328.0,581.0],[328.5,581.0]]],[[[328.0,575.5],[329.0,575.0],[328.0,575.0],[328.0,575.5]]],[[[328.0,568.0],[327.0,567.5],[327.0,568.0],[328.0,568.0]]],[[[321.0,562.0],[320.5,563.0],[321.0,563.0],[321.0,562.0]]],[[[303.0,554.0],[302.0,553.5],[302.0,554.0],[303.0,554.0]]],[[[296.0,541.5],[297.0,541.0],[296.0,541.0],[296.0,541.5]]],[[[297.0,535.5],[298.0,535.0],[297.0,535.0],[297.0,535.5]]],[[[293.5,532.0],[293.0,531.0],[293.0,532.0],[293.5,532.0]]],[[[280.5,534.0],[280.0,533.0],[280.0,534.0],[280.5,534.0]]],[[[276.0,530.0],[276.5,527.0],[276.0,527.0],[276.0,530.0]]],[[[277.5,519.0],[277.0,518.0],[277.0,519.0],[277.5,519.0]]],[[[272.5,513.0],[272.0,512.0],[272.0,513.0],[272.5,513.0]]],[[[268.0,511.5],[265.0,512.0],[268.0,512.0],[268.0,511.5]]],[[[264.5,511.0],[264.0,510.0],[264.0,511.0],[264.5,511.0]]],[[[259.0,506.0],[258.5,507.0],[259.0,507.0],[259.0,506.0]]],[[[256.0,508.0],[255.5,509.0],[256.0,509.0],[256.0,508.0]]],[[[248.5,511.0],[248.0,510.0],[248.0,511.0],[248.5,511.0]]],[[[244.0,508.5],[243.0,509.0],[244.0,509.0],[244.0,508.5]]],[[[237.0,506.0],[237.5,505.0],[237.0,505.0],[237.0,506.0]]],[[[240.0,502.0],[239.0,501.5],[239.0,502.0],[240.0,502.0]]],[[[233.0,492.5],[234.0,492.0],[233.0,492.0],[233.0,492.5]]],[[[247.5,480.0],[248.0,481.0],[248.0,480.0],[247.5,480.0]]],[[[252.5,481.0],[253.0,482.0],[253.0,481.0],[252.5,481.0]]],[[[265.5,490.0],[266.0,491.0],[266.0,490.0],[265.5,490.0]]],[[[267.0,490.5],[268.0,490.0],[267.0,490.0],[267.0,490.5]]],[[[265.0,487.0],[265.5,486.0],[265.0,486.0],[265.0,487.0]]],[[[266.5,484.0],[266.0,483.0],[266.0,484.0],[266.5,484.0]]],[[[259.5,482.0],[259.0,481.0],[259.0,482.0],[259.5,482.0]]],[[[259.0,476.0],[259.5,475.0],[259.0,475.0],[259.0,476.0]]],[[[261.0,468.0],[260.0,467.5],[260.0,468.0],[261.0,468.0]]],[[[258.0,466.0],[258.5,465.0],[258.0,465.0],[258.0,466.0]]],[[[261.0,462.0],[262.0,462.5],[262.0,462.0],[261.0,462.0]]],[[[268.5,464.0],[269.0,465.0],[269.0,464.0],[268.5,464.0]]],[[[277.5,470.0],[278.0,471.0],[278.0,470.0],[277.5,470.0]]],[[[279.0,471.0],[278.5,472.0],[279.0,472.0],[279.0,471.0]]],[[[279.0,479.0],[279.5,478.0],[279.0,478.0],[279.0,479.0]]],[[[290.5,477.0],[291.0,478.0],[291.0,477.0],[290.5,477.0]]],[[[294.5,480.0],[295.0,481.0],[295.0,480.0],[294.5,480.0]]],[[[299.0,478.0],[298.0,477.5],[298.0,478.0],[299.0,478.0]]],[[[296.0,476.0],[296.5,475.0],[296.0,475.0],[296.0,476.0]]],[[[300.0,473.0],[300.5,472.0],[300.0,472.0],[300.0,473.0]]],[[[306.0,470.0],[306.5,469.0],[306.0,469.0],[306.0,470.0]]],[[[309.5,468.0],[310.0,469.0],[310.0,468.0],[309.5,468.0]]],[[[311.0,469.0],[310.5,470.0],[311.0,470.0],[311.0,469.0]]],[[[321.0,473.5],[322.0,473.0],[321.0,473.0],[321.0,473.5]]],[[[326.5,474.0],[327.0,475.0],[327.0,474.0],[326.5,474.0]]],[[[328.0,477.0],[329.0,477.5],[329.0,477.0],[328.0,477.0]]],[[[329.0,481.0],[330.0,481.5],[330.0,481.0],[329.0,481.0]]],[[[331.0,485.0],[332.0,485.5],[332.0,485.0],[331.0,485.0]]],[[[333.0,490.5],[332.0,491.0],[333.0,491.0],[333.0,490.5]]],[[[334.0,500.0],[335.0,500.5],[335.0,500.0],[334.0,500.0]]],[[[351.0,503.0],[350.0,502.5],[350.0,503.0],[351.0,503.0]]],[[[349.0,502.0],[349.5,501.0],[349.0,501.0],[349.0,502.0]]],[[[349.0,499.0],[348.0,498.5],[348.0,499.0],[349.0,499.0]]],[[[356.5,495.0],[357.0,496.0],[357.0,495.0],[356.5,495.0]]],[[[363.0,498.0],[363.5,497.0],[363.0,497.0],[363.0,498.0]]],[[[369.5,497.0],[370.0,498.0],[370.0,497.0],[369.5,497.0]]],[[[374.0,501.0],[375.0,501.5],[375.0,501.0],[374.0,501.0]]],[[[377.0,506.0],[378.0,506.5],[378.0,506.0],[377.0,506.0]]],[[[382.0,503.5],[383.0,503.0],[382.0,503.0],[382.0,503.5]]],[[[381.0,498.0],[380.0,497.5],[380.0,498.0],[381.0,498.0]]],[[[382.0,494.0],[382.5,493.0],[382.0,493.0],[382.0,494.0]]],[[[384.5,493.0],[385.0,494.0],[385.0,493.0],[384.5,493.0]]],[[[387.0,492.5],[388.0,492.0],[387.0,492.0],[387.0,492.5]]],[[[396.0,491.0],[396.5,490.0],[396.0,490.0],[396.0,491.0]]],[[[397.0,489.0],[399.0,489.5],[399.0,489.0],[397.0,489.0]]],[[[404.0,494.0],[405.0,494.5],[405.0,494.0],[404.0,494.0]]],[[[406.0,495.0],[405.5,496.0],[406.0,496.0],[406.0,495.0]]],[[[405.0,499.5],[406.0,499.0],[405.0,499.0],[405.0,499.5]]],[[[406.0,500.0],[407.0,500.5],[407.0,500.0],[406.0,500.0]]],[[[414.5,506.0],[415.0,507.0],[415.0,506.0],[414.5,506.0]]],[[[425.5,505.0],[426.0,506.0],[426.0,505.0],[425.5,505.0]]],[[[432.0,502.0],[431.0,501.5],[431.0,502.0],[432.0,502.0]]],[[[434.0,495.5],[435.0,495.0],[434.0,495.0],[434.0,495.5]]],[[[435.0,496.0],[436.0,496.5],[436.0,496.0],[435.0,496.0]]],[[[443.0,505.0],[444.0,505.5],[444.0,505.0],[443.0,505.0]]],[[[452.0,506.5],[453.0,506.0],[452.0,506.0],[452.0,506.5]]],[[[453.5,507.0],[454.0,508.0],[454.0,507.0],[453.5,507.0]]],[[[454.5,509.0],[455.0,510.0],[455.0,509.0],[454.5,509.0]]],[[[470.0,514.5],[471.0,514.0],[470.0,514.0],[470.0,514.5]]],[[[476.0,511.0],[476.5,510.0],[476.0,510.0],[476.0,511.0]]],[[[479.5,509.0],[479.0,508.0],[479.0,509.0],[479.5,509.0]]],[[[489.0,500.0],[489.5,499.0],[489.0,499.0],[489.0,500.0]]],[[[499.0,489.5],[500.0,489.0],[499.0,489.0],[499.0,489.5]]],[[[508.0,482.0],[508.5,481.0],[508.0,481.0],[508.0,482.0]]],[[[529.0,473.0],[529.5,472.0],[529.0,472.0],[529.0,473.0]]],[[[530.0,471.0],[530.5,470.0],[530.0,470.0],[530.0,471.0]]],[[[536.0,476.0],[535.5,477.0],[536.0,477.0],[536.0,476.0]]],[[[531.0,480.5],[530.0,481.0],[531.0,481.0],[531.0,480.5]]],[[[536.5,485.0],[537.0,486.0],[537.0,485.0],[536.5,485.0]]],[[[534.0,488.5],[533.0,489.0],[534.0,489.0],[534.0,488.5]]],[[[532.0,496.0],[532.5,495.0],[532.0,495.0],[532.0,496.0]]],[[[540.0,488.0],[542.0,488.5],[542.0,488.0],[540.0,488.0]]],[[[544.5,490.0],[545.0,491.0],[545.0,490.0],[544.5,490.0]]],[[[556.5,494.0],[557.0,495.0],[557.0,494.0],[556.5,494.0]]],[[[564.0,496.0],[564.5,495.0],[564.0,495.0],[564.0,496.0]]],[[[552.0,482.0],[551.5,483.0],[552.0,483.0],[552.0,482.0]]],[[[547.0,479.0],[546.0,478.5],[546.0,479.0],[547.0,479.0]]],[[[555.0,465.0],[555.5,464.0],[555.0,464.0],[555.0,465.0]]],[[[566.0,465.0],[567.0,465.5],[567.0,465.0],[566.0,465.0]]],[[[568.0,466.0],[567.5,469.0],[568.0,469.0],[568.0,466.0]]],[[[568.0,474.0],[569.0,474.5],[569.0,474.0],[568.0,474.0]]],[[[570.0,483.0],[571.0,483.5],[571.0,483.0],[570.0,483.0]]],[[[579.5,497.0],[580.0,498.0],[580.0,497.0],[579.5,497.0]]],[[[589.0,494.5],[590.0,494.0],[589.0,494.0],[589.0,494.5]]],[[[589.5,493.0],[589.0,492.0],[589.0,493.0],[589.5,493.0]]],[[[590.0,491.5],[591.0,491.0],[590.0,491.0],[590.0,491.5]]],[[[589.5,478.0],[589.0,477.0],[589.0,478.0],[589.5,478.0]]],[[[577.0,476.0],[577.5,475.0],[577.0,475.0],[577.0,476.0]]],[[[583.0,471.0],[582.0,470.5],[582.0,471.0],[583.0,471.0]]],[[[586.0,466.0],[589.0,466.5],[589.0,466.0],[586.0,466.0]]],[[[599.0,470.0],[599.5,469.0],[599.0,469.0],[599.0,470.0]]],[[[603.0,469.0],[603.5,468.0],[603.0,468.0],[603.0,469.0]]],[[[604.0,467.0],[604.5,466.0],[604.0,466.0],[604.0,467.0]]],[[[612.0,467.0],[612.5,466.0],[612.0,466.0],[612.0,467.0]]],[[[617.5,474.0],[618.0,475.0],[618.0,474.0],[617.5,474.0]]],[[[624.0,473.5],[625.0,473.0],[624.0,473.0],[624.0,473.5]]],[[[625.0,473.0],[625.5,470.0],[625.0,470.0],[625.0,473.0]]],[[[627.0,466.5],[628.0,466.0],[627.0,466.0],[627.0,466.5]]],[[[629.5,466.0],[630.0,467.0],[630.0,466.0],[629.5,466.0]]],[[[631.0,469.0],[632.0,469.5],[632.0,469.0],[631.0,469.0]]],[[[637.5,476.0],[638.0,477.0],[638.0,476.0],[637.5,476.0]]],[[[639.0,477.0],[639.5,476.0],[639.0,476.0],[639.0,477.0]]],[[[638.0,471.5],[639.0,471.0],[638.0,471.0],[638.0,471.5]]],[[[641.5,469.0],[641.0,468.0],[641.0,469.0],[641.5,469.0]]],[[[643.0,462.5],[644.0,462.0],[643.0,462.0],[643.0,462.5]]],[[[644.0,461.0],[646.0,461.5],[646.0,461.0],[644.0,461.0]]],[[[648.0,462.0],[648.5,461.0],[648.0,461.0],[648.0,462.0]]],[[[652.5,460.0],[653.0,461.0],[653.0,460.0],[652.5,460.0]]],[[[651.5,456.0],[651.0,455.0],[651.0,456.0],[651.5,456.0]]],[[[648.0,451.0],[647.0,450.5],[647.0,451.0],[648.0,451.0]]],[[[645.0,448.0],[645.5,447.0],[645.0,447.0],[645.0,448.0]]],[[[653.0,447.0],[653.5,446.0],[653.0,446.0],[653.0,447.0]]],[[[659.5,443.0],[660.0,444.0],[660.0,443.0],[659.5,443.0]]],[[[658.5,440.0],[658.0,439.0],[658.0,440.0],[658.5,440.0]]],[[[657.0,436.0],[656.0,435.5],[656.0,436.0],[657.0,436.0]]],[[[652.5,432.0],[652.0,431.0],[652.0,432.0],[652.5,432.0]]],[[[650.0,430.0],[650.5,429.0],[650.0,429.0],[650.0,430.0]]],[[[651.0,428.0],[651.5,427.0],[651.0,427.0],[651.0,428.0]]],[[[658.0,421.0],[657.0,420.5],[657.0,421.0],[658.0,421.0]]],[[[656.0,416.5],[657.0,416.0],[656.0,416.0],[656.0,416.5]]],[[[661.0,409.0],[660.0,408.5],[660.0,409.0],[661.0,409.0]]],[[[658.0,404.5],[659.0,404.0],[658.0,404.0],[658.0,404.5]]],[[[666.5,404.0],[667.0,405.0],[667.0,404.0],[666.5,404.0]]],[[[674.0,404.0],[673.0,403.5],[673.0,404.0],[674.0,404.0]]],[[[671.0,395.5],[672.0,395.0],[671.0,395.0],[671.0,395.5]]],[[[675.0,392.5],[677.0,392.0],[675.0,392.0],[675.0,392.5]]],[[[679.5,392.0],[680.0,393.0],[680.0,392.0],[679.5,392.0]]],[[[686.0,398.5],[685.0,399.0],[686.0,399.0],[686.0,398.5]]],[[[691.0,396.5],[692.0,396.0],[691.0,396.0],[691.0,396.5]]],[[[691.0,392.0],[690.0,391.5],[690.0,392.0],[691.0,392.0]]],[[[690.0,389.5],[691.0,389.0],[690.0,389.0],[690.0,389.5]]],[[[686.5,372.0],[686.0,371.0],[686.0,372.0],[686.5,372.0]]],[[[688.0,370.0],[688.5,369.0],[688.0,369.0],[688.0,370.0]]],[[[691.0,368.0],[691.5,367.0],[691.0,367.0],[691.0,368.0]]],[[[701.0,365.0],[701.5,363.0],[701.0,363.0],[701.0,365.0]]],[[[703.0,360.5],[704.0,360.0],[703.0,360.0],[703.0,360.5]]],[[[699.0,355.0],[698.0,354.5],[698.0,355.0],[699.0,355.0]]],[[[697.0,354.0],[697.5,353.0],[697.0,353.0],[697.0,354.0]]],[[[716.0,344.0],[717.0,344.5],[717.0,344.0],[716.0,344.0]]],[[[718.0,345.0],[719.0,345.5],[719.0,345.0],[718.0,345.0]]],[[[721.0,349.0],[722.0,349.5],[722.0,349.0],[721.0,349.0]]],[[[723.0,353.0],[724.0,353.5],[724.0,353.0],[723.0,353.0]]],[[[724.0,355.5],[723.0,356.0],[724.0,356.0],[724.0,355.5]]],[[[723.0,356.0],[722.5,358.0],[723.0,358.0],[723.0,356.0]]],[[[727.0,362.0],[727.5,361.0],[727.0,361.0],[727.0,362.0]]],[[[733.0,358.0],[733.5,357.0],[733.0,357.0],[733.0,358.0]]],[[[737.0,357.0],[738.0,357.5],[738.0,357.0],[737.0,357.0]]],[[[745.0,364.0],[745.5,363.0],[745.0,363.0],[745.0,364.0]]],[[[748.0,362.0],[748.5,361.0],[748.0,361.0],[748.0,362.0]]],[[[754.0,363.0],[753.5,364.0],[754.0,364.0],[754.0,363.0]]],[[[753.5,370.0],[754.0,371.0],[754.0,370.0],[753.5,370.0]]],[[[752.0,372.0],[751.5,373.0],[752.0,373.0],[752.0,372.0]]],[[[740.5,381.0],[741.0,382.0],[741.0,381.0],[740.5,381.0]]],[[[749.5,383.0],[750.0,384.0],[750.0,383.0],[749.5,383.0]]],[[[748.0,385.0],[747.5,386.0],[748.0,386.0],[748.0,385.0]]],[[[741.0,393.0],[740.5,394.0],[741.0,394.0],[741.0,393.0]]],[[[738.5,397.0],[739.0,398.0],[739.0,397.0],[738.5,397.0]]],[[[748.0,398.0],[748.5,397.0],[748.0,397.0],[748.0,398.0]]],[[[755.5,393.0],[755.0,392.0],[755.0,393.0],[755.5,393.0]]],[[[757.0,391.0],[757.5,390.0],[757.0,390.0],[757.0,391.0]]],[[[766.0,395.0],[767.0,395.5],[767.0,395.0],[766.0,395.0]]],[[[770.0,392.5],[771.0,392.0],[770.0,392.0],[770.0,392.5]]],[[[772.0,389.5],[773.0,389.0],[772.0,389.0],[772.0,389.5]]],[[[781.0,368.0],[781.5,367.0],[781.0,367.0],[781.0,368.0]]],[[[787.0,364.5],[788.0,364.0],[787.0,364.0],[787.0,364.5]]],[[[796.5,352.0],[797.0,353.0],[797.0,352.0],[796.5,352.0]]],[[[803.0,354.0],[804.0,354.5],[804.0,354.0],[803.0,354.0]]],[[[805.0,357.0],[806.0,357.5],[806.0,357.0],[805.0,357.0]]],[[[809.5,365.0],[810.0,366.0],[810.0,365.0],[809.5,365.0]]],[[[816.0,365.0],[818.0,365.5],[818.0,365.0],[816.0,365.0]]],[[[820.0,367.0],[821.0,367.5],[821.0,367.0],[820.0,367.0]]],[[[822.0,370.0],[823.0,370.5],[823.0,370.0],[822.0,370.0]]],[[[825.5,376.0],[826.0,377.0],[826.0,376.0],[825.5,376.0]]],[[[827.0,373.0],[826.0,372.5],[826.0,373.0],[827.0,373.0]]],[[[828.0,366.5],[829.0,366.0],[828.0,366.0],[828.0,366.5]]],[[[828.5,365.0],[828.0,364.0],[828.0,365.0],[828.5,365.0]]],[[[829.0,363.5],[830.0,363.0],[829.0,363.0],[829.0,363.5]]],[[[830.0,362.0],[829.0,361.5],[829.0,362.0],[830.0,362.0]]],[[[829.0,353.0],[829.5,352.0],[829.0,352.0],[829.0,353.0]]],[[[832.0,348.0],[832.5,347.0],[832.0,347.0],[832.0,348.0]]],[[[837.5,344.0],[837.0,343.0],[837.0,344.0],[837.5,344.0]]],[[[838.0,343.0],[838.5,342.0],[838.0,342.0],[838.0,343.0]]],[[[838.0,340.0],[837.0,339.5],[837.0,340.0],[838.0,340.0]]],[[[839.0,333.5],[840.0,333.0],[839.0,333.0],[839.0,333.5]]],[[[833.5,325.0],[833.0,324.0],[833.0,325.0],[833.5,325.0]]],[[[825.5,322.0],[825.0,321.0],[825.0,322.0],[825.5,322.0]]],[[[836.0,314.0],[836.5,313.0],[836.0,313.0],[836.0,314.0]]],[[[839.0,311.0],[840.0,311.5],[840.0,311.0],[839.0,311.0]]],[[[845.0,312.5],[846.0,312.0],[845.0,312.0],[845.0,312.5]]],[[[846.0,310.0],[845.0,309.5],[845.0,310.0],[846.0,310.0]]],[[[844.0,309.0],[844.5,307.0],[844.0,307.0],[844.0,309.0]]],[[[845.0,305.0],[844.0,304.5],[844.0,305.0],[845.0,305.0]]],[[[847.5,302.0],[848.0,303.0],[848.0,302.0],[847.5,302.0]]],[[[862.5,307.0],[863.0,308.0],[863.0,307.0],[862.5,307.0]]],[[[873.0,306.0],[873.5,305.0],[873.0,305.0],[873.0,306.0]]],[[[875.5,305.0],[876.0,306.0],[876.0,305.0],[875.5,305.0]]],[[[879.0,303.0],[881.0,303.5],[881.0,303.0],[879.0,303.0]]],[[[890.0,297.0],[890.5,295.0],[890.0,295.0],[890.0,297.0]]],[[[892.0,292.5],[893.0,292.0],[892.0,292.0],[892.0,292.5]]],[[[895.0,287.0],[895.5,286.0],[895.0,286.0],[895.0,287.0]]],[[[896.0,285.0],[897.0,285.5],[897.0,285.0],[896.0,285.0]]],[[[899.5,289.0],[900.0,290.0],[900.0,289.0],[899.5,289.0]]],[[[900.0,290.0],[902.0,290.5],[902.0,290.0],[900.0,290.0]]],[[[906.0,279.5],[907.0,279.0],[906.0,279.0],[906.0,279.5]]],[[[908.0,277.0],[908.5,276.0],[908.0,276.0],[908.0,277.0]]],[[[911.0,275.5],[912.0,275.0],[911.0,275.0],[911.0,275.5]]],[[[909.0,264.5],[910.0,264.0],[909.0,264.0],[909.0,264.5]]],[[[911.0,261.5],[912.0,261.0],[911.0,261.0],[911.0,261.5]]],[[[913.0,254.0],[914.0,254.5],[914.0,254.0],[913.0,254.0]]],[[[915.0,255.0],[915.5,254.0],[915.0,254.0],[915.0,255.0]]],[[[925.0,254.5],[927.0,254.0],[925.0,254.0],[925.0,254.5]]],[[[927.5,251.0],[927.0,250.0],[927.0,251.0],[927.5,251.0]]],[[[931.0,247.0],[931.5,246.0],[931.0,246.0],[931.0,247.0]]],[[[934.0,244.5],[936.0,244.0],[934.0,244.0],[934.0,244.5]]],[[[936.0,244.0],[936.5,243.0],[936.0,243.0],[936.0,244.0]]],[[[941.0,239.0],[941.5,238.0],[941.0,238.0],[941.0,239.0]]],[[[944.0,238.0],[945.0,238.5],[945.0,238.0],[944.0,238.0]]],[[[953.5,246.0],[954.0,247.0],[954.0,246.0],[953.5,246.0]]],[[[957.0,244.0],[961.0,244.5],[961.0,244.0],[957.0,244.0]]],[[[967.0,248.0],[968.0,248.5],[968.0,248.0],[967.0,248.0]]],[[[970.5,252.0],[971.0,253.0],[971.0,252.0],[970.5,252.0]]],[[[973.0,251.0],[973.5,250.0],[973.0,250.0],[973.0,251.0]]],[[[975.0,247.0],[975.5,246.0],[975.0,246.0],[975.0,247.0]]],[[[986.5,249.0],[987.0,250.0],[987.0,249.0],[986.5,249.0]]],[[[989.0,252.5],[988.0,253.0],[989.0,253.0],[989.0,252.5]]],[[[987.0,256.5],[986.0,257.0],[987.0,257.0],[987.0,256.5]]],[[[991.0,270.0],[990.5,271.0],[991.0,271.0],[991.0,270.0]]],[[[978.0,278.5],[977.0,279.0],[978.0,279.0],[978.0,278.5]]],[[[975.0,294.0],[975.5,292.0],[975.0,292.0],[975.0,294.0]]],[[[980.0,287.0],[980.5,286.0],[980.0,286.0],[980.0,287.0]]],[[[993.0,277.0],[994.0,277.5],[994.0,277.0],[993.0,277.0]]],[[[997.0,282.0],[998.0,282.5],[998.0,282.0],[997.0,282.0]]],[[[999.5,289.0],[1000.0,290.0],[1000.0,289.0],[999.5,289.0]]],[[[1001.0,302.0],[1001.5,301.0],[1001.0,301.0],[1001.0,302.0]]],[[[1010.5,303.0],[1011.0,304.0],[1011.0,303.0],[1010.5,303.0]]],[[[1011.0,304.0],[1015.0,304.5],[1015.0,304.0],[1011.0,304.0]]],[[[1023.0,302.5],[1024.0,302.0],[1023.0,302.0],[1023.0,302.5]]],[[[1025.0,300.0],[1025.5,299.0],[1025.0,299.0],[1025.0,300.0]]],[[[1026.0,298.0],[1027.0,298.5],[1027.0,298.0],[1026.0,298.0]]],[[[1028.0,305.5],[1027.0,306.0],[1028.0,306.0],[1028.0,305.5]]],[[[1026.0,308.0],[1025.5,309.0],[1026.0,309.0],[1026.0,308.0]]],[[[1025.0,313.0],[1026.0,313.5],[1026.0,313.0],[1025.0,313.0]]],[[[1026.0,317.0],[1025.5,318.0],[1026.0,318.0],[1026.0,317.0]]],[[[1023.0,321.0],[1024.0,321.5],[1024.0,321.0],[1023.0,321.0]]],[[[1037.0,324.5],[1038.0,324.0],[1037.0,324.0],[1037.0,324.5]]],[[[1039.0,330.5],[1038.0,331.0],[1039.0,331.0],[1039.0,330.5]]],[[[1037.5,335.0],[1038.0,336.0],[1038.0,335.0],[1037.5,335.0]]],[[[1037.0,336.5],[1036.0,337.0],[1037.0,337.0],[1037.0,336.5]]],[[[1035.0,339.0],[1034.5,340.0],[1035.0,340.0],[1035.0,339.0]]],[[[1030.0,342.5],[1029.0,343.0],[1030.0,343.0],[1030.0,342.5]]],[[[1032.0,345.0],[1032.5,344.0],[1032.0,344.0],[1032.0,345.0]]],[[[1037.0,347.0],[1038.0,347.5],[1038.0,347.0],[1037.0,347.0]]],[[[1041.0,352.0],[1042.0,352.5],[1042.0,352.0],[1041.0,352.0]]],[[[1042.0,354.0],[1041.5,355.0],[1042.0,355.0],[1042.0,354.0]]],[[[1038.0,363.0],[1037.5,364.0],[1038.0,364.0],[1038.0,363.0]]],[[[1029.0,371.0],[1030.0,371.5],[1030.0,371.0],[1029.0,371.0]]],[[[1033.0,370.0],[1033.5,369.0],[1033.0,369.0],[1033.0,370.0]]],[[[1038.0,374.0],[1039.0,374.5],[1039.0,374.0],[1038.0,374.0]]],[[[1040.0,375.0],[1039.5,378.0],[1040.0,378.0],[1040.0,375.0]]],[[[1041.5,383.0],[1042.0,384.0],[1042.0,383.0],[1041.5,383.0]]],[[[1031.0,392.5],[1030.0,393.0],[1031.0,393.0],[1031.0,392.5]]],[[[1025.0,402.0],[1021.0,401.5],[1021.0,402.0],[1025.0,402.0]]],[[[1015.0,401.0],[1014.0,400.5],[1014.0,401.0],[1015.0,401.0]]],[[[1004.0,399.0],[1003.5,400.0],[1004.0,400.0],[1004.0,399.0]]],[[[1009.5,402.0],[1010.0,403.0],[1010.0,402.0],[1009.5,402.0]]],[[[1008.0,404.5],[1007.0,405.0],[1008.0,405.0],[1008.0,404.5]]],[[[996.0,416.0],[995.5,417.0],[996.0,417.0],[996.0,416.0]]],[[[992.0,418.0],[991.5,419.0],[992.0,419.0],[992.0,418.0]]],[[[986.5,419.0],[986.0,418.0],[986.0,419.0],[986.5,419.0]]],[[[986.0,418.0],[984.0,417.5],[984.0,418.0],[986.0,418.0]]],[[[982.0,417.0],[981.5,418.0],[982.0,418.0],[982.0,417.0]]],[[[985.5,422.0],[986.0,423.0],[986.0,422.0],[985.5,422.0]]],[[[989.5,424.0],[990.0,425.0],[990.0,424.0],[989.5,424.0]]],[[[993.0,424.5],[996.0,424.0],[993.0,424.0],[993.0,424.5]]],[[[1000.5,429.0],[1001.0,430.0],[1001.0,429.0],[1000.5,429.0]]],[[[1009.5,432.0],[1010.0,433.0],[1010.0,432.0],[1009.5,432.0]]],[[[1018.0,432.5],[1020.0,432.0],[1018.0,432.0],[1018.0,432.5]]],[[[1021.0,431.0],[1021.5,430.0],[1021.0,430.0],[1021.0,431.0]]],[[[1025.0,431.0],[1026.0,431.5],[1026.0,431.0],[1025.0,431.0]]],[[[1027.0,432.0],[1026.5,433.0],[1027.0,433.0],[1027.0,432.0]]],[[[1032.5,438.0],[1033.0,439.0],[1033.0,438.0],[1032.5,438.0]]],[[[1035.0,440.0],[1036.0,440.5],[1036.0,440.0],[1035.0,440.0]]],[[[1037.0,446.0],[1038.0,446.5],[1038.0,446.0],[1037.0,446.0]]],[[[1037.0,449.0],[1036.5,450.0],[1037.0,450.0],[1037.0,449.0]]],[[[1034.0,451.5],[1032.0,452.0],[1034.0,452.0],[1034.0,451.5]]],[[[1037.0,453.0],[1037.5,452.0],[1037.0,452.0],[1037.0,453.0]]],[[[1042.0,453.0],[1043.0,453.5],[1043.0,453.0],[1042.0,453.0]]],[[[1049.0,468.0],[1050.0,468.5],[1050.0,468.0],[1049.0,468.0]]],[[[1050.0,472.0],[1049.5,473.0],[1050.0,473.0],[1050.0,472.0]]],[[[1036.5,481.0],[1037.0,482.0],[1037.0,481.0],[1036.5,481.0]]],[[[1036.0,482.0],[1035.5,483.0],[1036.0,483.0],[1036.0,482.0]]],[[[1032.0,485.0],[1031.5,486.0],[1032.0,486.0],[1032.0,485.0]]],[[[1025.0,488.0],[1024.5,489.0],[1025.0,489.0],[1025.0,488.0]]],[[[1021.0,490.0],[1020.5,491.0],[1021.0,491.0],[1021.0,490.0]]],[[[1020.0,492.0],[1018.0,491.42857142857144],[1018.0,492.0],[1020.0,492.0]]],[[[1016.5,491.0],[1015.0,490.57142857142856],[1015.0,491.0],[1016.5,491.0]]],[[[1012.0,488.0],[1011.0,487.5],[1011.0,488.0],[1012.0,488.0]]],[[[1002.0,486.0],[1001.5,487.0],[1002.0,487.0],[1002.0,486.0]]],[[[995.0,489.0],[994.5,490.0],[995.0,490.0],[995.0,489.0]]],[[[992.0,491.0],[991.5,492.0],[992.0,492.0],[992.0,491.0]]],[[[980.0,491.0],[979.0,490.5],[979.0,491.0],[980.0,491.0]]],[[[977.5,488.0],[977.0,486.0],[977.0,488.0],[977.5,488.0]]],[[[973.5,489.0],[974.0,490.0],[974.0,489.0],[973.5,489.0]]],[[[976.0,493.0],[977.0,493.5],[977.0,493.0],[976.0,493.0]]],[[[987.5,497.0],[988.0,498.0],[988.0,497.0],[987.5,497.0]]],[[[1002.0,516.5],[1001.0,517.0],[1002.0,517.0],[1002.0,516.5]]],[[[985.5,518.0],[985.0,517.0],[985.0,518.0],[985.5,518.0]]],[[[983.0,517.0],[982.5,518.0],[983.0,518.0],[983.0,517.0]]],[[[970.0,526.0],[969.5,527.0],[970.0,527.0],[970.0,526.0]]],[[[964.0,530.0],[963.5,531.0],[964.0,531.0],[964.0,530.0]]],[[[962.0,537.5],[961.0,538.0],[962.0,538.0],[962.0,537.5]]],[[[957.0,542.0],[956.5,543.0],[957.0,543.0],[957.0,542.0]]],[[[954.0,544.0],[953.5,545.0],[954.0,545.0],[954.0,544.0]]],[[[951.0,546.0],[950.5,547.0],[951.0,547.0],[951.0,546.0]]],[[[947.0,537.0],[946.0,536.5],[946.0,537.0],[947.0,537.0]]],[[[943.0,539.5],[942.0,540.0],[943.0,540.0],[943.0,539.5]]],[[[935.5,543.0],[935.0,542.0],[935.0,543.0],[935.5,543.0]]],[[[932.0,541.5],[930.0,542.0],[932.0,542.0],[932.0,541.5]]],[[[929.5,541.0],[929.0,540.0],[929.0,541.0],[929.5,541.0]]],[[[915.0,540.0],[914.5,541.0],[915.0,541.0],[915.0,540.0]]],[[[914.0,542.0],[913.5,543.0],[914.0,543.0],[914.0,542.0]]],[[[923.5,544.0],[924.0,545.0],[924.0,544.0],[923.5,544.0]]],[[[928.0,546.0],[929.0,546.5],[929.0,546.0],[928.0,546.0]]],[[[929.0,549.5],[928.0,550.0],[929.0,550.0],[929.0,549.5]]],[[[928.0,550.0],[927.5,553.0],[928.0,553.0],[928.0,550.0]]],[[[925.0,557.5],[924.0,558.0],[925.0,558.0],[925.0,557.5]]],[[[919.0,564.5],[918.0,565.0],[919.0,565.0],[919.0,564.5]]],[[[915.0,574.5],[914.0,575.0],[915.0,575.0],[915.0,574.5]]],[[[914.0,575.0],[913.5,577.0],[914.0,577.0],[914.0,575.0]]],[[[910.0,581.0],[909.5,582.0],[910.0,582.0],[910.0,581.0]]],[[[895.0,592.0],[894.5,593.0],[895.0,593.0],[895.0,592.0]]],[[[725.5,739.0],[726.0,740.0],[726.0,739.0],[725.5,739.0]]],[[[733.5,742.0],[734.0,743.0],[734.0,742.0],[733.5,742.0]]],[[[739.5,742.0],[740.0,743.0],[740.0,742.0],[739.5,742.0]]],[[[734.5,738.0],[734.0,737.0],[734.0,738.0],[734.5,738.0]]],[[[350.5,593.0],[351.0,594.0],[351.0,593.0],[350.5,593.0]]],[[[352.0,594.0],[352.5,592.0],[352.0,592.0],[352.0,594.0]]],[[[357.0,586.5],[358.0,586.0],[357.0,586.0],[357.0,586.5]]],[[[360.0,582.5],[361.0,582.0],[360.0,582.0],[360.0,582.5]]],[[[380.0,510.0],[379.0,509.5],[379.0,510.0],[380.0,510.0]]],[[[377.0,510.0],[378.0,510.5],[378.0,510.0],[377.0,510.0]]],[[[682.0,675.0],[681.0,674.5],[681.0,675.0],[682.0,675.0]]],[[[679.5,672.0],[679.0,670.0],[679.0,672.0],[679.5,672.0]]],[[[673.0,671.0],[674.0,671.5],[674.0,671.0],[673.0,671.0]]],[[[875.5,596.0],[876.0,597.0],[876.0,596.0],[875.5,596.0]]],[[[876.0,598.5],[875.0,599.0],[876.0,599.0],[876.0,598.5]]],[[[894.0,600.0],[893.5,601.0],[894.0,601.0],[894.0,600.0]]],[[[887.5,600.0],[887.0,599.0],[887.0,600.0],[887.5,600.0]]],[[[888.0,599.0],[888.5,598.0],[888.0,598.0],[888.0,599.0]]],[[[894.5,599.0],[895.0,600.0],[895.0,599.0],[894.5,599.0]]],[[[899.0,612.0],[898.5,613.0],[899.0,613.0],[899.0,612.0]]],[[[892.5,612.0],[892.0,611.0],[892.0,612.0],[892.5,612.0]]],[[[893.0,611.0],[893.5,610.0],[893.0,610.0],[893.0,611.0]]],[[[630.0,682.0],[629.0,681.5],[629.0,682.0],[630.0,682.0]]],[[[629.0,677.0],[631.0,677.5],[631.0,677.0],[629.0,677.0]]],[[[769.0,699.0],[768.0,698.5],[768.0,699.0],[769.0,699.0]]],[[[769.0,693.5],[770.0,693.0],[769.0,693.0],[769.0,693.5]]],[[[774.0,679.0],[774.5,678.0],[774.0,678.0],[774.0,679.0]]],[[[779.5,675.0],[780.0,676.0],[780.0,675.0],[779.5,675.0]]],[[[784.5,677.0],[785.0,678.0],[785.0,677.0],[784.5,677.0]]],[[[780.0,688.0],[779.5,689.0],[780.0,689.0],[780.0,688.0]]],[[[649.0,702.0],[649.5,701.0],[649.0,701.0],[649.0,702.0]]],[[[652.0,699.5],[654.0,699.0],[652.0,699.0],[652.0,699.5]]],[[[654.0,699.0],[654.5,698.0],[654.0,698.0],[654.0,699.0]]],[[[661.0,699.0],[662.0,699.5],[662.0,699.0],[661.0,699.0]]],[[[667.5,704.0],[668.0,705.0],[668.0,704.0],[667.5,704.0]]],[[[673.0,712.0],[669.0,711.5],[669.0,712.0],[673.0,712.0]]],[[[661.5,708.0],[661.0,707.0],[661.0,708.0],[661.5,708.0]]],[[[870.0,714.0],[869.0,713.5],[869.0,714.0],[870.0,714.0]]],[[[891.0,717.0],[892.0,717.5],[892.0,717.0],[891.0,717.0]]],[[[892.0,720.0],[891.5,721.0],[892.0,721.0],[892.0,720.0]]],[[[879.5,720.0],[879.0,719.0],[879.0,720.0],[879.5,720.0]]],[[[879.0,719.0],[876.0,718.5],[876.0,719.0],[879.0,719.0]]],[[[883.5,741.0],[883.0,740.0],[883.0,741.0],[883.5,741.0]]],[[[884.0,740.0],[884.5,739.0],[884.0,739.0],[884.0,740.0]]],[[[895.0,740.0],[896.0,740.5],[896.0,740.0],[895.0,740.0]]],[[[897.0,744.0],[896.5,745.0],[897.0,745.0],[897.0,744.0]]],[[[766.0,810.0],[765.0,809.5],[765.0,810.0],[766.0,810.0]]],[[[776.5,810.0],[777.0,811.0],[777.0,810.0],[776.5,810.0]]],[[[776.0,811.0],[775.5,812.0],[776.0,812.0],[776.0,811.0]]],[[[593.5,852.0],[593.0,851.0],[593.0,852.0],[593.5,852.0]]],[[[596.0,847.5],[597.0,847.0],[596.0,847.0],[596.0,847.5]]],[[[600.0,841.0],[600.5,839.0],[600.0,839.0],[600.0,841.0]]],[[[603.0,836.0],[603.5,835.0],[603.0,835.0],[603.0,836.0]]],[[[607.0,836.0],[608.0,836.5],[608.0,836.0],[607.0,836.0]]],[[[622.5,840.0],[623.0,841.0],[623.0,840.0],[622.5,840.0]]],[[[625.0,844.0],[624.5,845.0],[625.0,845.0],[625.0,844.0]]],[[[621.0,846.5],[618.0,847.0],[621.0,847.0],[621.0,846.5]]],[[[616.0,851.0],[615.5,852.0],[616.0,852.0],[616.0,851.0]]],[[[650.5,861.0],[651.0,862.0],[651.0,861.0],[650.5,861.0]]],[[[653.0,863.0],[654.0,863.5],[654.0,863.0],[653.0,863.0]]],[[[654.0,866.0],[653.5,867.0],[654.0,867.0],[654.0,866.0]]],[[[642.0,883.5],[641.0,884.0],[642.0,884.0],[642.0,883.5]]],[[[641.0,883.0],[640.0,882.5],[640.0,883.0],[641.0,883.0]]],[[[641.0,879.0],[641.5,878.0],[641.0,878.0],[641.0,879.0]]],[[[647.5,883.0],[647.0,882.0],[647.0,883.0],[647.5,883.0]]],[[[628.0,886.0],[627.0,885.5],[627.0,886.0],[628.0,886.0]]],[[[640.0,895.0],[639.0,894.5],[639.0,895.0],[640.0,895.0]]],[[[639.0,892.0],[639.5,891.0],[639.0,891.0],[639.0,892.0]]],[[[647.0,893.0],[648.0,893.5],[648.0,893.0],[647.0,893.0]]],[[[640.0,917.0],[639.5,918.0],[640.0,918.0],[640.0,917.0]]],[[[640.0,907.0],[640.5,906.0],[640.0,906.0],[640.0,907.0]]],[[[650.0,904.0],[650.5,903.0],[650.0,903.0],[650.0,904.0]]],[[[654.0,904.0],[655.0,904.5],[655.0,904.0],[654.0,904.0]]],[[[799.0,967.0],[798.0,966.5],[798.0,967.0],[799.0,967.0]]],[[[799.5,961.0],[799.0,960.0],[799.0,961.0],[799.5,961.0]]],[[[800.0,959.5],[801.0,959.0],[800.0,959.0],[800.0,959.5]]],[[[802.5,953.0],[802.0,952.0],[802.0,953.0],[802.5,953.0]]],[[[806.0,948.5],[807.0,948.0],[806.0,948.0],[806.0,948.5]]],[[[810.0,950.0],[809.5,951.0],[810.0,951.0],[810.0,950.0]]],[[[811.0,955.5],[810.0,956.0],[811.0,956.0],[811.0,955.5]]],[[[809.0,958.0],[808.5,959.0],[809.0,959.0],[809.0,958.0]]],[[[813.0,965.0],[814.0,965.5],[814.0,965.0],[813.0,965.0]]],[[[641.5,969.0],[641.0,968.0],[641.0,969.0],[641.5,969.0]]],[[[645.0,968.0],[644.5,969.0],[645.0,969.0],[645.0,968.0]]],[[[614.0,983.5],[615.0,983.0],[614.0,983.0],[614.0,983.5]]],[[[622.5,991.0],[623.0,992.0],[623.0,991.0],[622.5,991.0]]],[[[622.0,992.0],[621.5,993.0],[622.0,993.0],[622.0,992.0]]],[[[640.0,993.0],[639.0,992.5],[639.0,993.0],[640.0,993.0]]],[[[637.5,990.0],[637.0,988.0],[637.0,990.0],[637.5,990.0]]],[[[644.0,986.0],[645.0,986.5],[645.0,986.0],[644.0,986.0]]],[[[645.0,988.5],[644.0,989.0],[645.0,989.0],[645.0,988.5]]],[[[643.0,992.0],[642.5,993.0],[643.0,993.0],[643.0,992.0]]],[[[785.5,1019.0],[785.0,1018.0],[785.0,1019.0],[785.5,1019.0]]],[[[784.5,1017.0],[784.0,1016.0],[784.0,1017.0],[784.5,1017.0]]],[[[786.0,1015.0],[786.5,1014.0],[786.0,1014.0],[786.0,1015.0]]],[[[791.0,1003.0],[791.5,1002.0],[791.0,1002.0],[791.0,1003.0]]],[[[806.0,996.5],[807.0,996.0],[806.0,996.0],[806.0,996.5]]],[[[805.0,993.0],[804.0,992.5],[804.0,993.0],[805.0,993.0]]],[[[803.0,990.0],[802.0,989.5],[802.0,990.0],[803.0,990.0]]],[[[803.0,983.0],[803.5,982.0],[803.0,982.0],[803.0,983.0]]],[[[807.0,979.0],[807.5,978.0],[807.0,978.0],[807.0,979.0]]],[[[810.5,978.0],[811.0,979.0],[811.0,978.0],[810.5,978.0]]],[[[817.0,977.0],[817.5,976.0],[817.0,976.0],[817.0,977.0]]],[[[821.0,968.0],[820.0,967.5],[820.0,968.0],[821.0,968.0]]],[[[820.0,961.5],[821.0,961.0],[820.0,961.0],[820.0,961.5]]],[[[821.0,955.0],[821.5,954.0],[821.0,954.0],[821.0,955.0]]],[[[822.0,953.0],[823.0,953.5],[823.0,953.0],[822.0,953.0]]],[[[830.5,960.0],[830.0,959.0],[830.0,960.0],[830.5,960.0]]],[[[831.0,959.0],[831.5,958.0],[831.0,958.0],[831.0,959.0]]],[[[837.5,958.0],[838.0,959.0],[838.0,958.0],[837.5,958.0]]],[[[841.0,957.0],[841.5,956.0],[841.0,956.0],[841.0,957.0]]],[[[848.0,954.0],[848.5,953.0],[848.0,953.0],[848.0,954.0]]],[[[845.5,946.0],[845.0,945.0],[845.0,946.0],[845.5,946.0]]],[[[847.0,942.5],[848.0,942.0],[847.0,942.0],[847.0,942.5]]],[[[851.0,937.5],[852.0,937.0],[851.0,937.0],[851.0,937.5]]],[[[855.0,933.0],[855.5,932.0],[855.0,932.0],[855.0,933.0]]],[[[856.0,931.0],[857.0,931.5],[857.0,931.0],[856.0,931.0]]],[[[858.0,932.0],[859.0,932.5],[859.0,932.0],[858.0,932.0]]],[[[859.0,936.5],[858.0,937.0],[859.0,937.0],[859.0,936.5]]],[[[859.0,938.0],[858.5,939.0],[859.0,939.0],[859.0,938.0]]],[[[865.5,939.0],[865.0,938.0],[865.0,939.0],[865.5,939.0]]],[[[867.0,937.0],[867.5,936.0],[867.0,936.0],[867.0,937.0]]],[[[870.0,936.0],[872.0,936.5],[872.0,936.0],[870.0,936.0]]],[[[877.5,941.0],[878.0,942.0],[878.0,941.0],[877.5,941.0]]],[[[879.0,942.0],[879.5,941.0],[879.0,941.0],[879.0,942.0]]],[[[884.0,937.0],[884.5,936.0],[884.0,936.0],[884.0,937.0]]],[[[907.0,939.0],[906.5,940.0],[907.0,940.0],[907.0,939.0]]],[[[895.0,944.5],[894.0,945.0],[895.0,945.0],[895.0,944.5]]],[[[895.5,948.0],[896.0,949.0],[896.0,948.0],[895.5,948.0]]],[[[895.0,955.5],[894.0,956.0],[895.0,956.0],[895.0,955.5]]],[[[894.5,957.0],[895.0,958.0],[895.0,957.0],[894.5,957.0]]],[[[897.0,958.0],[897.5,957.0],[897.0,957.0],[897.0,958.0]]],[[[902.0,954.0],[902.5,953.0],[902.0,953.0],[902.0,954.0]]],[[[912.0,941.5],[913.0,941.0],[912.0,941.0],[912.0,941.5]]],[[[915.0,944.5],[914.0,945.0],[915.0,945.0],[915.0,944.5]]],[[[915.5,951.0],[916.0,952.0],[916.0,951.0],[915.5,951.0]]],[[[921.5,954.0],[922.0,955.0],[922.0,954.0],[921.5,954.0]]],[[[921.0,955.5],[920.0,956.0],[921.0,956.0],[921.0,955.5]]],[[[919.0,956.5],[918.0,957.0],[919.0,957.0],[919.0,956.5]]],[[[918.0,958.0],[919.0,958.5],[919.0,958.0],[918.0,958.0]]],[[[986.0,973.0],[985.8,973.1],[989.0,973.5],[989.0,973.0],[986.0,973.0]]],[[[984.0,972.0],[984.0,972.5],[986.0,972.0],[984.0,972.0]]],[[[978.0,963.0],[977.0,963.0],[978.0,963.5],[978.0,963.0]]],[[[974.0,963.0],[974.0,964.0],[974.5,963.0],[974.0,963.0]]],[[[962.0,961.0],[961.0,961.0],[962.0,961.5],[962.0,961.0]]],[[[955.0,955.0],[953.0,955.0],[955.0,955.5],[955.0,955.0]]],[[[947.0,946.0],[947.0,946.5],[949.0,946.0],[947.0,946.0]]],[[[944.0,948.0],[944.0,949.0],[944.5,948.0],[944.0,948.0]]],[[[939.0,946.0],[939.0,943.0],[938.5,946.0],[939.0,946.0]]],[[[936.0,941.0],[935.5,941.0],[936.0,942.0],[936.0,941.0]]],[[[933.0,939.0],[933.0,939.5],[934.0,939.0],[933.0,939.0]]],[[[931.0,940.0],[931.0,940.5],[932.0,940.0],[931.0,940.0]]],[[[931.0,950.0],[931.0,950.5],[932.0,950.0],[931.0,950.0]]],[[[928.0,955.0],[928.0,956.0],[928.5,955.0],[928.0,955.0]]],[[[924.0,958.0],[924.0,959.0],[924.5,958.0],[924.0,958.0]]],[[[921.0,959.0],[920.0,959.0],[921.0,959.5],[921.0,959.0]]],[[[888.0,1065.0],[888.5,1065.0],[888.0,1064.0],[888.0,1065.0]]],[[[901.0,1064.0],[901.0,1063.0],[900.5,1064.0],[901.0,1064.0]]],[[[905.0,1067.0],[905.0,1067.5],[906.0,1067.0],[905.0,1067.0]]],[[[907.0,1073.0],[908.0,1073.0],[907.0,1072.5],[907.0,1073.0]]],[[[909.0,1076.0],[909.5,1076.0],[909.0,1075.0],[909.0,1076.0]]],[[[918.0,1064.0],[918.0,1063.5],[917.0,1064.0],[918.0,1064.0]]],[[[921.0,1060.0],[921.0,1059.0],[920.5,1060.0],[921.0,1060.0]]],[[[931.0,1048.0],[932.0,1048.0],[931.0,1047.5],[931.0,1048.0]]],[[[935.0,1055.0],[935.0,1054.5],[934.0,1055.0],[935.0,1055.0]]],[[[942.0,1047.0],[942.0,1046.0],[941.5,1047.0],[942.0,1047.0]]],[[[945.0,1049.0],[945.5,1049.0],[945.0,1048.0],[945.0,1049.0]]],[[[948.0,1049.0],[948.0,1048.0],[947.5,1049.0],[948.0,1049.0]]],[[[961.0,1043.0],[961.0,1042.0],[960.5,1043.0],[961.0,1043.0]]],[[[973.0,1038.0],[973.0,1037.5],[972.0,1038.0],[973.0,1038.0]]],[[[980.0,1037.0],[980.5,1037.0],[980.0,1036.0],[980.0,1037.0]]],[[[991.0,1037.0],[990.5,1037.0],[991.0,1038.0],[991.0,1037.0]]],[[[987.0,1034.0],[986.0,1034.0],[987.0,1034.5],[987.0,1034.0]]],[[[985.0,1026.0],[985.0,1025.0],[984.5,1026.0],[985.0,1026.0]]],[[[1000.0,1020.0],[1000.0,1019.0],[999.5,1020.0],[1000.0,1020.0]]],[[[1003.0,1016.0],[1002.5,1016.0],[1003.0,1017.0],[1003.0,1016.0]]],[[[975.0,1017.0],[975.0,1018.0],[975.5,1017.0],[975.0,1017.0]]],[[[965.0,1021.0],[965.0,1022.0],[965.5,1021.0],[965.0,1021.0]]],[[[970.0,1012.0],[970.0,1011.0],[969.5,1012.0],[970.0,1012.0]]],[[[978.0,1009.0],[978.0,1008.0],[977.5,1009.0],[978.0,1009.0]]],[[[1004.0,1000.0],[1003.5,1000.0],[1004.0,1001.0],[1004.0,1000.0]]],[[[998.0,998.0],[997.0,998.0],[998.0,998.5],[998.0,998.0]]],[[[995.0,993.0],[994.5,993.0],[995.0,994.0],[995.0,993.0]]],[[[992.0,991.0],[991.5,991.0],[992.0,992.0],[992.0,991.0]]],[[[983.0,986.0],[983.0,985.0],[982.5,986.0],[983.0,986.0]]],[[[985.0,974.0],[985.0,973.5],[984.0,974.0],[985.0,974.0]]],[[[996.0,969.5],[997.0,969.0],[996.0,969.0],[996.0,969.5]]],[[[998.0,971.0],[999.0,971.5],[999.0,971.0],[998.0,971.0]]],[[[999.0,974.5],[998.0,975.0],[999.0,975.0],[999.0,974.5]]],[[[998.0,979.0],[1000.0,979.5],[1000.0,979.0],[998.0,979.0]]],[[[1003.5,982.0],[1004.0,983.0],[1004.0,982.0],[1003.5,982.0]]],[[[995.5,986.0],[995.0,985.0],[995.0,986.0],[995.5,986.0]]],[[[882.5,1061.0],[882.0,1060.0],[882.0,1061.0],[882.5,1061.0]]],[[[881.5,1059.0],[881.0,1058.0],[881.0,1059.0],[881.5,1059.0]]],[[[867.5,1059.0],[867.0,1058.0],[867.0,1059.0],[867.5,1059.0]]],[[[864.0,1057.0],[864.5,1056.0],[864.0,1056.0],[864.0,1057.0]]],[[[863.0,1055.0],[862.5,1056.0],[863.0,1056.0],[863.0,1055.0]]],[[[857.5,1054.0],[857.0,1053.0],[857.0,1054.0],[857.5,1054.0]]],[[[862.0,1042.0],[862.5,1041.0],[862.0,1041.0],[862.0,1042.0]]],[[[856.0,1043.0],[855.5,1044.0],[856.0,1044.0],[856.0,1043.0]]],[[[834.0,1052.0],[833.5,1053.0],[834.0,1053.0],[834.0,1052.0]]],[[[823.0,1056.0],[822.5,1057.0],[823.0,1057.0],[823.0,1056.0]]],[[[826.0,1063.0],[825.5,1064.0],[826.0,1064.0],[826.0,1063.0]]],[[[817.0,1061.0],[816.0,1060.5],[816.0,1061.0],[817.0,1061.0]]],[[[815.0,1060.0],[815.5,1059.0],[815.0,1059.0],[815.0,1060.0]]],[[[816.0,1058.0],[815.0,1057.5],[815.0,1058.0],[816.0,1058.0]]],[[[814.5,1053.0],[814.0,1052.0],[814.0,1053.0],[814.5,1053.0]]],[[[811.0,1046.0],[810.0,1045.5],[810.0,1046.0],[811.0,1046.0]]],[[[807.0,1041.0],[807.5,1039.0],[807.0,1039.0],[807.0,1041.0]]],[[[810.0,1035.5],[811.0,1035.0],[810.0,1035.0],[810.0,1035.5]]],[[[811.0,1030.0],[810.0,1029.5],[810.0,1030.0],[811.0,1030.0]]],[[[805.5,1021.0],[805.0,1020.0],[805.0,1021.0],[805.5,1021.0]]],[[[803.0,1020.0],[802.5,1021.0],[803.0,1021.0],[803.0,1020.0]]],[[[799.5,1021.0],[799.0,1020.0],[799.0,1021.0],[799.5,1021.0]]],[[[793.0,1017.0],[792.5,1018.0],[793.0,1018.0],[793.0,1017.0]]],[[[599.0,1009.0],[598.5,1010.0],[599.0,1010.0],[599.0,1009.0]]],[[[599.0,1003.0],[599.5,1002.0],[599.0,1002.0],[599.0,1003.0]]],[[[605.0,1000.0],[606.0,1000.5],[606.0,1000.0],[605.0,1000.0]]],[[[780.5,1035.0],[780.0,1034.0],[780.0,1035.0],[780.5,1035.0]]],[[[782.0,1024.0],[782.5,1023.0],[782.0,1023.0],[782.0,1024.0]]],[[[790.5,1025.0],[791.0,1026.0],[791.0,1025.0],[790.5,1025.0]]],[[[794.0,1027.0],[794.5,1026.0],[794.0,1026.0],[794.0,1027.0]]],[[[799.0,1028.0],[800.0,1028.5],[800.0,1028.0],[799.0,1028.0]]],[[[802.0,1037.0],[803.0,1037.5],[803.0,1037.0],[802.0,1037.0]]],[[[803.0,1040.5],[802.0,1041.0],[803.0,1041.0],[803.0,1040.5]]],[[[801.0,1041.5],[800.0,1042.0],[801.0,1042.0],[801.0,1041.5]]],[[[797.5,1039.0],[797.0,1038.0],[797.0,1039.0],[797.5,1039.0]]],[[[796.0,1038.5],[795.0,1039.0],[796.0,1039.0],[796.0,1038.5]]],[[[794.5,1038.0],[794.0,1037.0],[794.0,1038.0],[794.5,1038.0]]],[[[793.0,1037.5],[792.0,1038.0],[793.0,1038.0],[793.0,1037.5]]],[[[791.0,1038.5],[790.0,1039.0],[791.0,1039.0],[791.0,1038.5]]],[[[804.0,1058.0],[803.0,1057.5],[803.0,1058.0],[804.0,1058.0]]],[[[802.5,1055.0],[802.0,1054.0],[802.0,1055.0],[802.5,1055.0]]],[[[805.0,1053.0],[805.5,1052.0],[805.0,1052.0],[805.0,1053.0]]],[[[809.0,1051.0],[810.0,1051.5],[810.0,1051.0],[809.0,1051.0]]],[[[811.0,1057.0],[812.0,1057.5],[812.0,1057.0],[811.0,1057.0]]],[[[813.0,1058.0],[812.5,1059.0],[813.0,1059.0],[813.0,1058.0]]],[[[814.5,1062.0],[815.0,1063.0],[815.0,1062.0],[814.5,1062.0]]],[[[808.0,1060.0],[807.0,1059.5],[807.0,1060.0],[808.0,1060.0]]],[[[806.0,1059.0],[805.0,1058.5],[805.0,1059.0],[806.0,1059.0]]],[[[846.0,1064.0],[845.0,1063.5],[845.0,1064.0],[846.0,1064.0]]],[[[844.0,1061.0],[843.0,1060.5],[843.0,1061.0],[844.0,1061.0]]],[[[847.0,1054.5],[848.0,1054.0],[847.0,1054.0],[847.0,1054.5]]],[[[848.0,1055.0],[849.0,1055.5],[849.0,1055.0],[848.0,1055.0]]],[[[852.5,1060.0],[853.0,1061.0],[853.0,1060.0],[852.5,1060.0]]],[[[860.5,1064.0],[861.0,1065.0],[861.0,1064.0],[860.5,1064.0]]],[[[1191.0,64.0],[1191.5,63.0],[1191.0,63.0],[1191.0,64.0]]],[[[1194.5,61.0],[1194.0,60.0],[1194.0,61.0],[1194.5,61.0]]],[[[1196.0,47.5],[1197.0,47.0],[1196.0,47.0],[1196.0,47.5]]],[[[1207.0,42.0],[1207.5,41.0],[1207.0,41.0],[1207.0,42.0]]],[[[1211.0,37.5],[1212.0,37.0],[1211.0,37.0],[1211.0,37.5]]],[[[1215.5,30.0],[1215.0,29.0],[1215.0,30.0],[1215.5,30.0]]],[[[1219.5,29.0],[1220.0,30.0],[1220.0,29.0],[1219.5,29.0]]],[[[1224.5,32.0],[1225.0,33.0],[1225.0,32.0],[1224.5,32.0]]],[[[1226.0,34.0],[1228.0,34.5],[1228.0,34.0],[1226.0,34.0]]],[[[1235.5,37.0],[1236.0,38.0],[1236.0,37.0],[1235.5,37.0]]],[[[1237.0,38.0],[1236.5,39.0],[1237.0,39.0],[1237.0,38.0]]],[[[1234.0,45.5],[1233.0,46.0],[1234.0,46.0],[1234.0,45.5]]],[[[1232.5,48.0],[1233.0,49.0],[1233.0,48.0],[1232.5,48.0]]],[[[1232.0,51.0],[1233.0,51.5],[1233.0,51.0],[1232.0,51.0]]],[[[1235.0,54.0],[1237.0,54.5],[1237.0,54.0],[1235.0,54.0]]],[[[1248.5,58.0],[1249.0,59.0],[1249.0,58.0],[1248.5,58.0]]],[[[1255.0,63.0],[1256.0,63.5],[1256.0,63.0],[1255.0,63.0]]],[[[1261.0,66.0],[1261.5,65.0],[1261.0,65.0],[1261.0,66.0]]],[[[1269.5,65.0],[1269.0,64.0],[1269.0,65.0],[1269.5,65.0]]],[[[1270.0,63.5],[1271.0,63.0],[1270.0,63.0],[1270.0,63.5]]],[[[1275.0,51.0],[1274.0,50.5],[1274.0,51.0],[1275.0,51.0]]],[[[1276.0,39.5],[1277.0,39.0],[1276.0,39.0],[1276.0,39.5]]],[[[1278.0,37.0],[1278.5,36.0],[1278.0,36.0],[1278.0,37.0]]],[[[1286.0,33.5],[1287.0,33.0],[1286.0,33.0],[1286.0,33.5]]],[[[1290.5,36.0],[1291.0,37.0],[1291.0,36.0],[1290.5,36.0]]],[[[1288.0,39.5],[1287.0,40.0],[1288.0,40.0],[1288.0,39.5]]],[[[1288.0,42.0],[1287.5,43.0],[1288.0,43.0],[1288.0,42.0]]],[[[1292.5,48.0],[1293.0,49.0],[1293.0,48.0],[1292.5,48.0]]],[[[1293.0,49.0],[1296.0,49.5],[1296.0,49.0],[1293.0,49.0]]],[[[1298.0,54.5],[1297.0,55.0],[1298.0,55.0],[1298.0,54.5]]],[[[1303.0,63.0],[1303.5,62.0],[1303.0,62.0],[1303.0,63.0]]],[[[1313.0,62.0],[1314.0,62.5],[1314.0,62.0],[1313.0,62.0]]],[[[1321.5,66.0],[1322.0,67.0],[1322.0,66.0],[1321.5,66.0]]],[[[1332.0,73.0],[1333.0,73.5],[1333.0,73.0],[1332.0,73.0]]],[[[1334.5,76.0],[1335.0,78.0],[1335.0,76.0],[1334.5,76.0]]],[[[1336.5,84.0],[1336.0,83.0],[1336.0,84.0],[1336.5,84.0]]],[[[1324.5,81.0],[1324.0,80.0],[1324.0,81.0],[1324.5,81.0]]],[[[1319.5,84.0],[1320.0,85.0],[1320.0,84.0],[1319.5,84.0]]],[[[1316.0,88.0],[1315.5,89.0],[1316.0,89.0],[1316.0,88.0]]],[[[1313.0,91.0],[1310.0,90.5],[1310.0,91.0],[1313.0,91.0]]],[[[1309.0,94.0],[1310.0,94.5],[1310.0,94.0],[1309.0,94.0]]],[[[1310.0,96.0],[1309.5,97.0],[1310.0,97.0],[1310.0,96.0]]],[[[1312.0,100.0],[1312.5,99.0],[1312.0,99.0],[1312.0,100.0]]],[[[1315.0,98.0],[1315.5,97.0],[1315.0,97.0],[1315.0,98.0]]],[[[1319.0,98.0],[1320.0,98.5],[1320.0,98.0],[1319.0,98.0]]],[[[1321.0,99.0],[1320.5,100.0],[1321.0,100.0],[1321.0,99.0]]],[[[1316.0,103.0],[1315.5,104.0],[1316.0,104.0],[1316.0,103.0]]],[[[1312.0,106.5],[1311.0,107.0],[1312.0,107.0],[1312.0,106.5]]],[[[1311.0,112.0],[1312.0,112.5],[1312.0,112.0],[1311.0,112.0]]],[[[1312.0,117.5],[1311.0,118.0],[1312.0,118.0],[1312.0,117.5]]],[[[1309.5,116.0],[1309.0,115.0],[1309.0,116.0],[1309.5,116.0]]],[[[1307.0,116.0],[1306.5,117.0],[1307.0,117.0],[1307.0,116.0]]],[[[1307.0,119.0],[1308.0,119.5],[1308.0,119.0],[1307.0,119.0]]],[[[1314.0,124.0],[1315.0,124.5],[1315.0,124.0],[1314.0,124.0]]],[[[1319.0,133.0],[1318.5,134.0],[1319.0,134.0],[1319.0,133.0]]],[[[1315.0,139.0],[1316.0,139.5],[1316.0,139.0],[1315.0,139.0]]],[[[1317.0,151.5],[1320.0,151.0],[1317.0,151.0],[1317.0,151.5]]],[[[1321.0,153.0],[1322.0,153.5],[1322.0,153.0],[1321.0,153.0]]],[[[1323.0,154.0],[1322.5,155.0],[1323.0,155.0],[1323.0,154.0]]],[[[1323.5,157.0],[1324.0,158.0],[1324.0,157.0],[1323.5,157.0]]],[[[1324.0,158.0],[1326.0,158.5],[1326.0,158.0],[1324.0,158.0]]],[[[1330.5,159.0],[1330.0,158.0],[1330.0,159.0],[1330.5,159.0]]],[[[1335.0,157.0],[1336.0,157.5],[1336.0,157.0],[1335.0,157.0]]],[[[1334.5,170.0],[1334.0,169.0],[1334.0,170.0],[1334.5,170.0]]],[[[1325.0,170.5],[1324.0,171.0],[1325.0,171.0],[1325.0,170.5]]],[[[1324.5,172.0],[1325.0,173.0],[1325.0,172.0],[1324.5,172.0]]],[[[1323.0,174.0],[1322.5,175.0],[1323.0,175.0],[1323.0,174.0]]],[[[1311.5,171.0],[1311.0,170.0],[1311.0,171.0],[1311.5,171.0]]],[[[1304.5,169.0],[1304.0,168.0],[1304.0,169.0],[1304.5,169.0]]],[[[1303.0,168.5],[1302.0,169.0],[1303.0,169.0],[1303.0,168.5]]],[[[1296.0,161.5],[1294.0,162.0],[1296.0,162.0],[1296.0,161.5]]],[[[1293.0,163.5],[1292.0,164.0],[1293.0,164.0],[1293.0,163.5]]],[[[1290.0,168.0],[1289.5,169.0],[1290.0,169.0],[1290.0,168.0]]],[[[1279.0,169.0],[1278.5,170.0],[1279.0,170.0],[1279.0,169.0]]],[[[1274.0,173.0],[1273.5,174.0],[1274.0,174.0],[1274.0,173.0]]],[[[1273.0,175.0],[1270.0,174.5],[1270.0,175.0],[1273.0,175.0]]],[[[1265.5,172.0],[1265.0,171.0],[1265.0,172.0],[1265.5,172.0]]],[[[1259.0,161.0],[1258.0,160.5],[1258.0,161.0],[1259.0,161.0]]],[[[1257.0,157.0],[1256.0,156.5],[1256.0,157.0],[1257.0,157.0]]],[[[1255.0,154.0],[1254.0,153.5],[1254.0,154.0],[1255.0,154.0]]],[[[1250.5,149.0],[1250.0,148.0],[1250.0,149.0],[1250.5,149.0]]],[[[1253.0,145.5],[1254.0,145.0],[1253.0,145.0],[1253.0,145.5]]],[[[1256.5,148.0],[1257.0,149.0],[1257.0,148.0],[1256.5,148.0]]],[[[1261.0,147.0],[1260.0,146.5],[1260.0,147.0],[1261.0,147.0]]],[[[1265.0,140.0],[1265.5,139.0],[1265.0,139.0],[1265.0,140.0]]],[[[1276.5,141.0],[1277.0,142.0],[1277.0,141.0],[1276.5,141.0]]],[[[1273.5,133.0],[1273.0,132.0],[1273.0,133.0],[1273.5,133.0]]],[[[1267.5,131.0],[1267.0,130.0],[1267.0,131.0],[1267.5,131.0]]],[[[1263.5,129.0],[1263.0,128.0],[1263.0,129.0],[1263.5,129.0]]],[[[1263.0,120.5],[1264.0,120.0],[1263.0,120.0],[1263.0,120.5]]],[[[1258.0,121.0],[1257.5,122.0],[1258.0,122.0],[1258.0,121.0]]],[[[1258.0,116.5],[1259.0,116.0],[1258.0,116.0],[1258.0,116.5]]],[[[1261.0,112.5],[1262.0,112.0],[1261.0,112.0],[1261.0,112.5]]],[[[1264.0,106.5],[1265.0,106.0],[1264.0,106.0],[1264.0,106.5]]],[[[1264.0,104.0],[1264.5,102.0],[1264.0,102.0],[1264.0,104.0]]],[[[1265.5,94.0],[1265.0,93.0],[1265.0,94.0],[1265.5,94.0]]],[[[1264.0,93.5],[1263.0,94.0],[1264.0,94.0],[1264.0,93.5]]],[[[1259.5,95.0],[1259.0,94.0],[1259.0,95.0],[1259.5,95.0]]],[[[1241.5,93.0],[1241.0,92.0],[1241.0,93.0],[1241.5,93.0]]],[[[1237.0,90.0],[1236.5,91.0],[1237.0,91.0],[1237.0,90.0]]],[[[1232.5,91.0],[1232.0,90.0],[1232.0,91.0],[1232.5,91.0]]],[[[1227.0,93.5],[1226.0,94.0],[1227.0,94.0],[1227.0,93.5]]],[[[1223.0,99.0],[1224.0,99.5],[1224.0,99.0],[1223.0,99.0]]],[[[1220.0,99.0],[1219.0,98.5],[1219.0,99.0],[1220.0,99.0]]],[[[1216.0,90.5],[1215.0,91.0],[1216.0,91.0],[1216.0,90.5]]],[[[1208.0,89.0],[1207.5,90.0],[1208.0,90.0],[1208.0,89.0]]],[[[1197.0,89.5],[1196.0,90.0],[1197.0,90.0],[1197.0,89.5]]],[[[1196.0,91.0],[1195.0,90.5],[1195.0,91.0],[1196.0,91.0]]],[[[1195.0,86.5],[1196.0,86.0],[1195.0,86.0],[1195.0,86.5]]],[[[1197.0,83.0],[1196.0,82.5],[1196.0,83.0],[1197.0,83.0]]],[[[1190.0,75.0],[1189.0,74.5],[1189.0,75.0],[1190.0,75.0]]],[[[966.0,231.0],[965.0,230.5],[965.0,231.0],[966.0,231.0]]],[[[965.0,228.0],[965.5,227.0],[965.0,227.0],[965.0,228.0]]],[[[970.0,226.0],[970.5,225.0],[970.0,225.0],[970.0,226.0]]],[[[973.0,223.5],[975.0,223.0],[973.0,223.0],[973.0,223.5]]],[[[889.0,265.5],[888.0,266.0],[889.0,266.0],[889.0,265.5]]],[[[887.0,268.5],[886.0,269.0],[887.0,269.0],[887.0,268.5]]],[[[883.0,275.0],[881.0,274.5],[881.0,275.0],[883.0,275.0]]],[[[879.0,277.5],[878.0,278.0],[879.0,278.0],[879.0,277.5]]],[[[878.5,279.0],[879.0,280.0],[879.0,279.0],[878.5,279.0]]],[[[878.0,280.5],[877.0,281.0],[878.0,281.0],[878.0,280.5]]],[[[875.0,286.5],[874.0,287.0],[875.0,287.0],[875.0,286.5]]],[[[870.0,281.0],[869.0,280.5],[869.0,281.0],[870.0,281.0]]],[[[868.0,276.5],[869.0,276.0],[868.0,276.0],[868.0,276.5]]],[[[869.0,272.5],[870.0,272.0],[869.0,272.0],[869.0,272.5]]],[[[869.5,271.0],[869.0,270.0],[869.0,271.0],[869.5,271.0]]],[[[870.0,269.5],[871.0,269.0],[870.0,269.0],[870.0,269.5]]],[[[866.0,259.0],[865.0,258.5],[865.0,259.0],[866.0,259.0]]],[[[867.5,255.0],[868.0,256.0],[868.0,255.0],[867.5,255.0]]],[[[881.5,254.0],[881.0,253.0],[881.0,254.0],[881.5,254.0]]],[[[882.0,249.5],[883.0,249.0],[882.0,249.0],[882.0,249.5]]],[[[885.5,247.0],[885.0,246.0],[885.0,247.0],[885.5,247.0]]],[[[886.0,245.5],[887.0,245.0],[886.0,245.0],[886.0,245.5]]],[[[888.0,242.0],[887.0,241.5],[887.0,242.0],[888.0,242.0]]],[[[886.0,241.0],[885.5,242.0],[886.0,242.0],[886.0,241.0]]],[[[881.5,242.0],[881.0,241.0],[881.0,242.0],[881.5,242.0]]],[[[878.0,240.0],[877.5,241.0],[878.0,241.0],[878.0,240.0]]],[[[877.0,242.0],[876.5,243.0],[877.0,243.0],[877.0,242.0]]],[[[872.0,241.0],[871.0,240.5],[871.0,241.0],[872.0,241.0]]],[[[870.0,235.5],[871.0,235.0],[870.0,235.0],[870.0,235.5]]],[[[875.0,223.0],[874.0,222.5],[874.0,223.0],[875.0,223.0]]],[[[873.0,222.0],[872.0,221.5],[872.0,222.0],[873.0,222.0]]],[[[889.0,212.0],[888.0,211.5],[888.0,212.0],[889.0,212.0]]],[[[884.0,207.0],[884.5,205.0],[884.0,205.0],[884.0,207.0]]],[[[882.5,202.0],[882.0,201.0],[882.0,202.0],[882.5,202.0]]],[[[891.0,201.0],[891.5,200.0],[891.0,200.0],[891.0,201.0]]],[[[896.0,197.0],[896.5,196.0],[896.0,196.0],[896.0,197.0]]],[[[897.5,193.0],[897.0,191.0],[897.0,193.0],[897.5,193.0]]],[[[900.5,191.0],[901.0,192.0],[901.0,191.0],[900.5,191.0]]],[[[919.0,189.0],[919.5,188.0],[919.0,188.0],[919.0,189.0]]],[[[934.5,187.0],[935.0,188.0],[935.0,187.0],[934.5,187.0]]],[[[931.0,191.0],[930.5,192.0],[931.0,192.0],[931.0,191.0]]],[[[928.0,197.0],[929.0,197.5],[929.0,197.0],[928.0,197.0]]],[[[929.0,200.5],[928.0,201.0],[929.0,201.0],[929.0,200.5]]],[[[926.5,205.0],[927.0,206.0],[927.0,205.0],[926.5,205.0]]],[[[941.0,198.0],[941.5,197.0],[941.0,197.0],[941.0,198.0]]],[[[947.0,198.0],[947.5,197.0],[947.0,197.0],[947.0,198.0]]],[[[953.5,196.0],[954.0,197.0],[954.0,196.0],[953.5,196.0]]],[[[960.0,197.0],[960.5,196.0],[960.0,196.0],[960.0,197.0]]],[[[965.0,195.0],[965.5,194.0],[965.0,194.0],[965.0,195.0]]],[[[967.0,192.0],[968.0,192.5],[968.0,192.0],[967.0,192.0]]],[[[969.0,193.0],[970.0,193.5],[970.0,193.0],[969.0,193.0]]],[[[972.0,199.5],[973.0,199.0],[972.0,199.0],[972.0,199.5]]],[[[976.5,199.0],[977.0,200.0],[977.0,199.0],[976.5,199.0]]],[[[981.0,200.0],[981.5,199.0],[981.0,199.0],[981.0,200.0]]],[[[986.0,195.5],[988.0,195.0],[986.0,195.0],[986.0,195.5]]],[[[988.0,194.0],[989.0,194.5],[989.0,194.0],[988.0,194.0]]],[[[993.5,197.0],[994.0,198.0],[994.0,197.0],[993.5,197.0]]],[[[1001.0,200.5],[1000.0,201.0],[1001.0,201.0],[1001.0,200.5]]],[[[991.5,215.0],[991.0,214.0],[991.0,215.0],[991.5,215.0]]],[[[984.0,212.5],[983.0,213.0],[984.0,213.0],[984.0,212.5]]],[[[979.0,216.5],[977.0,217.0],[979.0,217.0],[979.0,216.5]]],[[[977.0,218.0],[975.0,217.5],[975.0,218.0],[977.0,218.0]]],[[[973.0,217.0],[971.0,216.5],[971.0,217.0],[973.0,217.0]]],[[[969.0,216.0],[968.5,217.0],[969.0,217.0],[969.0,216.0]]],[[[961.5,217.0],[961.0,216.0],[961.0,217.0],[961.5,217.0]]],[[[957.0,212.0],[957.5,211.0],[957.0,211.0],[957.0,212.0]]],[[[960.0,209.5],[962.0,209.0],[960.0,209.0],[960.0,209.5]]],[[[961.0,205.0],[960.5,206.0],[961.0,206.0],[961.0,205.0]]],[[[956.0,208.0],[955.5,209.0],[956.0,209.0],[956.0,208.0]]],[[[954.5,211.0],[955.0,212.0],[955.0,211.0],[954.5,211.0]]],[[[945.0,214.0],[944.0,213.5],[944.0,214.0],[945.0,214.0]]],[[[931.0,215.0],[930.5,216.0],[931.0,216.0],[931.0,215.0]]],[[[919.0,223.0],[918.5,224.0],[919.0,224.0],[919.0,223.0]]],[[[915.5,224.0],[915.0,223.0],[915.0,224.0],[915.5,224.0]]],[[[910.5,219.0],[910.0,218.0],[910.0,219.0],[910.5,219.0]]],[[[906.0,223.5],[905.0,224.0],[906.0,224.0],[906.0,223.5]]],[[[895.5,234.0],[896.0,235.0],[896.0,234.0],[895.5,234.0]]],[[[896.0,238.0],[897.0,238.5],[897.0,238.0],[896.0,238.0]]],[[[892.0,255.0],[893.0,255.5],[893.0,255.0],[892.0,255.0]]],[[[903.0,248.0],[903.5,247.0],[903.0,247.0],[903.0,248.0]]],[[[902.5,245.0],[902.0,244.0],[902.0,245.0],[902.5,245.0]]],[[[908.0,241.5],[910.0,241.0],[908.0,241.0],[908.0,241.5]]],[[[912.0,238.5],[913.0,238.0],[912.0,238.0],[912.0,238.5]]],[[[927.0,233.0],[927.5,232.0],[927.0,232.0],[927.0,233.0]]],[[[928.0,237.0],[927.5,238.0],[928.0,238.0],[928.0,237.0]]],[[[924.0,240.0],[923.5,241.0],[924.0,241.0],[924.0,240.0]]],[[[916.0,245.0],[915.5,246.0],[916.0,246.0],[916.0,245.0]]],[[[910.0,248.0],[909.5,249.0],[910.0,249.0],[910.0,248.0]]],[[[1005.0,219.5],[1006.0,219.0],[1005.0,219.0],[1005.0,219.5]]],[[[1006.5,220.0],[1007.0,221.0],[1007.0,220.0],[1006.5,220.0]]],[[[1013.5,235.0],[1014.0,236.0],[1014.0,235.0],[1013.5,235.0]]],[[[1019.0,230.5],[1020.0,230.0],[1019.0,230.0],[1019.0,230.5]]],[[[1031.0,231.0],[1032.0,231.5],[1032.0,231.0],[1031.0,231.0]]],[[[1033.0,232.0],[1034.0,232.5],[1034.0,232.0],[1033.0,232.0]]],[[[1033.0,235.5],[1032.0,236.0],[1033.0,236.0],[1033.0,235.5]]],[[[1032.0,253.0],[1033.0,253.5],[1033.0,253.0],[1032.0,253.0]]],[[[1034.0,254.0],[1033.5,255.0],[1034.0,255.0],[1034.0,254.0]]],[[[1036.0,258.0],[1037.0,258.5],[1037.0,258.0],[1036.0,258.0]]],[[[1030.5,261.0],[1030.0,260.0],[1030.0,261.0],[1030.5,261.0]]],[[[1027.0,263.0],[1026.5,264.0],[1027.0,264.0],[1027.0,263.0]]],[[[1010.0,256.0],[1009.0,255.5],[1009.0,256.0],[1010.0,256.0]]],[[[1008.0,252.0],[1008.5,251.0],[1008.0,251.0],[1008.0,252.0]]],[[[1014.5,251.0],[1015.0,252.0],[1015.0,251.0],[1014.5,251.0]]],[[[1017.0,251.0],[1018.0,251.5],[1018.0,251.0],[1017.0,251.0]]],[[[1020.0,250.5],[1021.0,250.0],[1020.0,250.0],[1020.0,250.5]]],[[[1020.5,249.0],[1020.0,248.0],[1020.0,249.0],[1020.5,249.0]]],[[[1009.5,240.0],[1009.0,239.0],[1009.0,240.0],[1009.5,240.0]]],[[[1005.0,238.0],[1005.5,237.0],[1005.0,237.0],[1005.0,238.0]]],[[[1006.0,236.0],[1005.0,235.5],[1005.0,236.0],[1006.0,236.0]]],[[[1220.5,298.0],[1220.0,297.0],[1220.0,298.0],[1220.5,298.0]]],[[[1224.0,280.0],[1223.0,279.5],[1223.0,280.0],[1224.0,280.0]]],[[[1230.0,264.5],[1231.0,264.0],[1230.0,264.0],[1230.0,264.5]]],[[[1233.0,260.0],[1233.5,259.0],[1233.0,259.0],[1233.0,260.0]]],[[[1236.5,256.0],[1236.0,254.0],[1236.0,256.0],[1236.5,256.0]]],[[[1237.0,253.5],[1238.0,253.0],[1237.0,253.0],[1237.0,253.5]]],[[[1241.0,241.0],[1240.0,240.5],[1240.0,241.0],[1241.0,241.0]]],[[[1247.0,236.0],[1247.5,235.0],[1247.0,235.0],[1247.0,236.0]]],[[[1255.0,229.5],[1256.0,229.0],[1255.0,229.0],[1255.0,229.5]]],[[[1256.0,239.0],[1257.0,239.5],[1257.0,239.0],[1256.0,239.0]]],[[[1267.0,249.0],[1268.0,249.5],[1268.0,249.0],[1267.0,249.0]]],[[[1268.0,252.5],[1267.0,253.0],[1268.0,253.0],[1268.0,252.5]]],[[[1269.0,256.0],[1269.5,255.0],[1269.0,255.0],[1269.0,256.0]]],[[[1272.0,253.5],[1274.0,253.0],[1272.0,253.0],[1272.0,253.5]]],[[[1282.0,250.0],[1282.5,249.0],[1282.0,249.0],[1282.0,250.0]]],[[[1283.0,248.0],[1283.5,247.0],[1283.0,247.0],[1283.0,248.0]]],[[[1293.5,254.0],[1294.0,255.0],[1294.0,254.0],[1293.5,254.0]]],[[[1294.5,256.0],[1295.0,257.0],[1295.0,256.0],[1294.5,256.0]]],[[[1299.0,257.0],[1299.5,256.0],[1299.0,256.0],[1299.0,257.0]]],[[[1311.5,252.0],[1312.0,253.0],[1312.0,252.0],[1311.5,252.0]]],[[[1317.0,250.0],[1317.5,249.0],[1317.0,249.0],[1317.0,250.0]]],[[[1320.0,248.0],[1320.5,247.0],[1320.0,247.0],[1320.0,248.0]]],[[[1324.0,250.0],[1323.5,251.0],[1324.0,251.0],[1324.0,250.0]]],[[[1319.5,258.0],[1320.0,259.0],[1320.0,258.0],[1319.5,258.0]]],[[[1316.0,262.5],[1314.0,263.0],[1316.0,263.0],[1316.0,262.5]]],[[[1314.0,263.0],[1313.5,264.0],[1314.0,264.0],[1314.0,263.0]]],[[[1313.0,265.0],[1311.0,264.5],[1311.0,265.0],[1313.0,265.0]]],[[[1306.0,265.0],[1307.0,265.5],[1307.0,265.0],[1306.0,265.0]]],[[[1307.0,272.5],[1306.0,273.0],[1307.0,273.0],[1307.0,272.5]]],[[[1311.5,282.0],[1312.0,283.0],[1312.0,282.0],[1311.5,282.0]]],[[[1311.0,283.0],[1310.5,284.0],[1311.0,284.0],[1311.0,283.0]]],[[[1309.0,293.0],[1310.0,293.5],[1310.0,293.0],[1309.0,293.0]]],[[[1307.0,305.0],[1306.5,306.0],[1307.0,306.0],[1307.0,305.0]]],[[[1305.0,311.0],[1305.5,310.0],[1305.0,310.0],[1305.0,311.0]]],[[[1337.0,305.0],[1337.5,304.0],[1337.0,304.0],[1337.0,305.0]]],[[[1344.5,306.0],[1345.0,307.0],[1345.0,306.0],[1344.5,306.0]]],[[[1345.0,307.0],[1347.0,307.5],[1347.0,307.0],[1345.0,307.0]]],[[[1349.0,309.0],[1350.0,309.5],[1350.0,309.0],[1349.0,309.0]]],[[[1357.0,310.0],[1357.5,309.0],[1357.0,309.0],[1357.0,310.0]]],[[[1363.0,310.0],[1364.0,310.5],[1364.0,310.0],[1363.0,310.0]]],[[[1373.5,322.0],[1374.0,323.0],[1374.0,322.0],[1373.5,322.0]]],[[[1367.5,324.0],[1367.0,323.0],[1367.0,324.0],[1367.5,324.0]]],[[[1362.0,322.0],[1361.5,323.0],[1362.0,323.0],[1362.0,322.0]]],[[[1367.0,331.0],[1366.5,332.0],[1367.0,332.0],[1367.0,331.0]]],[[[1355.5,334.0],[1355.0,333.0],[1355.0,334.0],[1355.5,334.0]]],[[[1355.0,333.0],[1353.0,332.5],[1353.0,333.0],[1355.0,333.0]]],[[[1349.0,329.0],[1348.0,328.5],[1348.0,329.0],[1349.0,329.0]]],[[[1343.0,323.5],[1342.0,324.0],[1343.0,324.0],[1343.0,323.5]]],[[[1335.5,325.0],[1335.0,324.0],[1335.0,325.0],[1335.5,325.0]]],[[[1327.0,333.0],[1326.5,334.0],[1327.0,334.0],[1327.0,333.0]]],[[[1322.0,333.0],[1321.5,334.0],[1322.0,334.0],[1322.0,333.0]]],[[[1315.5,332.0],[1315.0,331.0],[1315.0,332.0],[1315.5,332.0]]],[[[1292.0,324.0],[1291.0,323.5],[1291.0,324.0],[1292.0,324.0]]],[[[1283.0,322.0],[1282.0,321.5],[1282.0,322.0],[1283.0,322.0]]],[[[1261.0,323.0],[1260.0,322.5],[1260.0,323.0],[1261.0,323.0]]],[[[1259.0,315.5],[1260.0,315.0],[1259.0,315.0],[1259.0,315.5]]],[[[1261.0,309.5],[1262.0,309.0],[1261.0,309.0],[1261.0,309.5]]],[[[1259.0,307.0],[1258.5,308.0],[1259.0,308.0],[1259.0,307.0]]],[[[1252.0,305.0],[1251.0,304.5],[1251.0,305.0],[1252.0,305.0]]],[[[1244.0,302.5],[1243.0,303.0],[1244.0,303.0],[1244.0,302.5]]],[[[1237.0,306.0],[1236.5,307.0],[1237.0,307.0],[1237.0,306.0]]],[[[1231.5,306.0],[1231.0,305.0],[1231.0,306.0],[1231.5,306.0]]],[[[1166.5,303.0],[1166.0,302.0],[1166.0,303.0],[1166.5,303.0]]],[[[1171.0,297.0],[1171.5,296.0],[1171.0,296.0],[1171.0,297.0]]],[[[1178.0,294.0],[1178.5,293.0],[1178.0,293.0],[1178.0,294.0]]],[[[1181.0,287.0],[1180.0,286.5],[1180.0,287.0],[1181.0,287.0]]],[[[1180.0,283.5],[1181.0,283.0],[1180.0,283.0],[1180.0,283.5]]],[[[1182.0,278.0],[1182.5,277.0],[1182.0,277.0],[1182.0,278.0]]],[[[1185.5,277.0],[1186.0,278.0],[1186.0,277.0],[1185.5,277.0]]],[[[1194.0,278.0],[1194.5,277.0],[1194.0,277.0],[1194.0,278.0]]],[[[1202.0,273.5],[1203.0,273.0],[1202.0,273.0],[1202.0,273.5]]],[[[1203.0,277.5],[1202.0,278.0],[1203.0,278.0],[1203.0,277.5]]],[[[1203.5,295.0],[1204.0,297.0],[1204.0,295.0],[1203.5,295.0]]],[[[1208.5,301.0],[1209.0,302.0],[1209.0,301.0],[1208.5,301.0]]],[[[1212.0,304.0],[1213.0,304.5],[1213.0,304.0],[1212.0,304.0]]],[[[1207.5,306.0],[1207.0,305.0],[1207.0,306.0],[1207.5,306.0]]],[[[1200.0,304.0],[1198.0,303.5],[1198.0,304.0],[1200.0,304.0]]],[[[1195.5,302.0],[1195.0,301.0],[1195.0,302.0],[1195.5,302.0]]],[[[1191.0,299.0],[1190.0,298.5],[1190.0,299.0],[1191.0,299.0]]],[[[1185.0,297.0],[1184.5,298.0],[1185.0,298.0],[1185.0,297.0]]],[[[1180.0,300.0],[1179.5,301.0],[1180.0,301.0],[1180.0,300.0]]],[[[1016.0,298.0],[1015.0,297.5],[1015.0,298.0],[1016.0,298.0]]],[[[1015.0,294.0],[1015.5,293.0],[1015.0,293.0],[1015.0,294.0]]],[[[1022.0,294.0],[1021.5,295.0],[1022.0,295.0],[1022.0,294.0]]],[[[1109.0,311.0],[1108.0,310.5],[1108.0,311.0],[1109.0,311.0]]],[[[1110.0,303.0],[1111.0,303.5],[1111.0,303.0],[1110.0,303.0]]],[[[1036.0,318.0],[1035.0,317.5],[1035.0,318.0],[1036.0,318.0]]],[[[1040.0,318.0],[1041.0,318.5],[1041.0,318.0],[1040.0,318.0]]],[[[1042.0,319.0],[1041.5,320.0],[1042.0,320.0],[1042.0,319.0]]],[[[1041.0,321.0],[1039.0,320.5],[1039.0,321.0],[1041.0,321.0]]],[[[1051.0,331.0],[1050.0,330.5],[1050.0,331.0],[1051.0,331.0]]],[[[1051.0,323.0],[1051.5,322.0],[1051.0,322.0],[1051.0,323.0]]],[[[1057.0,321.0],[1058.0,321.5],[1058.0,321.0],[1057.0,321.0]]],[[[1060.5,326.0],[1061.0,327.0],[1061.0,326.0],[1060.5,326.0]]],[[[1058.0,329.0],[1057.5,330.0],[1058.0,330.0],[1058.0,329.0]]],[[[1059.5,335.0],[1060.0,337.0],[1060.0,335.0],[1059.5,335.0]]],[[[1060.0,337.0],[1061.0,337.5],[1061.0,337.0],[1060.0,337.0]]],[[[1061.0,339.5],[1060.0,340.0],[1061.0,340.0],[1061.0,339.5]]],[[[1243.0,359.0],[1242.0,358.5],[1242.0,359.0],[1243.0,359.0]]],[[[1247.0,349.5],[1248.0,349.0],[1247.0,349.0],[1247.0,349.5]]],[[[1249.0,347.0],[1249.5,346.0],[1249.0,346.0],[1249.0,347.0]]],[[[1253.5,346.0],[1254.0,347.0],[1254.0,346.0],[1253.5,346.0]]],[[[1264.0,341.5],[1266.0,341.0],[1264.0,341.0],[1264.0,341.5]]],[[[1267.0,343.0],[1268.0,343.5],[1268.0,343.0],[1267.0,343.0]]],[[[1269.0,344.0],[1268.5,347.0],[1269.0,347.0],[1269.0,344.0]]],[[[1275.5,359.0],[1276.0,360.0],[1276.0,359.0],[1275.5,359.0]]],[[[1278.5,361.0],[1279.0,362.0],[1279.0,361.0],[1278.5,361.0]]],[[[1278.0,362.0],[1277.5,363.0],[1278.0,363.0],[1278.0,362.0]]],[[[1265.5,361.0],[1265.0,360.0],[1265.0,361.0],[1265.5,361.0]]],[[[1262.0,359.0],[1261.0,358.5],[1261.0,359.0],[1262.0,359.0]]],[[[1257.0,353.0],[1256.5,355.0],[1257.0,355.0],[1257.0,353.0]]],[[[1254.0,358.0],[1253.5,359.0],[1254.0,359.0],[1254.0,358.0]]],[[[1251.0,359.0],[1250.0,358.5],[1250.0,359.0],[1251.0,359.0]]],[[[1246.0,358.0],[1245.5,359.0],[1246.0,359.0],[1246.0,358.0]]],[[[1321.5,366.0],[1321.0,365.0],[1321.0,366.0],[1321.5,366.0]]],[[[1315.5,364.0],[1315.0,363.0],[1315.0,364.0],[1315.5,364.0]]],[[[1316.0,362.5],[1317.0,362.0],[1316.0,362.0],[1316.0,362.5]]],[[[1319.0,358.0],[1319.5,357.0],[1319.0,357.0],[1319.0,358.0]]],[[[1331.0,348.5],[1332.0,348.0],[1331.0,348.0],[1331.0,348.5]]],[[[1332.0,349.0],[1333.0,349.5],[1333.0,349.0],[1332.0,349.0]]],[[[1335.0,356.5],[1334.0,357.0],[1335.0,357.0],[1335.0,356.5]]],[[[1341.5,366.0],[1342.0,367.0],[1342.0,366.0],[1341.5,366.0]]],[[[1347.0,370.0],[1346.5,371.0],[1347.0,371.0],[1347.0,370.0]]],[[[1338.5,370.0],[1338.0,369.0],[1338.0,370.0],[1338.5,370.0]]],[[[1334.5,368.0],[1334.0,367.0],[1334.0,368.0],[1334.5,368.0]]],[[[1333.5,366.0],[1333.0,365.0],[1333.0,366.0],[1333.5,366.0]]],[[[1332.5,364.0],[1332.0,363.0],[1332.0,364.0],[1332.5,364.0]]],[[[1329.0,364.0],[1328.5,365.0],[1329.0,365.0],[1329.0,364.0]]],[[[1047.0,365.5],[1048.0,365.0],[1047.0,365.0],[1047.0,365.5]]],[[[1048.0,366.0],[1049.0,366.5],[1049.0,366.0],[1048.0,366.0]]],[[[1055.0,376.0],[1056.0,376.5],[1056.0,376.0],[1055.0,376.0]]],[[[1052.0,382.0],[1050.0,381.5],[1050.0,382.0],[1052.0,382.0]]],[[[1221.0,375.0],[1221.5,374.0],[1221.0,374.0],[1221.0,375.0]]],[[[1233.0,372.0],[1233.5,371.0],[1233.0,371.0],[1233.0,372.0]]],[[[1238.0,371.0],[1239.0,371.5],[1239.0,371.0],[1238.0,371.0]]],[[[1235.0,379.0],[1234.5,380.0],[1235.0,380.0],[1235.0,379.0]]],[[[1228.5,380.0],[1228.0,379.0],[1228.0,380.0],[1228.5,380.0]]],[[[1076.5,397.0],[1076.0,396.0],[1076.0,397.0],[1076.5,397.0]]],[[[1074.0,387.0],[1074.5,386.0],[1074.0,386.0],[1074.0,387.0]]],[[[1081.0,385.0],[1082.0,385.5],[1082.0,385.0],[1081.0,385.0]]],[[[1085.5,395.0],[1086.0,396.0],[1086.0,395.0],[1085.5,395.0]]],[[[1085.0,396.0],[1084.5,397.0],[1085.0,397.0],[1085.0,396.0]]],[[[1018.0,424.0],[1018.5,423.0],[1018.0,423.0],[1018.0,424.0]]],[[[1024.0,420.0],[1024.5,419.0],[1024.0,419.0],[1024.0,420.0]]],[[[1032.0,420.0],[1031.5,421.0],[1032.0,421.0],[1032.0,420.0]]],[[[1024.0,425.0],[1023.5,426.0],[1024.0,426.0],[1024.0,425.0]]],[[[1019.0,429.0],[1018.5,430.0],[1019.0,430.0],[1019.0,429.0]]],[[[1207.0,426.0],[1207.5,425.0],[1207.0,425.0],[1207.0,426.0]]],[[[1219.0,424.0],[1220.0,424.5],[1220.0,424.0],[1219.0,424.0]]],[[[1220.0,426.0],[1219.5,427.0],[1220.0,427.0],[1220.0,426.0]]],[[[1215.0,429.0],[1212.0,428.5],[1212.0,429.0],[1215.0,429.0]]],[[[1043.5,442.0],[1043.0,440.0],[1043.0,442.0],[1043.5,442.0]]],[[[1046.5,440.0],[1047.0,441.0],[1047.0,440.0],[1046.5,440.0]]],[[[1056.0,446.0],[1057.0,446.5],[1057.0,446.0],[1056.0,446.0]]],[[[1049.0,448.0],[1048.0,447.5],[1048.0,448.0],[1049.0,448.0]]],[[[1063.5,467.0],[1063.0,466.0],[1063.0,467.0],[1063.5,467.0]]],[[[1067.0,462.5],[1068.0,462.0],[1067.0,462.0],[1067.0,462.5]]],[[[1069.0,459.0],[1069.5,458.0],[1069.0,458.0],[1069.0,459.0]]],[[[1054.0,566.0],[1054.0,567.0],[1056.0,567.0],[1056.0,569.0],[1057.0,569.0],[1057.0,570.0],[1059.0,570.0],[1059.0,569.0],[1060.0,569.0],[1060.0,567.0],[1059.0,567.0],[1059.0,564.0],[1058.0,564.0],[1058.0,563.0],[1057.0,563.0],[1057.0,562.0],[1056.0,562.0],[1056.0,560.0],[1057.0,560.0],[1057.0,559.0],[1056.0,559.0],[1056.0,556.0],[1055.0,556.0],[1055.0,554.0],[1054.0,554.0],[1054.0,553.0],[1052.0,553.0],[1052.0,554.0],[1051.0,554.0],[1051.0,558.0],[1052.0,558.0],[1052.0,559.0],[1053.0,559.0],[1053.0,562.0],[1052.0,562.0],[1052.0,565.0],[1053.0,565.0],[1053.0,566.0],[1054.0,566.0]]],[[[1075.5,661.0],[1076.0,662.0],[1076.0,661.0],[1075.5,661.0]]],[[[1078.0,659.5],[1079.0,659.0],[1078.0,659.0],[1078.0,659.5]]],[[[1068.0,648.0],[1067.0,647.5],[1067.0,648.0],[1068.0,648.0]]],[[[1057.5,646.0],[1057.0,645.0],[1057.0,646.0],[1057.5,646.0]]],[[[1058.0,644.5],[1059.0,644.0],[1058.0,644.0],[1058.0,644.5]]],[[[1044.0,636.0],[1044.5,635.0],[1044.0,635.0],[1044.0,636.0]]],[[[1047.0,613.5],[1048.0,613.0],[1047.0,613.0],[1047.0,613.5]]],[[[1050.0,599.5],[1051.0,599.0],[1050.0,599.0],[1050.0,599.5]]],[[[1053.0,598.0],[1053.5,597.0],[1053.0,597.0],[1053.0,598.0]]],[[[1056.0,596.0],[1056.5,595.0],[1056.0,595.0],[1056.0,596.0]]],[[[1060.0,594.0],[1060.5,593.0],[1060.0,593.0],[1060.0,594.0]]],[[[1073.5,605.0],[1074.0,606.0],[1074.0,605.0],[1073.5,605.0]]],[[[1083.0,606.0],[1083.5,605.0],[1083.0,605.0],[1083.0,606.0]]],[[[1085.0,603.0],[1086.0,603.5],[1086.0,603.0],[1085.0,603.0]]],[[[1089.0,604.0],[1089.5,603.0],[1089.0,603.0],[1089.0,604.0]]],[[[1088.0,595.5],[1087.0,596.0],[1088.0,596.0],[1088.0,595.5]]],[[[1082.0,588.0],[1081.0,587.5],[1081.0,588.0],[1082.0,588.0]]],[[[1076.5,582.0],[1076.0,580.0],[1076.0,582.0],[1076.5,582.0]]],[[[1076.0,580.0],[1075.0,579.5],[1075.0,580.0],[1076.0,580.0]]],[[[1071.0,567.0],[1070.0,566.5],[1070.0,567.0],[1071.0,567.0]]],[[[1072.0,544.5],[1073.0,544.0],[1072.0,544.0],[1072.0,544.5]]],[[[1077.0,526.5],[1078.0,526.0],[1077.0,526.0],[1077.0,526.5]]],[[[1069.5,523.0],[1069.0,522.0],[1069.0,523.0],[1069.5,523.0]]],[[[1067.5,519.0],[1067.0,516.0],[1067.0,519.0],[1067.5,519.0]]],[[[1080.0,513.5],[1081.0,513.0],[1080.0,513.0],[1080.0,513.5]]],[[[1061.5,507.0],[1061.0,506.0],[1061.0,507.0],[1061.5,507.0]]],[[[1057.0,499.0],[1056.5,500.0],[1057.0,500.0],[1057.0,499.0]]],[[[1053.0,497.5],[1054.0,497.0],[1053.0,497.0],[1053.0,497.5]]],[[[1073.0,475.0],[1073.5,474.0],[1073.0,474.0],[1073.0,475.0]]],[[[1084.0,472.0],[1084.5,471.0],[1084.0,471.0],[1084.0,472.0]]],[[[1087.0,467.5],[1088.0,467.0],[1087.0,467.0],[1087.0,467.5]]],[[[1093.0,457.0],[1092.0,456.5],[1092.0,457.0],[1093.0,457.0]]],[[[1088.0,459.0],[1087.5,460.0],[1088.0,460.0],[1088.0,459.0]]],[[[1080.0,454.0],[1079.0,453.5],[1079.0,454.0],[1080.0,454.0]]],[[[1081.0,446.5],[1082.0,446.0],[1081.0,446.0],[1081.0,446.5]]],[[[1083.5,448.0],[1084.0,449.0],[1084.0,448.0],[1083.5,448.0]]],[[[1092.0,444.5],[1093.0,444.0],[1092.0,444.0],[1092.0,444.5]]],[[[1088.0,442.0],[1087.5,443.0],[1088.0,443.0],[1088.0,442.0]]],[[[1083.5,441.0],[1083.0,440.0],[1083.0,441.0],[1083.5,441.0]]],[[[1074.5,439.0],[1074.0,438.0],[1074.0,439.0],[1074.5,439.0]]],[[[1078.0,434.5],[1079.0,434.0],[1078.0,434.0],[1078.0,434.5]]],[[[1078.0,430.0],[1077.0,429.5],[1077.0,430.0],[1078.0,430.0]]],[[[1068.0,420.0],[1068.5,419.0],[1068.0,419.0],[1068.0,420.0]]],[[[1075.5,420.0],[1076.0,421.0],[1076.0,420.0],[1075.5,420.0]]],[[[1079.0,418.0],[1078.0,417.5],[1078.0,418.0],[1079.0,418.0]]],[[[1076.0,412.0],[1075.0,411.5],[1075.0,412.0],[1076.0,412.0]]],[[[1074.0,411.0],[1074.5,410.0],[1074.0,410.0],[1074.0,411.0]]],[[[1094.0,404.5],[1095.0,404.0],[1094.0,404.0],[1094.0,404.5]]],[[[1092.0,374.5],[1093.0,374.0],[1092.0,374.0],[1092.0,374.5]]],[[[1093.0,375.0],[1094.0,375.5],[1094.0,375.0],[1093.0,375.0]]],[[[1095.5,378.0],[1096.0,380.0],[1096.0,378.0],[1095.5,378.0]]],[[[1102.5,381.0],[1103.0,382.0],[1103.0,381.0],[1102.5,381.0]]],[[[1108.0,373.5],[1109.0,373.0],[1108.0,373.0],[1108.0,373.5]]],[[[1112.0,369.0],[1112.5,368.0],[1112.0,368.0],[1112.0,369.0]]],[[[1123.5,358.0],[1123.0,355.0],[1123.0,358.0],[1123.5,358.0]]],[[[1111.5,360.0],[1111.0,359.0],[1111.0,360.0],[1111.5,360.0]]],[[[1106.0,356.0],[1105.0,355.5],[1105.0,356.0],[1106.0,356.0]]],[[[1104.0,355.0],[1104.5,354.0],[1104.0,354.0],[1104.0,355.0]]],[[[1107.0,352.5],[1109.0,352.0],[1107.0,352.0],[1107.0,352.5]]],[[[1108.0,347.0],[1107.0,346.5],[1107.0,347.0],[1108.0,347.0]]],[[[1104.0,342.0],[1103.0,341.5],[1103.0,342.0],[1104.0,342.0]]],[[[1102.0,341.0],[1102.5,339.0],[1102.0,339.0],[1102.0,341.0]]],[[[1098.5,333.0],[1098.0,332.0],[1098.0,333.0],[1098.5,333.0]]],[[[1099.0,332.0],[1099.5,331.0],[1099.0,331.0],[1099.0,332.0]]],[[[1103.5,331.0],[1104.0,332.0],[1104.0,331.0],[1103.5,331.0]]],[[[1109.5,326.0],[1110.0,327.0],[1110.0,326.0],[1109.5,326.0]]],[[[1118.5,298.0],[1118.0,296.0],[1118.0,298.0],[1118.5,298.0]]],[[[1123.5,298.0],[1124.0,299.0],[1124.0,298.0],[1123.5,298.0]]],[[[1130.5,284.0],[1131.0,286.0],[1131.0,284.0],[1130.5,284.0]]],[[[1136.0,287.0],[1137.0,287.5],[1137.0,287.0],[1136.0,287.0]]],[[[1142.0,292.0],[1142.5,291.0],[1142.0,291.0],[1142.0,292.0]]],[[[1143.0,290.0],[1144.0,290.5],[1144.0,290.0],[1143.0,290.0]]],[[[1146.0,300.0],[1147.0,300.5],[1147.0,300.0],[1146.0,300.0]]],[[[1151.0,309.5],[1152.0,309.0],[1151.0,309.0],[1151.0,309.5]]],[[[1152.0,310.0],[1153.0,310.5],[1153.0,310.0],[1152.0,310.0]]],[[[1152.0,324.0],[1151.5,325.0],[1152.0,325.0],[1152.0,324.0]]],[[[1146.0,327.0],[1145.5,328.0],[1146.0,328.0],[1146.0,327.0]]],[[[1141.0,329.0],[1140.5,330.0],[1141.0,330.0],[1141.0,329.0]]],[[[1138.0,331.5],[1136.0,332.0],[1138.0,332.0],[1138.0,331.5]]],[[[1134.0,335.5],[1133.0,336.0],[1134.0,336.0],[1134.0,335.5]]],[[[1132.0,338.5],[1131.0,339.0],[1132.0,339.0],[1132.0,338.5]]],[[[1137.0,337.0],[1137.5,336.0],[1137.0,336.0],[1137.0,337.0]]],[[[1149.0,333.0],[1149.5,332.0],[1149.0,332.0],[1149.0,333.0]]],[[[1153.5,334.0],[1154.0,336.0],[1154.0,334.0],[1153.5,334.0]]],[[[1162.0,329.0],[1162.5,328.0],[1162.0,328.0],[1162.0,329.0]]],[[[1165.0,327.0],[1165.5,326.0],[1165.0,326.0],[1165.0,327.0]]],[[[1177.0,320.5],[1178.0,320.0],[1177.0,320.0],[1177.0,320.5]]],[[[1182.5,319.0],[1183.0,320.0],[1183.0,319.0],[1182.5,319.0]]],[[[1196.0,321.0],[1195.5,322.0],[1196.0,322.0],[1196.0,321.0]]],[[[1194.5,327.0],[1195.0,328.0],[1195.0,327.0],[1194.5,327.0]]],[[[1193.0,329.0],[1192.5,330.0],[1193.0,330.0],[1193.0,329.0]]],[[[1206.0,347.0],[1207.0,347.5],[1207.0,347.0],[1206.0,347.0]]],[[[1209.0,351.0],[1210.0,351.5],[1210.0,351.0],[1209.0,351.0]]],[[[1218.0,349.0],[1218.5,348.0],[1218.0,348.0],[1218.0,349.0]]],[[[1230.0,348.0],[1231.0,348.5],[1231.0,348.0],[1230.0,348.0]]],[[[1227.0,357.0],[1226.5,358.0],[1227.0,358.0],[1227.0,357.0]]],[[[1226.0,359.0],[1224.0,358.5],[1224.0,359.0],[1226.0,359.0]]],[[[1223.0,365.0],[1222.5,366.0],[1223.0,366.0],[1223.0,365.0]]],[[[1200.5,367.0],[1200.0,366.0],[1200.0,367.0],[1200.5,367.0]]],[[[1196.0,362.0],[1195.0,361.5],[1195.0,362.0],[1196.0,362.0]]],[[[1194.0,359.0],[1193.0,358.5],[1193.0,359.0],[1194.0,359.0]]],[[[1193.0,365.0],[1194.0,365.5],[1194.0,365.0],[1193.0,365.0]]],[[[1201.5,373.0],[1202.0,374.0],[1202.0,373.0],[1201.5,373.0]]],[[[1203.0,373.5],[1204.0,373.0],[1203.0,373.0],[1203.0,373.5]]],[[[1204.5,374.0],[1205.0,375.0],[1205.0,374.0],[1204.5,374.0]]],[[[1210.0,377.0],[1211.0,377.5],[1211.0,377.0],[1210.0,377.0]]],[[[1212.5,384.0],[1213.0,385.0],[1213.0,384.0],[1212.5,384.0]]],[[[1216.5,385.0],[1217.0,386.0],[1217.0,385.0],[1216.5,385.0]]],[[[1226.0,393.0],[1226.5,392.0],[1226.0,392.0],[1226.0,393.0]]],[[[1242.0,391.0],[1243.0,391.5],[1243.0,391.0],[1242.0,391.0]]],[[[1252.0,398.0],[1252.5,397.0],[1252.0,397.0],[1252.0,398.0]]],[[[1254.0,397.0],[1255.0,397.5],[1255.0,397.0],[1254.0,397.0]]],[[[1264.5,397.0],[1265.0,398.0],[1265.0,397.0],[1264.5,397.0]]],[[[1270.0,398.5],[1271.0,398.0],[1270.0,398.0],[1270.0,398.5]]],[[[1267.0,393.0],[1266.0,392.5],[1266.0,393.0],[1267.0,393.0]]],[[[1272.0,383.0],[1272.5,382.0],[1272.0,382.0],[1272.0,383.0]]],[[[1281.0,386.0],[1281.5,385.0],[1281.0,385.0],[1281.0,386.0]]],[[[1284.0,383.5],[1286.0,383.0],[1284.0,383.0],[1284.0,383.5]]],[[[1286.5,384.0],[1287.0,385.0],[1287.0,384.0],[1286.5,384.0]]],[[[1295.0,395.0],[1296.0,395.5],[1296.0,395.0],[1295.0,395.0]]],[[[1295.0,401.0],[1293.0,400.5],[1293.0,401.0],[1295.0,401.0]]],[[[1293.5,404.0],[1294.0,405.0],[1294.0,404.0],[1293.5,404.0]]],[[[1302.5,418.0],[1302.0,417.0],[1302.0,418.0],[1302.5,418.0]]],[[[1300.0,418.0],[1299.5,419.0],[1300.0,419.0],[1300.0,418.0]]],[[[1294.0,417.0],[1293.5,418.0],[1294.0,418.0],[1294.0,417.0]]],[[[1293.0,419.0],[1292.5,420.0],[1293.0,420.0],[1293.0,419.0]]],[[[1286.5,418.0],[1286.0,417.0],[1286.0,418.0],[1286.5,418.0]]],[[[1261.0,423.0],[1260.0,422.5],[1260.0,423.0],[1261.0,423.0]]],[[[1260.0,420.5],[1261.0,420.0],[1260.0,420.0],[1260.0,420.5]]],[[[1249.0,420.0],[1248.5,421.0],[1249.0,421.0],[1249.0,420.0]]],[[[1231.5,420.0],[1231.0,419.0],[1231.0,420.0],[1231.5,420.0]]],[[[1226.0,418.0],[1224.0,417.5],[1224.0,418.0],[1226.0,418.0]]],[[[1222.0,416.0],[1221.0,415.5],[1221.0,416.0],[1222.0,416.0]]],[[[1215.0,412.0],[1214.5,413.0],[1215.0,413.0],[1215.0,412.0]]],[[[1212.0,414.0],[1211.5,415.0],[1212.0,415.0],[1212.0,414.0]]],[[[1208.0,415.0],[1207.5,416.0],[1208.0,416.0],[1208.0,415.0]]],[[[1194.0,405.0],[1193.5,406.0],[1194.0,406.0],[1194.0,405.0]]],[[[1193.0,407.0],[1192.0,406.5],[1192.0,407.0],[1193.0,407.0]]],[[[1191.0,406.0],[1190.5,407.0],[1191.0,407.0],[1191.0,406.0]]],[[[1188.5,407.0],[1188.0,406.0],[1188.0,407.0],[1188.5,407.0]]],[[[1188.0,406.0],[1186.0,405.5],[1186.0,406.0],[1188.0,406.0]]],[[[1182.0,409.0],[1181.5,410.0],[1182.0,410.0],[1182.0,409.0]]],[[[1179.0,411.0],[1178.5,412.0],[1179.0,412.0],[1179.0,411.0]]],[[[1172.5,412.0],[1172.0,411.0],[1172.0,412.0],[1172.5,412.0]]],[[[1171.5,410.0],[1171.0,409.0],[1171.0,410.0],[1171.5,410.0]]],[[[1160.0,409.0],[1159.0,408.5],[1159.0,409.0],[1160.0,409.0]]],[[[1156.0,411.0],[1155.5,412.0],[1156.0,412.0],[1156.0,411.0]]],[[[1167.5,421.0],[1168.0,422.0],[1168.0,421.0],[1167.5,421.0]]],[[[1170.5,423.0],[1171.0,424.0],[1171.0,423.0],[1170.5,423.0]]],[[[1188.5,434.0],[1189.0,435.0],[1189.0,434.0],[1188.5,434.0]]],[[[1222.0,435.0],[1226.0,435.5],[1226.0,435.0],[1222.0,435.0]]],[[[1244.5,442.0],[1245.0,443.0],[1245.0,442.0],[1244.5,442.0]]],[[[1252.0,443.0],[1252.5,442.0],[1252.0,442.0],[1252.0,443.0]]],[[[1253.0,441.0],[1253.5,440.0],[1253.0,440.0],[1253.0,441.0]]],[[[1259.0,436.5],[1260.0,436.0],[1259.0,436.0],[1259.0,436.5]]],[[[1260.5,437.0],[1261.0,438.0],[1261.0,437.0],[1260.5,437.0]]],[[[1261.5,439.0],[1262.0,440.0],[1262.0,439.0],[1261.5,439.0]]],[[[1260.0,442.5],[1259.0,443.0],[1260.0,443.0],[1260.0,442.5]]],[[[1260.5,448.0],[1261.0,449.0],[1261.0,448.0],[1260.5,448.0]]],[[[1266.5,449.0],[1267.0,450.0],[1267.0,449.0],[1266.5,449.0]]],[[[1276.0,449.5],[1277.0,449.0],[1276.0,449.0],[1276.0,449.5]]],[[[1278.0,441.0],[1278.5,440.0],[1278.0,440.0],[1278.0,441.0]]],[[[1290.0,432.0],[1289.0,431.5],[1289.0,432.0],[1290.0,432.0]]],[[[1307.0,427.0],[1307.5,426.0],[1307.0,426.0],[1307.0,427.0]]],[[[1319.0,423.0],[1319.5,422.0],[1319.0,422.0],[1319.0,423.0]]],[[[1322.0,422.0],[1323.0,422.5],[1323.0,422.0],[1322.0,422.0]]],[[[1332.0,424.0],[1332.5,423.0],[1332.0,423.0],[1332.0,424.0]]],[[[1336.0,421.0],[1336.5,420.0],[1336.0,420.0],[1336.0,421.0]]],[[[1342.5,419.0],[1343.0,420.0],[1343.0,419.0],[1342.5,419.0]]],[[[1340.0,422.5],[1339.0,423.0],[1340.0,423.0],[1340.0,422.5]]],[[[1350.5,426.0],[1351.0,427.0],[1351.0,426.0],[1350.5,426.0]]],[[[1357.5,428.0],[1358.0,429.0],[1358.0,428.0],[1357.5,428.0]]],[[[1360.0,427.5],[1361.0,427.0],[1360.0,427.0],[1360.0,427.5]]],[[[1364.0,431.0],[1365.0,431.5],[1365.0,431.0],[1364.0,431.0]]],[[[1368.0,425.0],[1367.0,424.5],[1367.0,425.0],[1368.0,425.0]]],[[[1364.5,420.0],[1364.0,418.0],[1364.0,420.0],[1364.5,420.0]]],[[[1366.0,417.0],[1366.5,416.0],[1366.0,416.0],[1366.0,417.0]]],[[[1372.0,405.5],[1373.0,405.0],[1372.0,405.0],[1372.0,405.5]]],[[[1371.0,388.0],[1371.5,386.0],[1371.0,386.0],[1371.0,388.0]]],[[[1373.0,384.0],[1373.5,383.0],[1373.0,383.0],[1373.0,384.0]]],[[[1383.0,378.5],[1384.0,378.0],[1383.0,378.0],[1383.0,378.5]]],[[[1402.0,353.5],[1403.0,353.0],[1402.0,353.0],[1402.0,353.5]]],[[[1405.0,349.0],[1405.5,347.0],[1405.0,347.0],[1405.0,349.0]]],[[[1408.0,343.5],[1409.0,343.0],[1408.0,343.0],[1408.0,343.5]]],[[[1422.0,341.5],[1423.0,341.0],[1422.0,341.0],[1422.0,341.5]]],[[[1427.0,328.0],[1427.5,327.0],[1427.0,327.0],[1427.0,328.0]]],[[[1436.5,317.0],[1437.0,318.0],[1437.0,317.0],[1436.5,317.0]]],[[[1439.5,319.0],[1440.0,320.0],[1440.0,319.0],[1439.5,319.0]]],[[[1446.0,319.0],[1446.5,318.0],[1446.0,318.0],[1446.0,319.0]]],[[[1451.0,315.5],[1453.0,315.0],[1451.0,315.0],[1451.0,315.5]]],[[[1453.0,315.0],[1453.5,314.0],[1453.0,314.0],[1453.0,315.0]]],[[[1458.5,315.0],[1459.0,316.0],[1459.0,315.0],[1458.5,315.0]]],[[[1457.0,317.5],[1456.0,318.0],[1457.0,318.0],[1457.0,317.5]]],[[[1453.0,329.5],[1452.0,330.0],[1453.0,330.0],[1453.0,329.5]]],[[[1451.0,340.0],[1452.0,340.5],[1452.0,340.0],[1451.0,340.0]]],[[[1461.5,341.0],[1462.0,342.0],[1462.0,341.0],[1461.5,341.0]]],[[[1460.0,343.0],[1459.5,344.0],[1460.0,344.0],[1460.0,343.0]]],[[[1456.0,345.5],[1453.0,346.0],[1456.0,346.0],[1456.0,345.5]]],[[[1434.0,356.0],[1433.5,357.0],[1434.0,357.0],[1434.0,356.0]]],[[[1421.0,362.5],[1420.0,363.0],[1421.0,363.0],[1421.0,362.5]]],[[[1444.0,358.5],[1447.0,358.0],[1444.0,358.0],[1444.0,358.5]]],[[[1447.0,358.0],[1447.5,357.0],[1447.0,357.0],[1447.0,358.0]]],[[[1460.0,367.0],[1461.0,367.5],[1461.0,367.0],[1460.0,367.0]]],[[[1470.0,378.5],[1469.0,379.0],[1470.0,379.0],[1470.0,378.5]]],[[[1468.0,383.0],[1467.5,384.0],[1468.0,384.0],[1468.0,383.0]]],[[[1442.0,389.0],[1441.5,390.0],[1442.0,390.0],[1442.0,389.0]]],[[[1436.0,395.0],[1437.0,395.5],[1437.0,395.0],[1436.0,395.0]]],[[[1434.0,405.0],[1433.5,406.0],[1434.0,406.0],[1434.0,405.0]]],[[[1427.0,411.0],[1426.5,412.0],[1427.0,412.0],[1427.0,411.0]]],[[[1421.0,417.5],[1420.0,418.0],[1421.0,418.0],[1421.0,417.5]]],[[[1419.5,421.0],[1420.0,422.0],[1420.0,421.0],[1419.5,421.0]]],[[[1424.0,428.0],[1425.0,428.5],[1425.0,428.0],[1424.0,428.0]]],[[[1426.0,429.0],[1427.0,429.5],[1427.0,429.0],[1426.0,429.0]]],[[[1430.0,441.5],[1431.0,441.0],[1430.0,441.0],[1430.0,441.5]]],[[[1431.5,442.0],[1432.0,443.0],[1432.0,442.0],[1431.5,442.0]]],[[[1438.0,439.0],[1438.5,438.0],[1438.0,438.0],[1438.0,439.0]]],[[[1446.0,442.0],[1447.0,442.5],[1447.0,442.0],[1446.0,442.0]]],[[[1444.0,447.5],[1443.0,448.0],[1444.0,448.0],[1444.0,447.5]]],[[[1440.0,452.5],[1439.0,453.0],[1440.0,453.0],[1440.0,452.5]]],[[[1440.0,464.5],[1439.0,465.0],[1440.0,465.0],[1440.0,464.5]]],[[[1445.5,474.0],[1445.0,471.0],[1445.0,474.0],[1445.5,474.0]]],[[[1446.5,462.0],[1446.0,460.0],[1446.0,462.0],[1446.5,462.0]]],[[[1446.0,460.0],[1445.0,459.5],[1445.0,460.0],[1446.0,460.0]]],[[[1459.5,464.0],[1460.0,465.0],[1460.0,464.0],[1459.5,464.0]]],[[[1464.0,469.5],[1463.0,470.0],[1464.0,470.0],[1464.0,469.5]]],[[[1462.0,472.0],[1461.5,473.0],[1462.0,473.0],[1462.0,472.0]]],[[[1450.5,504.0],[1451.0,505.0],[1451.0,504.0],[1450.5,504.0]]],[[[1453.0,504.5],[1455.0,504.0],[1453.0,504.0],[1453.0,504.5]]],[[[1455.0,495.5],[1456.0,495.0],[1455.0,495.0],[1455.0,495.5]]],[[[1461.0,492.0],[1461.5,491.0],[1461.0,491.0],[1461.0,492.0]]],[[[1471.5,492.0],[1472.0,493.0],[1472.0,492.0],[1471.5,492.0]]],[[[1490.0,495.0],[1492.0,495.5],[1492.0,495.0],[1490.0,495.0]]],[[[1496.0,495.0],[1496.5,494.0],[1496.0,494.0],[1496.0,495.0]]],[[[1504.0,489.5],[1505.0,489.0],[1504.0,489.0],[1504.0,489.5]]],[[[1509.5,502.0],[1510.0,505.0],[1510.0,502.0],[1509.5,502.0]]],[[[1510.0,505.0],[1511.0,505.5],[1511.0,505.0],[1510.0,505.0]]],[[[1515.0,510.0],[1516.0,510.5],[1516.0,510.0],[1515.0,510.0]]],[[[1548.0,512.0],[1548.5,511.0],[1548.0,511.0],[1548.0,512.0]]],[[[1553.0,508.5],[1554.0,508.0],[1553.0,508.0],[1553.0,508.5]]],[[[1553.0,513.5],[1552.0,514.0],[1553.0,514.0],[1553.0,513.5]]],[[[1551.0,516.5],[1550.0,517.0],[1551.0,517.0],[1551.0,516.5]]],[[[1550.0,518.0],[1551.0,518.5],[1551.0,518.0],[1550.0,518.0]]],[[[1554.5,526.0],[1555.0,527.0],[1555.0,526.0],[1554.5,526.0]]],[[[1564.0,527.0],[1565.0,527.5],[1565.0,527.0],[1564.0,527.0]]],[[[1568.0,538.0],[1569.0,538.5],[1569.0,538.0],[1568.0,538.0]]],[[[1571.0,553.0],[1572.0,553.5],[1572.0,553.0],[1571.0,553.0]]],[[[1574.0,557.0],[1575.0,557.5],[1575.0,557.0],[1574.0,557.0]]],[[[1564.5,563.0],[1564.0,562.0],[1564.0,563.0],[1564.5,563.0]]],[[[1569.0,572.0],[1570.0,572.5],[1570.0,572.0],[1569.0,572.0]]],[[[1561.0,600.5],[1560.0,601.0],[1561.0,601.0],[1561.0,600.5]]],[[[1559.0,603.5],[1558.0,604.0],[1559.0,604.0],[1559.0,603.5]]],[[[1559.0,620.0],[1558.5,621.0],[1559.0,621.0],[1559.0,620.0]]],[[[1541.0,623.0],[1540.0,622.5],[1540.0,623.0],[1541.0,623.0]]],[[[1532.0,612.0],[1533.0,612.5],[1533.0,612.0],[1532.0,612.0]]],[[[1535.0,626.0],[1536.0,626.5],[1536.0,626.0],[1535.0,626.0]]],[[[1533.0,633.0],[1532.5,634.0],[1533.0,634.0],[1533.0,633.0]]],[[[1524.0,649.5],[1523.0,650.0],[1524.0,650.0],[1524.0,649.5]]],[[[1521.0,653.5],[1520.0,654.0],[1521.0,654.0],[1521.0,653.5]]],[[[1517.0,662.5],[1516.0,663.0],[1517.0,663.0],[1517.0,662.5]]],[[[1513.0,668.0],[1512.5,669.0],[1513.0,669.0],[1513.0,668.0]]],[[[1502.5,677.0],[1503.0,678.0],[1503.0,677.0],[1502.5,677.0]]],[[[1495.0,683.5],[1493.0,684.0],[1495.0,684.0],[1495.0,683.5]]],[[[1491.0,687.5],[1490.0,688.0],[1491.0,688.0],[1491.0,687.5]]],[[[1504.0,694.0],[1503.5,696.0],[1504.0,696.0],[1504.0,694.0]]],[[[1512.5,704.0],[1513.0,705.0],[1513.0,704.0],[1512.5,704.0]]],[[[1510.0,707.0],[1509.5,708.0],[1510.0,708.0],[1510.0,707.0]]],[[[1505.5,708.0],[1505.0,707.0],[1505.0,708.0],[1505.5,708.0]]],[[[1490.0,712.0],[1489.5,713.0],[1490.0,713.0],[1490.0,712.0]]],[[[1481.5,709.0],[1481.0,708.0],[1481.0,709.0],[1481.5,709.0]]],[[[1465.0,708.0],[1464.5,709.0],[1465.0,709.0],[1465.0,708.0]]],[[[1459.0,711.0],[1458.0,710.5],[1458.0,711.0],[1459.0,711.0]]],[[[1437.0,708.0],[1436.5,709.0],[1437.0,709.0],[1437.0,708.0]]],[[[1440.0,712.0],[1441.0,712.5],[1441.0,712.0],[1440.0,712.0]]],[[[1440.0,719.0],[1439.5,720.0],[1440.0,720.0],[1440.0,719.0]]],[[[1439.0,721.0],[1432.0,720.4615384615385],[1432.0,721.0],[1439.0,721.0]]],[[[1419.0,716.5],[1418.0,717.0],[1419.0,717.0],[1419.0,716.5]]],[[[1421.0,722.0],[1422.0,722.5],[1422.0,722.0],[1421.0,722.0]]],[[[1423.5,725.0],[1424.0,727.0],[1424.0,725.0],[1423.5,725.0]]],[[[1426.0,729.0],[1427.0,729.5],[1427.0,729.0],[1426.0,729.0]]],[[[1426.0,738.0],[1423.0,737.5],[1423.0,738.0],[1426.0,738.0]]],[[[1397.0,725.0],[1396.0,724.5],[1396.0,725.0],[1397.0,725.0]]],[[[1395.0,722.0],[1394.0,721.5],[1394.0,722.0],[1395.0,722.0]]],[[[1388.0,718.0],[1387.5,719.0],[1388.0,719.0],[1388.0,718.0]]],[[[1381.0,718.0],[1380.0,717.5],[1380.0,718.0],[1381.0,718.0]]],[[[1384.0,701.5],[1385.0,701.0],[1384.0,701.0],[1384.0,701.5]]],[[[1384.5,700.0],[1384.0,699.0],[1384.0,700.0],[1384.5,700.0]]],[[[1362.0,708.0],[1363.0,708.5],[1363.0,708.0],[1362.0,708.0]]],[[[1372.0,712.0],[1373.0,712.5],[1373.0,712.0],[1372.0,712.0]]],[[[1370.0,728.0],[1369.5,729.0],[1370.0,729.0],[1370.0,728.0]]],[[[1368.0,736.0],[1369.0,736.5],[1369.0,736.0],[1368.0,736.0]]],[[[1371.0,741.0],[1372.0,741.5],[1372.0,741.0],[1371.0,741.0]]],[[[1357.0,760.0],[1356.5,761.0],[1357.0,761.0],[1357.0,760.0]]],[[[1347.0,767.5],[1346.0,768.0],[1347.0,768.0],[1347.0,767.5]]],[[[1342.0,773.0],[1341.5,775.0],[1342.0,775.0],[1342.0,773.0]]],[[[1339.0,778.0],[1338.5,779.0],[1339.0,779.0],[1339.0,778.0]]],[[[1332.5,776.0],[1332.0,775.0],[1332.0,776.0],[1332.5,776.0]]],[[[1320.0,763.5],[1318.0,764.0],[1320.0,764.0],[1320.0,763.5]]],[[[1318.0,764.0],[1317.5,765.0],[1318.0,765.0],[1318.0,764.0]]],[[[1313.0,768.5],[1312.0,769.0],[1313.0,769.0],[1313.0,768.5]]],[[[1313.5,772.0],[1314.0,773.0],[1314.0,772.0],[1313.5,772.0]]],[[[1317.0,772.0],[1317.5,771.0],[1317.0,771.0],[1317.0,772.0]]],[[[1322.0,771.0],[1323.0,771.5],[1323.0,771.0],[1322.0,771.0]]],[[[1316.0,787.0],[1315.5,788.0],[1316.0,788.0],[1316.0,787.0]]],[[[1312.0,790.0],[1311.5,791.0],[1312.0,791.0],[1312.0,790.0]]],[[[1303.0,794.5],[1302.0,795.0],[1303.0,795.0],[1303.0,794.5]]],[[[1308.0,800.0],[1309.0,800.5],[1309.0,800.0],[1308.0,800.0]]],[[[1303.0,815.0],[1302.0,814.5],[1302.0,815.0],[1303.0,815.0]]],[[[1297.0,813.5],[1295.0,814.0],[1297.0,814.0],[1297.0,813.5]]],[[[1294.0,815.0],[1293.5,816.0],[1294.0,816.0],[1294.0,815.0]]],[[[1291.0,817.0],[1290.5,818.0],[1291.0,818.0],[1291.0,817.0]]],[[[1277.5,833.0],[1278.0,834.0],[1278.0,833.0],[1277.5,833.0]]],[[[1275.0,838.0],[1276.0,838.5],[1276.0,838.0],[1275.0,838.0]]],[[[1277.0,839.0],[1278.0,839.5],[1278.0,839.0],[1277.0,839.0]]],[[[1278.0,848.5],[1277.0,849.0],[1278.0,849.0],[1278.0,848.5]]],[[[1274.0,846.0],[1273.0,845.5],[1273.0,846.0],[1274.0,846.0]]],[[[1271.0,846.0],[1270.5,847.0],[1271.0,847.0],[1271.0,846.0]]],[[[1260.0,857.0],[1259.0,856.5],[1259.0,857.0],[1260.0,857.0]]],[[[1258.0,856.0],[1258.5,854.0],[1258.0,854.0],[1258.0,856.0]]],[[[1254.0,852.4545454545455],[1248.0,853.0],[1254.0,853.0],[1254.0,852.4545454545455]]],[[[1246.5,851.0],[1246.0,850.0],[1246.0,851.0],[1246.5,851.0]]],[[[1238.0,850.0],[1238.5,848.0],[1238.0,848.0],[1238.0,850.0]]],[[[1242.0,844.0],[1243.0,844.5],[1243.0,844.0],[1242.0,844.0]]],[[[1245.0,844.0],[1245.5,843.0],[1245.0,843.0],[1245.0,844.0]]],[[[1243.5,840.0],[1243.0,839.0],[1243.0,840.0],[1243.5,840.0]]],[[[1233.0,836.5],[1234.0,836.0],[1233.0,836.0],[1233.0,836.5]]],[[[1231.5,825.0],[1231.0,824.0],[1231.0,825.0],[1231.5,825.0]]],[[[1221.0,814.0],[1220.5,815.0],[1221.0,815.0],[1221.0,814.0]]],[[[1218.0,816.0],[1217.5,817.0],[1218.0,817.0],[1218.0,816.0]]],[[[1212.0,816.0],[1211.5,817.0],[1212.0,817.0],[1212.0,816.0]]],[[[1197.0,811.0],[1196.5,812.0],[1197.0,812.0],[1197.0,811.0]]],[[[1196.0,813.0],[1194.0,812.5],[1194.0,813.0],[1196.0,813.0]]],[[[1192.0,812.0],[1191.5,813.0],[1192.0,813.0],[1192.0,812.0]]],[[[1186.0,805.5],[1187.0,805.0],[1186.0,805.0],[1186.0,805.5]]],[[[1188.0,802.5],[1189.0,802.0],[1188.0,802.0],[1188.0,802.5]]],[[[1190.0,801.5],[1191.0,801.0],[1190.0,801.0],[1190.0,801.5]]],[[[1190.5,800.0],[1190.0,799.0],[1190.0,800.0],[1190.5,800.0]]],[[[1191.0,799.0],[1191.5,798.0],[1191.0,798.0],[1191.0,799.0]]],[[[1200.0,796.0],[1201.0,796.5],[1201.0,796.0],[1200.0,796.0]]],[[[1201.0,801.0],[1200.5,802.0],[1201.0,802.0],[1201.0,801.0]]],[[[1203.5,800.0],[1203.0,798.0],[1203.0,800.0],[1203.5,800.0]]],[[[1206.0,792.5],[1207.0,792.0],[1206.0,792.0],[1206.0,792.5]]],[[[1208.0,791.5],[1209.0,791.0],[1208.0,791.0],[1208.0,791.5]]],[[[1210.0,790.5],[1211.0,790.0],[1210.0,790.0],[1210.0,790.5]]],[[[1210.5,788.0],[1210.0,786.0],[1210.0,788.0],[1210.5,788.0]]],[[[1206.0,788.0],[1205.5,789.0],[1206.0,789.0],[1206.0,788.0]]],[[[1187.0,791.5],[1185.0,792.0],[1187.0,792.0],[1187.0,791.5]]],[[[1166.5,787.0],[1166.0,786.0],[1166.0,787.0],[1166.5,787.0]]],[[[1163.0,784.0],[1162.0,783.5],[1162.0,784.0],[1163.0,784.0]]],[[[1160.0,779.0],[1159.0,778.5],[1159.0,779.0],[1160.0,779.0]]],[[[1157.0,778.5],[1156.0,779.0],[1157.0,779.0],[1157.0,778.5]]],[[[1143.0,786.0],[1142.5,787.0],[1143.0,787.0],[1143.0,786.0]]],[[[1140.0,788.5],[1138.0,789.0],[1140.0,789.0],[1140.0,788.5]]],[[[1135.0,790.0],[1134.5,791.0],[1135.0,791.0],[1135.0,790.0]]],[[[1123.0,781.5],[1124.0,781.0],[1123.0,781.0],[1123.0,781.5]]],[[[1117.0,787.5],[1116.0,788.0],[1117.0,788.0],[1117.0,787.5]]],[[[1096.5,793.0],[1096.0,792.0],[1096.0,793.0],[1096.5,793.0]]],[[[1099.0,791.0],[1099.5,790.0],[1099.0,790.0],[1099.0,791.0]]],[[[1095.0,777.5],[1096.0,777.0],[1095.0,777.0],[1095.0,777.5]]],[[[1101.0,770.0],[1101.5,769.0],[1101.0,769.0],[1101.0,770.0]]],[[[1103.0,768.0],[1103.5,766.0],[1103.0,766.0],[1103.0,768.0]]],[[[1099.0,765.0],[1098.5,766.0],[1099.0,766.0],[1099.0,765.0]]],[[[1090.0,770.4545454545455],[1084.0,771.0],[1090.0,771.0],[1090.0,770.4545454545455]]],[[[1077.5,772.0],[1077.0,771.0],[1077.0,772.0],[1077.5,772.0]]],[[[1076.0,769.0],[1075.0,768.5],[1075.0,769.0],[1076.0,769.0]]],[[[1071.0,764.0],[1070.5,765.0],[1071.0,765.0],[1071.0,764.0]]],[[[1061.0,772.0],[1060.5,773.0],[1061.0,773.0],[1061.0,772.0]]],[[[1054.0,775.0],[1054.5,774.0],[1054.0,774.0],[1054.0,775.0]]],[[[1057.0,769.5],[1058.0,769.0],[1057.0,769.0],[1057.0,769.5]]],[[[1053.5,764.0],[1053.0,763.0],[1053.0,764.0],[1053.5,764.0]]],[[[1053.0,755.5],[1054.0,755.0],[1053.0,755.0],[1053.0,755.5]]],[[[1057.5,747.0],[1057.0,746.0],[1057.0,747.0],[1057.5,747.0]]],[[[1049.5,743.0],[1049.0,742.0],[1049.0,743.0],[1049.5,743.0]]],[[[1035.0,739.0],[1035.5,738.0],[1035.0,738.0],[1035.0,739.0]]],[[[1041.0,733.0],[1040.0,732.5],[1040.0,733.0],[1041.0,733.0]]],[[[1038.0,725.0],[1037.0,724.5],[1037.0,725.0],[1038.0,725.0]]],[[[1037.0,722.5],[1038.0,722.0],[1037.0,722.0],[1037.0,722.5]]],[[[1040.0,721.0],[1040.5,720.0],[1040.0,720.0],[1040.0,721.0]]],[[[1045.0,714.5],[1046.0,714.0],[1045.0,714.0],[1045.0,714.5]]],[[[1049.5,706.0],[1049.0,705.0],[1049.0,706.0],[1049.5,706.0]]],[[[1043.0,708.5],[1042.0,709.0],[1043.0,709.0],[1043.0,708.5]]],[[[1038.0,712.5],[1037.0,713.0],[1038.0,713.0],[1038.0,712.5]]],[[[1034.0,708.0],[1033.0,707.5],[1033.0,708.0],[1034.0,708.0]]],[[[1032.0,707.0],[1031.0,706.5],[1031.0,707.0],[1032.0,707.0]]],[[[1029.0,698.5],[1030.0,698.0],[1029.0,698.0],[1029.0,698.5]]],[[[1034.5,689.0],[1035.0,690.0],[1035.0,689.0],[1034.5,689.0]]],[[[1040.0,689.0],[1040.5,687.0],[1040.0,687.0],[1040.0,689.0]]],[[[1042.0,684.5],[1043.0,684.0],[1042.0,684.0],[1042.0,684.5]]],[[[1046.0,676.5],[1047.0,676.0],[1046.0,676.0],[1046.0,676.5]]],[[[1051.0,665.5],[1052.0,665.0],[1051.0,665.0],[1051.0,665.5]]],[[[1052.0,664.0],[1053.0,664.5],[1053.0,664.0],[1052.0,664.0]]],[[[1058.5,683.0],[1059.0,684.0],[1059.0,683.0],[1058.5,683.0]]],[[[1061.5,681.0],[1061.0,680.0],[1061.0,681.0],[1061.5,681.0]]],[[[1060.0,674.5],[1061.0,674.0],[1060.0,674.0],[1060.0,674.5]]],[[[1066.0,666.5],[1067.0,666.0],[1066.0,666.0],[1066.0,666.5]]],[[[1068.0,663.5],[1069.0,663.0],[1068.0,663.0],[1068.0,663.5]]],[[[1069.0,662.0],[1070.0,662.5],[1070.0,662.0],[1069.0,662.0]]],[[[1073.5,666.0],[1073.0,665.0],[1073.0,666.0],[1073.5,666.0]]],[[[964.5,576.0],[964.0,575.0],[964.0,576.0],[964.5,576.0]]],[[[966.0,573.5],[967.0,573.0],[966.0,573.0],[966.0,573.5]]],[[[969.5,576.0],[970.0,577.0],[970.0,576.0],[969.5,576.0]]],[[[971.0,576.5],[972.0,576.0],[971.0,576.0],[971.0,576.5]]],[[[972.0,573.5],[973.0,573.0],[972.0,573.0],[972.0,573.5]]],[[[973.0,571.0],[972.0,570.5],[972.0,571.0],[973.0,571.0]]],[[[974.0,562.5],[975.0,562.0],[974.0,562.0],[974.0,562.5]]],[[[974.5,561.0],[974.0,560.0],[974.0,561.0],[974.5,561.0]]],[[[980.0,550.5],[981.0,550.0],[980.0,550.0],[980.0,550.5]]],[[[973.0,545.0],[973.5,544.0],[973.0,544.0],[973.0,545.0]]],[[[983.0,539.0],[983.5,538.0],[983.0,538.0],[983.0,539.0]]],[[[997.0,536.0],[997.5,535.0],[997.0,535.0],[997.0,536.0]]],[[[1002.0,535.0],[1003.0,535.5],[1003.0,535.0],[1002.0,535.0]]],[[[1006.0,533.5],[1007.0,533.0],[1006.0,533.0],[1006.0,533.5]]],[[[1009.0,527.0],[1009.5,526.0],[1009.0,526.0],[1009.0,527.0]]],[[[1012.0,526.0],[1013.0,526.5],[1013.0,526.0],[1012.0,526.0]]],[[[1013.5,530.0],[1014.0,531.0],[1014.0,530.0],[1013.5,530.0]]],[[[1015.0,531.0],[1015.5,530.0],[1015.0,530.0],[1015.0,531.0]]],[[[1018.0,544.0],[1019.0,544.5],[1019.0,544.0],[1018.0,544.0]]],[[[1017.0,553.5],[1016.0,554.0],[1017.0,554.0],[1017.0,553.5]]],[[[1015.0,556.0],[1014.5,557.0],[1015.0,557.0],[1015.0,556.0]]],[[[1013.5,573.0],[1014.0,574.0],[1014.0,573.0],[1013.5,573.0]]],[[[1013.0,574.0],[1012.5,575.0],[1013.0,575.0],[1013.0,574.0]]],[[[1007.0,576.0],[1006.5,577.0],[1007.0,577.0],[1007.0,576.0]]],[[[1004.0,583.5],[1003.0,584.0],[1004.0,584.0],[1004.0,583.5]]],[[[1003.0,585.0],[1004.0,585.5],[1004.0,585.0],[1003.0,585.0]]],[[[1005.0,586.0],[1004.5,587.0],[1005.0,587.0],[1005.0,586.0]]],[[[1002.0,588.0],[1001.5,589.0],[1002.0,589.0],[1002.0,588.0]]],[[[996.0,593.0],[995.5,594.0],[996.0,594.0],[996.0,593.0]]],[[[992.0,595.5],[989.0,596.0],[992.0,596.0],[992.0,595.5]]],[[[989.5,597.0],[990.0,598.0],[990.0,597.0],[989.5,597.0]]],[[[992.5,599.0],[993.0,600.0],[993.0,599.0],[992.5,599.0]]],[[[996.0,599.0],[996.5,598.0],[996.0,598.0],[996.0,599.0]]],[[[1002.0,596.0],[1002.5,595.0],[1002.0,595.0],[1002.0,596.0]]],[[[1010.0,596.0],[1009.5,597.0],[1010.0,597.0],[1010.0,596.0]]],[[[1009.0,598.0],[1010.0,598.5],[1010.0,598.0],[1009.0,598.0]]],[[[1012.5,602.0],[1013.0,603.0],[1013.0,602.0],[1012.5,602.0]]],[[[1018.0,606.5],[1017.0,607.0],[1018.0,607.0],[1018.0,606.5]]],[[[1017.5,608.0],[1018.0,609.0],[1018.0,608.0],[1017.5,608.0]]],[[[1014.0,612.0],[1013.5,613.0],[1014.0,613.0],[1014.0,612.0]]],[[[1007.0,617.0],[1006.5,618.0],[1007.0,618.0],[1007.0,617.0]]],[[[1007.5,620.0],[1008.0,621.0],[1008.0,620.0],[1007.5,620.0]]],[[[999.0,625.0],[997.0,624.5],[997.0,625.0],[999.0,625.0]]],[[[993.5,622.0],[993.0,621.0],[993.0,622.0],[993.5,622.0]]],[[[994.0,620.5],[995.0,620.0],[994.0,620.0],[994.0,620.5]]],[[[996.0,618.0],[996.5,617.0],[996.0,617.0],[996.0,618.0]]],[[[992.0,616.0],[991.5,617.0],[992.0,617.0],[992.0,616.0]]],[[[988.0,623.0],[989.0,623.5],[989.0,623.0],[988.0,623.0]]],[[[989.0,627.0],[990.0,627.5],[990.0,627.0],[989.0,627.0]]],[[[990.5,631.0],[991.0,632.0],[991.0,631.0],[990.5,631.0]]],[[[989.0,634.5],[988.0,635.0],[989.0,635.0],[989.0,634.5]]],[[[986.0,630.0],[985.0,629.5],[985.0,630.0],[986.0,630.0]]],[[[980.5,627.0],[980.0,626.0],[980.0,627.0],[980.5,627.0]]],[[[978.0,625.0],[977.0,624.5],[977.0,625.0],[978.0,625.0]]],[[[972.5,614.0],[972.0,613.0],[972.0,614.0],[972.5,614.0]]],[[[973.0,607.5],[974.0,607.0],[973.0,607.0],[973.0,607.5]]],[[[975.0,601.5],[976.0,601.0],[975.0,601.0],[975.0,601.5]]],[[[972.0,594.0],[971.0,593.5],[971.0,594.0],[972.0,594.0]]],[[[969.0,590.0],[968.0,589.5],[968.0,590.0],[969.0,590.0]]],[[[967.0,587.0],[966.0,586.5],[966.0,587.0],[967.0,587.0]]],[[[1076.0,651.0],[1075.5,652.0],[1076.0,652.0],[1076.0,651.0]]],[[[1070.5,651.0],[1070.0,650.0],[1070.0,651.0],[1070.5,651.0]]],[[[1072.0,649.0],[1072.5,648.0],[1072.0,648.0],[1072.0,649.0]]],[[[1049.0,654.0],[1048.0,653.5],[1048.0,654.0],[1049.0,654.0]]],[[[1055.5,651.0],[1056.0,652.0],[1056.0,651.0],[1055.5,651.0]]],[[[1059.0,654.0],[1060.0,654.5],[1060.0,654.0],[1059.0,654.0]]],[[[1053.5,658.0],[1053.0,657.0],[1053.0,658.0],[1053.5,658.0]]],[[[1065.0,665.0],[1064.5,666.0],[1065.0,666.0],[1065.0,665.0]]],[[[1030.0,683.0],[1029.0,682.5],[1029.0,683.0],[1030.0,683.0]]],[[[1028.0,679.0],[1028.5,678.0],[1028.0,678.0],[1028.0,679.0]]],[[[1035.0,682.0],[1036.0,682.5],[1036.0,682.0],[1035.0,682.0]]],[[[1003.5,768.0],[1004.0,769.0],[1004.0,768.0],[1003.5,768.0]]],[[[1010.0,774.5],[1009.0,775.0],[1010.0,775.0],[1010.0,774.5]]],[[[1009.5,776.0],[1010.0,777.0],[1010.0,776.0],[1009.5,776.0]]],[[[1024.0,771.5],[1025.0,771.0],[1024.0,771.0],[1024.0,771.5]]],[[[1029.0,779.0],[1030.0,779.5],[1030.0,779.0],[1029.0,779.0]]],[[[1028.0,787.5],[1027.0,788.0],[1028.0,788.0],[1028.0,787.5]]],[[[1027.0,790.0],[1028.0,790.5],[1028.0,790.0],[1027.0,790.0]]],[[[1031.0,796.5],[1030.0,797.0],[1031.0,797.0],[1031.0,796.5]]],[[[1028.5,797.0],[1028.0,796.0],[1028.0,797.0],[1028.5,797.0]]],[[[1015.0,793.0],[1014.5,794.0],[1015.0,794.0],[1015.0,793.0]]],[[[1026.5,801.0],[1027.0,802.0],[1027.0,801.0],[1026.5,801.0]]],[[[1040.5,813.0],[1041.0,814.0],[1041.0,813.0],[1040.5,813.0]]],[[[1042.0,816.0],[1043.0,816.5],[1043.0,816.0],[1042.0,816.0]]],[[[1049.0,811.5],[1050.0,811.0],[1049.0,811.0],[1049.0,811.5]]],[[[1054.0,809.0],[1054.5,808.0],[1054.0,808.0],[1054.0,809.0]]],[[[1067.5,804.0],[1068.0,805.0],[1068.0,804.0],[1067.5,804.0]]],[[[1070.0,807.0],[1069.5,808.0],[1070.0,808.0],[1070.0,807.0]]],[[[1067.0,829.5],[1066.0,830.0],[1067.0,830.0],[1067.0,829.5]]],[[[1062.0,832.0],[1061.5,833.0],[1062.0,833.0],[1062.0,832.0]]],[[[1052.5,836.0],[1052.0,835.0],[1052.0,836.0],[1052.5,836.0]]],[[[1048.0,839.5],[1047.0,840.0],[1048.0,840.0],[1048.0,839.5]]],[[[1042.0,840.0],[1041.5,842.0],[1042.0,842.0],[1042.0,840.0]]],[[[1040.0,844.5],[1039.0,845.0],[1040.0,845.0],[1040.0,844.5]]],[[[1029.5,847.0],[1029.0,846.0],[1029.0,847.0],[1029.5,847.0]]],[[[1023.0,844.5],[1022.0,845.0],[1023.0,845.0],[1023.0,844.5]]],[[[1016.5,846.0],[1016.0,845.0],[1016.0,846.0],[1016.5,846.0]]],[[[1016.0,842.5],[1017.0,842.0],[1016.0,842.0],[1016.0,842.5]]],[[[1018.0,841.5],[1019.0,841.0],[1018.0,841.0],[1018.0,841.5]]],[[[1015.0,837.0],[1014.5,838.0],[1015.0,838.0],[1015.0,837.0]]],[[[1008.0,843.5],[1007.0,844.0],[1008.0,844.0],[1008.0,843.5]]],[[[999.0,860.0],[1000.0,860.5],[1000.0,860.0],[999.0,860.0]]],[[[994.5,866.0],[994.0,865.0],[994.0,866.0],[994.5,866.0]]],[[[991.5,864.0],[991.0,863.0],[991.0,864.0],[991.5,864.0]]],[[[989.5,860.0],[989.0,857.0],[989.0,860.0],[989.5,860.0]]],[[[986.5,856.0],[986.0,855.0],[986.0,856.0],[986.5,856.0]]],[[[981.5,851.0],[981.0,850.0],[981.0,851.0],[981.5,851.0]]],[[[977.5,846.0],[977.0,844.0],[977.0,846.0],[977.5,846.0]]],[[[958.5,841.0],[958.0,840.0],[958.0,841.0],[958.5,841.0]]],[[[955.5,837.0],[955.0,835.0],[955.0,837.0],[955.5,837.0]]],[[[960.0,828.0],[961.0,828.5],[961.0,828.0],[960.0,828.0]]],[[[967.0,828.0],[966.0,827.5],[966.0,828.0],[967.0,828.0]]],[[[958.0,815.0],[957.0,814.5],[957.0,815.0],[958.0,815.0]]],[[[955.5,812.0],[955.0,810.0],[955.0,812.0],[955.5,812.0]]],[[[954.0,808.0],[953.0,807.5],[953.0,808.0],[954.0,808.0]]],[[[958.0,793.0],[958.5,792.0],[958.0,792.0],[958.0,793.0]]],[[[960.0,782.0],[959.0,781.5],[959.0,782.0],[960.0,782.0]]],[[[964.0,776.0],[964.5,775.0],[964.0,775.0],[964.0,776.0]]],[[[967.0,774.0],[967.5,773.0],[967.0,773.0],[967.0,774.0]]],[[[982.5,775.0],[983.0,776.0],[983.0,775.0],[982.5,775.0]]],[[[985.0,776.5],[986.0,776.0],[985.0,776.0],[985.0,776.5]]],[[[987.0,774.0],[986.0,773.5],[986.0,774.0],[987.0,774.0]]],[[[981.5,771.0],[981.0,770.0],[981.0,771.0],[981.5,771.0]]],[[[980.0,768.0],[979.0,767.5],[979.0,768.0],[980.0,768.0]]],[[[976.0,763.0],[975.0,762.5],[975.0,763.0],[976.0,763.0]]],[[[973.0,747.5],[974.0,747.0],[973.0,747.0],[973.0,747.5]]],[[[984.5,748.0],[985.0,749.0],[985.0,748.0],[984.5,748.0]]],[[[988.5,750.0],[989.0,751.0],[989.0,750.0],[988.5,750.0]]],[[[997.5,752.0],[997.0,751.0],[997.0,752.0],[997.5,752.0]]],[[[993.5,749.0],[993.0,748.0],[993.0,749.0],[993.5,749.0]]],[[[991.0,742.5],[992.0,742.0],[991.0,742.0],[991.0,742.5]]],[[[986.5,736.0],[986.0,735.0],[986.0,736.0],[986.5,736.0]]],[[[957.5,749.0],[957.0,748.0],[957.0,749.0],[957.5,749.0]]],[[[946.5,745.0],[946.0,744.0],[946.0,745.0],[946.5,745.0]]],[[[942.0,737.5],[940.0,738.0],[942.0,738.0],[942.0,737.5]]],[[[937.0,732.0],[936.0,731.5],[936.0,732.0],[937.0,732.0]]],[[[934.0,728.0],[933.0,727.5],[933.0,728.0],[934.0,728.0]]],[[[932.0,725.0],[931.0,724.5],[931.0,725.0],[932.0,725.0]]],[[[917.5,714.0],[917.0,713.0],[917.0,714.0],[917.5,714.0]]],[[[907.5,705.0],[907.0,704.0],[907.0,705.0],[907.5,705.0]]],[[[907.0,701.5],[908.0,701.0],[907.0,701.0],[907.0,701.5]]],[[[917.0,693.0],[916.0,692.5],[916.0,693.0],[917.0,693.0]]],[[[908.0,688.0],[907.0,687.5],[907.0,688.0],[908.0,688.0]]],[[[905.5,685.0],[905.0,683.0],[905.0,685.0],[905.5,685.0]]],[[[911.0,680.5],[912.0,680.0],[911.0,680.0],[911.0,680.5]]],[[[911.0,678.0],[911.5,677.0],[911.0,677.0],[911.0,678.0]]],[[[910.5,675.0],[910.0,674.0],[910.0,675.0],[910.5,675.0]]],[[[907.0,668.0],[906.0,667.5],[906.0,668.0],[907.0,668.0]]],[[[905.0,667.0],[904.0,666.5],[904.0,667.0],[905.0,667.0]]],[[[898.0,661.0],[897.0,660.5],[897.0,661.0],[898.0,661.0]]],[[[900.0,651.0],[900.5,650.0],[900.0,650.0],[900.0,651.0]]],[[[905.0,646.0],[905.5,645.0],[905.0,645.0],[905.0,646.0]]],[[[903.5,643.0],[903.0,642.0],[903.0,643.0],[903.5,643.0]]],[[[904.0,641.0],[907.0,641.5],[907.0,641.0],[904.0,641.0]]],[[[912.0,639.5],[913.0,639.0],[912.0,639.0],[912.0,639.5]]],[[[914.0,636.0],[914.5,635.0],[914.0,635.0],[914.0,636.0]]],[[[924.0,627.5],[925.0,627.0],[924.0,627.0],[924.0,627.5]]],[[[927.0,622.0],[927.5,621.0],[927.0,621.0],[927.0,622.0]]],[[[929.5,621.0],[930.0,622.0],[930.0,621.0],[929.5,621.0]]],[[[932.0,625.5],[931.0,626.0],[932.0,626.0],[932.0,625.5]]],[[[931.0,628.0],[932.0,628.5],[932.0,628.0],[931.0,628.0]]],[[[938.0,639.5],[939.0,639.0],[938.0,639.0],[938.0,639.5]]],[[[939.0,634.5],[940.0,634.0],[939.0,634.0],[939.0,634.5]]],[[[939.0,633.0],[939.5,632.0],[939.0,632.0],[939.0,633.0]]],[[[938.5,630.0],[938.0,629.0],[938.0,630.0],[938.5,630.0]]],[[[941.0,620.0],[940.0,619.5],[940.0,620.0],[941.0,620.0]]],[[[940.0,617.5],[941.0,617.0],[940.0,617.0],[940.0,617.5]]],[[[941.0,616.0],[940.0,615.5],[940.0,616.0],[941.0,616.0]]],[[[944.0,610.0],[944.5,609.0],[944.0,609.0],[944.0,610.0]]],[[[957.0,607.0],[958.0,607.5],[958.0,607.0],[957.0,607.0]]],[[[958.0,611.0],[957.5,612.0],[958.0,612.0],[958.0,611.0]]],[[[955.0,613.5],[953.0,614.0],[955.0,614.0],[955.0,613.5]]],[[[963.0,622.0],[963.5,621.0],[963.0,621.0],[963.0,622.0]]],[[[969.5,628.0],[970.0,630.0],[970.0,628.0],[969.5,628.0]]],[[[968.5,636.0],[969.0,637.0],[969.0,636.0],[968.5,636.0]]],[[[968.0,637.0],[967.5,638.0],[968.0,638.0],[968.0,637.0]]],[[[964.5,643.0],[965.0,644.0],[965.0,643.0],[964.5,643.0]]],[[[968.0,645.0],[969.0,645.5],[969.0,645.0],[968.0,645.0]]],[[[962.0,660.5],[961.0,661.0],[962.0,661.0],[962.0,660.5]]],[[[944.0,671.5],[943.0,672.0],[944.0,672.0],[944.0,671.5]]],[[[942.0,692.0],[943.0,692.5],[943.0,692.0],[942.0,692.0]]],[[[945.0,696.0],[946.0,696.5],[946.0,696.0],[945.0,696.0]]],[[[947.0,691.0],[946.0,690.5],[946.0,691.0],[947.0,691.0]]],[[[945.0,684.0],[945.5,683.0],[945.0,683.0],[945.0,684.0]]],[[[951.0,679.0],[951.5,678.0],[951.0,678.0],[951.0,679.0]]],[[[966.0,679.0],[967.0,679.5],[967.0,679.0],[966.0,679.0]]],[[[969.5,683.0],[970.0,684.0],[970.0,683.0],[969.5,683.0]]],[[[973.0,684.0],[973.5,683.0],[973.0,683.0],[973.0,684.0]]],[[[977.0,678.0],[977.5,677.0],[977.0,677.0],[977.0,678.0]]],[[[982.0,678.0],[983.0,678.5],[983.0,678.0],[982.0,678.0]]],[[[987.0,684.0],[988.0,684.5],[988.0,684.0],[987.0,684.0]]],[[[985.5,697.0],[986.0,698.0],[986.0,697.0],[985.5,697.0]]],[[[990.0,699.0],[991.0,699.5],[991.0,699.0],[990.0,699.0]]],[[[995.0,717.5],[996.0,717.0],[995.0,717.0],[995.0,717.5]]],[[[997.0,712.0],[997.5,711.0],[997.0,711.0],[997.0,712.0]]],[[[1008.0,715.0],[1009.0,715.5],[1009.0,715.0],[1008.0,715.0]]],[[[1012.5,722.0],[1013.0,724.0],[1013.0,722.0],[1012.5,722.0]]],[[[1014.0,725.0],[1015.0,725.5],[1015.0,725.0],[1014.0,725.0]]],[[[1015.0,733.0],[1014.5,734.0],[1015.0,734.0],[1015.0,733.0]]],[[[1008.5,734.0],[1008.0,733.0],[1008.0,734.0],[1008.5,734.0]]],[[[1002.0,734.0],[1001.0,733.5],[1001.0,734.0],[1002.0,734.0]]],[[[1010.0,738.0],[1011.0,738.5],[1011.0,738.0],[1010.0,738.0]]],[[[1013.0,752.5],[1012.0,753.0],[1013.0,753.0],[1013.0,752.5]]],[[[1011.0,753.5],[1010.0,754.0],[1011.0,754.0],[1011.0,753.5]]],[[[1009.0,754.5],[1008.0,755.0],[1009.0,755.0],[1009.0,754.5]]],[[[943.0,778.0],[942.5,779.0],[943.0,779.0],[943.0,778.0]]],[[[939.5,773.0],[940.0,774.0],[940.0,773.0],[939.5,773.0]]],[[[1158.0,788.0],[1157.5,789.0],[1158.0,789.0],[1158.0,788.0]]],[[[1156.0,786.0],[1156.5,785.0],[1156.0,785.0],[1156.0,786.0]]],[[[1157.0,784.0],[1158.0,784.5],[1158.0,784.0],[1157.0,784.0]]],[[[1146.0,787.0],[1147.0,787.5],[1147.0,787.0],[1146.0,787.0]]],[[[1149.0,789.5],[1150.0,789.0],[1149.0,789.0],[1149.0,789.5]]],[[[1147.5,795.0],[1147.0,794.0],[1147.0,795.0],[1147.5,795.0]]],[[[1142.5,792.0],[1142.0,791.0],[1142.0,792.0],[1142.5,792.0]]],[[[1141.0,791.0],[1141.5,790.0],[1141.0,790.0],[1141.0,791.0]]],[[[923.5,806.0],[923.0,805.0],[923.0,806.0],[923.5,806.0]]],[[[920.0,804.0],[919.0,803.5],[919.0,804.0],[920.0,804.0]]],[[[930.5,800.0],[931.0,801.0],[931.0,800.0],[930.5,800.0]]],[[[936.5,802.0],[937.0,803.0],[937.0,802.0],[936.5,802.0]]],[[[1173.0,807.0],[1172.0,806.5],[1172.0,807.0],[1173.0,807.0]]],[[[1172.0,803.0],[1172.5,802.0],[1172.0,802.0],[1172.0,803.0]]],[[[1175.5,802.0],[1176.0,803.0],[1176.0,802.0],[1175.5,802.0]]],[[[1179.0,807.0],[1178.5,808.0],[1179.0,808.0],[1179.0,807.0]]],[[[1162.5,794.0],[1163.0,795.0],[1163.0,794.0],[1162.5,794.0]]],[[[1163.0,797.5],[1162.0,798.0],[1163.0,798.0],[1163.0,797.5]]],[[[1159.0,800.0],[1160.0,800.5],[1160.0,800.0],[1159.0,800.0]]],[[[1162.0,808.5],[1161.0,809.0],[1162.0,809.0],[1162.0,808.5]]],[[[1161.0,810.0],[1162.0,810.5],[1162.0,810.0],[1161.0,810.0]]],[[[1162.0,815.5],[1161.0,816.0],[1162.0,816.0],[1162.0,815.5]]],[[[1157.0,830.5],[1156.0,831.0],[1157.0,831.0],[1157.0,830.5]]],[[[1147.0,830.0],[1146.5,831.0],[1147.0,831.0],[1147.0,830.0]]],[[[1138.0,839.5],[1136.0,840.0],[1138.0,840.0],[1138.0,839.5]]],[[[1135.5,839.0],[1135.0,838.0],[1135.0,839.0],[1135.5,839.0]]],[[[1135.0,834.5],[1136.0,834.0],[1135.0,834.0],[1135.0,834.5]]],[[[1134.0,829.5],[1133.0,830.0],[1134.0,830.0],[1134.0,829.5]]],[[[1126.5,833.0],[1126.0,832.0],[1126.0,833.0],[1126.5,833.0]]],[[[1137.5,801.0],[1137.0,800.0],[1137.0,801.0],[1137.5,801.0]]],[[[1132.0,796.0],[1132.5,795.0],[1132.0,795.0],[1132.0,796.0]]],[[[1139.0,797.0],[1140.0,797.5],[1140.0,797.0],[1139.0,797.0]]],[[[1199.0,836.0],[1198.5,837.0],[1199.0,837.0],[1199.0,836.0]]],[[[1194.0,830.5],[1195.0,830.0],[1194.0,830.0],[1194.0,830.5]]],[[[1196.0,824.0],[1196.5,823.0],[1196.0,823.0],[1196.0,824.0]]],[[[1204.5,824.0],[1205.0,825.0],[1205.0,824.0],[1204.5,824.0]]],[[[1216.0,828.0],[1217.0,828.5],[1217.0,828.0],[1216.0,828.0]]],[[[1212.0,836.0],[1211.5,837.0],[1212.0,837.0],[1212.0,836.0]]],[[[1211.0,838.0],[1208.0,837.5],[1208.0,838.0],[1211.0,838.0]]],[[[1204.5,836.0],[1204.0,835.0],[1204.0,836.0],[1204.5,836.0]]],[[[1219.5,845.0],[1219.0,844.0],[1219.0,845.0],[1219.5,845.0]]],[[[1221.0,843.0],[1221.5,842.0],[1221.0,842.0],[1221.0,843.0]]],[[[1230.0,844.0],[1231.0,844.5],[1231.0,844.0],[1230.0,844.0]]],[[[1229.0,850.0],[1228.5,851.0],[1229.0,851.0],[1229.0,850.0]]],[[[1022.5,867.0],[1022.0,866.0],[1022.0,867.0],[1022.5,867.0]]],[[[1020.0,865.0],[1019.0,864.5],[1019.0,865.0],[1020.0,865.0]]],[[[1037.5,859.0],[1038.0,860.0],[1038.0,859.0],[1037.5,859.0]]],[[[1026.0,866.0],[1025.5,867.0],[1026.0,867.0],[1026.0,866.0]]],[[[1247.0,863.0],[1246.0,862.5],[1246.0,863.0],[1247.0,863.0]]],[[[1247.0,857.0],[1247.5,856.0],[1247.0,856.0],[1247.0,857.0]]],[[[1253.5,858.0],[1254.0,859.0],[1254.0,858.0],[1253.5,858.0]]],[[[1254.0,859.0],[1256.0,859.5714285714286],[1256.0,859.0],[1254.0,859.0]]],[[[1257.5,860.0],[1259.0,860.4285714285714],[1259.0,860.0],[1257.5,860.0]]],[[[1261.0,862.0],[1262.0,862.5],[1262.0,862.0],[1261.0,862.0]]],[[[1262.0,867.0],[1261.5,868.0],[1262.0,868.0],[1262.0,867.0]]],[[[1259.0,869.5],[1257.0,870.0],[1259.0,870.0],[1259.0,869.5]]],[[[1257.0,870.0],[1256.5,871.0],[1257.0,871.0],[1257.0,870.0]]],[[[1253.0,871.0],[1252.0,870.5],[1252.0,871.0],[1253.0,871.0]]],[[[1251.0,870.0],[1251.5,868.0],[1251.0,868.0],[1251.0,870.0]]],[[[1252.0,866.0],[1250.0,865.5],[1250.0,866.0],[1252.0,866.0]]],[[[941.0,933.0],[941.0,932.0],[940.5,933.0],[941.0,933.0]]],[[[945.0,930.0],[945.0,929.0],[944.5,930.0],[945.0,930.0]]],[[[948.0,928.0],[948.0,927.0],[947.5,928.0],[948.0,928.0]]],[[[947.0,926.0],[946.0,926.0],[947.0,926.5],[947.0,926.0]]],[[[939.0,924.0],[939.0,924.5],[940.0,924.0],[939.0,924.0]]],[[[930.0,927.0],[930.0,928.0],[930.5,927.0],[930.0,927.0]]],[[[928.0,932.0],[928.5,932.0],[928.0,931.0],[928.0,932.0]]],[[[1713.0,28.0],[1714.0,28.0],[1714.0,30.0],[1713.0,30.0],[1713.0,32.0],[1712.0,32.0],[1712.0,34.0],[1711.0,34.0],[1711.0,35.0],[1710.0,35.0],[1710.0,37.0],[1709.0,37.0],[1709.0,38.0],[1708.0,38.0],[1708.0,39.0],[1707.0,39.0],[1707.0,41.0],[1708.0,41.0],[1708.0,42.0],[1710.0,42.0],[1710.0,43.0],[1711.0,43.0],[1711.0,44.0],[1713.0,44.0],[1713.0,43.0],[1714.0,43.0],[1714.0,42.0],[1716.0,42.0],[1716.0,41.0],[1717.0,41.0],[1717.0,40.0],[1719.0,40.0],[1719.0,39.0],[1721.0,39.0],[1721.0,38.0],[1722.0,38.0],[1722.0,36.0],[1723.0,36.0],[1723.0,34.0],[1724.0,34.0],[1724.0,31.0],[1725.0,31.0],[1725.0,27.0],[1726.0,27.0],[1726.0,26.0],[1729.0,26.0],[1729.0,25.0],[1733.0,25.0],[1733.0,24.0],[1734.0,24.0],[1734.0,23.0],[1735.0,23.0],[1735.0,22.0],[1736.0,22.0],[1736.0,21.0],[1737.0,21.0],[1737.0,20.0],[1738.0,20.0],[1738.0,18.0],[1739.0,18.0],[1739.0,19.0],[1740.0,19.0],[1740.0,20.0],[1742.0,20.0],[1742.0,21.0],[1745.0,21.0],[1745.0,20.0],[1748.0,20.0],[1748.0,19.0],[1751.0,19.0],[1751.0,26.0],[1749.0,26.0],[1749.0,27.0],[1748.0,27.0],[1748.0,28.0],[1746.0,28.0],[1746.0,29.0],[1743.0,29.0],[1743.0,30.0],[1740.0,30.0],[1740.0,31.0],[1739.0,31.0],[1739.0,32.0],[1738.0,32.0],[1738.0,34.0],[1737.0,34.0],[1737.0,35.0],[1733.0,35.0],[1733.0,36.0],[1732.0,36.0],[1732.0,37.0],[1731.0,37.0],[1731.0,38.0],[1732.0,38.0],[1732.0,39.0],[1739.0,39.0],[1739.0,38.0],[1747.0,38.0],[1747.0,37.0],[1754.0,37.0],[1754.0,36.0],[1755.0,36.0],[1755.0,35.0],[1756.0,35.0],[1756.0,34.0],[1761.0,34.0],[1761.0,33.0],[1762.0,33.0],[1762.0,32.0],[1763.0,32.0],[1763.0,31.0],[1764.0,31.0],[1764.0,29.0],[1766.0,29.0],[1766.0,31.0],[1767.0,31.0],[1767.0,32.0],[1768.0,32.0],[1768.0,31.0],[1773.0,31.0],[1773.0,30.0],[1778.0,30.0],[1778.0,29.0],[1780.0,29.0],[1780.0,28.0],[1781.0,28.0],[1781.0,27.0],[1782.0,27.0],[1782.0,26.0],[1783.0,26.0],[1783.0,25.0],[1785.0,25.0],[1785.0,24.0],[1786.0,24.0],[1786.0,23.0],[1785.0,23.0],[1785.0,22.0],[1784.0,22.0],[1784.0,21.0],[1782.0,21.0],[1782.0,20.0],[1781.0,20.0],[1781.0,19.0],[1780.0,19.0],[1780.0,17.0],[1781.0,17.0],[1781.0,15.0],[1782.0,15.0],[1782.0,14.0],[1783.0,14.0],[1783.0,13.0],[1784.0,13.0],[1784.0,11.0],[1785.0,11.0],[1785.0,10.0],[1786.0,10.0],[1786.0,7.0],[1787.0,7.0],[1787.0,6.0],[1791.0,6.0],[1791.0,5.0],[1792.0,5.0],[1792.0,6.0],[1793.0,6.0],[1793.0,5.0],[1794.0,5.0],[1794.0,4.0],[1795.0,4.0],[1795.0,5.0],[1798.0,5.0],[1798.0,6.0],[1801.0,6.0],[1801.0,14.0],[1796.0,14.0],[1796.0,15.0],[1795.0,15.0],[1795.0,17.0],[1794.0,17.0],[1794.0,19.0],[1793.0,19.0],[1793.0,22.0],[1794.0,22.0],[1794.0,23.0],[1795.0,23.0],[1795.0,22.0],[1798.0,22.0],[1798.0,21.0],[1801.0,21.0],[1801.0,20.0],[1802.0,20.0],[1802.0,19.0],[1806.0,19.0],[1806.0,18.0],[1807.0,18.0],[1807.0,16.0],[1808.0,16.0],[1808.0,15.0],[1809.0,15.0],[1809.0,14.0],[1814.0,14.0],[1814.0,15.0],[1815.0,15.0],[1815.0,16.0],[1816.0,16.0],[1816.0,17.0],[1817.0,17.0],[1817.0,18.0],[1818.0,18.0],[1818.0,22.0],[1819.0,22.0],[1819.0,23.0],[1822.0,23.0],[1822.0,24.0],[1823.0,24.0],[1823.0,23.0],[1825.0,23.0],[1825.0,24.0],[1827.0,24.0],[1827.0,25.0],[1828.0,25.0],[1828.0,26.0],[1830.0,26.0],[1830.0,25.0],[1831.0,25.0],[1831.0,26.0],[1833.0,26.0],[1833.0,25.0],[1834.0,25.0],[1834.0,26.0],[1838.0,26.0],[1838.0,25.0],[1839.0,25.0],[1839.0,24.0],[1840.0,24.0],[1840.0,22.0],[1841.0,22.0],[1841.0,19.0],[1842.0,19.0],[1842.0,17.0],[1841.0,17.0],[1841.0,15.0],[1840.0,15.0],[1840.0,14.0],[1839.0,14.0],[1839.0,12.0],[1838.0,12.0],[1838.0,7.0],[1837.0,7.0],[1837.0,5.0],[1838.0,5.0],[1838.0,3.0],[1839.0,3.0],[1839.0,2.0],[1840.0,2.0],[1840.0,0.0],[1714.0,0.0],[1714.0,1.0],[1715.0,1.0],[1715.0,2.0],[1716.0,2.0],[1716.0,4.0],[1717.0,4.0],[1717.0,5.0],[1721.0,5.0],[1721.0,6.0],[1722.0,6.0],[1722.0,11.0],[1721.0,11.0],[1721.0,12.0],[1720.0,12.0],[1720.0,13.0],[1718.0,13.0],[1718.0,12.0],[1717.0,12.0],[1717.0,11.0],[1712.0,11.0],[1712.0,10.0],[1711.0,10.0],[1711.0,9.0],[1706.0,9.0],[1706.0,10.0],[1705.0,10.0],[1705.0,16.0],[1704.0,16.0],[1704.0,19.0],[1705.0,19.0],[1705.0,21.0],[1706.0,21.0],[1706.0,22.0],[1705.0,22.0],[1705.0,23.0],[1704.0,23.0],[1704.0,24.0],[1703.0,24.0],[1703.0,26.0],[1704.0,26.0],[1704.0,27.0],[1711.0,27.0],[1711.0,26.0],[1712.0,26.0],[1712.0,27.0],[1713.0,27.0],[1713.0,28.0]]],[[[1494.0,38.0],[1494.0,37.0],[1496.0,37.0],[1496.0,36.0],[1499.0,36.0],[1499.0,35.0],[1501.0,35.0],[1501.0,36.0],[1502.0,36.0],[1502.0,37.0],[1501.0,37.0],[1501.0,38.0],[1500.0,38.0],[1500.0,39.0],[1499.0,39.0],[1499.0,40.0],[1498.0,40.0],[1498.0,42.0],[1497.0,42.0],[1497.0,44.0],[1496.0,44.0],[1496.0,45.0],[1495.0,45.0],[1495.0,46.0],[1494.0,46.0],[1494.0,47.0],[1493.0,47.0],[1493.0,49.0],[1494.0,49.0],[1494.0,50.0],[1497.0,50.0],[1497.0,49.0],[1499.0,49.0],[1499.0,48.0],[1500.0,48.0],[1500.0,47.0],[1502.0,47.0],[1502.0,46.0],[1503.0,46.0],[1503.0,45.0],[1504.0,45.0],[1504.0,44.0],[1505.0,44.0],[1505.0,43.0],[1506.0,43.0],[1506.0,44.0],[1516.0,44.0],[1516.0,45.0],[1519.0,45.0],[1519.0,44.0],[1520.0,44.0],[1520.0,43.0],[1524.0,43.0],[1524.0,44.0],[1526.0,44.0],[1526.0,45.0],[1527.0,45.0],[1527.0,46.0],[1528.0,46.0],[1528.0,47.0],[1527.0,47.0],[1527.0,49.0],[1526.0,49.0],[1526.0,50.0],[1525.0,50.0],[1525.0,51.0],[1524.0,51.0],[1524.0,52.0],[1523.0,52.0],[1523.0,53.0],[1522.0,53.0],[1522.0,54.0],[1521.0,54.0],[1521.0,55.0],[1520.0,55.0],[1520.0,56.0],[1515.0,56.0],[1515.0,57.0],[1512.0,57.0],[1512.0,58.0],[1511.0,58.0],[1511.0,62.0],[1512.0,62.0],[1512.0,63.0],[1514.0,63.0],[1514.0,64.0],[1515.0,64.0],[1515.0,63.0],[1517.0,63.0],[1517.0,62.0],[1518.0,62.0],[1518.0,61.0],[1519.0,61.0],[1519.0,60.0],[1521.0,60.0],[1521.0,59.0],[1522.0,59.0],[1522.0,60.0],[1525.0,60.0],[1525.0,61.0],[1529.0,61.0],[1529.0,60.0],[1538.0,60.0],[1538.0,59.0],[1539.0,59.0],[1539.0,58.0],[1540.0,58.0],[1540.0,57.0],[1541.0,57.0],[1541.0,56.0],[1542.0,56.0],[1542.0,55.0],[1543.0,55.0],[1543.0,54.0],[1544.0,54.0],[1544.0,53.0],[1545.0,53.0],[1545.0,50.0],[1546.0,50.0],[1546.0,47.0],[1547.0,47.0],[1547.0,41.0],[1546.0,41.0],[1546.0,40.0],[1545.0,40.0],[1545.0,39.0],[1543.0,39.0],[1543.0,40.0],[1542.0,40.0],[1542.0,39.0],[1541.0,39.0],[1541.0,40.0],[1540.0,40.0],[1540.0,39.0],[1538.0,39.0],[1538.0,38.0],[1537.0,38.0],[1537.0,37.0],[1535.0,37.0],[1535.0,36.0],[1534.0,36.0],[1534.0,35.0],[1532.0,35.0],[1532.0,34.0],[1528.0,34.0],[1528.0,33.0],[1526.0,33.0],[1526.0,31.0],[1525.0,31.0],[1525.0,30.0],[1526.0,30.0],[1526.0,29.0],[1527.0,29.0],[1527.0,28.0],[1528.0,28.0],[1528.0,27.0],[1529.0,27.0],[1529.0,26.0],[1531.0,26.0],[1531.0,25.0],[1533.0,25.0],[1533.0,24.0],[1534.0,24.0],[1534.0,23.0],[1536.0,23.0],[1536.0,22.0],[1537.0,22.0],[1537.0,21.0],[1541.0,21.0],[1541.0,22.0],[1546.0,22.0],[1546.0,21.0],[1547.0,21.0],[1547.0,20.0],[1549.0,20.0],[1549.0,19.0],[1552.0,19.0],[1552.0,21.0],[1553.0,21.0],[1553.0,22.0],[1555.0,22.0],[1555.0,24.0],[1556.0,24.0],[1556.0,25.0],[1557.0,25.0],[1557.0,27.0],[1558.0,27.0],[1558.0,29.0],[1559.0,29.0],[1559.0,36.0],[1560.0,36.0],[1560.0,37.0],[1561.0,37.0],[1561.0,39.0],[1562.0,39.0],[1562.0,42.0],[1563.0,42.0],[1563.0,43.0],[1564.0,43.0],[1564.0,44.0],[1565.0,44.0],[1565.0,45.0],[1567.0,45.0],[1567.0,46.0],[1573.0,46.0],[1573.0,45.0],[1574.0,45.0],[1574.0,44.0],[1575.0,44.0],[1575.0,43.0],[1576.0,43.0],[1576.0,42.0],[1586.0,42.0],[1586.0,41.0],[1591.0,41.0],[1591.0,40.0],[1592.0,40.0],[1592.0,39.0],[1593.0,39.0],[1593.0,38.0],[1594.0,38.0],[1594.0,36.0],[1595.0,36.0],[1595.0,34.0],[1596.0,34.0],[1596.0,31.0],[1597.0,31.0],[1597.0,29.0],[1598.0,29.0],[1598.0,28.0],[1599.0,28.0],[1599.0,27.0],[1603.0,27.0],[1603.0,30.0],[1604.0,30.0],[1604.0,31.0],[1605.0,31.0],[1605.0,32.0],[1607.0,32.0],[1607.0,31.0],[1608.0,31.0],[1608.0,30.0],[1609.0,30.0],[1609.0,29.0],[1610.0,29.0],[1610.0,27.0],[1611.0,27.0],[1611.0,24.0],[1612.0,24.0],[1612.0,20.0],[1613.0,20.0],[1613.0,16.0],[1614.0,16.0],[1614.0,14.0],[1615.0,14.0],[1615.0,13.0],[1616.0,13.0],[1616.0,11.0],[1617.0,11.0],[1617.0,9.0],[1618.0,9.0],[1618.0,5.0],[1617.0,5.0],[1617.0,2.0],[1616.0,2.0],[1616.0,0.0],[1497.0,0.0],[1497.0,1.0],[1496.0,1.0],[1496.0,2.0],[1494.0,2.0],[1494.0,3.0],[1493.0,3.0],[1493.0,4.0],[1492.0,4.0],[1492.0,7.0],[1491.0,7.0],[1491.0,10.0],[1490.0,10.0],[1490.0,13.0],[1491.0,13.0],[1491.0,14.0],[1493.0,14.0],[1493.0,13.0],[1496.0,13.0],[1496.0,12.0],[1499.0,12.0],[1499.0,11.0],[1501.0,11.0],[1501.0,10.0],[1502.0,10.0],[1502.0,9.0],[1508.0,9.0],[1508.0,10.0],[1509.0,10.0],[1509.0,9.0],[1511.0,9.0],[1511.0,8.0],[1512.0,8.0],[1512.0,9.0],[1513.0,9.0],[1513.0,10.0],[1515.0,10.0],[1515.0,11.0],[1517.0,11.0],[1517.0,12.0],[1519.0,12.0],[1519.0,11.0],[1525.0,11.0],[1525.0,15.0],[1524.0,15.0],[1524.0,17.0],[1522.0,17.0],[1522.0,18.0],[1521.0,18.0],[1521.0,19.0],[1520.0,19.0],[1520.0,20.0],[1519.0,20.0],[1519.0,21.0],[1517.0,21.0],[1517.0,22.0],[1516.0,22.0],[1516.0,23.0],[1515.0,23.0],[1515.0,24.0],[1514.0,24.0],[1514.0,25.0],[1512.0,25.0],[1512.0,26.0],[1511.0,26.0],[1511.0,27.0],[1510.0,27.0],[1510.0,28.0],[1509.0,28.0],[1509.0,29.0],[1506.0,29.0],[1506.0,25.0],[1507.0,25.0],[1507.0,23.0],[1508.0,23.0],[1508.0,22.0],[1509.0,22.0],[1509.0,21.0],[1510.0,21.0],[1510.0,20.0],[1511.0,20.0],[1511.0,19.0],[1512.0,19.0],[1512.0,16.0],[1511.0,16.0],[1511.0,15.0],[1508.0,15.0],[1508.0,16.0],[1506.0,16.0],[1506.0,17.0],[1505.0,17.0],[1505.0,19.0],[1504.0,19.0],[1504.0,20.0],[1503.0,20.0],[1503.0,22.0],[1502.0,22.0],[1502.0,23.0],[1499.0,23.0],[1499.0,24.0],[1497.0,24.0],[1497.0,25.0],[1496.0,25.0],[1496.0,26.0],[1494.0,26.0],[1494.0,27.0],[1493.0,27.0],[1493.0,28.0],[1491.0,28.0],[1491.0,29.0],[1490.0,29.0],[1490.0,30.0],[1489.0,30.0],[1489.0,31.0],[1487.0,31.0],[1487.0,32.0],[1482.0,32.0],[1482.0,33.0],[1481.0,33.0],[1481.0,36.0],[1480.0,36.0],[1480.0,38.0],[1481.0,38.0],[1481.0,39.0],[1485.0,39.0],[1485.0,40.0],[1488.0,40.0],[1488.0,39.0],[1491.0,39.0],[1491.0,38.0],[1494.0,38.0]]],[[[1629.0,63.0],[1629.0,65.0],[1630.0,65.0],[1630.0,67.0],[1631.0,67.0],[1631.0,68.0],[1635.0,68.0],[1635.0,67.0],[1638.0,67.0],[1638.0,66.0],[1639.0,66.0],[1639.0,65.0],[1640.0,65.0],[1640.0,64.0],[1641.0,64.0],[1641.0,63.0],[1643.0,63.0],[1643.0,64.0],[1644.0,64.0],[1644.0,70.0],[1645.0,70.0],[1645.0,73.0],[1646.0,73.0],[1646.0,74.0],[1647.0,74.0],[1647.0,75.0],[1650.0,75.0],[1650.0,74.0],[1651.0,74.0],[1651.0,72.0],[1656.0,72.0],[1656.0,73.0],[1658.0,73.0],[1658.0,72.0],[1665.0,72.0],[1665.0,71.0],[1667.0,71.0],[1667.0,70.0],[1668.0,70.0],[1668.0,69.0],[1670.0,69.0],[1670.0,68.0],[1671.0,68.0],[1671.0,67.0],[1672.0,67.0],[1672.0,65.0],[1673.0,65.0],[1673.0,62.0],[1674.0,62.0],[1674.0,61.0],[1685.0,61.0],[1685.0,60.0],[1687.0,60.0],[1687.0,59.0],[1688.0,59.0],[1688.0,58.0],[1689.0,58.0],[1689.0,57.0],[1690.0,57.0],[1690.0,56.0],[1692.0,56.0],[1692.0,55.0],[1693.0,55.0],[1693.0,46.0],[1692.0,46.0],[1692.0,45.0],[1683.0,45.0],[1683.0,46.0],[1682.0,46.0],[1682.0,47.0],[1672.0,47.0],[1672.0,46.0],[1670.0,46.0],[1670.0,43.0],[1671.0,43.0],[1671.0,42.0],[1672.0,42.0],[1672.0,40.0],[1673.0,40.0],[1673.0,39.0],[1674.0,39.0],[1674.0,37.0],[1675.0,37.0],[1675.0,36.0],[1676.0,36.0],[1676.0,35.0],[1677.0,35.0],[1677.0,34.0],[1678.0,34.0],[1678.0,33.0],[1680.0,33.0],[1680.0,32.0],[1681.0,32.0],[1681.0,31.0],[1680.0,31.0],[1680.0,30.0],[1679.0,30.0],[1679.0,29.0],[1675.0,29.0],[1675.0,28.0],[1673.0,28.0],[1673.0,26.0],[1672.0,26.0],[1672.0,25.0],[1671.0,25.0],[1671.0,24.0],[1668.0,24.0],[1668.0,25.0],[1666.0,25.0],[1666.0,26.0],[1664.0,26.0],[1664.0,27.0],[1662.0,27.0],[1662.0,28.0],[1660.0,28.0],[1660.0,29.0],[1657.0,29.0],[1657.0,30.0],[1651.0,30.0],[1651.0,31.0],[1650.0,31.0],[1650.0,32.0],[1649.0,32.0],[1649.0,33.0],[1648.0,33.0],[1648.0,36.0],[1649.0,36.0],[1649.0,37.0],[1651.0,37.0],[1651.0,38.0],[1653.0,38.0],[1653.0,39.0],[1657.0,39.0],[1657.0,40.0],[1659.0,40.0],[1659.0,42.0],[1660.0,42.0],[1660.0,43.0],[1661.0,43.0],[1661.0,48.0],[1660.0,48.0],[1660.0,49.0],[1656.0,49.0],[1656.0,48.0],[1654.0,48.0],[1654.0,47.0],[1653.0,47.0],[1653.0,46.0],[1652.0,46.0],[1652.0,45.0],[1651.0,45.0],[1651.0,44.0],[1647.0,44.0],[1647.0,43.0],[1645.0,43.0],[1645.0,42.0],[1644.0,42.0],[1644.0,41.0],[1641.0,41.0],[1641.0,42.0],[1638.0,42.0],[1638.0,43.0],[1635.0,43.0],[1635.0,44.0],[1633.0,44.0],[1633.0,45.0],[1630.0,45.0],[1630.0,46.0],[1629.0,46.0],[1629.0,48.0],[1630.0,48.0],[1630.0,49.0],[1631.0,49.0],[1631.0,50.0],[1632.0,50.0],[1632.0,49.0],[1635.0,49.0],[1635.0,48.0],[1639.0,48.0],[1639.0,47.0],[1643.0,47.0],[1643.0,48.0],[1644.0,48.0],[1644.0,49.0],[1645.0,49.0],[1645.0,51.0],[1644.0,51.0],[1644.0,52.0],[1642.0,52.0],[1642.0,53.0],[1640.0,53.0],[1640.0,54.0],[1638.0,54.0],[1638.0,55.0],[1636.0,55.0],[1636.0,56.0],[1627.0,56.0],[1627.0,55.0],[1625.0,55.0],[1625.0,54.0],[1623.0,54.0],[1623.0,55.0],[1622.0,55.0],[1622.0,57.0],[1621.0,57.0],[1621.0,59.0],[1622.0,59.0],[1622.0,60.0],[1624.0,60.0],[1624.0,61.0],[1625.0,61.0],[1625.0,62.0],[1627.0,62.0],[1627.0,63.0],[1629.0,63.0]]],[[[1716.0,190.0],[1715.5,191.0],[1716.0,191.0],[1716.0,190.0]]],[[[1710.0,188.5],[1711.0,188.0],[1710.0,188.0],[1710.0,188.5]]],[[[1710.5,187.0],[1710.0,186.0],[1710.0,187.0],[1710.5,187.0]]],[[[1711.0,185.5],[1712.0,185.0],[1711.0,185.0],[1711.0,185.5]]],[[[1716.5,180.0],[1717.0,181.0],[1717.0,180.0],[1716.5,180.0]]],[[[1719.0,182.0],[1720.0,182.5],[1720.0,182.0],[1719.0,182.0]]],[[[1720.0,184.5],[1719.0,185.0],[1720.0,185.0],[1720.0,184.5]]],[[[1682.5,199.0],[1682.0,198.0],[1682.0,199.0],[1682.5,199.0]]],[[[1676.5,196.0],[1676.0,195.0],[1676.0,196.0],[1676.5,196.0]]],[[[1682.0,194.0],[1682.5,193.0],[1682.0,193.0],[1682.0,194.0]]],[[[1688.0,192.0],[1688.5,191.0],[1688.0,191.0],[1688.0,192.0]]],[[[1691.5,191.0],[1692.0,192.0],[1692.0,191.0],[1691.5,191.0]]],[[[1695.5,184.0],[1695.0,183.0],[1695.0,184.0],[1695.5,184.0]]],[[[1698.0,182.0],[1698.5,181.0],[1698.0,181.0],[1698.0,182.0]]],[[[1701.0,181.0],[1702.0,181.5],[1702.0,181.0],[1701.0,181.0]]],[[[1702.0,183.5],[1701.0,184.0],[1702.0,184.0],[1702.0,183.5]]],[[[1702.0,190.0],[1701.5,193.0],[1702.0,193.0],[1702.0,190.0]]],[[[1702.0,197.0],[1703.0,197.5],[1703.0,197.0],[1702.0,197.0]]],[[[1697.0,206.0],[1696.5,207.0],[1697.0,207.0],[1697.0,206.0]]],[[[1687.0,206.0],[1687.5,205.0],[1687.0,205.0],[1687.0,206.0]]],[[[1731.0,196.0],[1730.0,195.5],[1730.0,196.0],[1731.0,196.0]]],[[[1734.0,193.0],[1735.0,193.5],[1735.0,193.0],[1734.0,193.0]]],[[[1736.0,202.0],[1737.0,202.5],[1737.0,202.0],[1736.0,202.0]]],[[[1737.0,205.0],[1736.5,206.0],[1737.0,206.0],[1737.0,205.0]]],[[[1774.0,206.0],[1773.0,205.5],[1773.0,206.0],[1774.0,206.0]]],[[[1775.0,201.0],[1775.5,200.0],[1775.0,200.0],[1775.0,201.0]]],[[[1781.0,199.0],[1781.5,198.0],[1781.0,198.0],[1781.0,199.0]]],[[[1796.0,200.0],[1795.5,201.0],[1796.0,201.0],[1796.0,200.0]]],[[[1784.0,203.0],[1783.5,204.0],[1784.0,204.0],[1784.0,203.0]]],[[[1733.0,222.0],[1732.5,223.0],[1733.0,223.0],[1733.0,222.0]]],[[[1732.0,224.0],[1730.0,223.5],[1730.0,224.0],[1732.0,224.0]]],[[[1728.0,217.0],[1730.0,217.5],[1730.0,217.0],[1728.0,217.0]]],[[[1732.5,219.0],[1733.0,220.0],[1733.0,219.0],[1732.5,219.0]]],[[[1733.5,221.0],[1734.0,222.0],[1734.0,221.0],[1733.5,221.0]]],[[[1754.0,226.0],[1753.5,227.0],[1754.0,227.0],[1754.0,226.0]]],[[[1754.0,219.0],[1754.5,218.0],[1754.0,218.0],[1754.0,219.0]]],[[[1756.5,218.0],[1757.0,219.0],[1757.0,218.0],[1756.5,218.0]]],[[[1757.0,224.0],[1756.5,225.0],[1757.0,225.0],[1757.0,224.0]]],[[[1677.5,237.0],[1677.0,236.0],[1677.0,237.0],[1677.5,237.0]]],[[[1675.0,235.0],[1674.0,234.5],[1674.0,235.0],[1675.0,235.0]]],[[[1681.0,231.5],[1684.0,231.0],[1681.0,231.0],[1681.0,231.5]]],[[[1684.0,234.0],[1683.5,235.0],[1684.0,235.0],[1684.0,234.0]]],[[[1775.0,243.0],[1773.0,242.5],[1773.0,243.0],[1775.0,243.0]]],[[[1781.5,243.0],[1782.0,244.0],[1782.0,243.0],[1781.5,243.0]]],[[[1325.0,289.0],[1324.0,288.5],[1324.0,289.0],[1325.0,289.0]]],[[[1329.0,278.0],[1330.0,278.5],[1330.0,278.0],[1329.0,278.0]]],[[[1340.0,275.5],[1341.0,275.0],[1340.0,275.0],[1340.0,275.5]]],[[[1340.0,272.0],[1340.5,271.0],[1340.0,271.0],[1340.0,272.0]]],[[[1340.0,269.0],[1339.0,268.5],[1339.0,269.0],[1340.0,269.0]]],[[[1344.0,262.0],[1344.5,261.0],[1344.0,261.0],[1344.0,262.0]]],[[[1351.0,261.0],[1351.5,260.0],[1351.0,260.0],[1351.0,261.0]]],[[[1352.0,259.0],[1353.0,259.5],[1353.0,259.0],[1352.0,259.0]]],[[[1353.0,263.5],[1352.0,264.0],[1353.0,264.0],[1353.0,263.5]]],[[[1364.5,267.0],[1365.0,268.0],[1365.0,267.0],[1364.5,267.0]]],[[[1371.5,264.0],[1372.0,265.0],[1372.0,264.0],[1371.5,264.0]]],[[[1372.5,266.0],[1373.0,267.0],[1373.0,266.0],[1372.5,266.0]]],[[[1373.5,268.0],[1374.0,269.0],[1374.0,268.0],[1373.5,268.0]]],[[[1379.0,269.5],[1382.0,269.0],[1379.0,269.0],[1379.0,269.5]]],[[[1382.0,275.5],[1381.0,276.0],[1382.0,276.0],[1382.0,275.5]]],[[[1386.5,281.0],[1387.0,282.0],[1387.0,281.0],[1386.5,281.0]]],[[[1374.0,283.0],[1373.5,284.0],[1374.0,284.0],[1374.0,283.0]]],[[[1352.5,286.0],[1353.0,287.0],[1353.0,286.0],[1352.5,286.0]]],[[[1355.0,287.0],[1355.5,286.0],[1355.0,286.0],[1355.0,287.0]]],[[[1365.5,287.0],[1366.0,288.0],[1366.0,287.0],[1365.5,287.0]]],[[[1367.5,292.0],[1367.0,291.0],[1367.0,292.0],[1367.5,292.0]]],[[[1364.0,296.0],[1365.0,296.5],[1365.0,296.0],[1364.0,296.0]]],[[[1357.5,299.0],[1357.0,298.0],[1357.0,299.0],[1357.5,299.0]]],[[[1352.5,296.0],[1352.0,295.0],[1352.0,296.0],[1352.5,296.0]]],[[[1350.0,294.0],[1349.0,293.5],[1349.0,294.0],[1350.0,294.0]]],[[[1337.0,292.0],[1336.5,293.0],[1337.0,293.0],[1337.0,292.0]]],[[[1330.0,294.0],[1329.0,293.5],[1329.0,294.0],[1330.0,294.0]]],[[[1664.5,285.0],[1664.0,284.0],[1664.0,285.0],[1664.5,285.0]]],[[[1677.0,284.5],[1679.0,284.0],[1677.0,284.0],[1677.0,284.5]]],[[[1679.0,285.0],[1680.0,285.5],[1680.0,285.0],[1679.0,285.0]]],[[[1669.5,290.0],[1669.0,289.0],[1669.0,290.0],[1669.5,290.0]]],[[[1818.5,333.0],[1818.0,332.0],[1818.0,333.0],[1818.5,333.0]]],[[[1828.0,342.0],[1827.5,343.0],[1828.0,343.0],[1828.0,342.0]]],[[[1839.0,352.0],[1839.0,353.0],[1838.0,353.0],[1838.0,355.0],[1839.0,355.0],[1839.0,356.0],[1841.0,356.0],[1841.0,355.0],[1842.0,355.0],[1842.0,353.0],[1841.0,353.0],[1841.0,352.0],[1839.0,352.0]]],[[[1345.0,359.0],[1344.0,358.5],[1344.0,359.0],[1345.0,359.0]]],[[[1346.0,349.0],[1346.5,348.0],[1346.0,348.0],[1346.0,349.0]]],[[[1356.0,355.0],[1356.5,354.0],[1356.0,354.0],[1356.0,355.0]]],[[[1366.5,353.0],[1367.0,354.0],[1367.0,353.0],[1366.5,353.0]]],[[[1369.0,355.0],[1371.0,355.5],[1371.0,355.0],[1369.0,355.0]]],[[[1373.5,357.0],[1374.0,358.0],[1374.0,357.0],[1373.5,357.0]]],[[[1370.0,362.0],[1371.0,362.5],[1371.0,362.0],[1370.0,362.0]]],[[[1372.0,363.0],[1371.5,364.0],[1372.0,364.0],[1372.0,363.0]]],[[[1365.0,364.0],[1364.0,363.5],[1364.0,364.0],[1365.0,364.0]]],[[[1835.0,360.5],[1834.0,361.0],[1835.0,361.0],[1835.0,360.5]]],[[[1833.5,360.0],[1833.0,359.0],[1833.0,360.0],[1833.5,360.0]]],[[[1834.0,355.5],[1835.0,355.0],[1834.0,355.0],[1834.0,355.5]]],[[[1794.0,371.0],[1793.5,372.0],[1794.0,372.0],[1794.0,371.0]]],[[[1793.0,364.0],[1793.5,363.0],[1793.0,363.0],[1793.0,364.0]]],[[[1796.0,362.0],[1796.5,361.0],[1796.0,361.0],[1796.0,362.0]]],[[[1797.0,360.0],[1799.0,360.5],[1799.0,360.0],[1797.0,360.0]]],[[[1804.0,352.5],[1805.0,352.0],[1804.0,352.0],[1804.0,352.5]]],[[[1807.0,344.0],[1807.5,343.0],[1807.0,343.0],[1807.0,344.0]]],[[[1813.0,340.0],[1813.5,339.0],[1813.0,339.0],[1813.0,340.0]]],[[[1815.5,339.0],[1816.0,340.0],[1816.0,339.0],[1815.5,339.0]]],[[[1820.0,344.5],[1819.0,345.0],[1820.0,345.0],[1820.0,344.5]]],[[[1818.0,345.5],[1817.0,346.0],[1818.0,346.0],[1818.0,345.5]]],[[[1816.5,350.0],[1817.0,351.0],[1817.0,350.0],[1816.5,350.0]]],[[[1813.0,353.0],[1812.5,354.0],[1813.0,354.0],[1813.0,353.0]]],[[[1807.0,357.5],[1806.0,358.0],[1807.0,358.0],[1807.0,357.5]]],[[[1806.0,363.5],[1805.0,364.0],[1806.0,364.0],[1806.0,363.5]]],[[[1809.0,369.0],[1809.5,368.0],[1809.0,368.0],[1809.0,369.0]]],[[[1816.0,368.0],[1817.0,368.5],[1817.0,368.0],[1816.0,368.0]]],[[[1819.0,373.0],[1820.0,373.5],[1820.0,373.0],[1819.0,373.0]]],[[[1809.0,387.5],[1808.0,388.0],[1809.0,388.0],[1809.0,387.5]]],[[[1809.0,389.0],[1808.5,390.0],[1809.0,390.0],[1809.0,389.0]]],[[[1366.5,376.0],[1366.0,375.0],[1366.0,376.0],[1366.5,376.0]]],[[[1368.0,373.0],[1368.5,372.0],[1368.0,372.0],[1368.0,373.0]]],[[[1375.0,367.5],[1376.0,367.0],[1375.0,367.0],[1375.0,367.5]]],[[[1375.5,365.0],[1375.0,363.0],[1375.0,365.0],[1375.5,365.0]]],[[[1379.0,360.5],[1380.0,360.0],[1379.0,360.0],[1379.0,360.5]]],[[[1380.0,356.5],[1381.0,356.0],[1380.0,356.0],[1380.0,356.5]]],[[[1390.0,356.0],[1391.0,356.5],[1391.0,356.0],[1390.0,356.0]]],[[[1390.0,363.0],[1389.0,362.5],[1389.0,363.0],[1390.0,363.0]]],[[[1381.0,367.5],[1380.0,368.0],[1381.0,368.0],[1381.0,367.5]]],[[[1379.0,370.5],[1378.0,371.0],[1379.0,371.0],[1379.0,370.5]]],[[[1378.0,371.0],[1377.5,373.0],[1378.0,373.0],[1378.0,371.0]]],[[[1375.0,376.0],[1374.5,377.0],[1375.0,377.0],[1375.0,376.0]]],[[[1821.5,370.0],[1821.0,369.0],[1821.0,370.0],[1821.5,370.0]]],[[[1827.0,361.0],[1828.0,361.5],[1828.0,361.0],[1827.0,361.0]]],[[[1828.0,368.5],[1827.0,369.0],[1828.0,369.0],[1828.0,368.5]]],[[[1849.0,355.5],[1850.0,355.0],[1849.0,355.0],[1849.0,355.5]]],[[[1850.0,356.0],[1851.0,356.5],[1851.0,356.0],[1850.0,356.0]]],[[[1854.5,361.0],[1855.0,362.0],[1855.0,361.0],[1854.5,361.0]]],[[[1860.0,365.5],[1859.0,366.0],[1860.0,366.0],[1860.0,365.5]]],[[[1859.0,368.0],[1860.0,368.5],[1860.0,368.0],[1859.0,368.0]]],[[[1861.0,369.0],[1860.5,370.0],[1861.0,370.0],[1861.0,369.0]]],[[[1861.0,372.0],[1862.0,372.5],[1862.0,372.0],[1861.0,372.0]]],[[[1858.0,377.0],[1857.5,378.0],[1858.0,378.0],[1858.0,377.0]]],[[[1852.0,371.0],[1851.0,370.5],[1851.0,371.0],[1852.0,371.0]]],[[[1615.5,348.0],[1616.0,349.0],[1616.0,348.0],[1615.5,348.0]]],[[[1619.5,329.0],[1620.0,331.0],[1620.0,329.0],[1619.5,329.0]]],[[[1624.0,335.0],[1624.5,334.0],[1624.0,334.0],[1624.0,335.0]]],[[[1628.0,332.0],[1628.5,331.0],[1628.0,331.0],[1628.0,332.0]]],[[[1641.0,319.5],[1642.0,319.0],[1641.0,319.0],[1641.0,319.5]]],[[[1659.0,298.0],[1660.0,298.5],[1660.0,298.0],[1659.0,298.0]]],[[[1687.0,307.0],[1687.5,306.0],[1687.0,306.0],[1687.0,307.0]]],[[[1695.0,292.5],[1696.0,292.0],[1695.0,292.0],[1695.0,292.5]]],[[[1696.0,291.0],[1695.0,290.5],[1695.0,291.0],[1696.0,291.0]]],[[[1688.0,279.0],[1687.5,280.0],[1688.0,280.0],[1688.0,279.0]]],[[[1682.5,278.0],[1682.0,277.0],[1682.0,278.0],[1682.5,278.0]]],[[[1673.5,272.0],[1673.0,270.0],[1673.0,272.0],[1673.5,272.0]]],[[[1671.0,260.0],[1671.5,259.0],[1671.0,259.0],[1671.0,260.0]]],[[[1678.0,253.5],[1679.0,253.0],[1678.0,253.0],[1678.0,253.5]]],[[[1699.5,240.0],[1699.0,238.0],[1699.0,240.0],[1699.5,240.0]]],[[[1701.0,229.0],[1701.5,228.0],[1701.0,228.0],[1701.0,229.0]]],[[[1743.0,235.0],[1743.5,234.0],[1743.0,234.0],[1743.0,235.0]]],[[[1760.0,239.0],[1761.0,239.5],[1761.0,239.0],[1760.0,239.0]]],[[[1764.0,250.0],[1763.5,251.0],[1764.0,251.0],[1764.0,250.0]]],[[[1772.0,251.5],[1775.0,251.0],[1772.0,251.0],[1772.0,251.5]]],[[[1790.0,274.0],[1789.0,273.5],[1789.0,274.0],[1790.0,274.0]]],[[[1789.0,268.0],[1789.5,267.0],[1789.0,267.0],[1789.0,268.0]]],[[[1792.0,265.5],[1794.0,265.0],[1792.0,265.0],[1792.0,265.5]]],[[[1788.0,240.0],[1787.0,239.5],[1787.0,240.0],[1788.0,240.0]]],[[[1790.0,232.5],[1791.0,232.0],[1790.0,232.0],[1790.0,232.5]]],[[[1778.0,229.5],[1777.0,230.0],[1778.0,230.0],[1778.0,229.5]]],[[[1771.0,227.5],[1772.0,227.0],[1771.0,227.0],[1771.0,227.5]]],[[[1779.0,212.5],[1780.0,212.0],[1779.0,212.0],[1779.0,212.5]]],[[[1796.0,212.0],[1796.5,211.0],[1796.0,211.0],[1796.0,212.0]]],[[[1816.0,224.0],[1819.0,224.5],[1819.0,224.0],[1816.0,224.0]]],[[[1827.0,231.5],[1828.0,231.0],[1827.0,231.0],[1827.0,231.5]]],[[[1839.0,272.5],[1840.0,272.0],[1839.0,272.0],[1839.0,272.5]]],[[[1844.0,293.5],[1843.0,294.0],[1844.0,294.0],[1844.0,293.5]]],[[[1840.0,295.0],[1839.0,294.5],[1839.0,295.0],[1840.0,295.0]]],[[[1835.0,297.5],[1834.0,298.0],[1835.0,298.0],[1835.0,297.5]]],[[[1835.0,303.0],[1836.0,303.5],[1836.0,303.0],[1835.0,303.0]]],[[[1833.0,309.0],[1832.5,310.0],[1833.0,310.0],[1833.0,309.0]]],[[[1832.0,311.0],[1831.5,312.0],[1832.0,312.0],[1832.0,311.0]]],[[[1831.0,313.0],[1830.5,314.0],[1831.0,314.0],[1831.0,313.0]]],[[[1812.0,319.0],[1811.5,320.0],[1812.0,320.0],[1812.0,319.0]]],[[[1810.0,323.0],[1811.0,323.5],[1811.0,323.0],[1810.0,323.0]]],[[[1810.0,329.0],[1809.5,330.0],[1810.0,330.0],[1810.0,329.0]]],[[[1806.0,334.5],[1805.0,335.0],[1806.0,335.0],[1806.0,334.5]]],[[[1804.0,339.5],[1803.0,340.0],[1804.0,340.0],[1804.0,339.5]]],[[[1801.0,343.0],[1800.5,345.0],[1801.0,345.0],[1801.0,343.0]]],[[[1799.0,347.5],[1798.0,348.0],[1799.0,348.0],[1799.0,347.5]]],[[[1795.0,350.5],[1793.0,351.0],[1795.0,351.0],[1795.0,350.5]]],[[[1790.0,354.5],[1789.0,355.0],[1790.0,355.0],[1790.0,354.5]]],[[[1786.0,357.0],[1785.5,359.0],[1786.0,359.0],[1786.0,357.0]]],[[[1785.0,386.0],[1786.0,386.5],[1786.0,386.0],[1785.0,386.0]]],[[[1792.5,392.0],[1793.0,393.0],[1793.0,392.0],[1792.5,392.0]]],[[[1792.0,411.5],[1790.0,412.0],[1792.0,412.0],[1792.0,411.5]]],[[[1787.0,421.5],[1786.0,422.0],[1787.0,422.0],[1787.0,421.5]]],[[[1779.5,423.0],[1779.0,422.0],[1779.0,423.0],[1779.5,423.0]]],[[[1774.5,418.0],[1774.0,417.0],[1774.0,418.0],[1774.5,418.0]]],[[[1756.0,438.0],[1755.5,439.0],[1756.0,439.0],[1756.0,438.0]]],[[[1739.0,436.0],[1738.0,435.5],[1738.0,436.0],[1739.0,436.0]]],[[[1724.0,435.0],[1723.0,434.5],[1723.0,435.0],[1724.0,435.0]]],[[[1719.5,446.0],[1720.0,447.0],[1720.0,446.0],[1719.5,446.0]]],[[[1720.0,450.5],[1718.0,451.0],[1720.0,451.0],[1720.0,450.5]]],[[[1713.0,482.0],[1711.0,481.5],[1711.0,482.0],[1713.0,482.0]]],[[[1708.5,480.0],[1708.0,479.0],[1708.0,480.0],[1708.5,480.0]]],[[[1677.0,501.0],[1678.0,501.5],[1678.0,501.0],[1677.0,501.0]]],[[[1681.0,519.5],[1680.0,520.0],[1681.0,520.0],[1681.0,519.5]]],[[[1680.0,520.0],[1679.5,522.0],[1680.0,522.0],[1680.0,520.0]]],[[[1675.5,523.0],[1675.0,522.0],[1675.0,523.0],[1675.5,523.0]]],[[[1672.0,521.0],[1672.5333333333333,513.0],[1672.0,513.0],[1672.0,521.0]]],[[[1662.0,480.0],[1662.5,476.0],[1662.0,476.0],[1662.0,480.0]]],[[[1663.0,472.0],[1662.0,471.5],[1662.0,472.0],[1663.0,472.0]]],[[[1660.5,452.0],[1660.0,451.0],[1660.0,452.0],[1660.5,452.0]]],[[[1657.0,449.0],[1655.0,448.5],[1655.0,449.0],[1657.0,449.0]]],[[[1648.0,443.0],[1647.0,442.5],[1647.0,443.0],[1648.0,443.0]]],[[[1645.0,438.0],[1644.0,437.5],[1644.0,438.0],[1645.0,438.0]]],[[[1639.0,426.0],[1637.0,425.5],[1637.0,426.0],[1639.0,426.0]]],[[[1635.0,418.0],[1635.5,417.0],[1635.0,417.0],[1635.0,418.0]]],[[[1644.0,405.0],[1644.5,404.0],[1644.0,404.0],[1644.0,405.0]]],[[[1648.0,399.0],[1648.5,398.0],[1648.0,398.0],[1648.0,399.0]]],[[[1654.5,378.0],[1654.0,370.0],[1654.0,378.0],[1654.5,378.0]]],[[[1649.0,372.0],[1646.0,371.5],[1646.0,372.0],[1649.0,372.0]]],[[[1634.0,379.0],[1633.0,378.5],[1633.0,379.0],[1634.0,379.0]]],[[[1738.5,240.0],[1739.0,241.0],[1739.0,240.0],[1738.5,240.0]]],[[[1740.5,240.0],[1740.0,239.0],[1740.0,240.0],[1740.5,240.0]]],[[[1830.0,382.5],[1831.0,382.0],[1830.0,382.0],[1830.0,382.5]]],[[[1832.0,379.0],[1832.5,378.0],[1832.0,378.0],[1832.0,379.0]]],[[[1839.0,377.0],[1838.5,379.0],[1839.0,379.0],[1839.0,377.0]]],[[[1836.0,382.5],[1835.0,383.0],[1836.0,383.0],[1836.0,382.5]]],[[[1834.0,385.0],[1833.5,387.0],[1834.0,387.0],[1834.0,385.0]]],[[[1832.0,389.5],[1831.0,390.0],[1832.0,390.0],[1832.0,389.5]]],[[[1832.0,392.0],[1831.5,393.0],[1832.0,393.0],[1832.0,392.0]]],[[[1346.5,405.0],[1346.0,404.0],[1346.0,405.0],[1346.5,405.0]]],[[[1345.0,398.0],[1345.5,397.0],[1345.0,397.0],[1345.0,398.0]]],[[[1353.0,399.0],[1354.0,399.5],[1354.0,399.0],[1353.0,399.0]]],[[[1355.0,400.0],[1356.0,400.5],[1356.0,400.0],[1355.0,400.0]]],[[[1357.0,411.0],[1358.0,411.5],[1358.0,411.0],[1357.0,411.0]]],[[[1359.0,412.0],[1358.5,414.0],[1359.0,414.0],[1359.0,412.0]]],[[[1358.0,416.0],[1359.0,416.5],[1359.0,416.0],[1358.0,416.0]]],[[[1360.0,417.0],[1359.5,418.0],[1360.0,418.0],[1360.0,417.0]]],[[[1354.5,416.0],[1354.0,414.0],[1354.0,416.0],[1354.5,416.0]]],[[[1431.0,425.0],[1430.0,424.5],[1430.0,425.0],[1431.0,425.0]]],[[[1431.0,419.0],[1433.0,419.5],[1433.0,419.0],[1431.0,419.0]]],[[[1436.0,422.0],[1437.0,422.5],[1437.0,422.0],[1436.0,422.0]]],[[[1439.5,427.0],[1440.0,428.0],[1440.0,427.0],[1439.5,427.0]]],[[[1439.0,428.0],[1438.5,429.0],[1439.0,429.0],[1439.0,428.0]]],[[[1433.5,427.0],[1433.0,426.0],[1433.0,427.0],[1433.5,427.0]]],[[[1802.0,425.0],[1802.5,424.0],[1802.0,424.0],[1802.0,425.0]]],[[[1805.0,413.5],[1807.0,413.0],[1805.0,413.0],[1805.0,413.5]]],[[[1813.0,408.5],[1814.0,408.0],[1813.0,408.0],[1813.0,408.5]]],[[[1819.5,408.0],[1820.0,409.0],[1820.0,408.0],[1819.5,408.0]]],[[[1819.0,410.0],[1820.0,410.5],[1820.0,410.0],[1819.0,410.0]]],[[[1837.5,409.0],[1837.0,407.0],[1837.0,409.0],[1837.5,409.0]]],[[[1839.0,405.5],[1840.0,405.0],[1839.0,405.0],[1839.0,405.5]]],[[[1840.0,405.0],[1840.5,403.0],[1840.0,403.0],[1840.0,405.0]]],[[[1843.0,399.5],[1844.0,399.0],[1843.0,399.0],[1843.0,399.5]]],[[[1844.0,397.0],[1842.0,396.5],[1842.0,397.0],[1844.0,397.0]]],[[[1839.5,395.0],[1839.0,394.0],[1839.0,395.0],[1839.5,395.0]]],[[[1843.0,392.0],[1843.5,391.0],[1843.0,391.0],[1843.0,392.0]]],[[[1849.0,387.0],[1849.5,386.0],[1849.0,386.0],[1849.0,387.0]]],[[[1854.0,387.0],[1855.0,387.5],[1855.0,387.0],[1854.0,387.0]]],[[[1855.0,389.0],[1854.5,390.0],[1855.0,390.0],[1855.0,389.0]]],[[[1858.0,389.5],[1859.0,389.0],[1858.0,389.0],[1858.0,389.5]]],[[[1860.0,388.5],[1861.0,388.0],[1860.0,388.0],[1860.0,388.5]]],[[[1872.0,394.0],[1873.0,394.5],[1873.0,394.0],[1872.0,394.0]]],[[[1874.0,398.5],[1873.0,399.0],[1874.0,399.0],[1874.0,398.5]]],[[[1877.0,401.0],[1877.5,400.0],[1877.0,400.0],[1877.0,401.0]]],[[[1879.0,421.0],[1878.5,422.0],[1879.0,422.0],[1879.0,421.0]]],[[[1878.0,423.0],[1879.0,423.5],[1879.0,423.0],[1878.0,423.0]]],[[[1879.5,426.0],[1880.0,427.0],[1880.0,426.0],[1879.5,426.0]]],[[[1878.0,428.5],[1877.0,429.0],[1878.0,429.0],[1878.0,428.5]]],[[[1875.0,429.0],[1874.5,430.0],[1875.0,430.0],[1875.0,429.0]]],[[[1872.0,433.5],[1871.0,434.0],[1872.0,434.0],[1872.0,433.5]]],[[[1871.5,435.0],[1872.0,436.0],[1872.0,435.0],[1871.5,435.0]]],[[[1869.0,442.5],[1868.0,443.0],[1869.0,443.0],[1869.0,442.5]]],[[[1868.5,444.0],[1869.0,445.0],[1869.0,444.0],[1868.5,444.0]]],[[[1868.0,445.5],[1867.0,446.0],[1868.0,446.0],[1868.0,445.5]]],[[[1866.0,450.5],[1865.0,451.0],[1866.0,451.0],[1866.0,450.5]]],[[[1864.5,450.0],[1864.0,449.0],[1864.0,450.0],[1864.5,450.0]]],[[[1860.0,455.5],[1859.0,456.0],[1860.0,456.0],[1860.0,455.5]]],[[[1857.5,461.0],[1858.0,463.0],[1858.0,461.0],[1857.5,461.0]]],[[[1856.0,465.5],[1855.0,466.0],[1856.0,466.0],[1856.0,465.5]]],[[[1850.0,468.0],[1849.5,469.0],[1850.0,469.0],[1850.0,468.0]]],[[[1847.0,470.0],[1846.5,471.0],[1847.0,471.0],[1847.0,470.0]]],[[[1842.0,465.5],[1843.0,465.0],[1842.0,465.0],[1842.0,465.5]]],[[[1837.5,462.0],[1837.0,461.0],[1837.0,462.0],[1837.5,462.0]]],[[[1834.5,460.0],[1834.0,459.0],[1834.0,460.0],[1834.5,460.0]]],[[[1828.0,456.0],[1827.5,457.0],[1828.0,457.0],[1828.0,456.0]]],[[[1823.0,462.0],[1822.0,461.5],[1822.0,462.0],[1823.0,462.0]]],[[[1820.5,459.0],[1820.0,457.0],[1820.0,459.0],[1820.5,459.0]]],[[[1820.0,454.5],[1821.0,454.0],[1820.0,454.0],[1820.0,454.5]]],[[[1821.5,451.0],[1821.0,449.0],[1821.0,451.0],[1821.5,451.0]]],[[[1812.5,439.0],[1812.0,438.0],[1812.0,439.0],[1812.5,439.0]]],[[[1809.5,435.0],[1809.0,433.0],[1809.0,435.0],[1809.5,435.0]]],[[[1810.0,432.0],[1809.0,431.5],[1809.0,432.0],[1810.0,432.0]]],[[[1775.0,436.0],[1775.5,435.0],[1775.0,435.0],[1775.0,436.0]]],[[[1776.0,434.0],[1777.0,434.5],[1777.0,434.0],[1776.0,434.0]]],[[[1779.0,432.5],[1780.0,432.0],[1779.0,432.0],[1779.0,432.5]]],[[[1781.0,434.0],[1782.0,434.5],[1782.0,434.0],[1781.0,434.0]]],[[[1780.5,442.0],[1781.0,443.0],[1781.0,442.0],[1780.5,442.0]]],[[[1780.0,443.5],[1779.0,444.0],[1780.0,444.0],[1780.0,443.5]]],[[[1779.0,446.0],[1780.0,446.5],[1780.0,446.0],[1779.0,446.0]]],[[[1775.5,449.0],[1775.0,448.0],[1775.0,449.0],[1775.5,449.0]]],[[[1727.5,467.0],[1727.0,465.0],[1727.0,467.0],[1727.5,467.0]]],[[[1727.0,465.0],[1726.0,464.5],[1726.0,465.0],[1727.0,465.0]]],[[[1728.0,452.5],[1729.0,452.0],[1728.0,452.0],[1728.0,452.5]]],[[[1729.0,453.0],[1730.0,453.5],[1730.0,453.0],[1729.0,453.0]]],[[[1731.5,456.0],[1732.0,458.0],[1732.0,456.0],[1731.5,456.0]]],[[[1732.0,465.0],[1733.0,465.5],[1733.0,465.0],[1732.0,465.0]]],[[[1730.0,470.0],[1729.0,469.5],[1729.0,470.0],[1730.0,470.0]]],[[[1474.0,484.0],[1472.0,483.5],[1472.0,484.0],[1474.0,484.0]]],[[[1470.0,482.0],[1469.0,481.5],[1469.0,482.0],[1470.0,482.0]]],[[[1470.0,478.0],[1470.5,477.0],[1470.0,477.0],[1470.0,478.0]]],[[[1474.5,477.0],[1475.0,478.0],[1475.0,477.0],[1474.5,477.0]]],[[[1479.0,480.0],[1480.0,480.5],[1480.0,480.0],[1479.0,480.0]]],[[[1695.0,501.0],[1694.0,500.5],[1694.0,501.0],[1695.0,501.0]]],[[[1694.0,491.5],[1695.0,491.0],[1694.0,491.0],[1694.0,491.5]]],[[[1696.0,490.5],[1697.0,490.0],[1696.0,490.0],[1696.0,490.5]]],[[[1697.0,491.0],[1698.0,491.5],[1698.0,491.0],[1697.0,491.0]]],[[[1684.0,503.0],[1683.0,502.5],[1683.0,503.0],[1684.0,503.0]]],[[[1681.4285714285713,500.0],[1681.0,498.5],[1681.0,500.0],[1681.4285714285713,500.0]]],[[[1680.5714285714287,497.0],[1680.0,495.0],[1680.0,497.0],[1680.5714285714287,497.0]]],[[[1684.0,495.0],[1685.0,495.5],[1685.0,495.0],[1684.0,495.0]]],[[[1696.0,518.0],[1695.0,517.5],[1695.0,518.0],[1696.0,518.0]]],[[[1711.0,513.0],[1710.5,515.0],[1711.0,515.0],[1711.0,513.0]]],[[[1706.0,520.5],[1705.0,521.0],[1706.0,521.0],[1706.0,520.5]]],[[[1704.0,537.0],[1705.0,537.5],[1705.0,537.0],[1704.0,537.0]]],[[[1706.0,538.0],[1707.0,538.5],[1707.0,538.0],[1706.0,538.0]]],[[[1708.0,539.0],[1709.0,539.5],[1709.0,539.0],[1708.0,539.0]]],[[[1709.0,544.0],[1708.5,545.0],[1709.0,545.0],[1709.0,544.0]]],[[[1705.0,547.5],[1704.0,548.0],[1705.0,548.0],[1705.0,547.5]]],[[[1700.0,566.0],[1699.5,567.0],[1700.0,567.0],[1700.0,566.0]]],[[[1697.0,569.0],[1696.0,568.5],[1696.0,569.0],[1697.0,569.0]]],[[[1696.0,541.5],[1697.0,541.0],[1696.0,541.0],[1696.0,541.5]]],[[[1527.0,659.0],[1526.0,658.5],[1526.0,659.0],[1527.0,659.0]]],[[[1529.0,652.5],[1530.0,652.0],[1529.0,652.0],[1529.0,652.5]]],[[[1537.0,638.5],[1538.0,638.0],[1537.0,638.0],[1537.0,638.5]]],[[[1539.0,635.5],[1540.0,635.0],[1539.0,635.0],[1539.0,635.5]]],[[[1541.0,633.0],[1541.5,632.0],[1541.0,632.0],[1541.0,633.0]]],[[[1552.5,633.0],[1553.0,634.0],[1553.0,633.0],[1552.5,633.0]]],[[[1552.0,644.0],[1551.5,645.0],[1552.0,645.0],[1552.0,644.0]]],[[[1548.0,644.0],[1547.0,643.5],[1547.0,644.0],[1548.0,644.0]]],[[[1545.0,654.0],[1544.5,655.0],[1545.0,655.0],[1545.0,654.0]]],[[[1532.0,660.0],[1531.5,661.0],[1532.0,661.0],[1532.0,660.0]]],[[[1444.0,728.0],[1443.0,727.5],[1443.0,728.0],[1444.0,728.0]]],[[[1448.0,721.0],[1448.5,720.0],[1448.0,720.0],[1448.0,721.0]]],[[[1455.5,720.0],[1456.0,721.0],[1456.0,720.0],[1455.5,720.0]]],[[[1460.5,722.0],[1461.0,723.0],[1461.0,722.0],[1460.5,722.0]]],[[[1467.0,725.0],[1468.0,725.5],[1468.0,725.0],[1467.0,725.0]]],[[[1468.0,729.0],[1467.5,730.0],[1468.0,730.0],[1468.0,729.0]]],[[[1457.0,730.5],[1453.0,731.0],[1457.0,731.0],[1457.0,730.5]]],[[[1380.5,733.0],[1381.0,734.0],[1381.0,733.0],[1380.5,733.0]]],[[[1383.0,735.0],[1383.5,733.0],[1383.0,733.0],[1383.0,735.0]]],[[[1387.5,731.0],[1388.0,732.0],[1388.0,731.0],[1387.5,731.0]]],[[[1391.5,734.0],[1392.0,735.0],[1392.0,734.0],[1391.5,734.0]]],[[[1395.0,738.0],[1396.0,738.5],[1396.0,738.0],[1395.0,738.0]]],[[[1401.5,743.0],[1402.0,744.0],[1402.0,743.0],[1401.5,743.0]]],[[[1392.0,746.5],[1390.0,747.0],[1392.0,747.0],[1392.0,746.5]]],[[[1390.5,748.0],[1391.0,749.0],[1391.0,748.0],[1390.5,748.0]]],[[[1392.0,754.5],[1391.0,755.0],[1392.0,755.0],[1392.0,754.5]]],[[[1389.5,755.0],[1389.0,754.0],[1389.0,755.0],[1389.5,755.0]]],[[[1386.5,751.0],[1386.0,749.0],[1386.0,751.0],[1386.5,751.0]]],[[[1386.0,749.0],[1385.0,748.5],[1385.0,749.0],[1386.0,749.0]]],[[[1381.5,744.0],[1381.0,742.0],[1381.0,744.0],[1381.5,744.0]]],[[[1379.0,742.5],[1377.0,743.0],[1379.0,743.0],[1379.0,742.5]]],[[[1376.0,742.0],[1376.5,741.0],[1376.0,741.0],[1376.0,742.0]]],[[[1378.0,738.0],[1377.0,737.5],[1377.0,738.0],[1378.0,738.0]]],[[[1377.0,733.5],[1378.0,733.0],[1377.0,733.0],[1377.0,733.5]]],[[[1352.0,769.5],[1353.0,769.0],[1352.0,769.0],[1352.0,769.5]]],[[[1360.0,766.0],[1360.5,765.0],[1360.0,765.0],[1360.0,766.0]]],[[[1366.0,763.5],[1367.0,763.0],[1366.0,763.0],[1366.0,763.5]]],[[[1368.0,765.0],[1369.0,765.5],[1369.0,765.0],[1368.0,765.0]]],[[[1369.0,768.5],[1368.0,769.0],[1369.0,769.0],[1369.0,768.5]]],[[[1365.0,773.0],[1364.5,774.0],[1365.0,774.0],[1365.0,773.0]]]]}}]}